,cluster_id
0,6
1,5
2,0
3,1
4,3
5,0
6,5
7,2
8,6
9,0
10,1
11,5
12,1
13,2
14,4
15,0
16,5
17,6
18,2
19,5
20,0
21,3
22,2
23,2
24,2
25,0
26,3
27,5
28,5
29,1
30,5
31,1
32,0
33,0
34,2
35,0
36,1
37,6
38,4
39,0
40,1
41,2
42,1
43,4
44,1
45,6
46,5
47,4
48,2
49,3
50,1
51,1
52,2
53,1
54,0
55,1
56,1
57,6
58,2
59,1
60,2
61,2
62,5
63,0
64,3
65,0
66,4
67,1
68,6
69,2
70,5
71,5
72,6
73,2
74,1
75,3
76,1
77,1
78,3
79,1
80,1
81,0
82,3
83,1
84,1
85,1
86,6
87,0
88,4
89,1
90,6
91,3
92,1
93,2
94,1
95,6
96,1
97,6
98,2
99,5
100,1
101,4
102,2
103,6
104,3
105,2
106,0
107,2
108,2
109,6
110,3
111,3
112,2
113,1
114,5
115,1
116,2
117,1
118,3
119,4
120,4
121,3
122,1
123,1
124,6
125,4
126,4
127,6
128,1
129,1
130,1
131,1
132,1
133,1
134,4
135,1
136,1
137,5
138,0
139,2
140,3
141,4
142,3
143,5
144,1
145,1
146,2
147,6
148,4
149,6
150,0
151,1
152,2
153,1
154,1
155,2
156,6
157,1
158,2
159,1
160,1
161,2
162,2
163,5
164,0
165,0
166,3
167,0
168,1
169,1
170,0
171,2
172,4
173,2
174,0
175,2
176,3
177,2
178,2
179,2
180,3
181,3
182,1
183,1
184,6
185,1
186,6
187,3
188,1
189,5
190,1
191,2
192,2
193,2
194,3
195,4
196,5
197,4
198,1
199,4
200,2
201,3
202,2
203,1
204,5
205,2
206,4
207,1
208,5
209,5
210,2
211,1
212,0
213,3
214,2
215,2
216,2
217,1
218,0
219,5
220,4
221,2
222,2
223,2
224,0
225,5
226,5
227,0
228,2
229,2
230,3
231,0
232,2
233,4
234,2
235,2
236,2
237,6
238,2
239,4
240,2
241,2
242,1
243,3
244,3
245,0
246,0
247,6
248,1
249,6
250,1
251,2
252,3
253,6
254,1
255,1
256,1
257,2
258,3
259,4
260,4
261,1
262,2
263,1
264,6
265,1
266,1
267,6
268,4
269,1
270,0
271,2
272,1
273,2
274,3
275,4
276,0
277,3
278,1
279,3
280,6
281,2
282,2
283,3
284,1
285,2
286,1
287,1
288,6
289,6
290,1
291,4
292,6
293,3
294,1
295,3
296,4
297,6
298,5
299,5
300,5
301,4
302,0
303,4
304,1
305,4
306,5
307,3
308,5
309,2
310,6
311,4
312,6
313,4
314,0
315,0
316,5
317,2
318,3
319,2
320,5
321,1
322,1
323,2
324,0
325,0
326,6
327,2
328,1
329,0
330,3
331,1
332,1
333,0
334,3
335,1
336,1
337,4
338,1
339,0
340,1
341,1
342,4
343,4
344,2
345,4
346,1
347,3
348,2
349,0
350,1
351,1
352,5
353,5
354,0
355,1
356,2
357,1
358,5
359,4
360,2
361,2
362,3
363,3
364,2
365,0
366,2
367,2
368,2
369,1
370,1
371,1
372,2
373,0
374,0
375,6
376,2
377,1
378,0
379,5
380,4
381,1
382,1
383,6
384,4
385,5
386,5
387,1
388,3
389,4
390,3
391,1
392,1
393,2
394,6
395,2
396,0
397,2
398,2
399,1
400,3
401,0
402,0
403,1
404,3
405,3
406,5
407,1
408,5
409,1
410,0
411,5
412,6
413,1
414,5
415,3
416,6
417,1
418,2
419,2
420,4
421,4
422,3
423,0
424,6
425,5
426,4
427,0
428,0
429,3
430,1
431,1
432,1
433,1
434,0
435,1
436,4
437,2
438,1
439,2
440,1
441,0
442,0
443,3
444,6
445,1
446,2
447,0
448,0
449,3
450,6
451,1
452,0
453,5
454,1
455,0
456,2
457,2
458,2
459,5
460,2
461,0
462,1
463,0
464,5
465,1
466,3
467,2
468,0
469,2
470,1
471,4
472,3
473,2
474,2
475,0
476,0
477,0
478,0
479,6
480,0
481,5
482,1
483,4
484,2
485,1
486,6
487,4
488,4
489,2
490,0
491,2
492,4
493,5
494,0
495,1
496,6
497,0
498,1
499,2
500,3
501,6
502,2
503,2
504,0
505,0
506,6
507,1
508,1
509,1
510,2
511,3
512,1
513,6
514,2
515,0
516,1
517,2
518,1
519,3
520,5
521,2
522,3
523,0
524,2
525,1
526,1
527,2
528,3
529,1
530,3
531,1
532,6
533,1
534,4
535,1
536,4
537,6
538,3
539,4
540,1
541,6
542,2
543,0
544,1
545,5
546,4
547,4
548,5
549,4
550,2
551,0
552,4
553,1
554,6
555,0
556,1
557,5
558,2
559,2
560,3
561,3
562,1
563,4
564,4
565,3
566,1
567,0
568,3
569,1
570,1
571,4
572,6
573,2
574,3
575,4
576,2
577,0
578,0
579,2
580,2
581,6
582,3
583,5
584,2
585,1
586,1
587,4
588,6
589,3
590,2
591,6
592,4
593,5
594,6
595,5
596,4
597,0
598,0
599,1
600,4
601,1
602,0
603,5
604,3
605,0
606,3
607,4
608,4
609,4
610,1
611,3
612,1
613,6
614,1
615,3
616,1
617,1
618,6
619,6
620,1
621,2
622,3
623,4
624,0
625,4
626,1
627,4
628,2
629,2
630,3
631,0
632,4
633,2
634,1
635,6
636,0
637,2
638,2
639,1
640,4
641,0
642,1
643,1
644,6
645,2
646,2
647,2
648,4
649,6
650,5
651,1
652,6
653,5
654,2
655,1
656,5
657,2
658,1
659,0
660,3
661,2
662,5
663,3
664,4
665,1
666,2
667,2
668,5
669,1
670,1
671,5
672,5
673,2
674,6
675,5
676,2
677,1
678,4
679,4
680,5
681,1
682,2
683,1
684,4
685,1
686,0
687,2
688,1
689,3
690,6
691,0
692,5
693,3
694,0
695,0
696,6
697,6
698,6
699,3
700,2
701,2
702,1
703,6
704,1
705,0
706,3
707,6
708,5
709,6
710,2
711,2
712,2
713,1
714,1
715,6
716,5
717,5
718,6
719,6
720,2
721,6
722,1
723,6
724,2
725,1
726,2
727,1
728,5
729,2
730,4
731,2
732,1
733,1
734,2
735,3
736,4
737,2
738,1
739,1
740,4
741,1
742,6
743,6
744,6
745,2
746,4
747,1
748,1
749,2
750,3
751,0
752,1
753,3
754,3
755,1
756,0
757,2
758,6
759,2
760,1
761,2
762,6
763,2
764,6
765,2
766,2
767,3
768,2
769,1
770,0
771,1
772,1
773,1
774,1
775,1
776,2
777,1
778,5
779,1
780,2
781,1
782,2
783,1
784,1
785,2
786,2
787,2
788,6
789,0
790,2
791,2
792,0
793,5
794,1
795,4
796,2
797,2
798,2
799,1
800,2
801,1
802,5
803,1
804,0
805,3
806,6
807,1
808,6
809,1
810,3
811,3
812,2
813,1
814,6
815,1
816,4
817,4
818,6
819,3
820,5
821,2
822,2
823,4
824,1
825,2
826,2
827,5
828,1
829,2
830,1
831,1
832,2
833,1
834,4
835,0
836,3
837,1
838,0
839,4
840,2
841,3
842,6
843,2
844,4
845,6
846,3
847,4
848,1
849,0
850,2
851,1
852,0
853,1
854,2
855,1
856,1
857,5
858,1
859,6
860,2
861,4
862,3
863,2
864,0
865,3
866,2
867,3
868,0
869,4
870,1
871,3
872,4
873,2
874,2
875,6
876,2
877,5
878,6
879,2
880,6
881,3
882,1
883,1
884,1
885,4
886,6
887,1
888,0
889,4
890,4
891,1
892,5
893,5
894,2
895,0
896,3
897,4
898,4
899,3
900,0
901,1
902,3
903,1
904,0
905,2
906,5
907,1
908,1
909,1
910,1
911,6
912,1
913,4
914,2
915,2
916,6
917,0
918,3
919,4
920,3
921,0
922,5
923,2
924,5
925,1
926,5
927,6
928,2
929,2
930,1
931,2
932,2
933,2
934,4
935,0
936,5
937,1
938,2
939,1
940,3
941,1
942,2
943,3
944,4
945,4
946,6
947,2
948,5
949,4
950,5
951,5
952,3
953,3
954,0
955,1
956,0
957,3
958,2
959,6
960,5
961,2
962,3
963,0
964,1
965,1
966,1
967,3
968,1
969,6
970,3
971,1
972,3
973,3
974,2
975,1
976,1
977,6
978,3
979,4
980,6
981,2
982,2
983,2
984,5
985,1
986,5
987,2
988,1
989,2
990,1
991,2
992,1
993,6
994,3
995,3
996,3
997,4
998,1
999,1
1000,3
1001,3
1002,3
1003,3
1004,2
1005,2
1006,2
1007,4
1008,6
1009,2
1010,6
1011,2
1012,6
1013,2
1014,6
1015,2
1016,1
1017,3
1018,1
1019,2
1020,4
1021,6
1022,2
1023,6
1024,6
1025,1
1026,0
1027,0
1028,0
1029,2
1030,2
1031,2
1032,5
1033,3
1034,1
1035,2
1036,6
1037,2
1038,4
1039,2
1040,1
1041,1
1042,2
1043,2
1044,2
1045,5
1046,2
1047,1
1048,6
1049,3
1050,1
1051,5
1052,5
1053,0
1054,1
1055,0
1056,5
1057,1
1058,2
1059,2
1060,5
1061,0
1062,1
1063,2
1064,3
1065,1
1066,5
1067,2
1068,4
1069,2
1070,0
1071,3
1072,2
1073,1
1074,2
1075,3
1076,3
1077,4
1078,2
1079,5
1080,5
1081,5
1082,1
1083,1
1084,3
1085,6
1086,4
1087,2
1088,2
1089,5
1090,1
1091,2
1092,5
1093,5
1094,1
1095,0
1096,6
1097,6
1098,1
1099,6
1100,2
1101,6
1102,2
1103,2
1104,2
1105,2
1106,1
1107,5
1108,1
1109,5
1110,2
1111,5
1112,2
1113,1
1114,0
1115,4
1116,1
1117,3
1118,4
1119,5
1120,4
1121,2
1122,2
1123,0
1124,4
1125,1
1126,2
1127,3
1128,6
1129,6
1130,1
1131,1
1132,1
1133,5
1134,1
1135,4
1136,1
1137,2
1138,1
1139,0
1140,1
1141,5
1142,2
1143,2
1144,1
1145,6
1146,1
1147,2
1148,5
1149,2
1150,2
1151,5
1152,1
1153,6
1154,2
1155,3
1156,2
1157,1
1158,6
1159,1
1160,6
1161,1
1162,5
1163,5
1164,5
1165,5
1166,1
1167,4
1168,1
1169,1
1170,0
1171,1
1172,3
1173,0
1174,4
1175,1
1176,6
1177,0
1178,4
1179,2
1180,3
1181,4
1182,0
1183,2
1184,4
1185,1
1186,1
1187,4
1188,1
1189,2
1190,0
1191,1
1192,0
1193,0
1194,3
1195,3
1196,5
1197,5
1198,2
1199,4
1200,1
1201,0
1202,2
1203,3
1204,6
1205,1
1206,3
1207,2
1208,1
1209,4
1210,3
1211,1
1212,3
1213,2
1214,2
1215,0
1216,0
1217,1
1218,2
1219,4
1220,0
1221,5
1222,1
1223,5
1224,5
1225,0
1226,1
1227,3
1228,4
1229,2
1230,1
1231,2
1232,1
1233,3
1234,6
1235,5
1236,2
1237,2
1238,2
1239,0
1240,4
1241,1
1242,4
1243,6
1244,1
1245,3
1246,2
1247,5
1248,2
1249,4
1250,6
1251,0
1252,1
1253,0
1254,2
1255,0
1256,1
1257,3
1258,1
1259,0
1260,1
1261,1
1262,1
1263,1
1264,6
1265,3
1266,1
1267,1
1268,0
1269,5
1270,1
1271,0
1272,1
1273,1
1274,0
1275,2
1276,2
1277,2
1278,2
1279,0
1280,2
1281,5
1282,0
1283,4
1284,4
1285,4
1286,1
1287,1
1288,2
1289,3
1290,2
1291,0
1292,1
1293,4
1294,4
1295,5
1296,2
1297,3
1298,4
1299,6
1300,0
1301,4
1302,2
1303,4
1304,1
1305,2
1306,0
1307,2
1308,0
1309,2
1310,3
1311,6
1312,2
1313,3
1314,2
1315,3
1316,2
1317,1
1318,6
1319,4
1320,6
1321,5
1322,3
1323,4
1324,5
1325,3
1326,6
1327,2
1328,1
1329,5
1330,4
1331,6
1332,0
1333,0
1334,6
1335,2
1336,6
1337,1
1338,2
1339,1
1340,6
1341,6
1342,4
1343,0
1344,1
1345,5
1346,1
1347,6
1348,2
1349,1
1350,3
1351,2
1352,3
1353,6
1354,2
1355,4
1356,1
1357,2
1358,6
1359,1
1360,3
1361,2
1362,1
1363,6
1364,2
1365,2
1366,6
1367,2
1368,6
1369,1
1370,1
1371,2
1372,6
1373,3
1374,5
1375,4
1376,1
1377,1
1378,0
1379,1
1380,5
1381,0
1382,5
1383,5
1384,3
1385,5
1386,5
1387,1
1388,1
1389,1
1390,2
1391,2
1392,2
1393,1
1394,3
1395,2
1396,0
1397,2
1398,2
1399,0
1400,0
1401,5
1402,1
1403,1
1404,4
1405,2
1406,0
1407,3
1408,0
1409,2
1410,1
1411,1
1412,3
1413,5
1414,2
1415,1
1416,5
1417,5
1418,4
1419,6
1420,1
1421,0
1422,2
1423,2
1424,2
1425,6
1426,0
1427,1
1428,2
1429,2
1430,1
1431,2
1432,6
1433,6
1434,0
1435,2
1436,5
1437,6
1438,3
1439,2
1440,3
1441,6
1442,1
1443,1
1444,0
1445,1
1446,2
1447,5
1448,4
1449,1
1450,2
1451,1
1452,0
1453,5
1454,4
1455,1
1456,0
1457,2
1458,1
1459,6
1460,2
1461,2
1462,3
1463,5
1464,3
1465,6
1466,5
1467,2
1468,6
1469,1
1470,2
1471,3
1472,2
1473,1
1474,2
1475,4
1476,1
1477,0
1478,0
1479,2
1480,2
1481,1
1482,1
1483,0
1484,1
1485,2
1486,1
1487,3
1488,6
1489,2
1490,1
1491,1
1492,1
1493,1
1494,2
1495,4
1496,3
1497,2
1498,3
1499,6
1500,2
1501,4
1502,5
1503,5
1504,2
1505,0
1506,2
1507,2
1508,5
1509,5
1510,5
1511,2
1512,3
1513,4
1514,2
1515,1
1516,1
1517,0
1518,1
1519,3
1520,3
1521,0
1522,6
1523,6
1524,6
1525,4
1526,2
1527,6
1528,6
1529,2
1530,3
1531,6
1532,6
1533,2
1534,0
1535,2
1536,3
1537,6
1538,2
1539,2
1540,3
1541,3
1542,2
1543,0
1544,1
1545,1
1546,2
1547,1
1548,4
1549,0
1550,1
1551,2
1552,2
1553,4
1554,3
1555,1
1556,6
1557,0
1558,1
1559,5
1560,6
1561,2
1562,4
1563,2
1564,1
1565,5
1566,2
1567,5
1568,4
1569,2
1570,5
1571,3
1572,5
1573,5
1574,2
1575,4
1576,5
1577,1
1578,2
1579,2
1580,1
1581,1
1582,1
1583,1
1584,5
1585,4
1586,1
1587,4
1588,3
1589,1
1590,2
1591,2
1592,5
1593,2
1594,0
1595,5
1596,1
1597,4
1598,1
1599,4
1600,1
1601,0
1602,1
1603,2
1604,1
1605,3
1606,3
1607,2
1608,4
1609,1
1610,1
1611,0
1612,2
1613,4
1614,3
1615,1
1616,0
1617,6
1618,0
1619,1
1620,1
1621,1
1622,2
1623,2
1624,2
1625,2
1626,1
1627,0
1628,3
1629,1
1630,1
1631,3
1632,1
1633,1
1634,1
1635,2
1636,2
1637,1
1638,1
1639,1
1640,4
1641,0
1642,2
1643,2
1644,1
1645,1
1646,2
1647,2
1648,1
1649,0
1650,4
1651,6
1652,0
1653,6
1654,1
1655,4
1656,0
1657,3
1658,5
1659,5
1660,1
1661,1
1662,6
1663,0
1664,0
1665,2
1666,6
1667,2
1668,0
1669,6
1670,2
1671,2
1672,2
1673,1
1674,0
1675,6
1676,4
1677,2
1678,5
1679,6
1680,3
1681,4
1682,3
1683,0
1684,3
1685,0
1686,5
1687,4
1688,6
1689,2
1690,0
1691,2
1692,2
1693,4
1694,1
1695,2
1696,4
1697,1
1698,1
1699,4
1700,0
1701,1
1702,5
1703,2
1704,2
1705,4
1706,0
1707,3
1708,6
1709,1
1710,5
1711,2
1712,3
1713,4
1714,0
1715,2
1716,2
1717,4
1718,4
1719,2
1720,2
1721,2
1722,1
1723,4
1724,5
1725,4
1726,1
1727,2
1728,2
1729,4
1730,6
1731,2
1732,1
1733,3
1734,3
1735,4
1736,1
1737,4
1738,0
1739,2
1740,1
1741,0
1742,2
1743,2
1744,3
1745,3
1746,2
1747,5
1748,4
1749,2
1750,2
1751,5
1752,1
1753,2
1754,6
1755,1
1756,2
1757,3
1758,2
1759,1
1760,1
1761,1
1762,2
1763,2
1764,0
1765,3
1766,5
1767,5
1768,6
1769,2
1770,1
1771,1
1772,4
1773,1
1774,1
1775,3
1776,6
1777,5
1778,3
1779,2
1780,1
1781,4
1782,5
1783,3
1784,4
1785,4
1786,1
1787,3
1788,1
1789,1
1790,1
1791,3
1792,1
1793,1
1794,5
1795,0
1796,2
1797,0
1798,5
1799,1
1800,1
1801,2
1802,3
1803,6
1804,5
1805,4
1806,0
1807,4
1808,4
1809,0
1810,2
1811,1
1812,5
1813,2
1814,1
1815,2
1816,2
1817,4
1818,6
1819,3
1820,4
1821,2
1822,3
1823,3
1824,5
1825,0
1826,1
1827,2
1828,0
1829,0
1830,0
1831,6
1832,4
1833,5
1834,2
1835,1
1836,2
1837,0
1838,2
1839,1
1840,0
1841,0
1842,5
1843,6
1844,0
1845,3
1846,1
1847,3
1848,1
1849,6
1850,6
1851,2
1852,4
1853,1
1854,5
1855,5
1856,1
1857,1
1858,4
1859,6
1860,3
1861,3
1862,1
1863,2
1864,5
1865,4
1866,5
1867,2
1868,1
1869,3
1870,2
1871,5
1872,4
1873,4
1874,6
1875,4
1876,2
1877,5
1878,5
1879,3
1880,6
1881,4
1882,2
1883,2
1884,6
1885,2
1886,0
1887,2
1888,1
1889,4
1890,4
1891,1
1892,3
1893,1
1894,4
1895,3
1896,3
1897,0
1898,3
1899,3
1900,0
1901,0
1902,3
1903,6
1904,3
1905,1
1906,2
1907,4
1908,4
1909,3
1910,2
1911,2
1912,3
1913,2
1914,5
1915,6
1916,1
1917,5
1918,2
1919,1
1920,2
1921,1
1922,1
1923,3
1924,6
1925,3
1926,2
1927,1
1928,1
1929,2
1930,4
1931,1
1932,2
1933,2
1934,3
1935,1
1936,5
1937,4
1938,2
1939,2
1940,6
1941,1
1942,0
1943,4
1944,1
1945,1
1946,4
1947,5
1948,3
1949,5
1950,4
1951,4
1952,4
1953,5
1954,1
1955,1
1956,1
1957,5
1958,3
1959,6
1960,4
1961,0
1962,2
1963,2
1964,0
1965,0
1966,3
1967,0
1968,1
1969,6
1970,2
1971,4
1972,2
1973,3
1974,0
1975,4
1976,1
1977,6
1978,1
1979,2
1980,1
1981,4
1982,3
1983,3
1984,6
1985,3
1986,3
1987,6
1988,4
1989,3
1990,2
1991,5
1992,2
1993,0
1994,3
1995,5
1996,2
1997,0
1998,4
1999,4
2000,2
2001,1
2002,0
2003,3
2004,0
2005,3
2006,2
2007,3
2008,3
2009,1
2010,1
2011,1
2012,0
2013,1
2014,0
2015,2
2016,1
2017,1
2018,2
2019,2
2020,1
2021,4
2022,6
2023,1
2024,0
2025,1
2026,6
2027,4
2028,2
2029,2
2030,4
2031,2
2032,1
2033,2
2034,5
2035,4
2036,4
2037,2
2038,1
2039,1
2040,1
2041,2
2042,1
2043,0
2044,6
2045,1
2046,1
2047,2
2048,6
2049,6
2050,1
2051,5
2052,3
2053,1
2054,0
2055,4
2056,4
2057,2
2058,1
2059,4
2060,2
2061,1
2062,1
2063,3
2064,1
2065,1
2066,0
2067,1
2068,4
2069,1
2070,0
2071,5
2072,2
2073,3
2074,1
2075,2
2076,1
2077,0
2078,1
2079,0
2080,0
2081,1
2082,4
2083,5
2084,4
2085,1
2086,2
2087,3
2088,5
2089,2
2090,0
2091,6
2092,4
2093,0
2094,1
2095,5
2096,0
2097,5
2098,1
2099,1
2100,3
2101,3
2102,1
2103,1
2104,1
2105,2
2106,1
2107,1
2108,0
2109,3
2110,1
2111,0
2112,2
2113,6
2114,4
2115,3
2116,2
2117,2
2118,6
2119,2
2120,3
2121,1
2122,2
2123,4
2124,2
2125,0
2126,2
2127,2
2128,5
2129,3
2130,2
2131,1
2132,1
2133,2
2134,4
2135,1
2136,0
2137,5
2138,1
2139,3
2140,6
2141,6
2142,3
2143,3
2144,1
2145,1
2146,0
2147,5
2148,3
2149,1
2150,5
2151,4
2152,1
2153,2
2154,2
2155,5
2156,1
2157,0
2158,1
2159,2
2160,1
2161,0
2162,4
2163,3
2164,2
2165,2
2166,2
2167,1
2168,0
2169,0
2170,4
2171,1
2172,0
2173,2
2174,4
2175,0
2176,2
2177,1
2178,1
2179,0
2180,2
2181,1
2182,2
2183,3
2184,4
2185,6
2186,0
2187,2
2188,0
2189,2
2190,1
2191,4
2192,6
2193,5
2194,4
2195,2
2196,5
2197,6
2198,1
2199,6
2200,0
2201,2
2202,1
2203,3
2204,3
2205,1
2206,1
2207,4
2208,4
2209,1
2210,1
2211,1
2212,5
2213,5
2214,1
2215,4
2216,1
2217,1
2218,5
2219,1
2220,2
2221,0
2222,1
2223,0
2224,5
2225,5
2226,0
2227,1
2228,2
2229,1
2230,1
2231,3
2232,6
2233,4
2234,1
2235,1
2236,6
2237,5
2238,1
2239,3
2240,4
2241,0
2242,2
2243,1
2244,1
2245,1
2246,1
2247,6
2248,1
2249,2
2250,0
2251,1
2252,6
2253,1
2254,4
2255,0
2256,2
2257,2
2258,2
2259,1
2260,1
2261,4
2262,3
2263,2
2264,6
2265,1
2266,4
2267,0
2268,0
2269,1
2270,4
2271,2
2272,2
2273,0
2274,1
2275,2
2276,4
2277,5
2278,3
2279,1
2280,3
2281,5
2282,3
2283,4
2284,4
2285,4
2286,1
2287,2
2288,2
2289,2
2290,1
2291,2
2292,3
2293,1
2294,0
2295,1
2296,4
2297,2
2298,6
2299,2
2300,1
2301,5
2302,2
2303,1
2304,5
2305,5
2306,0
2307,1
2308,2
2309,0
2310,6
2311,3
2312,4
2313,1
2314,1
2315,0
2316,0
2317,0
2318,5
2319,4
2320,4
2321,2
2322,0
2323,1
2324,0
2325,6
2326,6
2327,1
2328,1
2329,2
2330,2
2331,1
2332,6
2333,1
2334,5
2335,2
2336,0
2337,0
2338,0
2339,2
2340,6
2341,1
2342,2
2343,2
2344,4
2345,5
2346,1
2347,2
2348,1
2349,2
2350,1
2351,1
2352,5
2353,1
2354,6
2355,0
2356,4
2357,1
2358,2
2359,1
2360,3
2361,2
2362,4
2363,5
2364,1
2365,6
2366,2
2367,1
2368,2
2369,1
2370,0
2371,2
2372,2
2373,5
2374,4
2375,2
2376,0
2377,5
2378,3
2379,1
2380,3
2381,2
2382,1
2383,6
2384,3
2385,5
2386,1
2387,3
2388,2
2389,6
2390,1
2391,5
2392,0
2393,2
2394,1
2395,5
2396,1
2397,6
2398,0
2399,6
2400,1
2401,5
2402,3
2403,1
2404,5
2405,4
2406,3
2407,1
2408,3
2409,1
2410,6
2411,3
2412,0
2413,0
2414,5
2415,2
2416,0
2417,0
2418,1
2419,6
2420,5
2421,2
2422,6
2423,3
2424,2
2425,3
2426,1
2427,5
2428,2
2429,1
2430,0
2431,0
2432,6
2433,6
2434,3
2435,2
2436,1
2437,1
2438,5
2439,2
2440,5
2441,2
2442,2
2443,4
2444,2
2445,3
2446,3
2447,6
2448,5
2449,2
2450,1
2451,1
2452,5
2453,2
2454,2
2455,0
2456,4
2457,5
2458,2
2459,1
2460,6
2461,0
2462,2
2463,0
2464,1
2465,1
2466,6
2467,2
2468,0
2469,2
2470,2
2471,4
2472,6
2473,2
2474,3
2475,3
2476,6
2477,2
2478,4
2479,2
2480,3
2481,5
2482,2
2483,2
2484,5
2485,3
2486,1
2487,1
2488,1
2489,0
2490,3
2491,1
2492,1
2493,1
2494,2
2495,4
2496,5
2497,2
2498,4
2499,2
2500,0
2501,1
2502,1
2503,1
2504,0
2505,1
2506,5
2507,2
2508,5
2509,6
2510,6
2511,2
2512,2
2513,1
2514,1
2515,6
2516,4
2517,1
2518,5
2519,3
2520,2
2521,1
2522,1
2523,5
2524,0
2525,2
2526,0
2527,2
2528,2
2529,2
2530,2
2531,3
2532,4
2533,4
2534,4
2535,1
2536,2
2537,4
2538,3
2539,2
2540,2
2541,2
2542,2
2543,4
2544,3
2545,0
2546,2
2547,6
2548,3
2549,2
2550,0
2551,1
2552,5
2553,0
2554,1
2555,1
2556,2
2557,1
2558,2
2559,1
2560,6
2561,5
2562,2
2563,1
2564,3
2565,1
2566,5
2567,2
2568,2
2569,2
2570,4
2571,6
2572,4
2573,4
2574,2
2575,1
2576,5
2577,1
2578,4
2579,3
2580,2
2581,3
2582,0
2583,2
2584,6
2585,3
2586,2
2587,5
2588,5
2589,5
2590,1
2591,6
2592,4
2593,1
2594,4
2595,1
2596,1
2597,1
2598,4
2599,1
2600,1
2601,5
2602,0
2603,1
2604,1
2605,6
2606,1
2607,1
2608,1
2609,0
2610,2
2611,1
2612,5
2613,5
2614,1
2615,2
2616,5
2617,4
2618,0
2619,6
2620,0
2621,2
2622,3
2623,2
2624,4
2625,0
2626,2
2627,1
2628,2
2629,0
2630,4
2631,2
2632,1
2633,2
2634,1
2635,1
2636,2
2637,1
2638,1
2639,5
2640,2
2641,6
2642,4
2643,2
2644,1
2645,0
2646,0
2647,0
2648,4
2649,1
2650,3
2651,4
2652,4
2653,5
2654,3
2655,2
2656,3
2657,1
2658,6
2659,0
2660,1
2661,6
2662,4
2663,4
2664,2
2665,1
2666,4
2667,4
2668,2
2669,1
2670,3
2671,0
2672,1
2673,3
2674,0
2675,1
2676,3
2677,2
2678,1
2679,5
2680,2
2681,0
2682,4
2683,0
2684,2
2685,2
2686,2
2687,1
2688,4
2689,1
2690,1
2691,1
2692,0
2693,2
2694,0
2695,2
2696,0
2697,2
2698,2
2699,2
2700,4
2701,3
2702,4
2703,6
2704,1
2705,2
2706,3
2707,5
2708,2
2709,2
2710,1
2711,1
2712,4
2713,0
2714,3
2715,2
2716,5
2717,2
2718,5
2719,2
2720,1
2721,1
2722,0
2723,2
2724,1
2725,6
2726,1
2727,6
2728,1
2729,6
2730,6
2731,2
2732,3
2733,1
2734,2
2735,6
2736,2
2737,1
2738,2
2739,2
2740,4
2741,2
2742,1
2743,2
2744,0
2745,2
2746,2
2747,6
2748,1
2749,0
2750,1
2751,4
2752,0
2753,2
2754,2
2755,4
2756,1
2757,5
2758,4
2759,0
2760,0
2761,4
2762,4
2763,6
2764,1
2765,6
2766,5
2767,4
2768,1
2769,2
2770,0
2771,2
2772,5
2773,0
2774,5
2775,4
2776,1
2777,2
2778,1
2779,2
2780,2
2781,2
2782,6
2783,4
2784,2
2785,1
2786,5
2787,2
2788,2
2789,3
2790,0
2791,0
2792,3
2793,1
2794,3
2795,2
2796,1
2797,2
2798,2
2799,1
2800,2
2801,2
2802,2
2803,1
2804,5
2805,4
2806,5
2807,4
2808,1
2809,2
2810,3
2811,0
2812,1
2813,3
2814,0
2815,2
2816,6
2817,6
2818,1
2819,2
2820,2
2821,3
2822,5
2823,2
2824,3
2825,1
2826,6
2827,4
2828,0
2829,4
2830,2
2831,1
2832,2
2833,0
2834,1
2835,2
2836,5
2837,6
2838,1
2839,3
2840,0
2841,2
2842,2
2843,1
2844,1
2845,3
2846,2
2847,0
2848,4
2849,0
2850,3
2851,2
2852,2
2853,1
2854,3
2855,2
2856,1
2857,1
2858,5
2859,4
2860,0
2861,4
2862,3
2863,3
2864,2
2865,0
2866,2
2867,2
2868,5
2869,1
2870,1
2871,3
2872,2
2873,0
2874,2
2875,1
2876,1
2877,0
2878,3
2879,5
2880,2
2881,1
2882,3
2883,0
2884,2
2885,1
2886,1
2887,5
2888,0
2889,1
2890,1
2891,5
2892,3
2893,6
2894,0
2895,3
2896,1
2897,5
2898,3
2899,1
2900,2
2901,0
2902,2
2903,4
2904,1
2905,1
2906,1
2907,1
2908,2
2909,2
2910,0
2911,2
2912,1
2913,1
2914,4
2915,3
2916,0
2917,5
2918,2
2919,4
2920,2
2921,2
2922,2
2923,4
2924,6
2925,2
2926,5
2927,0
2928,0
2929,6
2930,1
2931,5
2932,2
2933,3
2934,1
2935,5
2936,2
2937,4
2938,6
2939,3
2940,4
2941,1
2942,1
2943,1
2944,1
2945,6
2946,1
2947,1
2948,1
2949,5
2950,1
2951,1
2952,4
2953,6
2954,0
2955,2
2956,2
2957,0
2958,2
2959,3
2960,5
2961,1
2962,0
2963,1
2964,5
2965,3
2966,0
2967,3
2968,2
2969,1
2970,6
2971,1
2972,6
2973,1
2974,1
2975,6
2976,2
2977,6
2978,1
2979,3
2980,2
2981,4
2982,1
2983,0
2984,3
2985,6
2986,2
2987,5
2988,3
2989,5
2990,1
2991,1
2992,1
2993,4
2994,2
2995,1
2996,4
2997,6
2998,2
2999,1
3000,3
3001,2
3002,1
3003,4
3004,2
3005,1
3006,3
3007,1
3008,1
3009,1
3010,6
3011,1
3012,5
3013,2
3014,3
3015,1
3016,0
3017,3
3018,5
3019,1
3020,2
3021,6
3022,4
3023,3
3024,3
3025,2
3026,0
3027,5
3028,1
3029,0
3030,0
3031,4
3032,6
3033,6
3034,6
3035,2
3036,2
3037,1
3038,4
3039,4
3040,1
3041,2
3042,2
3043,0
3044,2
3045,2
3046,2
3047,4
3048,2
3049,4
3050,4
3051,2
3052,1
3053,1
3054,5
3055,5
3056,6
3057,2
3058,6
3059,1
3060,3
3061,6
3062,4
3063,2
3064,2
3065,1
3066,2
3067,1
3068,6
3069,3
3070,2
3071,1
3072,0
3073,0
3074,3
3075,4
3076,6
3077,1
3078,2
3079,4
3080,0
3081,2
3082,6
3083,5
3084,6
3085,1
3086,1
3087,1
3088,2
3089,2
3090,6
3091,1
3092,1
3093,5
3094,3
3095,5
3096,1
3097,4
3098,5
3099,5
3100,2
3101,3
3102,1
3103,3
3104,4
3105,6
3106,0
3107,1
3108,2
3109,5
3110,1
3111,0
3112,1
3113,0
3114,6
3115,2
3116,3
3117,4
3118,1
3119,6
3120,2
3121,3
3122,0
3123,1
3124,2
3125,0
3126,2
3127,1
3128,3
3129,0
3130,1
3131,2
3132,6
3133,3
3134,2
3135,1
3136,5
3137,1
3138,2
3139,5
3140,1
3141,1
3142,2
3143,1
3144,2
3145,1
3146,2
3147,2
3148,0
3149,2
3150,2
3151,1
3152,2
3153,4
3154,4
3155,1
3156,1
3157,0
3158,5
3159,4
3160,1
3161,1
3162,1
3163,4
3164,0
3165,1
3166,2
3167,0
3168,1
3169,0
3170,0
3171,4
3172,5
3173,4
3174,0
3175,0
3176,2
3177,1
3178,2
3179,6
3180,2
3181,1
3182,1
3183,6
3184,1
3185,5
3186,3
3187,2
3188,0
3189,2
3190,2
3191,0
3192,4
3193,6
3194,1
3195,1
3196,6
3197,4
3198,5
3199,4
3200,2
3201,2
3202,1
3203,2
3204,6
3205,2
3206,3
3207,0
3208,1
3209,5
3210,3
3211,1
3212,1
3213,0
3214,0
3215,4
3216,0
3217,5
3218,3
3219,4
3220,3
3221,6
3222,2
3223,0
3224,6
3225,5
3226,2
3227,1
3228,2
3229,0
3230,5
3231,1
3232,0
3233,1
3234,1
3235,1
3236,3
3237,4
3238,1
3239,1
3240,2
3241,5
3242,1
3243,4
3244,4
3245,1
3246,3
3247,0
3248,6
3249,5
3250,4
3251,0
3252,5
3253,1
3254,0
3255,2
3256,2
3257,2
3258,2
3259,2
3260,5
3261,1
3262,2
3263,2
3264,1
3265,6
3266,4
3267,0
3268,2
3269,4
3270,3
3271,1
3272,0
3273,3
3274,1
3275,4
3276,4
3277,1
3278,2
3279,2
3280,2
3281,4
3282,2
3283,4
3284,1
3285,4
3286,0
3287,2
3288,6
3289,4
3290,3
3291,4
3292,5
3293,3
3294,1
3295,1
3296,2
3297,2
3298,1
3299,1
3300,2
3301,5
3302,2
3303,0
3304,2
3305,1
3306,2
3307,3
3308,2
3309,3
3310,3
3311,2
3312,0
3313,2
3314,6
3315,3
3316,0
3317,4
3318,4
3319,1
3320,6
3321,6
3322,0
3323,1
3324,3
3325,5
3326,2
3327,2
3328,2
3329,1
3330,5
3331,5
3332,6
3333,4
3334,1
3335,5
3336,3
3337,6
3338,2
3339,0
3340,0
3341,4
3342,3
3343,0
3344,1
3345,2
3346,2
3347,2
3348,5
3349,1
3350,1
3351,3
3352,0
3353,4
3354,3
3355,5
3356,5
3357,1
3358,2
3359,2
3360,6
3361,0
3362,6
3363,3
3364,2
3365,6
3366,1
3367,5
3368,1
3369,2
3370,5
3371,2
3372,3
3373,1
3374,2
3375,2
3376,3
3377,0
3378,1
3379,3
3380,3
3381,6
3382,0
3383,4
3384,4
3385,0
3386,3
3387,0
3388,5
3389,1
3390,0
3391,5
3392,1
3393,1
3394,6
3395,1
3396,1
3397,5
3398,4
3399,2
3400,3
3401,2
3402,5
3403,2
3404,2
3405,6
3406,4
3407,1
3408,1
3409,0
3410,2
3411,1
3412,5
3413,1
3414,1
3415,0
3416,5
3417,2
3418,4
3419,1
3420,4
3421,6
3422,1
3423,1
3424,3
3425,1
3426,3
3427,1
3428,4
3429,2
3430,2
3431,4
3432,6
3433,5
3434,5
3435,1
3436,4
3437,2
3438,4
3439,6
3440,1
3441,1
3442,4
3443,2
3444,0
3445,6
3446,1
3447,5
3448,2
3449,5
3450,0
3451,1
3452,1
3453,3
3454,1
3455,1
3456,0
3457,2
3458,1
3459,1
3460,0
3461,5
3462,2
3463,1
3464,5
3465,2
3466,3
3467,4
3468,0
3469,4
3470,2
3471,6
3472,2
3473,4
3474,1
3475,3
3476,5
3477,2
3478,6
3479,6
3480,2
3481,3
3482,1
3483,4
3484,0
3485,4
3486,5
3487,1
3488,5
3489,2
3490,4
3491,2
3492,2
3493,1
3494,1
3495,2
3496,3
3497,0
3498,5
3499,5
3500,2
3501,5
3502,3
3503,3
3504,1
3505,2
3506,1
3507,1
3508,2
3509,2
3510,5
3511,2
3512,5
3513,2
3514,3
3515,1
3516,1
3517,1
3518,1
3519,5
3520,3
3521,5
3522,1
3523,1
3524,2
3525,4
3526,1
3527,2
3528,1
3529,6
3530,3
3531,1
3532,2
3533,0
3534,5
3535,2
3536,4
3537,1
3538,5
3539,1
3540,5
3541,2
3542,2
3543,0
3544,0
3545,0
3546,1
3547,3
3548,1
3549,1
3550,1
3551,5
3552,0
3553,0
3554,1
3555,2
3556,3
3557,6
3558,2
3559,5
3560,1
3561,5
3562,6
3563,4
3564,0
3565,4
3566,3
3567,2
3568,1
3569,2
3570,1
3571,6
3572,6
3573,6
3574,6
3575,2
3576,4
3577,2
3578,1
3579,4
3580,4
3581,2
3582,3
3583,4
3584,1
3585,3
3586,4
3587,2
3588,0
3589,3
3590,4
3591,2
3592,4
3593,1
3594,3
3595,5
3596,2
3597,1
3598,5
3599,2
3600,5
3601,1
3602,4
3603,2
3604,0
3605,2
3606,4
3607,0
3608,3
3609,1
3610,2
3611,2
3612,1
3613,6
3614,2
3615,3
3616,1
3617,2
3618,4
3619,3
3620,2
3621,2
3622,0
3623,2
3624,1
3625,2
3626,1
3627,1
3628,5
3629,5
3630,1
3631,5
3632,6
3633,5
3634,3
3635,2
3636,1
3637,5
3638,3
3639,5
3640,1
3641,3
3642,2
3643,1
3644,2
3645,6
3646,1
3647,0
3648,1
3649,1
3650,0
3651,2
3652,0
3653,4
3654,6
3655,3
3656,1
3657,2
3658,5
3659,1
3660,2
3661,6
3662,3
3663,6
3664,6
3665,3
3666,0
3667,2
3668,4
3669,2
3670,4
3671,2
3672,5
3673,3
3674,0
3675,0
3676,4
3677,2
3678,2
3679,1
3680,1
3681,2
3682,3
3683,0
3684,2
3685,3
3686,2
3687,0
3688,4
3689,1
3690,2
3691,1
3692,3
3693,1
3694,3
3695,6
3696,2
3697,6
3698,0
3699,5
3700,2
3701,0
3702,4
3703,5
3704,0
3705,4
3706,1
3707,1
3708,1
3709,1
3710,2
3711,2
3712,4
3713,3
3714,1
3715,4
3716,1
3717,0
3718,0
3719,2
3720,6
3721,3
3722,0
3723,2
3724,5
3725,3
3726,3
3727,6
3728,1
3729,0
3730,1
3731,4
3732,1
3733,2
3734,4
3735,2
3736,3
3737,6
3738,2
3739,1
3740,2
3741,2
3742,2
3743,1
3744,4
3745,1
3746,0
3747,5
3748,1
3749,4
3750,1
3751,0
3752,4
3753,2
3754,5
3755,1
3756,3
3757,1
3758,4
3759,3
3760,1
3761,2
3762,1
3763,3
3764,0
3765,1
3766,2
3767,1
3768,0
3769,3
3770,1
3771,1
3772,0
3773,3
3774,4
3775,5
3776,3
3777,2
3778,0
3779,3
3780,2
3781,1
3782,1
3783,2
3784,1
3785,2
3786,1
3787,1
3788,6
3789,3
3790,6
3791,1
3792,1
3793,3
3794,2
3795,1
3796,2
3797,4
3798,6
3799,5
3800,6
3801,2
3802,5
3803,3
3804,1
3805,1
3806,3
3807,1
3808,1
3809,2
3810,2
3811,6
3812,1
3813,1
3814,2
3815,1
3816,2
3817,0
3818,2
3819,1
3820,1
3821,5
3822,4
3823,2
3824,2
3825,0
3826,1
3827,3
3828,2
3829,1
3830,5
3831,3
3832,0
3833,3
3834,0
3835,1
3836,5
3837,2
3838,3
3839,6
3840,2
3841,4
3842,2
3843,5
3844,3
3845,2
3846,2
3847,4
3848,5
3849,4
3850,1
3851,2
3852,1
3853,1
3854,1
3855,6
3856,2
3857,1
3858,6
3859,1
3860,2
3861,2
3862,1
3863,2
3864,2
3865,2
3866,1
3867,3
3868,4
3869,2
3870,2
3871,0
3872,2
3873,1
3874,6
3875,5
3876,6
3877,1
3878,0
3879,0
3880,5
3881,1
3882,5
3883,1
3884,4
3885,2
3886,0
3887,2
3888,3
3889,1
3890,4
3891,1
3892,2
3893,2
3894,5
3895,5
3896,2
3897,1
3898,6
3899,0
3900,0
3901,1
3902,3
3903,0
3904,6
3905,0
3906,1
3907,4
3908,3
3909,5
3910,1
3911,0
3912,4
3913,4
3914,3
3915,6
3916,0
3917,1
3918,1
3919,1
3920,1
3921,2
3922,2
3923,1
3924,1
3925,1
3926,0
3927,2
3928,3
3929,2
3930,6
3931,3
3932,0
3933,1
3934,1
3935,6
3936,2
3937,0
3938,2
3939,1
3940,3
3941,2
3942,5
3943,0
3944,4
3945,2
3946,3
3947,2
3948,0
3949,1
3950,0
3951,2
3952,4
3953,1
3954,1
3955,1
3956,6
3957,1
3958,6
3959,4
3960,1
3961,1
3962,1
3963,1
3964,1
3965,0
3966,1
3967,2
3968,3
3969,3
3970,3
3971,2
3972,5
3973,3
3974,2
3975,5
3976,2
3977,2
3978,1
3979,2
3980,2
3981,1
3982,1
3983,1
3984,3
3985,0
3986,3
3987,4
3988,2
3989,4
3990,6
3991,4
3992,5
3993,4
3994,4
3995,3
3996,0
3997,6
3998,4
3999,6
4000,2
4001,5
4002,3
4003,1
4004,6
4005,2
4006,2
4007,4
4008,1
4009,4
4010,1
4011,0
4012,3
4013,5
4014,2
4015,2
4016,1
4017,6
4018,1
4019,4
4020,0
4021,0
4022,1
4023,1
4024,4
4025,4
4026,1
4027,1
4028,0
4029,3
4030,1
4031,4
4032,2
4033,2
4034,0
4035,2
4036,2
4037,2
4038,6
4039,1
4040,3
4041,0
4042,6
4043,0
4044,2
4045,3
4046,0
4047,5
4048,2
4049,6
4050,1
4051,0
4052,2
4053,2
4054,5
4055,3
4056,1
4057,1
4058,4
4059,2
4060,4
4061,0
4062,6
4063,6
4064,1
4065,2
4066,1
4067,3
4068,4
4069,0
4070,1
4071,5
4072,0
4073,1
4074,2
4075,5
4076,2
4077,1
4078,1
4079,1
4080,1
4081,0
4082,5
4083,6
4084,6
4085,1
4086,1
4087,1
4088,3
4089,1
4090,4
4091,5
4092,5
4093,0
4094,4
4095,6
4096,2
4097,1
4098,0
4099,2
4100,5
4101,5
4102,1
4103,2
4104,6
4105,1
4106,2
4107,5
4108,3
4109,0
4110,3
4111,4
4112,2
4113,1
4114,3
4115,3
4116,4
4117,2
4118,0
4119,1
4120,1
4121,2
4122,0
4123,2
4124,1
4125,2
4126,5
4127,3
4128,0
4129,1
4130,5
4131,1
4132,1
4133,4
4134,3
4135,2
4136,5
4137,2
4138,3
4139,1
4140,2
4141,1
4142,5
4143,5
4144,3
4145,0
4146,0
4147,5
4148,1
4149,0
4150,3
4151,0
4152,2
4153,2
4154,1
4155,0
4156,1
4157,2
4158,5
4159,1
4160,1
4161,2
4162,0
4163,1
4164,2
4165,2
4166,0
4167,5
4168,2
4169,0
4170,6
4171,4
4172,3
4173,2
4174,0
4175,1
4176,2
4177,4
4178,0
4179,4
4180,3
4181,2
4182,3
4183,1
4184,2
4185,0
4186,0
4187,3
4188,6
4189,6
4190,1
4191,1
4192,5
4193,6
4194,1
4195,0
4196,2
4197,4
4198,1
4199,1
4200,5
4201,1
4202,0
4203,3
4204,4
4205,2
4206,3
4207,1
4208,6
4209,2
4210,5
4211,1
4212,6
4213,1
4214,4
4215,1
4216,0
4217,1
4218,1
4219,1
4220,3
4221,6
4222,6
4223,0
4224,6
4225,1
4226,6
4227,3
4228,2
4229,3
4230,2
4231,1
4232,1
4233,2
4234,2
4235,5
4236,0
4237,3
4238,1
4239,3
4240,1
4241,2
4242,4
4243,1
4244,2
4245,1
4246,4
4247,1
4248,2
4249,4
4250,0
4251,5
4252,6
4253,2
4254,2
4255,4
4256,5
4257,1
4258,1
4259,6
4260,0
4261,6
4262,3
4263,2
4264,0
4265,2
4266,5
4267,2
4268,3
4269,2
4270,2
4271,1
4272,2
4273,1
4274,6
4275,2
4276,6
4277,0
4278,1
4279,1
4280,6
4281,0
4282,4
4283,4
4284,0
4285,1
4286,6
4287,2
4288,1
4289,0
4290,1
4291,6
4292,2
4293,2
4294,5
4295,1
4296,0
4297,6
4298,2
4299,0
4300,2
4301,1
4302,2
4303,5
4304,4
4305,3
4306,3
4307,1
4308,2
4309,4
4310,2
4311,0
4312,2
4313,3
4314,1
4315,1
4316,0
4317,6
4318,6
4319,1
4320,1
4321,5
4322,1
4323,3
4324,4
4325,3
4326,2
4327,2
4328,5
4329,5
4330,4
4331,1
4332,0
4333,0
4334,0
4335,1
4336,1
4337,2
4338,3
4339,5
4340,6
4341,2
4342,1
4343,5
4344,0
4345,6
4346,2
4347,0
4348,4
4349,2
4350,2
4351,1
4352,2
4353,2
4354,2
4355,5
4356,1
4357,1
4358,2
4359,2
4360,5
4361,1
4362,2
4363,5
4364,2
4365,2
4366,2
4367,2
4368,1
4369,4
4370,1
4371,0
4372,1
4373,0
4374,2
4375,6
4376,4
4377,1
4378,1
4379,1
4380,5
4381,6
4382,4
4383,5
4384,0
4385,5
4386,2
4387,4
4388,4
4389,1
4390,5
4391,2
4392,1
4393,2
4394,5
4395,2
4396,0
4397,1
4398,0
4399,1
4400,1
4401,4
4402,0
4403,4
4404,6
4405,0
4406,0
4407,2
4408,2
4409,0
4410,1
4411,6
4412,5
4413,2
4414,1
4415,6
4416,5
4417,3
4418,1
4419,5
4420,2
4421,3
4422,1
4423,0
4424,2
4425,6
4426,2
4427,2
4428,0
4429,2
4430,6
4431,1
4432,1
4433,4
4434,2
4435,4
4436,3
4437,1
4438,1
4439,6
4440,5
4441,1
4442,2
4443,1
4444,2
4445,0
4446,5
4447,1
4448,6
4449,2
4450,1
4451,1
4452,6
4453,0
4454,2
4455,4
4456,2
4457,1
4458,3
4459,1
4460,5
4461,2
4462,1
4463,0
4464,1
4465,1
4466,6
4467,4
4468,2
4469,1
4470,2
4471,0
4472,1
4473,2
4474,0
4475,2
4476,4
4477,5
4478,6
4479,1
4480,1
4481,4
4482,0
4483,1
4484,2
4485,3
4486,4
4487,6
4488,0
4489,3
4490,3
4491,2
4492,4
4493,2
4494,6
4495,4
4496,1
4497,1
4498,3
4499,1
4500,2
4501,4
4502,0
4503,2
4504,2
4505,1
4506,6
4507,4
4508,1
4509,4
4510,1
4511,1
4512,1
4513,2
4514,4
4515,2
4516,0
4517,4
4518,2
4519,5
4520,5
4521,1
4522,2
4523,3
4524,1
4525,0
4526,5
4527,0
4528,1
4529,1
4530,1
4531,1
4532,5
4533,0
4534,1
4535,2
4536,1
4537,5
4538,3
4539,3
4540,3
4541,2
4542,0
4543,2
4544,5
4545,3
4546,1
4547,0
4548,5
4549,4
4550,0
4551,0
4552,1
4553,1
4554,1
4555,5
4556,1
4557,4
4558,1
4559,4
4560,2
4561,0
4562,2
4563,0
4564,2
4565,2
4566,1
4567,6
4568,5
4569,5
4570,1
4571,1
4572,2
4573,5
4574,1
4575,5
4576,1
4577,6
4578,4
4579,1
4580,0
4581,4
4582,5
4583,2
4584,0
4585,6
4586,6
4587,5
4588,1
4589,4
4590,1
4591,2
4592,0
4593,0
4594,0
4595,1
4596,0
4597,2
4598,6
4599,2
4600,4
4601,6
4602,5
4603,4
4604,6
4605,4
4606,6
4607,4
4608,1
4609,1
4610,3
4611,4
4612,2
4613,6
4614,5
4615,1
4616,2
4617,3
4618,0
4619,6
4620,3
4621,1
4622,4
4623,0
4624,1
4625,4
4626,3
4627,0
4628,2
4629,5
4630,5
4631,6
4632,1
4633,6
4634,2
4635,2
4636,3
4637,1
4638,5
4639,1
4640,5
4641,5
4642,4
4643,5
4644,1
4645,6
4646,0
4647,4
4648,4
4649,0
4650,6
4651,0
4652,2
4653,0
4654,0
4655,1
4656,0
4657,1
4658,4
4659,4
4660,0
4661,2
4662,4
4663,0
4664,2
4665,0
4666,1
4667,1
4668,2
4669,4
4670,2
4671,1
4672,3
4673,6
4674,3
4675,0
4676,4
4677,5
4678,2
4679,1
4680,4
4681,3
4682,5
4683,4
4684,1
4685,2
4686,1
4687,0
4688,6
4689,2
4690,2
4691,2
4692,2
4693,6
4694,1
4695,2
4696,1
4697,2
4698,4
4699,5
4700,2
4701,2
4702,1
4703,2
4704,1
4705,0
4706,0
4707,1
4708,3
4709,3
4710,2
4711,6
4712,3
4713,1
4714,6
4715,3
4716,4
4717,6
4718,1
4719,0
4720,2
4721,2
4722,3
4723,0
4724,1
4725,1
4726,4
4727,0
4728,4
4729,1
4730,4
4731,1
4732,3
4733,0
4734,5
4735,0
4736,4
4737,1
4738,5
4739,3
4740,4
4741,4
4742,1
4743,3
4744,3
4745,5
4746,0
4747,5
4748,2
4749,1
4750,2
4751,1
4752,3
4753,1
4754,2
4755,1
4756,2
4757,5
4758,5
4759,2
4760,1
4761,1
4762,0
4763,1
4764,1
4765,6
4766,6
4767,0
4768,0
4769,3
4770,6
4771,3
4772,2
4773,5
4774,4
4775,1
4776,2
4777,5
4778,5
4779,0
4780,1
4781,4
4782,2
4783,2
4784,2
4785,4
4786,2
4787,1
4788,1
4789,2
4790,0
4791,2
4792,3
4793,5
4794,3
4795,0
4796,1
4797,0
4798,1
4799,2
4800,5
4801,2
4802,2
4803,6
4804,4
4805,4
4806,2
4807,2
4808,0
4809,2
4810,3
4811,5
4812,6
4813,1
4814,2
4815,2
4816,2
4817,5
4818,5
4819,1
4820,2
4821,3
4822,0
4823,3
4824,1
4825,1
4826,1
4827,2
4828,6
4829,2
4830,1
4831,2
4832,1
4833,1
4834,5
4835,1
4836,3
4837,5
4838,0
4839,0
4840,3
4841,6
4842,1
4843,6
4844,1
4845,1
4846,1
4847,2
4848,3
4849,1
4850,1
4851,5
4852,2
4853,4
4854,2
4855,4
4856,4
4857,3
4858,4
4859,5
4860,0
4861,1
4862,2
4863,2
4864,6
4865,2
4866,2
4867,2
4868,2
4869,1
4870,4
4871,4
4872,5
4873,0
4874,2
4875,4
4876,1
4877,1
4878,1
4879,5
4880,0
4881,1
4882,1
4883,2
4884,1
4885,1
4886,5
4887,2
4888,4
4889,1
4890,4
4891,0
4892,2
4893,2
4894,3
4895,1
4896,6
4897,3
4898,2
4899,2
4900,6
4901,5
4902,0
4903,1
4904,0
4905,2
4906,2
4907,1
4908,6
4909,2
4910,5
4911,0
4912,1
4913,1
4914,1
4915,2
4916,4
4917,1
4918,0
4919,4
4920,2
4921,3
4922,3
4923,4
4924,1
4925,2
4926,2
4927,3
4928,3
4929,0
4930,4
4931,1
4932,1
4933,2
4934,0
4935,3
4936,0
4937,1
4938,2
4939,0
4940,1
4941,0
4942,1
4943,1
4944,1
4945,1
4946,0
4947,5
4948,5
4949,2
4950,2
4951,2
4952,2
4953,2
4954,3
4955,6
4956,2
4957,2
4958,1
4959,2
4960,1
4961,2
4962,3
4963,2
4964,1
4965,0
4966,2
4967,4
4968,0
4969,2
4970,2
4971,5
4972,2
4973,2
4974,1
4975,5
4976,2
4977,2
4978,2
4979,1
4980,2
4981,6
4982,1
4983,5
4984,2
4985,2
4986,0
4987,2
4988,2
4989,2
4990,0
4991,2
4992,3
4993,1
4994,2
4995,3
4996,6
4997,2
4998,4
4999,1
5000,1
5001,4
5002,6
5003,4
5004,3
5005,6
5006,4
5007,2
5008,1
5009,1
5010,0
5011,5
5012,5
5013,6
5014,0
5015,1
5016,6
5017,0
5018,4
5019,1
5020,0
5021,0
5022,2
5023,3
5024,3
5025,4
5026,0
5027,1
5028,2
5029,1
5030,1
5031,1
5032,1
5033,4
5034,4
5035,2
5036,3
5037,2
5038,1
5039,0
5040,2
5041,6
5042,1
5043,6
5044,1
5045,5
5046,4
5047,4
5048,3
5049,4
5050,2
5051,2
5052,5
5053,6
5054,6
5055,4
5056,0
5057,0
5058,0
5059,3
5060,1
5061,1
5062,3
5063,0
5064,4
5065,6
5066,2
5067,1
5068,3
5069,1
5070,5
5071,2
5072,1
5073,1
5074,5
5075,6
5076,6
5077,5
5078,5
5079,1
5080,0
5081,2
5082,2
5083,2
5084,1
5085,4
5086,1
5087,2
5088,5
5089,1
5090,1
5091,1
5092,2
5093,4
5094,6
5095,4
5096,1
5097,6
5098,3
5099,5
5100,5
5101,1
5102,1
5103,3
5104,5
5105,2
5106,0
5107,2
5108,2
5109,1
5110,0
5111,2
5112,3
5113,6
5114,2
5115,1
5116,3
5117,4
5118,1
5119,2
5120,2
5121,0
5122,2
5123,2
5124,0
5125,1
5126,1
5127,1
5128,0
5129,0
5130,1
5131,4
5132,0
5133,3
5134,2
5135,3
5136,1
5137,3
5138,1
5139,6
5140,5
5141,6
5142,1
5143,3
5144,2
5145,1
5146,1
5147,1
5148,1
5149,1
5150,0
5151,0
5152,0
5153,2
5154,1
5155,0
5156,4
5157,1
5158,5
5159,6
5160,5
5161,1
5162,5
5163,2
5164,3
5165,6
5166,2
5167,3
5168,6
5169,1
5170,2
5171,2
5172,3
5173,1
5174,1
5175,6
5176,1
5177,6
5178,2
5179,5
5180,6
5181,3
5182,1
5183,6
5184,2
5185,6
5186,4
5187,6
5188,2
5189,1
5190,0
5191,0
5192,5
5193,2
5194,0
5195,1
5196,5
5197,1
5198,2
5199,2
5200,4
5201,6
5202,1
5203,3
5204,0
5205,5
5206,3
5207,3
5208,0
5209,2
5210,1
5211,3
5212,1
5213,5
5214,2
5215,4
5216,4
5217,5
5218,2
5219,2
5220,0
5221,6
5222,1
5223,4
5224,0
5225,0
5226,3
5227,4
5228,6
5229,5
5230,4
5231,2
5232,2
5233,1
5234,2
5235,2
5236,6
5237,3
5238,5
5239,1
5240,5
5241,2
5242,1
5243,2
5244,0
5245,3
5246,1
5247,1
5248,5
5249,2
5250,1
5251,2
5252,3
5253,2
5254,2
5255,2
5256,5
5257,3
5258,1
5259,0
5260,3
5261,1
5262,6
5263,2
5264,6
5265,1
5266,1
5267,2
5268,0
5269,1
5270,4
5271,4
5272,3
5273,2
5274,1
5275,2
5276,5
5277,2
5278,1
5279,6
5280,3
5281,1
5282,5
5283,3
5284,0
5285,5
5286,1
5287,5
5288,0
5289,0
5290,3
5291,3
5292,4
5293,1
5294,5
5295,2
5296,3
5297,6
5298,4
5299,2
5300,1
5301,2
5302,2
5303,2
5304,5
5305,4
5306,2
5307,2
5308,1
5309,1
5310,3
5311,1
5312,3
5313,1
5314,2
5315,2
5316,2
5317,1
5318,0
5319,3
5320,0
5321,6
5322,2
5323,6
5324,1
5325,1
5326,3
5327,1
5328,2
5329,5
5330,1
5331,1
5332,1
5333,3
5334,2
5335,1
5336,1
5337,2
5338,4
5339,4
5340,2
5341,2
5342,2
5343,2
5344,2
5345,1
5346,0
5347,1
5348,2
5349,3
5350,6
5351,5
5352,1
5353,5
5354,5
5355,1
5356,3
5357,0
5358,4
5359,1
5360,0
5361,2
5362,0
5363,6
5364,0
5365,1
5366,3
5367,6
5368,0
5369,5
5370,2
5371,1
5372,2
5373,1
5374,5
5375,1
5376,0
5377,5
5378,2
5379,1
5380,1
5381,4
5382,1
5383,1
5384,0
5385,2
5386,1
5387,6
5388,2
5389,2
5390,3
5391,0
5392,2
5393,2
5394,6
5395,0
5396,0
5397,4
5398,6
5399,1
5400,1
5401,0
5402,5
5403,5
5404,6
5405,0
5406,4
5407,2
5408,2
5409,2
5410,1
5411,2
5412,1
5413,2
5414,0
5415,6
5416,2
5417,4
5418,2
5419,3
5420,4
5421,4
5422,2
5423,1
5424,2
5425,6
5426,1
5427,2
5428,5
5429,5
5430,1
5431,2
5432,3
5433,3
5434,1
5435,2
5436,3
5437,1
5438,1
5439,5
5440,3
5441,1
5442,0
5443,6
5444,5
5445,1
5446,6
5447,2
5448,2
5449,2
5450,1
5451,2
5452,1
5453,0
5454,1
5455,1
5456,1
5457,1
5458,1
5459,4
5460,0
5461,2
5462,6
5463,0
5464,4
5465,5
5466,5
5467,1
5468,3
5469,6
5470,2
5471,2
5472,5
5473,1
5474,6
5475,2
5476,5
5477,6
5478,4
5479,2
5480,2
5481,2
5482,2
5483,5
5484,1
5485,0
5486,5
5487,6
5488,2
5489,1
5490,2
5491,6
5492,0
5493,1
5494,1
5495,2
5496,5
5497,1
5498,6
5499,1
5500,1
5501,1
5502,3
5503,0
5504,6
5505,5
5506,0
5507,6
5508,1
5509,0
5510,4
5511,6
5512,0
5513,1
5514,6
5515,1
5516,3
5517,1
5518,6
5519,0
5520,0
5521,4
5522,2
5523,2
5524,6
5525,3
5526,0
5527,0
5528,5
5529,0
5530,2
5531,1
5532,2
5533,1
5534,5
5535,2
5536,2
5537,0
5538,3
5539,2
5540,5
5541,2
5542,4
5543,4
5544,5
5545,1
5546,0
5547,1
5548,6
5549,2
5550,2
5551,3
5552,2
5553,1
5554,4
5555,0
5556,6
5557,2
5558,0
5559,1
5560,5
5561,6
5562,2
5563,2
5564,1
5565,6
5566,0
5567,2
5568,2
5569,2
5570,2
5571,4
5572,2
5573,0
5574,3
5575,1
5576,1
5577,2
5578,0
5579,2
5580,6
5581,0
5582,1
5583,0
5584,1
5585,2
5586,6
5587,2
5588,1
5589,1
5590,3
5591,4
5592,1
5593,2
5594,2
5595,1
5596,1
5597,0
5598,6
5599,0
5600,1
5601,0
5602,2
5603,1
5604,3
5605,2
5606,0
5607,1
5608,2
5609,2
5610,1
5611,0
5612,3
5613,4
5614,2
5615,3
5616,1
5617,1
5618,5
5619,6
5620,3
5621,1
5622,3
5623,4
5624,1
5625,3
5626,0
5627,2
5628,1
5629,4
5630,4
5631,6
5632,1
5633,1
5634,5
5635,2
5636,0
5637,2
5638,6
5639,6
5640,0
5641,2
5642,2
5643,2
5644,1
5645,6
5646,5
5647,2
5648,1
5649,2
5650,2
5651,4
5652,1
5653,2
5654,2
5655,2
5656,2
5657,1
5658,6
5659,3
5660,5
5661,3
5662,6
5663,2
5664,6
5665,3
5666,2
5667,0
5668,2
5669,5
5670,5
5671,1
5672,6
5673,3
5674,2
5675,2
5676,4
5677,4
5678,6
5679,6
5680,0
5681,4
5682,3
5683,2
5684,4
5685,0
5686,1
5687,1
5688,1
5689,1
5690,0
5691,4
5692,5
5693,3
5694,1
5695,2
5696,3
5697,2
5698,0
5699,2
5700,4
5701,3
5702,2
5703,1
5704,3
5705,5
5706,3
5707,1
5708,0
5709,1
5710,1
5711,3
5712,2
5713,2
5714,1
5715,3
5716,2
5717,1
5718,2
5719,4
5720,0
5721,0
5722,0
5723,5
5724,3
5725,2
5726,2
5727,5
5728,6
5729,2
5730,2
5731,4
5732,6
5733,2
5734,0
5735,2
5736,6
5737,5
5738,5
5739,2
5740,4
5741,4
5742,1
5743,1
5744,2
5745,2
5746,1
5747,6
5748,5
5749,5
5750,1
5751,6
5752,1
5753,0
5754,0
5755,1
5756,1
5757,1
5758,5
5759,2
5760,1
5761,5
5762,0
5763,2
5764,0
5765,2
5766,4
5767,3
5768,1
5769,2
5770,2
5771,4
5772,1
5773,0
5774,4
5775,1
5776,1
5777,1
5778,0
5779,1
5780,6
5781,1
5782,2
5783,1
5784,2
5785,3
5786,0
5787,2
5788,1
5789,0
5790,0
5791,2
5792,2
5793,1
5794,3
5795,2
5796,0
5797,1
5798,1
5799,6
5800,6
5801,1
5802,2
5803,1
5804,2
5805,6
5806,0
5807,2
5808,3
5809,1
5810,6
5811,4
5812,6
5813,2
5814,5
5815,1
5816,0
5817,1
5818,1
5819,1
5820,5
5821,4
5822,1
5823,2
5824,1
5825,2
5826,2
5827,3
5828,2
5829,1
5830,4
5831,0
5832,3
5833,0
5834,1
5835,2
5836,1
5837,1
5838,6
5839,0
5840,5
5841,2
5842,1
5843,2
5844,1
5845,5
5846,6
5847,6
5848,1
5849,1
5850,2
5851,1
5852,1
5853,1
5854,3
5855,5
5856,0
5857,6
5858,2
5859,1
5860,0
5861,2
5862,1
5863,3
5864,1
5865,3
5866,1
5867,5
5868,2
5869,5
5870,6
5871,1
5872,4
5873,5
5874,3
5875,6
5876,1
5877,1
5878,6
5879,2
5880,4
5881,1
5882,2
5883,2
5884,1
5885,1
5886,2
5887,4
5888,0
5889,2
5890,2
5891,1
5892,6
5893,2
5894,1
5895,6
5896,1
5897,2
5898,2
5899,1
5900,3
5901,2
5902,2
5903,6
5904,2
5905,1
5906,4
5907,1
5908,0
5909,2
5910,3
5911,4
5912,2
5913,2
5914,6
5915,4
5916,5
5917,3
5918,4
5919,2
5920,2
5921,3
5922,6
5923,1
5924,2
5925,1
5926,6
5927,5
5928,3
5929,1
5930,1
5931,1
5932,1
5933,1
5934,1
5935,5
5936,0
5937,3
5938,1
5939,3
5940,3
5941,2
5942,2
5943,1
5944,0
5945,1
5946,2
5947,0
5948,1
5949,1
5950,2
5951,3
5952,2
5953,4
5954,6
5955,3
5956,1
5957,5
5958,2
5959,1
5960,4
5961,1
5962,5
5963,2
5964,0
5965,6
5966,6
5967,1
5968,2
5969,1
5970,3
5971,2
5972,4
5973,1
5974,2
5975,1
5976,1
5977,1
5978,4
5979,0
5980,1
5981,1
5982,4
5983,3
5984,6
5985,0
5986,1
5987,2
5988,2
5989,6
5990,4
5991,5
5992,1
5993,0
5994,4
5995,2
5996,1
5997,0
5998,2
5999,5
6000,3
6001,5
6002,2
6003,6
6004,2
6005,0
6006,3
6007,3
6008,6
6009,5
6010,1
6011,2
6012,2
6013,1
6014,0
6015,4
6016,6
6017,2
6018,2
6019,2
6020,1
6021,0
6022,6
6023,1
6024,2
6025,0
6026,1
6027,2
6028,2
6029,2
6030,1
6031,2
6032,6
6033,1
6034,5
6035,2
6036,0
6037,0
6038,6
6039,2
6040,0
6041,1
6042,2
6043,0
6044,2
6045,5
6046,2
6047,1
6048,2
6049,5
6050,0
6051,2
6052,2
6053,2
6054,2
6055,0
6056,6
6057,1
6058,6
6059,5
6060,1
6061,6
6062,3
6063,4
6064,2
6065,4
6066,1
6067,1
6068,3
6069,3
6070,1
6071,2
6072,6
6073,2
6074,5
6075,2
6076,1
6077,2
6078,2
6079,0
6080,0
6081,1
6082,5
6083,1
6084,2
6085,1
6086,2
6087,2
6088,5
6089,3
6090,2
6091,3
6092,6
6093,1
6094,5
6095,3
6096,5
6097,3
6098,2
6099,4
6100,0
6101,2
6102,5
6103,3
6104,2
6105,1
6106,4
6107,0
6108,2
6109,5
6110,3
6111,1
6112,2
6113,1
6114,4
6115,1
6116,2
6117,3
6118,0
6119,1
6120,2
6121,5
6122,0
6123,6
6124,1
6125,0
6126,2
6127,1
6128,0
6129,5
6130,5
6131,0
6132,6
6133,2
6134,0
6135,2
6136,3
6137,3
6138,2
6139,4
6140,6
6141,2
6142,5
6143,1
6144,3
6145,6
6146,1
6147,1
6148,3
6149,2
6150,2
6151,2
6152,6
6153,3
6154,1
6155,1
6156,2
6157,1
6158,3
6159,2
6160,0
6161,2
6162,0
6163,0
6164,1
6165,3
6166,4
6167,1
6168,4
6169,5
6170,3
6171,1
6172,5
6173,2
6174,2
6175,0
6176,3
6177,3
6178,2
6179,1
6180,0
6181,1
6182,4
6183,0
6184,4
6185,4
6186,5
6187,1
6188,1
6189,4
6190,2
6191,0
6192,1
6193,1
6194,4
6195,2
6196,4
6197,5
6198,4
6199,1
6200,1
6201,0
6202,4
6203,0
6204,1
6205,1
6206,1
6207,2
6208,1
6209,6
6210,1
6211,1
6212,6
6213,0
6214,0
6215,2
6216,1
6217,2
6218,4
6219,3
6220,1
6221,2
6222,1
6223,2
6224,2
6225,2
6226,1
6227,4
6228,3
6229,3
6230,1
6231,2
6232,5
6233,3
6234,2
6235,4
6236,1
6237,1
6238,1
6239,1
6240,3
6241,2
6242,1
6243,3
6244,2
6245,1
6246,1
6247,1
6248,1
6249,2
6250,2
6251,1
6252,1
6253,2
6254,1
6255,2
6256,1
6257,6
6258,3
6259,3
6260,2
6261,2
6262,4
6263,3
6264,1
6265,2
6266,2
6267,6
6268,3
6269,2
6270,1
6271,4
6272,1
6273,0
6274,4
6275,2
6276,2
6277,0
6278,1
6279,1
6280,3
6281,2
6282,5
6283,0
6284,2
6285,5
6286,4
6287,1
6288,1
6289,5
6290,4
6291,1
6292,0
6293,3
6294,0
6295,2
6296,2
6297,1
6298,4
6299,0
6300,5
6301,2
6302,4
6303,2
6304,4
6305,2
6306,3
6307,0
6308,4
6309,2
6310,4
6311,1
6312,0
6313,3
6314,2
6315,2
6316,2
6317,2
6318,1
6319,0
6320,4
6321,4
6322,1
6323,4
6324,4
6325,0
6326,4
6327,1
6328,3
6329,2
6330,4
6331,0
6332,6
6333,6
6334,2
6335,4
6336,1
6337,2
6338,5
6339,1
6340,2
6341,3
6342,6
6343,4
6344,0
6345,0
6346,1
6347,0
6348,2
6349,3
6350,4
6351,6
6352,2
6353,2
6354,4
6355,3
6356,2
6357,0
6358,2
6359,3
6360,1
6361,5
6362,1
6363,6
6364,6
6365,1
6366,1
6367,4
6368,4
6369,2
6370,4
6371,2
6372,3
6373,5
6374,1
6375,4
6376,1
6377,3
6378,1
6379,4
6380,2
6381,1
6382,2
6383,2
6384,5
6385,2
6386,1
6387,6
6388,1
6389,4
6390,0
6391,2
6392,1
6393,2
6394,6
6395,0
6396,3
6397,1
6398,3
6399,5
6400,0
6401,3
6402,1
6403,5
6404,2
6405,3
6406,1
6407,1
6408,1
6409,2
6410,3
6411,2
6412,2
6413,6
6414,5
6415,4
6416,3
6417,2
6418,1
6419,4
6420,2
6421,6
6422,1
6423,2
6424,1
6425,1
6426,5
6427,0
6428,5
6429,2
6430,2
6431,4
6432,2
6433,5
6434,2
6435,3
6436,2
6437,1
6438,2
6439,0
6440,5
6441,2
6442,3
6443,1
6444,1
6445,1
6446,4
6447,4
6448,1
6449,1
6450,0
6451,1
6452,1
6453,2
6454,3
6455,2
6456,6
6457,6
6458,2
6459,4
6460,4
6461,4
6462,5
6463,0
6464,4
6465,5
6466,1
6467,6
6468,2
6469,1
6470,3
6471,0
6472,4
6473,1
6474,3
6475,1
6476,2
6477,1
6478,0
6479,2
6480,6
6481,1
6482,2
6483,6
6484,5
6485,2
6486,1
6487,2
6488,4
6489,1
6490,6
6491,0
6492,6
6493,3
6494,1
6495,4
6496,2
6497,2
6498,2
6499,6
6500,1
6501,0
6502,2
6503,2
6504,2
6505,4
6506,3
6507,1
6508,3
6509,1
6510,3
6511,4
6512,1
6513,0
6514,2
6515,6
6516,2
6517,1
6518,6
6519,5
6520,0
6521,6
6522,2
6523,5
6524,1
6525,1
6526,1
6527,1
6528,4
6529,2
6530,3
6531,0
6532,2
6533,5
6534,6
6535,4
6536,2
6537,3
6538,2
6539,5
6540,3
6541,4
6542,1
6543,6
6544,1
6545,2
6546,0
6547,6
6548,2
6549,0
6550,1
6551,5
6552,4
6553,2
6554,2
6555,2
6556,5
6557,0
6558,3
6559,2
6560,1
6561,2
6562,3
6563,0
6564,0
6565,1
6566,5
6567,2
6568,1
6569,2
6570,3
6571,2
6572,0
6573,5
6574,1
6575,2
6576,6
6577,6
6578,1
6579,2
6580,6
6581,2
6582,2
6583,1
6584,3
6585,2
6586,2
6587,1
6588,1
6589,2
6590,2
6591,1
6592,6
6593,0
6594,1
6595,0
6596,3
6597,6
6598,1
6599,1
6600,2
6601,2
6602,1
6603,1
6604,2
6605,1
6606,5
6607,0
6608,1
6609,2
6610,1
6611,4
6612,1
6613,4
6614,4
6615,4
6616,1
6617,2
6618,3
6619,3
6620,4
6621,2
6622,3
6623,6
6624,1
6625,6
6626,1
6627,0
6628,2
6629,5
6630,3
6631,2
6632,0
6633,1
6634,1
6635,3
6636,3
6637,5
6638,1
6639,6
6640,6
6641,0
6642,1
6643,2
6644,3
6645,4
6646,1
6647,6
6648,5
6649,0
6650,0
6651,5
6652,5
6653,1
6654,0
6655,4
6656,0
6657,2
6658,1
6659,2
6660,0
6661,3
6662,1
6663,2
6664,6
6665,2
6666,5
6667,5
6668,2
6669,1
6670,2
6671,0
6672,0
6673,2
6674,2
6675,2
6676,1
6677,2
6678,2
6679,6
6680,3
6681,1
6682,4
6683,5
6684,5
6685,5
6686,2
6687,1
6688,4
6689,1
6690,0
6691,6
6692,0
6693,1
6694,3
6695,3
6696,1
6697,2
6698,1
6699,3
6700,6
6701,0
6702,2
6703,6
6704,1
6705,1
6706,2
6707,2
6708,1
6709,4
6710,2
6711,2
6712,4
6713,0
6714,1
6715,2
6716,2
6717,5
6718,1
6719,0
6720,3
6721,3
6722,2
6723,2
6724,2
6725,6
6726,5
6727,1
6728,1
6729,1
6730,1
6731,2
6732,0
6733,1
6734,2
6735,5
6736,5
6737,2
6738,1
6739,1
6740,4
6741,0
6742,1
6743,0
6744,2
6745,1
6746,2
6747,2
6748,2
6749,3
6750,4
6751,0
6752,2
6753,2
6754,2
6755,4
6756,1
6757,6
6758,6
6759,2
6760,2
6761,6
6762,4
6763,6
6764,4
6765,1
6766,0
6767,3
6768,4
6769,3
6770,6
6771,1
6772,1
6773,1
6774,2
6775,1
6776,1
6777,0
6778,1
6779,2
6780,1
6781,6
6782,2
6783,2
6784,0
6785,2
6786,6
6787,2
6788,1
6789,4
6790,2
6791,2
6792,0
6793,3
6794,2
6795,5
6796,0
6797,4
6798,1
6799,1
6800,1
6801,1
6802,4
6803,1
6804,2
6805,2
6806,0
6807,3
6808,2
6809,1
6810,3
6811,2
6812,5
6813,6
6814,0
6815,1
6816,4
6817,5
6818,4
6819,2
6820,1
6821,6
6822,0
6823,5
6824,3
6825,0
6826,1
6827,6
6828,0
6829,5
6830,1
6831,4
6832,3
6833,3
6834,3
6835,3
6836,1
6837,5
6838,5
6839,2
6840,2
6841,5
6842,4
6843,2
6844,0
6845,5
6846,3
6847,1
6848,6
6849,4
6850,2
6851,4
6852,2
6853,5
6854,2
6855,1
6856,1
6857,0
6858,5
6859,6
6860,2
6861,4
6862,4
6863,1
6864,2
6865,2
6866,6
6867,6
6868,1
6869,1
6870,2
6871,0
6872,0
6873,0
6874,5
6875,3
6876,0
6877,0
6878,6
6879,1
6880,5
6881,3
6882,6
6883,3
6884,6
6885,1
6886,1
6887,5
6888,1
6889,6
6890,5
6891,2
6892,0
6893,4
6894,4
6895,6
6896,4
6897,5
6898,2
6899,3
6900,1
6901,6
6902,3
6903,6
6904,1
6905,2
6906,4
6907,1
6908,0
6909,2
6910,6
6911,1
6912,2
6913,2
6914,1
6915,0
6916,2
6917,1
6918,3
6919,4
6920,0
6921,1
6922,6
6923,4
6924,0
6925,1
6926,1
6927,2
6928,1
6929,0
6930,6
6931,2
6932,0
6933,0
6934,1
6935,2
6936,0
6937,5
6938,0
6939,5
6940,6
6941,0
6942,0
6943,1
6944,1
6945,0
6946,3
6947,1
6948,4
6949,2
6950,4
6951,1
6952,2
6953,0
6954,2
6955,5
6956,2
6957,0
6958,4
6959,6
6960,1
6961,2
6962,1
6963,3
6964,5
6965,4
6966,5
6967,6
6968,0
6969,1
6970,1
6971,1
6972,1
6973,2
6974,3
6975,0
6976,1
6977,2
6978,2
6979,4
6980,2
6981,3
6982,2
6983,5
6984,1
6985,1
6986,1
6987,3
6988,6
6989,6
6990,1
6991,1
6992,3
6993,3
6994,0
6995,5
6996,2
6997,1
6998,0
6999,4
7000,3
7001,6
7002,1
7003,2
7004,6
7005,3
7006,3
7007,1
7008,1
7009,2
7010,5
7011,3
7012,2
7013,3
7014,1
7015,0
7016,2
7017,1
7018,2
7019,2
7020,1
7021,1
7022,0
7023,5
7024,2
7025,2
7026,0
7027,0
7028,1
7029,6
7030,5
7031,0
7032,2
7033,3
7034,0
7035,2
7036,4
7037,1
7038,3
7039,6
7040,4
7041,6
7042,4
7043,4
7044,1
7045,2
7046,2
7047,6
7048,5
7049,1
7050,4
7051,1
7052,2
7053,5
7054,3
7055,6
7056,2
7057,1
7058,0
7059,1
7060,5
7061,2
7062,1
7063,3
7064,1
7065,2
7066,5
7067,4
7068,4
7069,4
7070,2
7071,6
7072,1
7073,2
7074,2
7075,4
7076,2
7077,1
7078,1
7079,3
7080,0
7081,1
7082,2
7083,1
7084,0
7085,2
7086,0
7087,4
7088,1
7089,6
7090,4
7091,3
7092,2
7093,0
7094,2
7095,2
7096,3
7097,2
7098,2
7099,0
7100,2
7101,1
7102,1
7103,0
7104,0
7105,1
7106,3
7107,0
7108,4
7109,3
7110,1
7111,4
7112,0
7113,1
7114,2
7115,1
7116,2
7117,0
7118,1
7119,2
7120,3
7121,0
7122,4
7123,1
7124,0
7125,4
7126,0
7127,1
7128,0
7129,4
7130,6
7131,2
7132,2
7133,2
7134,3
7135,0
7136,1
7137,1
7138,2
7139,1
7140,1
7141,2
7142,2
7143,2
7144,6
7145,0
7146,4
7147,0
7148,4
7149,5
7150,0
7151,2
7152,5
7153,1
7154,1
7155,0
7156,3
7157,4
7158,6
7159,3
7160,3
7161,1
7162,6
7163,5
7164,1
7165,5
7166,0
7167,3
7168,4
7169,3
7170,6
7171,2
7172,4
7173,3
7174,1
7175,5
7176,6
7177,2
7178,1
7179,6
7180,2
7181,0
7182,1
7183,3
7184,4
7185,2
7186,3
7187,2
7188,6
7189,1
7190,3
7191,5
7192,1
7193,4
7194,0
7195,1
7196,2
7197,2
7198,1
7199,5
7200,1
7201,4
7202,0
7203,1
7204,4
7205,6
7206,1
7207,2
7208,2
7209,1
7210,6
7211,2
7212,2
7213,5
7214,2
7215,0
7216,5
7217,1
7218,0
7219,2
7220,6
7221,0
7222,2
7223,1
7224,2
7225,6
7226,2
7227,1
7228,2
7229,6
7230,0
7231,5
7232,5
7233,2
7234,6
7235,1
7236,5
7237,4
7238,2
7239,6
7240,1
7241,2
7242,2
7243,5
7244,3
7245,0
7246,0
7247,1
7248,0
7249,1
7250,2
7251,0
7252,0
7253,2
7254,0
7255,3
7256,1
7257,1
7258,0
7259,1
7260,6
7261,2
7262,6
7263,2
7264,0
7265,3
7266,5
7267,1
7268,1
7269,6
7270,3
7271,1
7272,4
7273,1
7274,0
7275,2
7276,1
7277,3
7278,2
7279,1
7280,4
7281,0
7282,4
7283,6
7284,1
7285,1
7286,1
7287,0
7288,6
7289,4
7290,1
7291,6
7292,4
7293,0
7294,2
7295,3
7296,4
7297,6
7298,5
7299,2
7300,3
7301,4
7302,6
7303,1
7304,1
7305,4
7306,2
7307,5
7308,0
7309,5
7310,0
7311,4
7312,3
7313,1
7314,4
7315,1
7316,6
7317,4
7318,1
7319,1
7320,3
7321,2
7322,2
7323,5
7324,3
7325,6
7326,5
7327,3
7328,2
7329,2
7330,4
7331,2
7332,6
7333,6
7334,2
7335,2
7336,1
7337,6
7338,4
7339,6
7340,3
7341,5
7342,4
7343,0
7344,5
7345,0
7346,0
7347,2
7348,3
7349,5
7350,6
7351,0
7352,2
7353,3
7354,1
7355,0
7356,1
7357,4
7358,1
7359,2
7360,3
7361,5
7362,0
7363,3
7364,1
7365,0
7366,6
7367,5
7368,2
7369,4
7370,1
7371,1
7372,0
7373,2
7374,0
7375,4
7376,0
7377,3
7378,2
7379,4
7380,2
7381,1
7382,2
7383,1
7384,2
7385,1
7386,2
7387,0
7388,6
7389,4
7390,0
7391,6
7392,3
7393,1
7394,0
7395,1
7396,2
7397,4
7398,2
7399,1
7400,5
7401,1
7402,0
7403,3
7404,1
7405,0
7406,4
7407,2
7408,2
7409,5
7410,1
7411,3
7412,5
7413,3
7414,3
7415,2
7416,1
7417,1
7418,5
7419,2
7420,5
7421,2
7422,1
7423,1
7424,0
7425,3
7426,0
7427,4
7428,2
7429,5
7430,6
7431,3
7432,2
7433,3
7434,6
7435,1
7436,6
7437,1
7438,0
7439,5
7440,1
7441,5
7442,4
7443,1
7444,2
7445,6
7446,1
7447,4
7448,3
7449,3
7450,1
7451,0
7452,3
7453,4
7454,1
7455,6
7456,4
7457,2
7458,0
7459,3
7460,2
7461,2
7462,4
7463,1
7464,3
7465,5
7466,6
7467,2
7468,2
7469,5
7470,4
7471,2
7472,1
7473,5
7474,5
7475,5
7476,6
7477,2
7478,1
7479,1
7480,4
7481,2
7482,1
7483,1
7484,5
7485,2
7486,3
7487,2
7488,4
7489,0
7490,4
7491,0
7492,5
7493,6
7494,5
7495,5
7496,6
7497,2
7498,1
7499,1
7500,1
7501,4
7502,5
7503,0
7504,5
7505,0
7506,2
7507,6
7508,0
7509,2
7510,4
7511,3
7512,3
7513,2
7514,3
7515,1
7516,4
7517,0
7518,4
7519,4
7520,2
7521,2
7522,0
7523,5
7524,3
7525,6
7526,1
7527,2
7528,1
7529,0
7530,3
7531,2
7532,1
7533,2
7534,4
7535,4
7536,2
7537,2
7538,4
7539,2
7540,6
7541,4
7542,2
7543,0
7544,1
7545,1
7546,1
7547,4
7548,4
7549,3
7550,4
7551,5
7552,2
7553,0
7554,1
7555,2
7556,0
7557,2
7558,5
7559,3
7560,0
7561,4
7562,2
7563,0
7564,3
7565,3
7566,2
7567,0
7568,5
7569,1
7570,1
7571,6
7572,4
7573,4
7574,2
7575,1
7576,6
7577,2
7578,0
7579,1
7580,1
7581,2
7582,0
7583,3
7584,0
7585,0
7586,2
7587,1
7588,4
7589,3
7590,2
7591,2
7592,1
7593,2
7594,2
7595,0
7596,6
7597,2
7598,2
7599,4
7600,6
7601,0
7602,1
7603,5
7604,5
7605,6
7606,2
7607,5
7608,3
7609,0
7610,2
7611,1
7612,2
7613,2
7614,2
7615,1
7616,1
7617,3
7618,2
7619,1
7620,1
7621,5
7622,2
7623,4
7624,4
7625,2
7626,0
7627,1
7628,1
7629,1
7630,0
7631,4
7632,5
7633,4
7634,0
7635,2
7636,2
7637,4
7638,2
7639,0
7640,2
7641,2
7642,4
7643,1
7644,6
7645,0
7646,1
7647,0
7648,4
7649,0
7650,1
7651,2
7652,1
7653,4
7654,2
7655,1
7656,1
7657,0
7658,3
7659,1
7660,4
7661,1
7662,2
7663,0
7664,4
7665,1
7666,3
7667,1
7668,2
7669,1
7670,5
7671,2
7672,0
7673,3
7674,6
7675,1
7676,2
7677,6
7678,0
7679,6
7680,2
7681,5
7682,0
7683,1
7684,1
7685,1
7686,3
7687,2
7688,3
7689,0
7690,4
7691,3
7692,4
7693,1
7694,1
7695,1
7696,0
7697,3
7698,6
7699,5
7700,3
7701,6
7702,6
7703,1
7704,1
7705,4
7706,3
7707,2
7708,3
7709,2
7710,5
7711,1
7712,4
7713,4
7714,2
7715,1
7716,1
7717,2
7718,1
7719,1
7720,0
7721,3
7722,1
7723,1
7724,0
7725,3
7726,2
7727,3
7728,1
7729,1
7730,1
7731,2
7732,2
7733,5
7734,1
7735,1
7736,0
7737,1
7738,1
7739,6
7740,2
7741,4
7742,0
7743,3
7744,6
7745,6
7746,1
7747,2
7748,2
7749,2
7750,1
7751,1
7752,2
7753,2
7754,5
7755,1
7756,0
7757,1
7758,1
7759,4
7760,2
7761,3
7762,6
7763,5
7764,1
7765,2
7766,1
7767,1
7768,2
7769,0
7770,2
7771,0
7772,1
7773,2
7774,2
7775,3
7776,5
7777,2
7778,4
7779,0
7780,2
7781,2
7782,4
7783,4
7784,5
7785,3
7786,1
7787,1
7788,6
7789,1
7790,1
7791,5
7792,1
7793,1
7794,1
7795,5
7796,1
7797,1
7798,5
7799,3
7800,1
7801,1
7802,1
7803,2
7804,3
7805,1
7806,4
7807,2
7808,3
7809,5
7810,5
7811,2
7812,4
7813,0
7814,1
7815,2
7816,5
7817,5
7818,0
7819,1
7820,6
7821,2
7822,2
7823,0
7824,1
7825,2
7826,2
7827,0
7828,1
7829,4
7830,3
7831,5
7832,2
7833,3
7834,6
7835,2
7836,1
7837,1
7838,2
7839,4
7840,2
7841,1
7842,4
7843,2
7844,1
7845,5
7846,3
7847,1
7848,0
7849,3
7850,1
7851,1
7852,1
7853,3
7854,3
7855,0
7856,0
7857,4
7858,2
7859,2
7860,2
7861,0
7862,2
7863,4
7864,3
7865,6
7866,0
7867,1
7868,6
7869,5
7870,1
7871,2
7872,0
7873,5
7874,2
7875,4
7876,3
7877,6
7878,1
7879,1
7880,1
7881,5
7882,5
7883,2
7884,5
7885,4
7886,2
7887,5
7888,0
7889,1
7890,3
7891,4
7892,4
7893,6
7894,1
7895,1
7896,5
7897,5
7898,2
7899,1
7900,0
7901,1
7902,2
7903,1
7904,2
7905,3
7906,1
7907,0
7908,3
7909,0
7910,2
7911,1
7912,0
7913,5
7914,2
7915,5
7916,2
7917,3
7918,0
7919,2
7920,1
7921,2
7922,0
7923,2
7924,2
7925,1
7926,1
7927,3
7928,4
7929,1
7930,0
7931,4
7932,0
7933,1
7934,0
7935,2
7936,4
7937,1
7938,2
7939,1
7940,4
7941,1
7942,1
7943,6
7944,4
7945,4
7946,3
7947,1
7948,2
7949,1
7950,1
7951,1
7952,1
7953,5
7954,0
7955,4
7956,1
7957,1
7958,3
7959,1
7960,0
7961,2
7962,6
7963,6
7964,1
7965,2
7966,0
7967,2
7968,1
7969,1
7970,1
7971,1
7972,5
7973,6
7974,1
7975,1
7976,0
7977,3
7978,4
7979,1
7980,1
7981,6
7982,1
7983,1
7984,2
7985,1
7986,6
7987,2
7988,0
7989,6
7990,2
7991,1
7992,0
7993,4
7994,1
7995,1
7996,2
7997,0
7998,3
7999,2
8000,5
8001,2
8002,3
8003,1
8004,3
8005,1
8006,6
8007,0
8008,6
8009,5
8010,1
8011,2
8012,5
8013,1
8014,5
8015,0
8016,1
8017,2
8018,5
8019,5
8020,5
8021,4
8022,6
8023,3
8024,2
8025,1
8026,4
8027,1
8028,6
8029,2
8030,3
8031,4
8032,3
8033,1
8034,1
8035,1
8036,2
8037,4
8038,5
8039,4
8040,2
8041,4
8042,4
8043,2
8044,4
8045,3
8046,6
8047,3
8048,2
8049,1
8050,0
8051,4
8052,1
8053,4
8054,2
8055,0
8056,5
8057,6
8058,3
8059,0
8060,3
8061,6
8062,0
8063,2
8064,4
8065,0
8066,4
8067,0
8068,2
8069,2
8070,6
8071,3
8072,1
8073,0
8074,1
8075,2
8076,5
8077,2
8078,2
8079,2
8080,1
8081,3
8082,1
8083,0
8084,4
8085,1
8086,2
8087,0
8088,1
8089,1
8090,1
8091,2
8092,2
8093,1
8094,6
8095,1
8096,4
8097,5
8098,1
8099,5
8100,2
8101,2
8102,3
8103,2
8104,0
8105,1
8106,2
8107,2
8108,2
8109,4
8110,2
8111,1
8112,5
8113,4
8114,1
8115,6
8116,1
8117,2
8118,1
8119,1
8120,1
8121,5
8122,2
8123,0
8124,2
8125,2
8126,1
8127,5
8128,6
8129,1
8130,5
8131,2
8132,2
8133,0
8134,1
8135,4
8136,5
8137,6
8138,4
8139,4
8140,1
8141,2
8142,5
8143,5
8144,6
8145,6
8146,2
8147,0
8148,2
8149,4
8150,6
8151,2
8152,1
8153,2
8154,5
8155,0
8156,0
8157,3
8158,4
8159,0
8160,4
8161,1
8162,0
8163,5
8164,4
8165,0
8166,3
8167,0
8168,5
8169,2
8170,4
8171,3
8172,5
8173,1
8174,0
8175,4
8176,3
8177,1
8178,1
8179,4
8180,4
8181,2
8182,4
8183,4
8184,2
8185,2
8186,3
8187,5
8188,2
8189,1
8190,1
8191,3
8192,4
8193,1
8194,1
8195,1
8196,3
8197,6
8198,1
8199,3
8200,6
8201,4
8202,4
8203,2
8204,1
8205,1
8206,2
8207,2
8208,3
8209,2
8210,4
8211,1
8212,1
8213,5
8214,1
8215,5
8216,2
8217,6
8218,5
8219,1
8220,5
8221,2
8222,1
8223,6
8224,1
8225,1
8226,0
8227,4
8228,2
8229,6
8230,0
8231,6
8232,2
8233,5
8234,0
8235,4
8236,4
8237,2
8238,3
8239,1
8240,2
8241,2
8242,3
8243,2
8244,0
8245,3
8246,4
8247,5
8248,1
8249,2
8250,3
8251,6
8252,1
8253,3
8254,1
8255,6
8256,1
8257,1
8258,3
8259,4
8260,2
8261,0
8262,4
8263,3
8264,5
8265,1
8266,1
8267,1
8268,4
8269,1
8270,3
8271,6
8272,1
8273,2
8274,3
8275,2
8276,5
8277,2
8278,3
8279,1
8280,4
8281,1
8282,0
8283,4
8284,0
8285,4
8286,1
8287,1
8288,2
8289,5
8290,6
8291,3
8292,2
8293,5
8294,4
8295,1
8296,6
8297,2
8298,2
8299,2
8300,1
8301,4
8302,3
8303,2
8304,2
8305,1
8306,6
8307,6
8308,1
8309,2
8310,1
8311,1
8312,1
8313,1
8314,4
8315,1
8316,4
8317,5
8318,6
8319,4
8320,6
8321,5
8322,2
8323,6
8324,6
8325,3
8326,1
8327,1
8328,1
8329,3
8330,3
8331,1
8332,1
8333,1
8334,3
8335,1
8336,1
8337,6
8338,2
8339,5
8340,6
8341,1
8342,1
8343,2
8344,0
8345,1
8346,0
8347,1
8348,5
8349,3
8350,2
8351,2
8352,1
8353,2
8354,0
8355,6
8356,1
8357,0
8358,1
8359,1
8360,2
8361,6
8362,1
8363,0
8364,3
8365,2
8366,0
8367,4
8368,6
8369,6
8370,6
8371,3
8372,1
8373,1
8374,6
8375,1
8376,2
8377,3
8378,0
8379,0
8380,4
8381,5
8382,1
8383,2
8384,1
8385,2
8386,2
8387,1
8388,2
8389,1
8390,1
8391,0
8392,2
8393,3
8394,1
8395,0
8396,2
8397,2
8398,1
8399,0
8400,4
8401,1
8402,2
8403,2
8404,2
8405,6
8406,0
8407,4
8408,2
8409,4
8410,4
8411,2
8412,2
8413,2
8414,1
8415,1
8416,4
8417,3
8418,1
8419,1
8420,3
8421,4
8422,2
8423,2
8424,1
8425,2
8426,5
8427,6
8428,4
8429,3
8430,2
8431,0
8432,4
8433,1
8434,1
8435,5
8436,3
8437,2
8438,4
8439,5
8440,2
8441,2
8442,1
8443,5
8444,0
8445,3
8446,1
8447,2
8448,6
8449,2
8450,1
8451,4
8452,5
8453,3
8454,3
8455,1
8456,1
8457,5
8458,6
8459,1
8460,3
8461,2
8462,3
8463,1
8464,4
8465,6
8466,4
8467,0
8468,2
8469,1
8470,1
8471,6
8472,2
8473,5
8474,2
8475,3
8476,1
8477,4
8478,2
8479,2
8480,1
8481,6
8482,1
8483,2
8484,3
8485,5
8486,1
8487,1
8488,3
8489,2
8490,4
8491,2
8492,2
8493,0
8494,2
8495,4
8496,5
8497,4
8498,2
8499,2
8500,0
8501,3
8502,1
8503,6
8504,2
8505,3
8506,5
8507,3
8508,2
8509,4
8510,3
8511,4
8512,0
8513,1
8514,5
8515,3
8516,1
8517,1
8518,4
8519,0
8520,3
8521,1
8522,4
8523,3
8524,3
8525,2
8526,1
8527,0
8528,5
8529,0
8530,2
8531,4
8532,2
8533,1
8534,0
8535,1
8536,0
8537,6
8538,2
8539,2
8540,2
8541,2
8542,4
8543,5
8544,1
8545,1
8546,1
8547,5
8548,4
8549,2
8550,2
8551,2
8552,1
8553,5
8554,3
8555,0
8556,5
8557,4
8558,2
8559,1
8560,2
8561,2
8562,1
8563,3
8564,2
8565,0
8566,3
8567,3
8568,1
8569,6
8570,3
8571,1
8572,3
8573,3
8574,3
8575,2
8576,4
8577,0
8578,2
8579,0
8580,2
8581,1
8582,3
8583,2
8584,1
8585,1
8586,0
8587,4
8588,3
8589,6
8590,4
8591,0
8592,5
8593,6
8594,0
8595,0
8596,0
8597,1
8598,6
8599,2
8600,5
8601,2
8602,1
8603,2
8604,2
8605,5
8606,2
8607,3
8608,6
8609,1
8610,1
8611,5
8612,1
8613,5
8614,0
8615,3
8616,2
8617,1
8618,1
8619,2
8620,1
8621,1
8622,5
8623,5
8624,2
8625,2
8626,1
8627,4
8628,1
8629,1
8630,1
8631,3
8632,2
8633,0
8634,6
8635,0
8636,1
8637,2
8638,3
8639,2
8640,4
8641,0
8642,5
8643,5
8644,1
8645,4
8646,2
8647,1
8648,2
8649,4
8650,3
8651,2
8652,0
8653,1
8654,0
8655,2
8656,1
8657,5
8658,4
8659,1
8660,4
8661,2
8662,5
8663,1
8664,3
8665,6
8666,2
8667,2
8668,3
8669,1
8670,2
8671,3
8672,2
8673,0
8674,2
8675,4
8676,1
8677,3
8678,2
8679,6
8680,1
8681,5
8682,5
8683,1
8684,3
8685,6
8686,0
8687,1
8688,1
8689,1
8690,1
8691,1
8692,2
8693,1
8694,0
8695,3
8696,5
8697,2
8698,2
8699,5
8700,2
8701,1
8702,5
8703,1
8704,5
8705,2
8706,4
8707,5
8708,6
8709,3
8710,4
8711,1
8712,5
8713,2
8714,2
8715,1
8716,0
8717,6
8718,5
8719,0
8720,2
8721,1
8722,0
8723,3
8724,5
8725,1
8726,2
8727,2
8728,4
8729,5
8730,1
8731,2
8732,1
8733,2
8734,2
8735,3
8736,1
8737,1
8738,4
8739,2
8740,0
8741,6
8742,1
8743,3
8744,4
8745,3
8746,2
8747,6
8748,0
8749,3
8750,5
8751,4
8752,1
8753,0
8754,2
8755,1
8756,4
8757,1
8758,6
8759,5
8760,2
8761,1
8762,5
8763,6
8764,4
8765,1
8766,4
8767,1
8768,1
8769,2
8770,2
8771,4
8772,6
8773,3
8774,1
8775,4
8776,2
8777,5
8778,2
8779,3
8780,1
8781,4
8782,5
8783,2
8784,2
8785,5
8786,0
8787,3
8788,2
8789,5
8790,2
8791,2
8792,2
8793,2
8794,4
8795,2
8796,1
8797,2
8798,4
8799,2
8800,2
8801,6
8802,4
8803,3
8804,2
8805,2
8806,3
8807,0
8808,1
8809,5
8810,1
8811,1
8812,2
8813,0
8814,4
8815,6
8816,5
8817,1
8818,1
8819,0
8820,1
8821,5
8822,3
8823,2
8824,1
8825,1
8826,6
8827,1
8828,3
8829,0
8830,0
8831,1
8832,1
8833,0
8834,4
8835,2
8836,1
8837,2
8838,4
8839,3
8840,0
8841,4
8842,1
8843,1
8844,6
8845,1
8846,6
8847,5
8848,5
8849,4
8850,1
8851,1
8852,2
8853,5
8854,1
8855,1
8856,1
8857,0
8858,0
8859,2
8860,0
8861,0
8862,5
8863,1
8864,6
8865,1
8866,3
8867,2
8868,5
8869,2
8870,6
8871,3
8872,3
8873,0
8874,1
8875,5
8876,2
8877,0
8878,2
8879,2
8880,1
8881,5
8882,6
8883,3
8884,1
8885,2
8886,5
8887,2
8888,0
8889,1
8890,5
8891,1
8892,0
8893,0
8894,1
8895,1
8896,1
8897,2
8898,2
8899,2
8900,2
8901,6
8902,2
8903,1
8904,0
8905,1
8906,2
8907,0
8908,5
8909,3
8910,1
8911,1
8912,1
8913,1
8914,2
8915,1
8916,2
8917,0
8918,2
8919,6
8920,1
8921,3
8922,2
8923,2
8924,1
8925,3
8926,1
8927,1
8928,3
8929,0
8930,2
8931,2
8932,3
8933,1
8934,6
8935,2
8936,2
8937,2
8938,1
8939,3
8940,5
8941,1
8942,0
8943,5
8944,0
8945,1
8946,4
8947,6
8948,2
8949,4
8950,2
8951,1
8952,2
8953,1
8954,1
8955,2
8956,2
8957,5
8958,5
8959,6
8960,3
8961,0
8962,6
8963,1
8964,1
8965,1
8966,5
8967,2
8968,6
8969,2
8970,5
8971,3
8972,1
8973,3
8974,1
8975,2
8976,5
8977,1
8978,2
8979,0
8980,4
8981,4
8982,1
8983,0
8984,3
8985,1
8986,2
8987,6
8988,6
8989,1
8990,3
8991,1
8992,1
8993,2
8994,0
8995,2
8996,2
8997,1
8998,0
8999,3
9000,2
9001,3
9002,6
9003,0
9004,2
9005,3
9006,2
9007,4
9008,1
9009,4
9010,2
9011,4
9012,2
9013,2
9014,3
9015,0
9016,1
9017,5
9018,5
9019,1
9020,3
9021,1
9022,1
9023,2
9024,1
9025,1
9026,0
9027,1
9028,3
9029,2
9030,1
9031,5
9032,4
9033,2
9034,1
9035,0
9036,1
9037,1
9038,3
9039,1
9040,6
9041,3
9042,3
9043,5
9044,5
9045,2
9046,0
9047,4
9048,0
9049,2
9050,6
9051,5
9052,5
9053,0
9054,1
9055,1
9056,1
9057,1
9058,2
9059,0
9060,0
9061,5
9062,0
9063,4
9064,2
9065,6
9066,6
9067,6
9068,6
9069,0
9070,0
9071,6
9072,2
9073,1
9074,0
9075,2
9076,2
9077,1
9078,5
9079,2
9080,1
9081,0
9082,1
9083,4
9084,1
9085,4
9086,3
9087,1
9088,6
9089,2
9090,1
9091,0
9092,1
9093,6
9094,5
9095,4
9096,4
9097,4
9098,1
9099,2
9100,1
9101,1
9102,5
9103,6
9104,1
9105,4
9106,2
9107,3
9108,1
9109,1
9110,5
9111,5
9112,6
9113,6
9114,1
9115,1
9116,0
9117,1
9118,2
9119,0
9120,6
9121,4
9122,6
9123,1
9124,5
9125,3
9126,1
9127,1
9128,6
9129,6
9130,5
9131,2
9132,4
9133,1
9134,6
9135,1
9136,0
9137,6
9138,4
9139,2
9140,3
9141,6
9142,4
9143,2
9144,5
9145,3
9146,1
9147,6
9148,1
9149,0
9150,4
9151,4
9152,3
9153,1
9154,2
9155,3
9156,4
9157,2
9158,1
9159,2
9160,4
9161,5
9162,2
9163,6
9164,4
9165,5
9166,2
9167,3
9168,1
9169,2
9170,2
9171,3
9172,5
9173,5
9174,4
9175,5
9176,2
9177,4
9178,2
9179,2
9180,3
9181,2
9182,1
9183,0
9184,0
9185,2
9186,3
9187,2
9188,4
9189,1
9190,1
9191,2
9192,6
9193,1
9194,0
9195,1
9196,2
9197,2
9198,2
9199,0
9200,3
9201,6
9202,0
9203,0
9204,5
9205,6
9206,2
9207,5
9208,3
9209,0
9210,5
9211,3
9212,3
9213,2
9214,1
9215,2
9216,5
9217,2
9218,3
9219,6
9220,2
9221,2
9222,2
9223,5
9224,1
9225,4
9226,1
9227,0
9228,1
9229,5
9230,2
9231,3
9232,1
9233,1
9234,2
9235,1
9236,2
9237,5
9238,5
9239,1
9240,1
9241,3
9242,6
9243,2
9244,1
9245,0
9246,0
9247,2
9248,1
9249,1
9250,3
9251,2
9252,2
9253,1
9254,2
9255,1
9256,5
9257,3
9258,2
9259,3
9260,5
9261,2
9262,3
9263,4
9264,4
9265,2
9266,6
9267,3
9268,4
9269,3
9270,3
9271,1
9272,0
9273,1
9274,2
9275,2
9276,4
9277,3
9278,3
9279,1
9280,2
9281,2
9282,0
9283,4
9284,2
9285,4
9286,2
9287,2
9288,2
9289,2
9290,2
9291,3
9292,2
9293,2
9294,2
9295,1
9296,2
9297,2
9298,4
9299,2
9300,2
9301,6
9302,2
9303,3
9304,0
9305,2
9306,1
9307,2
9308,2
9309,4
9310,2
9311,3
9312,1
9313,0
9314,5
9315,3
9316,1
9317,1
9318,0
9319,1
9320,2
9321,4
9322,2
9323,2
9324,2
9325,0
9326,3
9327,0
9328,6
9329,5
9330,4
9331,4
9332,3
9333,6
9334,1
9335,2
9336,3
9337,1
9338,5
9339,4
9340,1
9341,5
9342,1
9343,2
9344,2
9345,5
9346,1
9347,3
9348,2
9349,6
9350,2
9351,3
9352,2
9353,2
9354,1
9355,2
9356,6
9357,3
9358,1
9359,2
9360,6
9361,2
9362,4
9363,6
9364,5
9365,3
9366,1
9367,5
9368,1
9369,2
9370,2
9371,1
9372,5
9373,2
9374,2
9375,2
9376,3
9377,5
9378,3
9379,3
9380,4
9381,5
9382,3
9383,0
9384,1
9385,6
9386,2
9387,2
9388,2
9389,0
9390,4
9391,4
9392,1
9393,2
9394,2
9395,6
9396,3
9397,6
9398,1
9399,1
9400,2
9401,3
9402,3
9403,1
9404,2
9405,4
9406,4
9407,1
9408,1
9409,1
9410,2
9411,0
9412,1
9413,6
9414,4
9415,1
9416,1
9417,6
9418,3
9419,1
9420,0
9421,5
9422,0
9423,0
9424,2
9425,1
9426,5
9427,5
9428,2
9429,3
9430,6
9431,2
9432,2
9433,2
9434,1
9435,6
9436,2
9437,1
9438,5
9439,2
9440,0
9441,1
9442,0
9443,0
9444,1
9445,6
9446,4
9447,0
9448,3
9449,1
9450,2
9451,6
9452,0
9453,1
9454,5
9455,3
9456,2
9457,2
9458,2
9459,2
9460,2
9461,3
9462,3
9463,6
9464,5
9465,1
9466,2
9467,4
9468,5
9469,5
9470,2
9471,1
9472,1
9473,5
9474,5
9475,4
9476,0
9477,1
9478,5
9479,6
9480,2
9481,0
9482,4
9483,2
9484,1
9485,3
9486,5
9487,3
9488,6
9489,2
9490,6
9491,5
9492,2
9493,6
9494,2
9495,2
9496,3
9497,4
9498,4
9499,1
9500,2
9501,5
9502,6
9503,1
9504,1
9505,5
9506,0
9507,1
9508,2
9509,2
9510,4
9511,1
9512,2
9513,5
9514,1
9515,6
9516,0
9517,5
9518,2
9519,3
9520,1
9521,4
9522,1
9523,1
9524,0
9525,4
9526,3
9527,6
9528,3
9529,1
9530,3
9531,5
9532,1
9533,2
9534,0
9535,1
9536,6
9537,1
9538,0
9539,1
9540,1
9541,2
9542,1
9543,1
9544,1
9545,2
9546,3
9547,2
9548,6
9549,1
9550,0
9551,1
9552,2
9553,5
9554,6
9555,1
9556,2
9557,2
9558,6
9559,3
9560,3
9561,4
9562,1
9563,0
9564,5
9565,4
9566,1
9567,3
9568,2
9569,2
9570,2
9571,1
9572,5
9573,5
9574,4
9575,1
9576,0
9577,6
9578,4
9579,3
9580,3
9581,0
9582,3
9583,2
9584,3
9585,1
9586,1
9587,0
9588,5
9589,2
9590,0
9591,2
9592,5
9593,6
9594,0
9595,1
9596,2
9597,2
9598,0
9599,0
9600,5
9601,2
9602,6
9603,1
9604,3
9605,2
9606,1
9607,1
9608,1
9609,3
9610,1
9611,0
9612,2
9613,4
9614,6
9615,1
9616,2
9617,2
9618,3
9619,0
9620,1
9621,0
9622,1
9623,1
9624,2
9625,2
9626,5
9627,2
9628,1
9629,1
9630,0
9631,2
9632,5
9633,6
9634,3
9635,2
9636,2
9637,1
9638,2
9639,2
9640,0
9641,2
9642,1
9643,5
9644,1
9645,1
9646,0
9647,1
9648,5
9649,2
9650,0
9651,3
9652,2
9653,2
9654,6
9655,3
9656,0
9657,2
9658,4
9659,0
9660,3
9661,1
9662,2
9663,2
9664,5
9665,5
9666,2
9667,2
9668,3
9669,3
9670,3
9671,6
9672,4
9673,1
9674,1
9675,1
9676,4
9677,6
9678,1
9679,2
9680,6
9681,5
9682,2
9683,1
9684,1
9685,1
9686,1
9687,4
9688,1
9689,1
9690,0
9691,1
9692,4
9693,4
9694,4
9695,6
9696,2
9697,6
9698,2
9699,2
9700,0
9701,5
9702,1
9703,2
9704,5
9705,1
9706,2
9707,5
9708,1
9709,3
9710,1
9711,3
9712,3
9713,2
9714,1
9715,1
9716,1
9717,6
9718,3
9719,2
9720,1
9721,1
9722,2
9723,1
9724,1
9725,1
9726,3
9727,5
9728,2
9729,2
9730,0
9731,4
9732,3
9733,6
9734,3
9735,5
9736,0
9737,1
9738,1
9739,5
9740,3
9741,2
9742,1
9743,3
9744,3
9745,2
9746,6
9747,1
9748,2
9749,4
9750,2
9751,1
9752,1
9753,1
9754,1
9755,2
9756,1
9757,6
9758,6
9759,5
9760,1
9761,4
9762,5
9763,3
9764,1
9765,4
9766,2
9767,4
9768,0
9769,1
9770,0
9771,3
9772,4
9773,2
9774,3
9775,2
9776,2
9777,2
9778,2
9779,2
9780,2
9781,4
9782,2
9783,1
9784,2
9785,5
9786,4
9787,4
9788,4
9789,6
9790,3
9791,5
9792,2
9793,6
9794,1
9795,2
9796,1
9797,2
9798,6
9799,1
9800,2
9801,0
9802,2
9803,1
9804,6
9805,6
9806,1
9807,1
9808,3
9809,6
9810,2
9811,0
9812,2
9813,1
9814,3
9815,3
9816,5
9817,1
9818,2
9819,1
9820,2
9821,2
9822,5
9823,2
9824,3
9825,0
9826,5
9827,0
9828,4
9829,1
9830,3
9831,4
9832,5
9833,2
9834,1
9835,1
9836,2
9837,1
9838,5
9839,3
9840,2
9841,0
9842,0
9843,2
9844,4
9845,2
9846,4
9847,1
9848,3
9849,3
9850,1
9851,3
9852,6
9853,3
9854,1
9855,1
9856,2
9857,2
9858,5
9859,0
9860,1
9861,3
9862,6
9863,1
9864,1
9865,2
9866,2
9867,2
9868,5
9869,2
9870,2
9871,4
9872,1
9873,1
9874,3
9875,2
9876,1
9877,4
9878,2
9879,5
9880,3
9881,2
9882,1
9883,3
9884,0
9885,2
9886,4
9887,3
9888,1
9889,3
9890,2
9891,5
9892,4
9893,0
9894,1
9895,5
9896,6
9897,2
9898,2
9899,4
9900,2
9901,4
9902,1
9903,1
9904,2
9905,6
9906,0
9907,3
9908,1
9909,1
9910,4
9911,4
9912,2
9913,4
9914,2
9915,5
9916,5
9917,5
9918,5
9919,1
9920,1
9921,6
9922,5
9923,5
9924,5
9925,4
9926,3
9927,5
9928,5
9929,0
9930,1
9931,2
9932,5
9933,0
9934,6
9935,1
9936,2
9937,5
9938,5
9939,2
9940,1
9941,2
9942,5
9943,2
9944,1
9945,4
9946,3
9947,5
9948,5
9949,6
9950,2
9951,2
9952,5
9953,2
9954,2
9955,2
9956,1
9957,2
9958,4
9959,1
9960,1
9961,0
9962,1
9963,1
9964,3
9965,2
9966,3
9967,3
9968,2
9969,2
9970,1
9971,2
9972,5
9973,2
9974,1
9975,4
9976,3
9977,1
9978,5
9979,0
9980,5
9981,3
9982,2
9983,4
9984,1
9985,5
9986,3
9987,2
9988,4
9989,2
9990,1
9991,1
9992,0
9993,4
9994,2
9995,2
9996,6
9997,3
9998,6
9999,1
10000,6
10001,3
10002,3
10003,6
10004,2
10005,4
10006,1
10007,5
10008,6
10009,2
10010,5
10011,0
10012,2
10013,5
10014,4
10015,2
10016,1
10017,5
10018,6
10019,1
10020,1
10021,0
10022,4
10023,1
10024,5
10025,6
10026,1
10027,0
10028,3
10029,2
10030,1
10031,0
10032,2
10033,1
10034,3
10035,2
10036,3
10037,2
10038,5
10039,6
10040,2
10041,1
10042,2
10043,3
10044,0
10045,3
10046,1
10047,5
10048,5
10049,1
10050,5
10051,1
10052,4
10053,2
10054,1
10055,4
10056,2
10057,3
10058,1
10059,2
10060,4
10061,2
10062,4
10063,2
10064,5
10065,2
10066,4
10067,1
10068,6
10069,3
10070,0
10071,0
10072,6
10073,0
10074,5
10075,4
10076,1
10077,2
10078,2
10079,4
10080,2
10081,2
10082,0
10083,1
10084,0
10085,2
10086,1
10087,3
10088,2
10089,2
10090,3
10091,2
10092,6
10093,5
10094,4
10095,2
10096,1
10097,1
10098,3
10099,4
10100,1
10101,0
10102,1
10103,2
10104,2
10105,2
10106,4
10107,2
10108,3
10109,3
10110,6
10111,2
10112,0
10113,1
10114,2
10115,1
10116,4
10117,4
10118,2
10119,3
10120,1
10121,2
10122,5
10123,5
10124,5
10125,6
10126,4
10127,2
10128,2
10129,3
10130,0
10131,0
10132,1
10133,6
10134,3
10135,4
10136,2
10137,1
10138,2
10139,4
10140,0
10141,5
10142,2
10143,3
10144,1
10145,2
10146,0
10147,1
10148,3
10149,1
10150,2
10151,5
10152,5
10153,3
10154,2
10155,0
10156,5
10157,3
10158,2
10159,4
10160,0
10161,5
10162,3
10163,1
10164,4
10165,2
10166,0
10167,4
10168,1
10169,2
10170,1
10171,3
10172,1
10173,6
10174,5
10175,6
10176,0
10177,5
10178,2
10179,1
10180,5
10181,2
10182,2
10183,0
10184,1
10185,2
10186,5
10187,0
10188,1
10189,5
10190,1
10191,3
10192,1
10193,2
10194,5
10195,2
10196,2
10197,5
10198,1
10199,2
10200,3
10201,4
10202,0
10203,5
10204,2
10205,3
10206,3
10207,6
10208,5
10209,3
10210,2
10211,1
10212,4
10213,4
10214,2
10215,5
10216,4
10217,1
10218,1
10219,2
10220,4
10221,1
10222,6
10223,4
10224,4
10225,3
10226,1
10227,3
10228,1
10229,4
10230,6
10231,0
10232,2
10233,1
10234,2
10235,0
10236,4
10237,2
10238,1
10239,1
10240,1
10241,2
10242,1
10243,0
10244,5
10245,2
10246,2
10247,0
10248,2
10249,1
10250,4
10251,1
10252,6
10253,6
10254,6
10255,4
10256,0
10257,2
10258,2
10259,2
10260,6
10261,1
10262,0
10263,1
10264,0
10265,2
10266,6
10267,1
10268,2
10269,5
10270,2
10271,6
10272,1
10273,2
10274,2
10275,1
10276,1
10277,2
10278,4
10279,2
10280,0
10281,0
10282,1
10283,1
10284,0
10285,4
10286,0
10287,3
10288,5
10289,2
10290,4
10291,6
10292,0
10293,2
10294,2
10295,1
10296,1
10297,0
10298,6
10299,0
10300,1
10301,5
10302,6
10303,1
10304,0
10305,3
10306,6
10307,1
10308,6
10309,2
10310,0
10311,3
10312,6
10313,2
10314,1
10315,5
10316,5
10317,5
10318,5
10319,5
10320,2
10321,2
10322,5
10323,0
10324,2
10325,3
10326,3
10327,0
10328,5
10329,2
10330,3
10331,2
10332,1
10333,2
10334,1
10335,0
10336,3
10337,2
10338,2
10339,6
10340,3
10341,2
10342,4
10343,4
10344,6
10345,1
10346,4
10347,1
10348,1
10349,1
10350,2
10351,0
10352,2
10353,2
10354,3
10355,2
10356,1
10357,1
10358,0
10359,2
10360,6
10361,0
10362,5
10363,1
10364,1
10365,2
10366,6
10367,4
10368,2
10369,1
10370,2
10371,0
10372,5
10373,3
10374,6
10375,5
10376,2
10377,2
10378,0
10379,4
10380,2
10381,2
10382,4
10383,6
10384,0
10385,4
10386,6
10387,1
10388,0
10389,6
10390,4
10391,0
10392,2
10393,0
10394,3
10395,0
10396,6
10397,5
10398,2
10399,0
10400,4
10401,2
10402,1
10403,6
10404,0
10405,2
10406,1
10407,5
10408,3
10409,3
10410,3
10411,1
10412,4
10413,2
10414,4
10415,2
10416,4
10417,0
10418,1
10419,2
10420,1
10421,6
10422,2
10423,0
10424,6
10425,2
10426,1
10427,1
10428,2
10429,2
10430,2
10431,0
10432,1
10433,4
10434,0
10435,6
10436,4
10437,2
10438,1
10439,0
10440,4
10441,0
10442,0
10443,2
10444,2
10445,4
10446,0
10447,1
10448,4
10449,1
10450,3
10451,3
10452,3
10453,0
10454,4
10455,6
10456,0
10457,2
10458,2
10459,5
10460,6
10461,5
10462,1
10463,5
10464,6
10465,2
10466,2
10467,1
10468,3
10469,2
10470,2
10471,3
10472,2
10473,4
10474,5
10475,0
10476,2
10477,2
10478,2
10479,0
10480,1
10481,6
10482,1
10483,2
10484,1
10485,4
10486,1
10487,1
10488,1
10489,5
10490,6
10491,6
10492,6
10493,0
10494,5
10495,2
10496,1
10497,4
10498,0
10499,4
10500,1
10501,3
10502,0
10503,2
10504,1
10505,4
10506,4
10507,2
10508,0
10509,3
10510,6
10511,0
10512,4
10513,6
10514,1
10515,2
10516,4
10517,4
10518,4
10519,3
10520,2
10521,5
10522,2
10523,6
10524,1
10525,6
10526,2
10527,4
10528,2
10529,1
10530,0
10531,6
10532,1
10533,5
10534,2
10535,3
10536,1
10537,6
10538,2
10539,0
10540,0
10541,5
10542,5
10543,5
10544,1
10545,2
10546,2
10547,2
10548,1
10549,1
10550,4
10551,0
10552,1
10553,5
10554,2
10555,1
10556,2
10557,3
10558,0
10559,2
10560,1
10561,6
10562,4
10563,1
10564,0
10565,2
10566,4
10567,6
10568,4
10569,0
10570,0
10571,1
10572,6
10573,3
10574,2
10575,2
10576,2
10577,1
10578,3
10579,2
10580,1
10581,5
10582,4
10583,0
10584,1
10585,1
10586,1
10587,2
10588,1
10589,1
10590,1
10591,1
10592,3
10593,2
10594,1
10595,2
10596,1
10597,1
10598,1
10599,1
10600,5
10601,4
10602,4
10603,1
10604,2
10605,6
10606,6
10607,3
10608,6
10609,0
10610,1
10611,0
10612,1
10613,4
10614,4
10615,2
10616,2
10617,1
10618,2
10619,6
10620,4
10621,1
10622,2
10623,5
10624,2
10625,6
10626,6
10627,0
10628,6
10629,6
10630,0
10631,0
10632,1
10633,6
10634,4
10635,5
10636,1
10637,2
10638,2
10639,4
10640,2
10641,6
10642,0
10643,2
10644,3
10645,0
10646,5
10647,3
10648,2
10649,2
10650,1
10651,0
10652,4
10653,4
10654,1
10655,0
10656,0
10657,0
10658,2
10659,1
10660,1
10661,4
10662,2
10663,1
10664,2
10665,4
10666,5
10667,4
10668,3
10669,5
10670,2
10671,1
10672,1
10673,1
10674,2
10675,5
10676,5
10677,4
10678,2
10679,4
10680,1
10681,2
10682,1
10683,2
10684,4
10685,2
10686,5
10687,1
10688,2
10689,5
10690,6
10691,2
10692,4
10693,5
10694,0
10695,2
10696,1
10697,1
10698,2
10699,2
10700,1
10701,0
10702,1
10703,4
10704,6
10705,1
10706,1
10707,4
10708,4
10709,2
10710,2
10711,6
10712,1
10713,2
10714,1
10715,2
10716,2
10717,1
10718,3
10719,2
10720,2
10721,3
10722,6
10723,2
10724,0
10725,2
10726,1
10727,6
10728,2
10729,2
10730,2
10731,6
10732,4
10733,0
10734,1
10735,1
10736,2
10737,1
10738,1
10739,2
10740,3
10741,0
10742,2
10743,1
10744,1
10745,0
10746,6
10747,2
10748,1
10749,4
10750,4
10751,0
10752,6
10753,2
10754,1
10755,1
10756,3
10757,3
10758,1
10759,1
10760,3
10761,2
10762,1
10763,1
10764,0
10765,3
10766,1
10767,0
10768,2
10769,3
10770,3
10771,3
10772,5
10773,1
10774,2
10775,3
10776,0
10777,2
10778,4
10779,1
10780,2
10781,1
10782,2
10783,4
10784,1
10785,2
10786,3
10787,4
10788,5
10789,4
10790,5
10791,2
10792,1
10793,2
10794,3
10795,6
10796,3
10797,5
10798,5
10799,5
10800,3
10801,0
10802,2
10803,2
10804,3
10805,3
10806,4
10807,2
10808,3
10809,2
10810,2
10811,2
10812,2
10813,1
10814,4
10815,2
10816,2
10817,3
10818,2
10819,6
10820,2
10821,5
10822,2
10823,1
10824,2
10825,3
10826,4
10827,0
10828,2
10829,1
10830,5
10831,1
10832,1
10833,3
10834,4
10835,1
10836,1
10837,1
10838,2
10839,2
10840,1
10841,5
10842,3
10843,0
10844,1
10845,2
10846,2
10847,3
10848,4
10849,4
10850,1
10851,2
10852,4
10853,5
10854,1
10855,2
10856,2
10857,4
10858,2
10859,6
10860,4
10861,4
10862,1
10863,3
10864,1
10865,3
10866,1
10867,1
10868,2
10869,1
10870,4
10871,3
10872,2
10873,1
10874,3
10875,4
10876,2
10877,5
10878,6
10879,6
10880,2
10881,2
10882,3
10883,2
10884,6
10885,1
10886,3
10887,3
10888,0
10889,4
10890,0
10891,5
10892,5
10893,3
10894,2
10895,4
10896,5
10897,6
10898,1
10899,6
10900,1
10901,1
10902,2
10903,1
10904,5
10905,0
10906,6
10907,6
10908,0
10909,1
10910,1
10911,3
10912,2
10913,2
10914,1
10915,1
10916,0
10917,6
10918,2
10919,0
10920,1
10921,2
10922,2
10923,2
10924,0
10925,0
10926,1
10927,1
10928,1
10929,3
10930,1
10931,0
10932,4
10933,6
10934,3
10935,2
10936,4
10937,4
10938,3
10939,1
10940,1
10941,2
10942,0
10943,2
10944,2
10945,5
10946,0
10947,1
10948,2
10949,4
10950,5
10951,0
10952,1
10953,2
10954,1
10955,2
10956,3
10957,4
10958,0
10959,3
10960,6
10961,5
10962,3
10963,3
10964,1
10965,0
10966,2
10967,2
10968,4
10969,1
10970,1
10971,2
10972,4
10973,0
10974,4
10975,0
10976,0
10977,5
10978,6
10979,1
10980,2
10981,2
10982,0
10983,3
10984,5
10985,2
10986,2
10987,3
10988,2
10989,3
10990,2
10991,6
10992,2
10993,1
10994,1
10995,1
10996,4
10997,2
10998,1
10999,5
11000,2
11001,2
11002,2
11003,4
11004,6
11005,1
11006,3
11007,2
11008,3
11009,3
11010,2
11011,2
11012,0
11013,2
11014,3
11015,6
11016,0
11017,4
11018,5
11019,0
11020,1
11021,5
11022,3
11023,6
11024,2
11025,1
11026,5
11027,5
11028,0
11029,4
11030,0
11031,1
11032,4
11033,4
11034,1
11035,1
11036,5
11037,1
11038,5
11039,2
11040,3
11041,2
11042,2
11043,4
11044,6
11045,6
11046,2
11047,5
11048,4
11049,5
11050,5
11051,6
11052,1
11053,2
11054,5
11055,2
11056,1
11057,2
11058,0
11059,1
11060,5
11061,2
11062,5
11063,1
11064,2
11065,3
11066,2
11067,4
11068,1
11069,6
11070,3
11071,2
11072,3
11073,4
11074,1
11075,4
11076,3
11077,2
11078,1
11079,3
11080,1
11081,1
11082,1
11083,4
11084,3
11085,1
11086,0
11087,0
11088,5
11089,4
11090,2
11091,4
11092,0
11093,2
11094,2
11095,0
11096,3
11097,3
11098,1
11099,1
11100,2
11101,2
11102,2
11103,3
11104,1
11105,2
11106,3
11107,0
11108,2
11109,6
11110,6
11111,2
11112,4
11113,0
11114,5
11115,4
11116,4
11117,4
11118,2
11119,2
11120,1
11121,2
11122,1
11123,0
11124,3
11125,2
11126,5
11127,1
11128,1
11129,2
11130,2
11131,2
11132,5
11133,6
11134,1
11135,2
11136,1
11137,0
11138,4
11139,6
11140,1
11141,6
11142,6
11143,2
11144,6
11145,1
11146,4
11147,0
11148,1
11149,5
11150,4
11151,0
11152,2
11153,1
11154,1
11155,2
11156,0
11157,1
11158,5
11159,5
11160,6
11161,1
11162,2
11163,1
11164,3
11165,3
11166,0
11167,5
11168,2
11169,2
11170,5
11171,1
11172,3
11173,3
11174,1
11175,2
11176,2
11177,2
11178,3
11179,5
11180,2
11181,1
11182,4
11183,5
11184,1
11185,1
11186,1
11187,3
11188,1
11189,0
11190,2
11191,3
11192,2
11193,1
11194,6
11195,4
11196,1
11197,6
11198,2
11199,1
11200,0
11201,1
11202,1
11203,4
11204,4
11205,2
11206,2
11207,5
11208,1
11209,2
11210,1
11211,2
11212,1
11213,1
11214,2
11215,5
11216,1
11217,2
11218,2
11219,6
11220,2
11221,1
11222,2
11223,0
11224,2
11225,5
11226,5
11227,4
11228,2
11229,6
11230,3
11231,3
11232,1
11233,1
11234,1
11235,4
11236,2
11237,2
11238,1
11239,2
11240,1
11241,4
11242,4
11243,1
11244,4
11245,1
11246,5
11247,1
11248,2
11249,2
11250,0
11251,1
11252,6
11253,6
11254,0
11255,2
11256,3
11257,1
11258,2
11259,0
11260,4
11261,3
11262,0
11263,2
11264,0
11265,1
11266,2
11267,2
11268,1
11269,2
11270,1
11271,3
11272,3
11273,5
11274,0
11275,1
11276,2
11277,3
11278,6
11279,4
11280,2
11281,3
11282,4
11283,3
11284,6
11285,5
11286,5
11287,1
11288,1
11289,5
11290,0
11291,3
11292,0
11293,2
11294,1
11295,2
11296,5
11297,0
11298,1
11299,5
11300,5
11301,1
11302,2
11303,6
11304,2
11305,2
11306,4
11307,4
11308,1
11309,2
11310,6
11311,3
11312,2
11313,2
11314,2
11315,3
11316,2
11317,3
11318,0
11319,1
11320,1
11321,2
11322,3
11323,2
11324,4
11325,2
11326,2
11327,2
11328,2
11329,5
11330,2
11331,3
11332,5
11333,5
11334,4
11335,1
11336,5
11337,4
11338,1
11339,2
11340,4
11341,2
11342,3
11343,6
11344,4
11345,0
11346,3
11347,0
11348,4
11349,6
11350,3
11351,1
11352,2
11353,1
11354,0
11355,5
11356,6
11357,1
11358,2
11359,1
11360,6
11361,0
11362,0
11363,2
11364,2
11365,3
11366,3
11367,4
11368,4
11369,2
11370,0
11371,4
11372,1
11373,5
11374,3
11375,2
11376,1
11377,6
11378,1
11379,3
11380,1
11381,1
11382,2
11383,4
11384,3
11385,4
11386,2
11387,0
11388,6
11389,5
11390,5
11391,3
11392,5
11393,2
11394,4
11395,5
11396,1
11397,4
11398,2
11399,6
11400,3
11401,1
11402,2
11403,1
11404,3
11405,1
11406,1
11407,2
11408,1
11409,3
11410,4
11411,5
11412,5
11413,1
11414,0
11415,2
11416,1
11417,5
11418,1
11419,2
11420,6
11421,1
11422,2
11423,3
11424,1
11425,0
11426,3
11427,2
11428,1
11429,6
11430,1
11431,1
11432,4
11433,4
11434,0
11435,2
11436,4
11437,1
11438,1
11439,4
11440,2
11441,5
11442,1
11443,2
11444,2
11445,4
11446,1
11447,3
11448,3
11449,3
11450,0
11451,1
11452,4
11453,2
11454,2
11455,1
11456,2
11457,6
11458,1
11459,1
11460,3
11461,0
11462,1
11463,2
11464,0
11465,3
11466,1
11467,4
11468,4
11469,3
11470,2
11471,2
11472,5
11473,5
11474,6
11475,0
11476,6
11477,3
11478,1
11479,0
11480,5
11481,3
11482,4
11483,0
11484,5
11485,1
11486,1
11487,2
11488,0
11489,1
11490,2
11491,2
11492,2
11493,2
11494,2
11495,2
11496,1
11497,4
11498,5
11499,2
11500,1
11501,4
11502,5
11503,1
11504,2
11505,5
11506,2
11507,5
11508,3
11509,6
11510,5
11511,0
11512,5
11513,0
11514,0
11515,4
11516,6
11517,2
11518,6
11519,6
11520,6
11521,4
11522,2
11523,1
11524,2
11525,2
11526,2
11527,6
11528,3
11529,4
11530,0
11531,5
11532,2
11533,2
11534,0
11535,0
11536,4
11537,2
11538,5
11539,5
11540,4
11541,0
11542,6
11543,1
11544,5
11545,2
11546,2
11547,2
11548,4
11549,4
11550,6
11551,4
11552,2
11553,1
11554,0
11555,3
11556,6
11557,3
11558,1
11559,2
11560,4
11561,5
11562,4
11563,6
11564,1
11565,6
11566,1
11567,2
11568,2
11569,5
11570,2
11571,2
11572,6
11573,1
11574,0
11575,5
11576,2
11577,1
11578,3
11579,1
11580,0
11581,0
11582,6
11583,5
11584,3
11585,3
11586,2
11587,2
11588,2
11589,2
11590,2
11591,4
11592,2
11593,3
11594,6
11595,0
11596,1
11597,1
11598,1
11599,6
11600,6
11601,4
11602,5
11603,1
11604,5
11605,6
11606,1
11607,4
11608,5
11609,1
11610,2
11611,2
11612,1
11613,1
11614,0
11615,2
11616,0
11617,0
11618,2
11619,6
11620,1
11621,3
11622,0
11623,6
11624,5
11625,2
11626,3
11627,3
11628,1
11629,5
11630,2
11631,1
11632,1
11633,3
11634,0
11635,6
11636,1
11637,0
11638,0
11639,2
11640,2
11641,3
11642,1
11643,5
11644,2
11645,1
11646,2
11647,2
11648,4
11649,2
11650,1
11651,3
11652,0
11653,1
11654,4
11655,3
11656,1
11657,5
11658,1
11659,1
11660,4
11661,2
11662,6
11663,1
11664,0
11665,2
11666,2
11667,0
11668,2
11669,2
11670,6
11671,2
11672,0
11673,1
11674,6
11675,0
11676,5
11677,3
11678,1
11679,2
11680,6
11681,4
11682,4
11683,6
11684,2
11685,2
11686,4
11687,1
11688,4
11689,3
11690,2
11691,2
11692,2
11693,4
11694,2
11695,4
11696,1
11697,1
11698,0
11699,2
11700,5
11701,1
11702,2
11703,2
11704,2
11705,0
11706,2
11707,2
11708,5
11709,5
11710,1
11711,2
11712,1
11713,2
11714,4
11715,3
11716,2
11717,5
11718,6
11719,2
11720,1
11721,2
11722,1
11723,6
11724,1
11725,1
11726,4
11727,2
11728,1
11729,1
11730,0
11731,2
11732,5
11733,4
11734,0
11735,1
11736,1
11737,4
11738,5
11739,2
11740,2
11741,6
11742,5
11743,1
11744,2
11745,2
11746,2
11747,4
11748,4
11749,5
11750,3
11751,0
11752,2
11753,6
11754,3
11755,2
11756,2
11757,2
11758,2
11759,1
11760,0
11761,1
11762,3
11763,2
11764,1
11765,0
11766,1
11767,4
11768,3
11769,5
11770,1
11771,1
11772,2
11773,0
11774,1
11775,3
11776,5
11777,4
11778,1
11779,5
11780,1
11781,4
11782,5
11783,4
11784,2
11785,1
11786,2
11787,4
11788,2
11789,2
11790,5
11791,2
11792,1
11793,2
11794,6
11795,2
11796,1
11797,1
11798,0
11799,2
11800,2
11801,4
11802,2
11803,2
11804,5
11805,6
11806,1
11807,1
11808,6
11809,0
11810,2
11811,3
11812,3
11813,2
11814,3
11815,0
11816,5
11817,6
11818,3
11819,2
11820,4
11821,2
11822,3
11823,0
11824,5
11825,6
11826,0
11827,1
11828,2
11829,4
11830,1
11831,6
11832,2
11833,0
11834,0
11835,3
11836,5
11837,2
11838,1
11839,5
11840,0
11841,5
11842,1
11843,6
11844,0
11845,1
11846,6
11847,2
11848,5
11849,1
11850,4
11851,0
11852,4
11853,6
11854,2
11855,0
11856,0
11857,2
11858,1
11859,2
11860,0
11861,0
11862,6
11863,4
11864,0
11865,1
11866,6
11867,3
11868,2
11869,0
11870,4
11871,2
11872,5
11873,1
11874,6
11875,1
11876,1
11877,2
11878,4
11879,4
11880,1
11881,0
11882,2
11883,1
11884,3
11885,6
11886,1
11887,3
11888,2
11889,1
11890,0
11891,4
11892,4
11893,3
11894,2
11895,0
11896,1
11897,1
11898,4
11899,4
11900,1
11901,4
11902,4
11903,0
11904,0
11905,2
11906,6
11907,2
11908,2
11909,4
11910,2
11911,0
11912,6
11913,2
11914,0
11915,1
11916,6
11917,2
11918,5
11919,1
11920,2
11921,4
11922,0
11923,2
11924,2
11925,5
11926,2
11927,3
11928,6
11929,5
11930,5
11931,2
11932,0
11933,3
11934,3
11935,1
11936,4
11937,4
11938,2
11939,6
11940,0
11941,2
11942,3
11943,3
11944,1
11945,2
11946,1
11947,2
11948,3
11949,1
11950,2
11951,0
11952,1
11953,2
11954,1
11955,1
11956,1
11957,1
11958,1
11959,2
11960,1
11961,6
11962,3
11963,1
11964,1
11965,0
11966,5
11967,2
11968,6
11969,1
11970,1
11971,1
11972,1
11973,0
11974,0
11975,2
11976,1
11977,2
11978,1
11979,6
11980,1
11981,3
11982,6
11983,2
11984,4
11985,2
11986,6
11987,1
11988,5
11989,1
11990,1
11991,0
11992,1
11993,4
11994,1
11995,2
11996,4
11997,5
11998,1
11999,4
12000,6
12001,1
12002,5
12003,1
12004,2
12005,5
12006,6
12007,0
12008,6
12009,4
12010,2
12011,0
12012,4
12013,2
12014,2
12015,5
12016,0
12017,2
12018,2
12019,1
12020,2
12021,2
12022,0
12023,1
12024,6
12025,0
12026,1
12027,1
12028,6
12029,1
12030,2
12031,1
12032,2
12033,5
12034,1
12035,5
12036,6
12037,1
12038,6
12039,3
12040,3
12041,2
12042,3
12043,2
12044,1
12045,4
12046,1
12047,3
12048,0
12049,2
12050,4
12051,1
12052,3
12053,2
12054,0
12055,5
12056,2
12057,4
12058,2
12059,1
12060,4
12061,3
12062,3
12063,6
12064,2
12065,6
12066,5
12067,2
12068,1
12069,4
12070,5
12071,4
12072,1
12073,6
12074,2
12075,1
12076,2
12077,0
12078,3
12079,1
12080,1
12081,6
12082,0
12083,3
12084,3
12085,5
12086,4
12087,0
12088,6
12089,6
12090,2
12091,0
12092,2
12093,2
12094,4
12095,1
12096,2
12097,4
12098,4
12099,1
12100,3
12101,2
12102,0
12103,0
12104,0
12105,0
12106,0
12107,0
12108,2
12109,0
12110,6
12111,2
12112,5
12113,6
12114,2
12115,5
12116,1
12117,2
12118,0
12119,2
12120,1
12121,5
12122,1
12123,4
12124,3
12125,4
12126,4
12127,0
12128,5
12129,6
12130,2
12131,1
12132,0
12133,0
12134,3
12135,3
12136,6
12137,2
12138,2
12139,2
12140,1
12141,1
12142,2
12143,5
12144,6
12145,2
12146,5
12147,0
12148,0
12149,1
12150,2
12151,0
12152,1
12153,1
12154,2
12155,2
12156,4
12157,1
12158,1
12159,1
12160,6
12161,0
12162,1
12163,2
12164,4
12165,2
12166,0
12167,2
12168,0
12169,2
12170,1
12171,5
12172,4
12173,1
12174,2
12175,6
12176,1
12177,0
12178,4
12179,2
12180,2
12181,2
12182,3
12183,3
12184,3
12185,2
12186,1
12187,0
12188,4
12189,4
12190,6
12191,2
12192,1
12193,5
12194,0
12195,4
12196,4
12197,0
12198,1
12199,4
12200,2
12201,4
12202,5
12203,2
12204,4
12205,1
12206,0
12207,1
12208,1
12209,0
12210,1
12211,1
12212,4
12213,0
12214,3
12215,2
12216,2
12217,1
12218,2
12219,4
12220,2
12221,2
12222,5
12223,5
12224,2
12225,2
12226,1
12227,2
12228,0
12229,1
12230,0
12231,1
12232,0
12233,0
12234,0
12235,0
12236,2
12237,3
12238,2
12239,4
12240,3
12241,2
12242,1
12243,0
12244,2
12245,4
12246,0
12247,2
12248,1
12249,3
12250,1
12251,1
12252,0
12253,2
12254,6
12255,5
12256,2
12257,1
12258,6
12259,1
12260,0
12261,2
12262,1
12263,0
12264,5
12265,1
12266,1
12267,0
12268,1
12269,1
12270,6
12271,2
12272,3
12273,3
12274,2
12275,4
12276,1
12277,2
12278,4
12279,1
12280,1
12281,2
12282,1
12283,6
12284,0
12285,1
12286,1
12287,6
12288,6
12289,5
12290,2
12291,0
12292,4
12293,1
12294,1
12295,1
12296,4
12297,3
12298,1
12299,5
12300,6
12301,0
12302,4
12303,4
12304,2
12305,2
12306,1
12307,2
12308,1
12309,0
12310,6
12311,1
12312,1
12313,5
12314,1
12315,1
12316,0
12317,5
12318,5
12319,3
12320,1
12321,2
12322,0
12323,6
12324,0
12325,3
12326,0
12327,2
12328,3
12329,1
12330,1
12331,5
12332,2
12333,1
12334,4
12335,0
12336,2
12337,2
12338,4
12339,1
12340,2
12341,3
12342,1
12343,2
12344,0
12345,1
12346,1
12347,0
12348,2
12349,3
12350,2
12351,2
12352,6
12353,1
12354,1
12355,1
12356,0
12357,5
12358,1
12359,2
12360,1
12361,5
12362,6
12363,1
12364,6
12365,6
12366,4
12367,2
12368,3
12369,1
12370,1
12371,6
12372,1
12373,2
12374,2
12375,6
12376,4
12377,1
12378,0
12379,1
12380,3
12381,1
12382,2
12383,2
12384,0
12385,2
12386,1
12387,1
12388,3
12389,2
12390,2
12391,4
12392,2
12393,4
12394,2
12395,3
12396,2
12397,6
12398,5
12399,3
12400,3
12401,2
12402,2
12403,2
12404,5
12405,1
12406,2
12407,5
12408,0
12409,3
12410,0
12411,4
12412,0
12413,0
12414,2
12415,1
12416,4
12417,3
12418,2
12419,1
12420,2
12421,1
12422,2
12423,1
12424,1
12425,2
12426,1
12427,2
12428,1
12429,5
12430,2
12431,1
12432,0
12433,2
12434,6
12435,1
12436,1
12437,4
12438,2
12439,0
12440,4
12441,2
12442,2
12443,1
12444,5
12445,2
12446,2
12447,3
12448,2
12449,2
12450,1
12451,2
12452,5
12453,6
12454,2
12455,0
12456,0
12457,0
12458,2
12459,1
12460,5
12461,5
12462,1
12463,2
12464,0
12465,5
12466,1
12467,4
12468,4
12469,6
12470,1
12471,3
12472,2
12473,4
12474,5
12475,6
12476,1
12477,5
12478,6
12479,3
12480,0
12481,5
12482,5
12483,6
12484,6
12485,2
12486,3
12487,6
12488,0
12489,0
12490,2
12491,2
12492,1
12493,0
12494,1
12495,2
12496,5
12497,0
12498,1
12499,2
12500,4
12501,2
12502,4
12503,0
12504,2
12505,6
12506,5
12507,1
12508,1
12509,5
12510,2
12511,4
12512,2
12513,2
12514,4
12515,5
12516,1
12517,2
12518,0
12519,1
12520,0
12521,1
12522,0
12523,1
12524,2
12525,6
12526,5
12527,4
12528,2
12529,1
12530,1
12531,2
12532,1
12533,2
12534,2
12535,3
12536,2
12537,1
12538,6
12539,2
12540,4
12541,0
12542,3
12543,6
12544,0
12545,2
12546,2
12547,2
12548,2
12549,5
12550,1
12551,1
12552,1
12553,5
12554,1
12555,2
12556,6
12557,5
12558,4
12559,2
12560,3
12561,3
12562,2
12563,1
12564,2
12565,0
12566,2
12567,2
12568,5
12569,6
12570,5
12571,0
12572,1
12573,1
12574,3
12575,2
12576,1
12577,3
12578,5
12579,2
12580,0
12581,1
12582,2
12583,6
12584,2
12585,6
12586,1
12587,2
12588,5
12589,0
12590,4
12591,2
12592,4
12593,6
12594,3
12595,4
12596,5
12597,1
12598,5
12599,0
12600,0
12601,0
12602,4
12603,2
12604,2
12605,5
12606,6
12607,1
12608,2
12609,6
12610,2
12611,2
12612,0
12613,5
12614,1
12615,4
12616,6
12617,6
12618,2
12619,1
12620,2
12621,3
12622,1
12623,1
12624,3
12625,5
12626,6
12627,2
12628,4
12629,6
12630,2
12631,5
12632,2
12633,2
12634,5
12635,2
12636,1
12637,6
12638,4
12639,4
12640,2
12641,2
12642,5
12643,6
12644,2
12645,6
12646,1
12647,5
12648,6
12649,2
12650,5
12651,1
12652,6
12653,5
12654,1
12655,5
12656,1
12657,0
12658,6
12659,2
12660,2
12661,1
12662,1
12663,0
12664,2
12665,0
12666,0
12667,1
12668,2
12669,4
12670,3
12671,4
12672,2
12673,1
12674,4
12675,5
12676,1
12677,6
12678,2
12679,5
12680,4
12681,0
12682,1
12683,6
12684,2
12685,6
12686,4
12687,1
12688,2
12689,2
12690,0
12691,1
12692,1
12693,2
12694,2
12695,6
12696,2
12697,6
12698,0
12699,6
12700,1
12701,4
12702,2
12703,2
12704,5
12705,5
12706,4
12707,2
12708,1
12709,5
12710,1
12711,1
12712,2
12713,2
12714,3
12715,4
12716,3
12717,2
12718,6
12719,1
12720,1
12721,6
12722,0
12723,2
12724,0
12725,6
12726,3
12727,4
12728,2
12729,3
12730,0
12731,1
12732,2
12733,5
12734,4
12735,3
12736,0
12737,2
12738,3
12739,4
12740,1
12741,2
12742,2
12743,6
12744,2
12745,1
12746,5
12747,4
12748,2
12749,1
12750,1
12751,1
12752,2
12753,1
12754,5
12755,5
12756,0
12757,2
12758,1
12759,1
12760,1
12761,0
12762,0
12763,1
12764,0
12765,2
12766,6
12767,3
12768,0
12769,2
12770,3
12771,6
12772,0
12773,2
12774,1
12775,2
12776,2
12777,6
12778,6
12779,1
12780,4
12781,3
12782,1
12783,2
12784,3
12785,1
12786,1
12787,6
12788,3
12789,6
12790,1
12791,6
12792,3
12793,6
12794,2
12795,1
12796,1
12797,0
12798,2
12799,2
12800,2
12801,1
12802,1
12803,1
12804,0
12805,6
12806,6
12807,0
12808,3
12809,6
12810,6
12811,0
12812,2
12813,2
12814,3
12815,3
12816,1
12817,2
12818,4
12819,3
12820,3
12821,1
12822,5
12823,0
12824,2
12825,0
12826,1
12827,3
12828,2
12829,6
12830,5
12831,1
12832,1
12833,1
12834,3
12835,4
12836,1
12837,5
12838,5
12839,1
12840,4
12841,0
12842,2
12843,2
12844,0
12845,1
12846,2
12847,5
12848,3
12849,3
12850,1
12851,4
12852,2
12853,0
12854,2
12855,2
12856,2
12857,2
12858,4
12859,2
12860,5
12861,1
12862,2
12863,1
12864,4
12865,6
12866,2
12867,1
12868,6
12869,2
12870,1
12871,2
12872,1
12873,6
12874,1
12875,6
12876,1
12877,1
12878,6
12879,1
12880,1
12881,2
12882,4
12883,3
12884,1
12885,4
12886,3
12887,3
12888,3
12889,0
12890,5
12891,1
12892,3
12893,1
12894,3
12895,6
12896,3
12897,1
12898,4
12899,1
12900,0
12901,3
12902,0
12903,5
12904,1
12905,2
12906,1
12907,4
12908,4
12909,2
12910,3
12911,2
12912,1
12913,4
12914,0
12915,3
12916,3
12917,2
12918,0
12919,4
12920,0
12921,1
12922,0
12923,1
12924,4
12925,4
12926,2
12927,4
12928,3
12929,4
12930,5
12931,6
12932,1
12933,5
12934,0
12935,0
12936,6
12937,4
12938,1
12939,3
12940,2
12941,2
12942,1
12943,0
12944,4
12945,0
12946,5
12947,1
12948,6
12949,5
12950,4
12951,3
12952,5
12953,3
12954,6
12955,0
12956,1
12957,2
12958,3
12959,1
12960,4
12961,5
12962,1
12963,2
12964,2
12965,3
12966,2
12967,6
12968,6
12969,1
12970,2
12971,2
12972,2
12973,0
12974,2
12975,0
12976,1
12977,1
12978,1
12979,1
12980,1
12981,2
12982,4
12983,2
12984,1
12985,3
12986,1
12987,1
12988,6
12989,4
12990,4
12991,1
12992,2
12993,6
12994,1
12995,5
12996,1
12997,3
12998,2
12999,0
13000,2
13001,1
13002,0
13003,0
13004,5
13005,1
13006,4
13007,1
13008,2
13009,6
13010,4
13011,1
13012,6
13013,1
13014,4
13015,1
13016,3
13017,1
13018,4
13019,2
13020,1
13021,6
13022,5
13023,0
13024,2
13025,2
13026,2
13027,1
13028,5
13029,2
13030,4
13031,0
13032,0
13033,2
13034,2
13035,5
13036,5
13037,6
13038,5
13039,4
13040,3
13041,5
13042,2
13043,3
13044,3
13045,2
13046,2
13047,6
13048,5
13049,6
13050,6
13051,2
13052,4
13053,6
13054,4
13055,5
13056,2
13057,6
13058,2
13059,6
13060,1
13061,1
13062,4
13063,4
13064,0
13065,2
13066,0
13067,1
13068,2
13069,2
13070,3
13071,0
13072,5
13073,4
13074,6
13075,0
13076,5
13077,5
13078,4
13079,1
13080,5
13081,3
13082,1
13083,0
13084,5
13085,3
13086,1
13087,2
13088,3
13089,4
13090,4
13091,1
13092,6
13093,1
13094,1
13095,6
13096,3
13097,3
13098,5
13099,4
13100,1
13101,3
13102,2
13103,1
13104,5
13105,1
13106,1
13107,0
13108,6
13109,5
13110,3
13111,5
13112,0
13113,1
13114,2
13115,6
13116,2
13117,2
13118,4
13119,2
13120,6
13121,5
13122,1
13123,0
13124,3
13125,4
13126,1
13127,0
13128,6
13129,0
13130,5
13131,0
13132,1
13133,2
13134,3
13135,0
13136,2
13137,6
13138,1
13139,2
13140,0
13141,6
13142,3
13143,5
13144,4
13145,5
13146,0
13147,0
13148,6
13149,4
13150,4
13151,4
13152,2
13153,1
13154,4
13155,2
13156,5
13157,2
13158,0
13159,2
13160,1
13161,6
13162,2
13163,1
13164,5
13165,3
13166,2
13167,0
13168,6
13169,5
13170,1
13171,3
13172,1
13173,2
13174,1
13175,2
13176,6
13177,6
13178,3
13179,2
13180,5
13181,3
13182,3
13183,5
13184,6
13185,2
13186,1
13187,5
13188,0
13189,5
13190,5
13191,3
13192,4
13193,5
13194,6
13195,5
13196,1
13197,4
13198,5
13199,2
13200,2
13201,2
13202,2
13203,3
13204,1
13205,2
13206,3
13207,2
13208,1
13209,1
13210,1
13211,2
13212,2
13213,1
13214,0
13215,3
13216,0
13217,1
13218,6
13219,3
13220,0
13221,5
13222,2
13223,0
13224,0
13225,3
13226,0
13227,0
13228,2
13229,1
13230,2
13231,5
13232,1
13233,1
13234,3
13235,5
13236,0
13237,0
13238,4
13239,0
13240,1
13241,1
13242,1
13243,5
13244,3
13245,1
13246,3
13247,3
13248,5
13249,2
13250,4
13251,1
13252,1
13253,4
13254,2
13255,1
13256,3
13257,1
13258,1
13259,6
13260,6
13261,4
13262,6
13263,1
13264,0
13265,6
13266,2
13267,1
13268,1
13269,1
13270,2
13271,0
13272,1
13273,4
13274,1
13275,4
13276,1
13277,1
13278,4
13279,1
13280,3
13281,2
13282,2
13283,1
13284,1
13285,5
13286,6
13287,2
13288,3
13289,5
13290,3
13291,1
13292,2
13293,1
13294,2
13295,2
13296,0
13297,2
13298,1
13299,0
13300,0
13301,3
13302,1
13303,5
13304,1
13305,4
13306,4
13307,1
13308,2
13309,4
13310,2
13311,3
13312,0
13313,2
13314,0
13315,2
13316,6
13317,6
13318,2
13319,4
13320,2
13321,2
13322,6
13323,1
13324,1
13325,2
13326,1
13327,2
13328,1
13329,2
13330,4
13331,6
13332,2
13333,1
13334,2
13335,1
13336,2
13337,2
13338,6
13339,4
13340,2
13341,4
13342,6
13343,3
13344,1
13345,1
13346,5
13347,3
13348,2
13349,1
13350,4
13351,1
13352,5
13353,1
13354,4
13355,2
13356,5
13357,2
13358,2
13359,1
13360,1
13361,1
13362,1
13363,3
13364,2
13365,1
13366,3
13367,2
13368,5
13369,2
13370,5
13371,6
13372,3
13373,3
13374,1
13375,1
13376,4
13377,2
13378,4
13379,6
13380,0
13381,1
13382,0
13383,3
13384,1
13385,6
13386,1
13387,6
13388,3
13389,0
13390,1
13391,1
13392,2
13393,2
13394,4
13395,3
13396,2
13397,0
13398,2
13399,5
13400,0
13401,0
13402,2
13403,2
13404,4
13405,0
13406,2
13407,2
13408,1
13409,2
13410,5
13411,4
13412,4
13413,1
13414,1
13415,0
13416,2
13417,0
13418,4
13419,0
13420,0
13421,3
13422,5
13423,0
13424,2
13425,6
13426,0
13427,2
13428,3
13429,4
13430,1
13431,1
13432,2
13433,4
13434,1
13435,4
13436,3
13437,3
13438,1
13439,5
13440,4
13441,5
13442,3
13443,2
13444,2
13445,4
13446,2
13447,2
13448,6
13449,2
13450,2
13451,2
13452,0
13453,2
13454,2
13455,0
13456,2
13457,0
13458,3
13459,2
13460,2
13461,5
13462,2
13463,6
13464,1
13465,4
13466,2
13467,2
13468,1
13469,3
13470,5
13471,1
13472,3
13473,1
13474,6
13475,1
13476,1
13477,2
13478,6
13479,0
13480,5
13481,2
13482,1
13483,6
13484,2
13485,2
13486,2
13487,4
13488,5
13489,1
13490,0
13491,4
13492,1
13493,2
13494,1
13495,2
13496,2
13497,1
13498,6
13499,1
13500,0
13501,2
13502,3
13503,6
13504,6
13505,3
13506,5
13507,0
13508,1
13509,1
13510,1
13511,0
13512,2
13513,3
13514,4
13515,1
13516,1
13517,3
13518,2
13519,0
13520,0
13521,0
13522,4
13523,3
13524,4
13525,1
13526,5
13527,2
13528,2
13529,2
13530,5
13531,3
13532,4
13533,0
13534,3
13535,5
13536,2
13537,1
13538,3
13539,2
13540,3
13541,2
13542,1
13543,5
13544,1
13545,3
13546,5
13547,6
13548,4
13549,3
13550,2
13551,2
13552,1
13553,5
13554,2
13555,5
13556,4
13557,3
13558,2
13559,2
13560,3
13561,5
13562,2
13563,2
13564,2
13565,3
13566,6
13567,2
13568,2
13569,0
13570,2
13571,5
13572,4
13573,6
13574,0
13575,1
13576,2
13577,4
13578,1
13579,1
13580,5
13581,1
13582,4
13583,6
13584,4
13585,3
13586,1
13587,0
13588,4
13589,6
13590,2
13591,2
13592,1
13593,2
13594,0
13595,0
13596,6
13597,0
13598,0
13599,4
13600,6
13601,4
13602,0
13603,1
13604,3
13605,0
13606,3
13607,0
13608,0
13609,3
13610,5
13611,0
13612,0
13613,1
13614,0
13615,1
13616,4
13617,3
13618,4
13619,1
13620,1
13621,4
13622,2
13623,1
13624,4
13625,5
13626,6
13627,3
13628,2
13629,0
13630,1
13631,6
13632,1
13633,4
13634,1
13635,5
13636,6
13637,0
13638,1
13639,5
13640,5
13641,3
13642,6
13643,2
13644,3
13645,2
13646,2
13647,3
13648,2
13649,2
13650,6
13651,5
13652,1
13653,0
13654,1
13655,1
13656,5
13657,2
13658,3
13659,2
13660,2
13661,6
13662,1
13663,1
13664,0
13665,1
13666,0
13667,2
13668,0
13669,3
13670,2
13671,5
13672,3
13673,2
13674,6
13675,2
13676,0
13677,4
13678,1
13679,1
13680,0
13681,6
13682,6
13683,0
13684,1
13685,2
13686,0
13687,2
13688,1
13689,1
13690,3
13691,3
13692,2
13693,1
13694,0
13695,1
13696,0
13697,4
13698,2
13699,2
13700,1
13701,1
13702,3
13703,1
13704,2
13705,3
13706,2
13707,1
13708,6
13709,6
13710,6
13711,3
13712,0
13713,2
13714,1
13715,0
13716,1
13717,6
13718,1
13719,3
13720,1
13721,4
13722,4
13723,5
13724,2
13725,2
13726,4
13727,0
13728,2
13729,2
13730,3
13731,0
13732,5
13733,2
13734,2
13735,2
13736,1
13737,2
13738,3
13739,2
13740,3
13741,0
13742,2
13743,2
13744,0
13745,6
13746,3
13747,6
13748,1
13749,5
13750,3
13751,2
13752,1
13753,0
13754,6
13755,5
13756,5
13757,3
13758,4
13759,5
13760,2
13761,4
13762,2
13763,0
13764,5
13765,1
13766,0
13767,1
13768,4
13769,1
13770,2
13771,6
13772,6
13773,2
13774,4
13775,0
13776,2
13777,5
13778,4
13779,3
13780,3
13781,0
13782,0
13783,2
13784,0
13785,2
13786,6
13787,1
13788,1
13789,0
13790,1
13791,4
13792,2
13793,2
13794,0
13795,1
13796,5
13797,1
13798,1
13799,0
13800,2
13801,6
13802,1
13803,1
13804,6
13805,1
13806,2
13807,1
13808,1
13809,0
13810,0
13811,0
13812,3
13813,1
13814,1
13815,1
13816,1
13817,2
13818,4
13819,4
13820,6
13821,4
13822,0
13823,0
13824,1
13825,5
13826,1
13827,2
13828,4
13829,2
13830,2
13831,5
13832,2
13833,1
13834,1
13835,6
13836,1
13837,6
13838,1
13839,1
13840,2
13841,6
13842,3
13843,5
13844,6
13845,1
13846,1
13847,5
13848,2
13849,2
13850,1
13851,6
13852,0
13853,3
13854,6
13855,6
13856,2
13857,1
13858,2
13859,5
13860,2
13861,3
13862,1
13863,1
13864,1
13865,1
13866,4
13867,5
13868,1
13869,1
13870,1
13871,1
13872,5
13873,2
13874,2
13875,2
13876,1
13877,1
13878,2
13879,1
13880,1
13881,4
13882,2
13883,3
13884,1
13885,5
13886,0
13887,0
13888,1
13889,0
13890,6
13891,3
13892,1
13893,1
13894,0
13895,5
13896,5
13897,5
13898,0
13899,6
13900,2
13901,2
13902,6
13903,1
13904,4
13905,6
13906,1
13907,0
13908,6
13909,2
13910,1
13911,2
13912,3
13913,0
13914,1
13915,1
13916,0
13917,6
13918,2
13919,5
13920,2
13921,3
13922,1
13923,0
13924,6
13925,4
13926,3
13927,1
13928,5
13929,1
13930,1
13931,6
13932,6
13933,3
13934,4
13935,5
13936,1
13937,2
13938,2
13939,1
13940,1
13941,1
13942,5
13943,2
13944,5
13945,1
13946,6
13947,0
13948,2
13949,5
13950,1
13951,3
13952,0
13953,4
13954,0
13955,5
13956,4
13957,1
13958,6
13959,2
13960,1
13961,3
13962,5
13963,5
13964,5
13965,6
13966,3
13967,6
13968,2
13969,5
13970,4
13971,2
13972,0
13973,5
13974,2
13975,3
13976,6
13977,1
13978,4
13979,5
13980,4
13981,2
13982,6
13983,5
13984,0
13985,6
13986,6
13987,5
13988,6
13989,4
13990,6
13991,0
13992,2
13993,1
13994,1
13995,6
13996,0
13997,2
13998,5
13999,1
14000,1
14001,0
14002,0
14003,1
14004,2
14005,0
14006,1
14007,4
14008,2
14009,1
14010,1
14011,1
14012,1
14013,3
14014,3
14015,6
14016,4
14017,0
14018,6
14019,3
14020,2
14021,3
14022,1
14023,1
14024,1
14025,4
14026,1
14027,4
14028,4
14029,6
14030,5
14031,1
14032,2
14033,2
14034,5
14035,1
14036,1
14037,2
14038,1
14039,0
14040,2
14041,3
14042,0
14043,2
14044,6
14045,1
14046,2
14047,3
14048,6
14049,5
14050,3
14051,6
14052,4
14053,2
14054,2
14055,2
14056,1
14057,0
14058,2
14059,3
14060,1
14061,2
14062,6
14063,0
14064,5
14065,2
14066,3
14067,2
14068,4
14069,1
14070,6
14071,4
14072,4
14073,1
14074,0
14075,1
14076,1
14077,1
14078,4
14079,4
14080,4
14081,2
14082,5
14083,2
14084,2
14085,2
14086,5
14087,3
14088,0
14089,0
14090,1
14091,1
14092,1
14093,1
14094,3
14095,3
14096,1
14097,5
14098,0
14099,2
14100,2
14101,3
14102,6
14103,4
14104,0
14105,2
14106,2
14107,0
14108,6
14109,5
14110,0
14111,1
14112,5
14113,2
14114,3
14115,2
14116,2
14117,5
14118,2
14119,0
14120,2
14121,0
14122,3
14123,3
14124,1
14125,2
14126,1
14127,6
14128,2
14129,0
14130,5
14131,4
14132,5
14133,5
14134,6
14135,2
14136,1
14137,1
14138,6
14139,2
14140,1
14141,4
14142,5
14143,1
14144,1
14145,1
14146,4
14147,6
14148,5
14149,0
14150,2
14151,2
14152,4
14153,6
14154,0
14155,6
14156,6
14157,5
14158,2
14159,4
14160,5
14161,1
14162,2
14163,4
14164,3
14165,1
14166,1
14167,6
14168,4
14169,4
14170,2
14171,1
14172,4
14173,3
14174,3
14175,0
14176,5
14177,0
14178,2
14179,1
14180,6
14181,2
14182,2
14183,2
14184,5
14185,5
14186,2
14187,2
14188,0
14189,0
14190,5
14191,0
14192,1
14193,2
14194,1
14195,5
14196,3
14197,2
14198,5
14199,2
14200,1
14201,6
14202,2
14203,1
14204,2
14205,5
14206,3
14207,0
14208,5
14209,2
14210,1
14211,4
14212,1
14213,3
14214,3
14215,3
14216,1
14217,2
14218,5
14219,3
14220,1
14221,3
14222,4
14223,4
14224,3
14225,6
14226,3
14227,4
14228,3
14229,1
14230,1
14231,2
14232,3
14233,0
14234,1
14235,4
14236,2
14237,2
14238,2
14239,3
14240,2
14241,2
14242,5
14243,3
14244,6
14245,2
14246,5
14247,5
14248,4
14249,2
14250,0
14251,0
14252,0
14253,1
14254,0
14255,2
14256,4
14257,2
14258,1
14259,3
14260,3
14261,3
14262,1
14263,5
14264,3
14265,1
14266,1
14267,1
14268,0
14269,3
14270,5
14271,1
14272,1
14273,5
14274,3
14275,3
14276,1
14277,1
14278,2
14279,2
14280,4
14281,5
14282,6
14283,2
14284,2
14285,2
14286,0
14287,1
14288,3
14289,2
14290,6
14291,5
14292,1
14293,3
14294,2
14295,2
14296,4
14297,2
14298,3
14299,0
14300,6
14301,1
14302,5
14303,2
14304,2
14305,6
14306,3
14307,0
14308,5
14309,2
14310,4
14311,4
14312,0
14313,2
14314,3
14315,0
14316,0
14317,3
14318,1
14319,1
14320,1
14321,5
14322,5
14323,1
14324,6
14325,2
14326,1
14327,2
14328,1
14329,1
14330,4
14331,1
14332,4
14333,2
14334,3
14335,6
14336,1
14337,3
14338,4
14339,5
14340,1
14341,2
14342,1
14343,1
14344,3
14345,0
14346,2
14347,1
14348,0
14349,5
14350,4
14351,2
14352,0
14353,2
14354,1
14355,2
14356,4
14357,1
14358,4
14359,1
14360,5
14361,5
14362,2
14363,1
14364,6
14365,2
14366,5
14367,2
14368,1
14369,2
14370,1
14371,0
14372,2
14373,3
14374,1
14375,1
14376,1
14377,3
14378,4
14379,1
14380,2
14381,1
14382,4
14383,2
14384,6
14385,1
14386,1
14387,1
14388,1
14389,2
14390,5
14391,6
14392,0
14393,0
14394,2
14395,4
14396,6
14397,2
14398,5
14399,6
14400,1
14401,2
14402,3
14403,2
14404,3
14405,6
14406,3
14407,2
14408,3
14409,1
14410,3
14411,2
14412,0
14413,2
14414,6
14415,3
14416,1
14417,3
14418,1
14419,1
14420,6
14421,0
14422,0
14423,5
14424,2
14425,1
14426,1
14427,4
14428,1
14429,2
14430,6
14431,3
14432,2
14433,1
14434,0
14435,6
14436,2
14437,3
14438,2
14439,1
14440,0
14441,2
14442,1
14443,4
14444,0
14445,1
14446,4
14447,0
14448,0
14449,5
14450,1
14451,3
14452,2
14453,1
14454,5
14455,4
14456,1
14457,6
14458,1
14459,6
14460,2
14461,3
14462,6
14463,2
14464,2
14465,1
14466,1
14467,1
14468,6
14469,2
14470,4
14471,3
14472,2
14473,3
14474,1
14475,2
14476,2
14477,5
14478,4
14479,0
14480,0
14481,2
14482,3
14483,2
14484,1
14485,2
14486,4
14487,1
14488,3
14489,2
14490,4
14491,0
14492,1
14493,2
14494,5
14495,5
14496,3
14497,2
14498,4
14499,0
14500,0
14501,1
14502,1
14503,6
14504,1
14505,6
14506,1
14507,2
14508,4
14509,0
14510,2
14511,3
14512,1
14513,2
14514,0
14515,6
14516,5
14517,6
14518,2
14519,5
14520,2
14521,2
14522,6
14523,6
14524,6
14525,6
14526,0
14527,1
14528,3
14529,2
14530,1
14531,2
14532,0
14533,1
14534,1
14535,4
14536,2
14537,4
14538,2
14539,1
14540,6
14541,0
14542,2
14543,2
14544,1
14545,5
14546,0
14547,2
14548,6
14549,2
14550,1
14551,3
14552,1
14553,0
14554,5
14555,1
14556,6
14557,0
14558,1
14559,0
14560,3
14561,2
14562,4
14563,0
14564,1
14565,5
14566,4
14567,0
14568,4
14569,1
14570,1
14571,2
14572,4
14573,2
14574,4
14575,3
14576,6
14577,3
14578,2
14579,0
14580,2
14581,2
14582,5
14583,4
14584,1
14585,1
14586,6
14587,2
14588,2
14589,2
14590,3
14591,4
14592,4
14593,2
14594,2
14595,5
14596,1
14597,4
14598,0
14599,2
14600,6
14601,1
14602,0
14603,3
14604,5
14605,1
14606,2
14607,1
14608,2
14609,1
14610,1
14611,6
14612,1
14613,6
14614,1
14615,2
14616,6
14617,1
14618,1
14619,2
14620,3
14621,3
14622,3
14623,5
14624,1
14625,5
14626,2
14627,3
14628,5
14629,0
14630,5
14631,4
14632,0
14633,2
14634,1
14635,2
14636,3
14637,5
14638,5
14639,3
14640,6
14641,4
14642,2
14643,6
14644,3
14645,6
14646,3
14647,5
14648,4
14649,1
14650,4
14651,2
14652,2
14653,3
14654,1
14655,3
14656,1
14657,0
14658,1
14659,4
14660,2
14661,1
14662,2
14663,4
14664,5
14665,0
14666,6
14667,1
14668,3
14669,2
14670,4
14671,4
14672,3
14673,0
14674,5
14675,0
14676,0
14677,0
14678,4
14679,0
14680,0
14681,0
14682,0
14683,0
14684,5
14685,2
14686,2
14687,1
14688,0
14689,1
14690,3
14691,6
14692,5
14693,1
14694,6
14695,1
14696,3
14697,2
14698,4
14699,2
14700,2
14701,0
14702,4
14703,2
14704,3
14705,2
14706,2
14707,1
14708,6
14709,2
14710,5
14711,1
14712,4
14713,2
14714,3
14715,3
14716,5
14717,1
14718,1
14719,3
14720,4
14721,0
14722,1
14723,2
14724,1
14725,4
14726,1
14727,5
14728,2
14729,3
14730,0
14731,2
14732,6
14733,3
14734,0
14735,3
14736,2
14737,1
14738,2
14739,2
14740,5
14741,5
14742,1
14743,2
14744,1
14745,2
14746,2
14747,2
14748,1
14749,3
14750,0
14751,2
14752,4
14753,3
14754,2
14755,1
14756,2
14757,1
14758,6
14759,5
14760,1
14761,3
14762,4
14763,0
14764,4
14765,1
14766,0
14767,5
14768,5
14769,2
14770,3
14771,5
14772,1
14773,4
14774,4
14775,6
14776,1
14777,3
14778,3
14779,6
14780,5
14781,2
14782,6
14783,3
14784,2
14785,2
14786,6
14787,3
14788,2
14789,1
14790,1
14791,0
14792,5
14793,4
14794,5
14795,1
14796,3
14797,1
14798,2
14799,6
14800,1
14801,1
14802,3
14803,2
14804,3
14805,4
14806,2
14807,3
14808,1
14809,1
14810,1
14811,1
14812,2
14813,4
14814,1
14815,1
14816,4
14817,3
14818,2
14819,4
14820,1
14821,0
14822,1
14823,2
14824,5
14825,3
14826,5
14827,2
14828,2
14829,4
14830,3
14831,2
14832,3
14833,1
14834,0
14835,1
14836,3
14837,2
14838,6
14839,2
14840,3
14841,0
14842,6
14843,4
14844,2
14845,0
14846,1
14847,2
14848,2
14849,1
14850,1
14851,0
14852,2
14853,1
14854,3
14855,1
14856,2
14857,1
14858,2
14859,3
14860,5
14861,1
14862,1
14863,1
14864,1
14865,2
14866,1
14867,3
14868,3
14869,3
14870,1
14871,0
14872,4
14873,1
14874,5
14875,2
14876,4
14877,1
14878,0
14879,2
14880,1
14881,0
14882,3
14883,0
14884,1
14885,1
14886,0
14887,6
14888,1
14889,5
14890,1
14891,2
14892,5
14893,3
14894,5
14895,1
14896,0
14897,4
14898,1
14899,2
14900,1
14901,0
14902,2
14903,2
14904,1
14905,4
14906,3
14907,0
14908,3
14909,2
14910,1
14911,5
14912,6
14913,5
14914,4
14915,1
14916,2
14917,3
14918,0
14919,1
14920,1
14921,2
14922,2
14923,6
14924,1
14925,1
14926,2
14927,0
14928,6
14929,3
14930,2
14931,1
14932,1
14933,3
14934,0
14935,6
14936,3
14937,6
14938,0
14939,0
14940,2
14941,6
14942,1
14943,1
14944,5
14945,1
14946,1
14947,5
14948,5
14949,5
14950,4
14951,1
14952,0
14953,2
14954,1
14955,6
14956,0
14957,5
14958,6
14959,6
14960,0
14961,4
14962,2
14963,6
14964,2
14965,5
14966,1
14967,2
14968,2
14969,0
14970,1
14971,1
14972,3
14973,4
14974,2
14975,6
14976,6
14977,6
14978,2
14979,3
14980,2
14981,1
14982,1
14983,2
14984,0
14985,2
14986,1
14987,3
14988,1
14989,2
14990,5
14991,1
14992,1
14993,6
14994,0
14995,5
14996,1
14997,1
14998,5
14999,0
15000,5
15001,5
15002,4
15003,5
15004,1
15005,6
15006,1
15007,1
15008,4
15009,1
15010,1
15011,0
15012,0
15013,2
15014,1
15015,2
15016,5
15017,1
15018,2
15019,3
15020,3
15021,5
15022,1
15023,6
15024,1
15025,2
15026,1
15027,4
15028,0
15029,2
15030,1
15031,1
15032,2
15033,2
15034,2
15035,6
15036,3
15037,3
15038,4
15039,5
15040,0
15041,2
15042,1
15043,6
15044,0
15045,1
15046,1
15047,0
15048,4
15049,4
15050,5
15051,3
15052,3
15053,1
15054,3
15055,3
15056,5
15057,1
15058,6
15059,1
15060,5
15061,5
15062,5
15063,6
15064,2
15065,2
15066,5
15067,1
15068,5
15069,2
15070,6
15071,2
15072,4
15073,4
15074,2
15075,5
15076,3
15077,3
15078,6
15079,2
15080,0
15081,2
15082,6
15083,5
15084,2
15085,1
15086,1
15087,5
15088,1
15089,2
15090,4
15091,6
15092,1
15093,0
15094,2
15095,6
15096,5
15097,3
15098,0
15099,5
15100,5
15101,3
15102,6
15103,4
15104,4
15105,1
15106,3
15107,0
15108,2
15109,0
15110,2
15111,1
15112,2
15113,2
15114,1
15115,4
15116,4
15117,0
15118,2
15119,4
15120,2
15121,3
15122,0
15123,3
15124,5
15125,2
15126,4
15127,4
15128,1
15129,4
15130,1
15131,2
15132,1
15133,2
15134,5
15135,1
15136,5
15137,2
15138,2
15139,1
15140,3
15141,1
15142,1
15143,1
15144,1
15145,6
15146,1
15147,1
15148,5
15149,1
15150,2
15151,2
15152,1
15153,6
15154,6
15155,0
15156,2
15157,6
15158,6
15159,2
15160,5
15161,1
15162,4
15163,2
15164,3
15165,1
15166,4
15167,2
15168,6
15169,1
15170,0
15171,4
15172,5
15173,3
15174,5
15175,3
15176,0
15177,4
15178,1
15179,1
15180,4
15181,1
15182,6
15183,6
15184,2
15185,0
15186,1
15187,6
15188,0
15189,1
15190,3
15191,2
15192,6
15193,1
15194,2
15195,3
15196,2
15197,2
15198,1
15199,2
15200,2
15201,3
15202,1
15203,1
15204,1
15205,1
15206,1
15207,6
15208,4
15209,0
15210,2
15211,1
15212,2
15213,2
15214,0
15215,1
15216,0
15217,1
15218,2
15219,3
15220,0
15221,1
15222,4
15223,4
15224,2
15225,1
15226,3
15227,3
15228,5
15229,1
15230,1
15231,4
15232,2
15233,2
15234,4
15235,0
15236,4
15237,3
15238,4
15239,5
15240,1
15241,0
15242,2
15243,6
15244,6
15245,0
15246,0
15247,4
15248,1
15249,1
15250,3
15251,3
15252,5
15253,2
15254,0
15255,5
15256,2
15257,6
15258,3
15259,2
15260,4
15261,2
15262,2
15263,1
15264,5
15265,4
15266,2
15267,2
15268,2
15269,2
15270,0
15271,3
15272,2
15273,1
15274,5
15275,2
15276,3
15277,5
15278,0
15279,1
15280,0
15281,1
15282,0
15283,4
15284,6
15285,1
15286,0
15287,2
15288,2
15289,2
15290,3
15291,3
15292,2
15293,5
15294,5
15295,3
15296,4
15297,6
15298,3
15299,1
15300,2
15301,4
15302,0
15303,6
15304,0
15305,5
15306,6
15307,1
15308,3
15309,0
15310,2
15311,3
15312,1
15313,2
15314,1
15315,1
15316,2
15317,1
15318,4
15319,1
15320,4
15321,5
15322,0
15323,5
15324,1
15325,2
15326,4
15327,2
15328,3
15329,5
15330,3
15331,1
15332,3
15333,4
15334,3
15335,6
15336,2
15337,6
15338,0
15339,4
15340,4
15341,6
15342,5
15343,2
15344,1
15345,4
15346,3
15347,1
15348,2
15349,1
15350,6
15351,6
15352,2
15353,4
15354,0
15355,4
15356,6
15357,5
15358,2
15359,0
15360,3
15361,1
15362,3
15363,0
15364,2
15365,5
15366,4
15367,1
15368,4
15369,4
15370,2
15371,5
15372,2
15373,3
15374,6
15375,1
15376,2
15377,0
15378,1
15379,3
15380,3
15381,5
15382,5
15383,1
15384,4
15385,2
15386,2
15387,1
15388,3
15389,2
15390,2
15391,0
15392,0
15393,5
15394,3
15395,3
15396,1
15397,6
15398,1
15399,1
15400,1
15401,4
15402,6
15403,4
15404,2
15405,1
15406,2
15407,6
15408,1
15409,2
15410,5
15411,2
15412,6
15413,0
15414,1
15415,4
15416,0
15417,2
15418,0
15419,5
15420,1
15421,0
15422,2
15423,1
15424,0
15425,5
15426,0
15427,5
15428,1
15429,5
15430,0
15431,0
15432,2
15433,1
15434,4
15435,3
15436,6
15437,2
15438,3
15439,6
15440,5
15441,3
15442,5
15443,1
15444,0
15445,2
15446,4
15447,1
15448,4
15449,6
15450,1
15451,2
15452,4
15453,1
15454,2
15455,2
15456,3
15457,4
15458,2
15459,2
15460,4
15461,1
15462,3
15463,1
15464,3
15465,3
15466,3
15467,0
15468,1
15469,2
15470,1
15471,5
15472,1
15473,0
15474,2
15475,1
15476,3
15477,2
15478,2
15479,5
15480,6
15481,6
15482,3
15483,2
15484,1
15485,6
15486,6
15487,1
15488,1
15489,0
15490,2
15491,0
15492,0
15493,6
15494,1
15495,6
15496,2
15497,5
15498,1
15499,0
15500,6
15501,2
15502,5
15503,1
15504,2
15505,0
15506,2
15507,2
15508,1
15509,4
15510,2
15511,2
15512,3
15513,1
15514,4
15515,4
15516,3
15517,1
15518,1
15519,2
15520,2
15521,2
15522,5
15523,3
15524,1
15525,1
15526,1
15527,1
15528,1
15529,0
15530,4
15531,5
15532,2
15533,0
15534,1
15535,3
15536,2
15537,1
15538,1
15539,6
15540,4
15541,3
15542,1
15543,5
15544,3
15545,2
15546,2
15547,3
15548,0
15549,1
15550,0
15551,1
15552,5
15553,4
15554,2
15555,0
15556,5
15557,0
15558,2
15559,6
15560,4
15561,0
15562,0
15563,5
15564,5
15565,2
15566,2
15567,1
15568,2
15569,2
15570,4
15571,1
15572,0
15573,1
15574,5
15575,1
15576,2
15577,6
15578,2
15579,2
15580,5
15581,0
15582,4
15583,2
15584,6
15585,0
15586,2
15587,4
15588,1
15589,2
15590,6
15591,2
15592,1
15593,2
15594,4
15595,2
15596,6
15597,0
15598,5
15599,2
15600,5
15601,6
15602,1
15603,2
15604,2
15605,6
15606,4
15607,3
15608,6
15609,1
15610,4
15611,1
15612,5
15613,2
15614,3
15615,4
15616,1
15617,4
15618,2
15619,0
15620,1
15621,2
15622,4
15623,4
15624,2
15625,2
15626,3
15627,0
15628,4
15629,1
15630,1
15631,6
15632,6
15633,6
15634,2
15635,6
15636,3
15637,6
15638,2
15639,3
15640,1
15641,0
15642,2
15643,0
15644,6
15645,3
15646,5
15647,6
15648,5
15649,2
15650,1
15651,2
15652,5
15653,1
15654,3
15655,6
15656,1
15657,1
15658,0
15659,1
15660,0
15661,5
15662,0
15663,5
15664,1
15665,2
15666,5
15667,0
15668,6
15669,1
15670,1
15671,1
15672,3
15673,1
15674,3
15675,5
15676,3
15677,1
15678,0
15679,3
15680,0
15681,4
15682,6
15683,3
15684,2
15685,2
15686,1
15687,1
15688,1
15689,3
15690,1
15691,2
15692,1
15693,6
15694,4
15695,2
15696,1
15697,0
15698,4
15699,1
15700,1
15701,1
15702,1
15703,3
15704,1
15705,6
15706,4
15707,5
15708,4
15709,1
15710,6
15711,2
15712,2
15713,1
15714,1
15715,0
15716,1
15717,2
15718,0
15719,0
15720,1
15721,4
15722,0
15723,4
15724,6
15725,2
15726,1
15727,3
15728,3
15729,3
15730,1
15731,2
15732,6
15733,2
15734,1
15735,1
15736,1
15737,1
15738,1
15739,6
15740,2
15741,0
15742,0
15743,1
15744,5
15745,5
15746,1
15747,2
15748,1
15749,1
15750,6
15751,5
15752,2
15753,0
15754,3
15755,2
15756,2
15757,3
15758,1
15759,0
15760,0
15761,1
15762,1
15763,2
15764,5
15765,3
15766,1
15767,0
15768,6
15769,4
15770,5
15771,2
15772,1
15773,2
15774,3
15775,3
15776,4
15777,4
15778,1
15779,0
15780,2
15781,0
15782,2
15783,1
15784,1
15785,6
15786,3
15787,1
15788,6
15789,2
15790,1
15791,1
15792,1
15793,2
15794,5
15795,3
15796,2
15797,6
15798,4
15799,4
15800,1
15801,1
15802,3
15803,4
15804,5
15805,3
15806,1
15807,1
15808,1
15809,1
15810,1
15811,2
15812,1
15813,6
15814,4
15815,1
15816,6
15817,6
15818,2
15819,3
15820,4
15821,2
15822,0
15823,2
15824,1
15825,6
15826,0
15827,2
15828,2
15829,6
15830,2
15831,5
15832,2
15833,5
15834,6
15835,3
15836,3
15837,2
15838,6
15839,5
15840,4
15841,2
15842,2
15843,1
15844,1
15845,2
15846,6
15847,2
15848,2
15849,1
15850,2
15851,4
15852,6
15853,0
15854,6
15855,5
15856,2
15857,4
15858,0
15859,4
15860,4
15861,2
15862,4
15863,3
15864,0
15865,1
15866,6
15867,1
15868,4
15869,1
15870,2
15871,3
15872,0
15873,6
15874,1
15875,0
15876,1
15877,4
15878,0
15879,1
15880,3
15881,1
15882,1
15883,3
15884,1
15885,3
15886,2
15887,3
15888,1
15889,0
15890,0
15891,4
15892,3
15893,2
15894,6
15895,0
15896,6
15897,4
15898,2
15899,2
15900,4
15901,1
15902,5
15903,2
15904,5
15905,1
15906,4
15907,3
15908,6
15909,5
15910,4
15911,3
15912,4
15913,6
15914,5
15915,1
15916,2
15917,0
15918,5
15919,3
15920,1
15921,1
15922,4
15923,1
15924,0
15925,2
15926,1
15927,3
15928,1
15929,4
15930,2
15931,3
15932,4
15933,5
15934,2
15935,1
15936,1
15937,0
15938,0
15939,1
15940,2
15941,0
15942,4
15943,6
15944,1
15945,0
15946,3
15947,4
15948,1
15949,5
15950,1
15951,1
15952,2
15953,1
15954,0
15955,0
15956,1
15957,1
15958,4
15959,4
15960,4
15961,2
15962,6
15963,0
15964,4
15965,3
15966,0
15967,4
15968,1
15969,1
15970,3
15971,1
15972,2
15973,4
15974,2
15975,1
15976,6
15977,6
15978,2
15979,0
15980,1
15981,1
15982,1
15983,0
15984,1
15985,1
15986,6
15987,2
15988,6
15989,4
15990,3
15991,1
15992,1
15993,2
15994,1
15995,0
15996,4
15997,1
15998,0
15999,3
16000,1
16001,5
16002,2
16003,2
16004,2
16005,5
16006,0
16007,2
16008,6
16009,2
16010,1
16011,6
16012,6
16013,1
16014,1
16015,5
16016,2
16017,3
16018,5
16019,2
16020,1
16021,6
16022,0
16023,0
16024,6
16025,3
16026,1
16027,4
16028,2
16029,5
16030,3
16031,1
16032,4
16033,2
16034,2
16035,2
16036,1
16037,3
16038,1
16039,5
16040,2
16041,3
16042,4
16043,3
16044,1
16045,6
16046,4
16047,1
16048,5
16049,4
16050,2
16051,2
16052,5
16053,6
16054,3
16055,1
16056,6
16057,1
16058,1
16059,1
16060,0
16061,1
16062,0
16063,6
16064,6
16065,5
16066,1
16067,2
16068,2
16069,2
16070,0
16071,1
16072,0
16073,3
16074,6
16075,1
16076,2
16077,4
16078,4
16079,3
16080,0
16081,3
16082,3
16083,1
16084,3
16085,6
16086,3
16087,1
16088,1
16089,5
16090,6
16091,1
16092,2
16093,6
16094,1
16095,3
16096,3
16097,1
16098,1
16099,2
16100,0
16101,0
16102,4
16103,6
16104,2
16105,1
16106,2
16107,5
16108,1
16109,6
16110,5
16111,2
16112,2
16113,6
16114,2
16115,5
16116,2
16117,2
16118,4
16119,6
16120,3
16121,4
16122,5
16123,2
16124,6
16125,0
16126,1
16127,2
16128,4
16129,4
16130,5
16131,1
16132,0
16133,5
16134,2
16135,5
16136,4
16137,3
16138,6
16139,1
16140,1
16141,6
16142,5
16143,4
16144,6
16145,4
16146,2
16147,1
16148,0
16149,2
16150,2
16151,1
16152,4
16153,5
16154,6
16155,2
16156,4
16157,3
16158,1
16159,1
16160,2
16161,1
16162,3
16163,2
16164,2
16165,1
16166,5
16167,1
16168,2
16169,2
16170,2
16171,0
16172,2
16173,2
16174,2
16175,3
16176,1
16177,3
16178,3
16179,5
16180,6
16181,1
16182,0
16183,2
16184,3
16185,2
16186,2
16187,1
16188,4
16189,2
16190,0
16191,3
16192,3
16193,1
16194,1
16195,2
16196,1
16197,2
16198,0
16199,4
16200,5
16201,2
16202,3
16203,2
16204,1
16205,1
16206,1
16207,2
16208,2
16209,6
16210,3
16211,6
16212,1
16213,2
16214,1
16215,4
16216,2
16217,2
16218,0
16219,2
16220,3
16221,5
16222,2
16223,5
16224,4
16225,2
16226,3
16227,5
16228,2
16229,2
16230,4
16231,1
16232,4
16233,3
16234,1
16235,3
16236,1
16237,5
16238,1
16239,4
16240,5
16241,0
16242,4
16243,2
16244,1
16245,4
16246,2
16247,2
16248,6
16249,3
16250,4
16251,0
16252,2
16253,3
16254,1
16255,3
16256,0
16257,0
16258,2
16259,2
16260,0
16261,6
16262,6
16263,6
16264,3
16265,2
16266,2
16267,6
16268,4
16269,1
16270,6
16271,6
16272,1
16273,4
16274,0
16275,4
16276,2
16277,5
16278,4
16279,5
16280,2
16281,5
16282,1
16283,2
16284,0
16285,3
16286,5
16287,3
16288,1
16289,2
16290,1
16291,2
16292,5
16293,4
16294,3
16295,6
16296,2
16297,0
16298,2
16299,2
16300,1
16301,1
16302,3
16303,5
16304,1
16305,5
16306,1
16307,3
16308,1
16309,5
16310,1
16311,1
16312,6
16313,1
16314,3
16315,1
16316,2
16317,5
16318,3
16319,4
16320,2
16321,1
16322,1
16323,5
16324,6
16325,3
16326,3
16327,2
16328,2
16329,1
16330,0
16331,4
16332,1
16333,1
16334,0
16335,1
16336,3
16337,3
16338,6
16339,2
16340,2
16341,1
16342,2
16343,1
16344,5
16345,3
16346,4
16347,5
16348,3
16349,2
16350,1
16351,0
16352,2
16353,3
16354,1
16355,6
16356,2
16357,2
16358,6
16359,1
16360,2
16361,3
16362,1
16363,1
16364,2
16365,0
16366,2
16367,6
16368,1
16369,2
16370,3
16371,5
16372,1
16373,1
16374,2
16375,0
16376,2
16377,2
16378,6
16379,2
16380,5
16381,3
16382,2
16383,0
16384,5
16385,4
16386,1
16387,6
16388,2
16389,1
16390,5
16391,5
16392,5
16393,1
16394,0
16395,1
16396,0
16397,6
16398,5
16399,2
16400,2
16401,5
16402,5
16403,6
16404,2
16405,5
16406,2
16407,2
16408,2
16409,3
16410,5
16411,1
16412,0
16413,1
16414,6
16415,1
16416,2
16417,6
16418,1
16419,3
16420,5
16421,1
16422,4
16423,2
16424,2
16425,4
16426,4
16427,0
16428,2
16429,0
16430,3
16431,1
16432,1
16433,1
16434,3
16435,1
16436,1
16437,1
16438,1
16439,2
16440,4
16441,1
16442,1
16443,0
16444,4
16445,4
16446,2
16447,6
16448,0
16449,5
16450,4
16451,3
16452,5
16453,0
16454,5
16455,3
16456,4
16457,2
16458,2
16459,2
16460,2
16461,0
16462,1
16463,5
16464,5
16465,3
16466,3
16467,2
16468,5
16469,0
16470,2
16471,1
16472,1
16473,3
16474,3
16475,4
16476,2
16477,1
16478,2
16479,2
16480,3
16481,6
16482,3
16483,2
16484,0
16485,0
16486,6
16487,5
16488,4
16489,2
16490,0
16491,4
16492,4
16493,3
16494,2
16495,2
16496,6
16497,2
16498,6
16499,0
16500,3
16501,2
16502,1
16503,2
16504,3
16505,2
16506,6
16507,4
16508,2
16509,3
16510,2
16511,0
16512,1
16513,1
16514,0
16515,5
16516,5
16517,2
16518,4
16519,2
16520,3
16521,1
16522,2
16523,1
16524,2
16525,1
16526,3
16527,5
16528,0
16529,0
16530,2
16531,1
16532,6
16533,2
16534,0
16535,3
16536,2
16537,3
16538,6
16539,5
16540,2
16541,1
16542,2
16543,2
16544,3
16545,6
16546,1
16547,6
16548,2
16549,0
16550,2
16551,1
16552,2
16553,6
16554,1
16555,1
16556,2
16557,6
16558,3
16559,4
16560,2
16561,0
16562,2
16563,2
16564,2
16565,3
16566,1
16567,1
16568,0
16569,1
16570,1
16571,0
16572,3
16573,3
16574,1
16575,5
16576,1
16577,2
16578,0
16579,2
16580,5
16581,2
16582,2
16583,0
16584,1
16585,0
16586,0
16587,4
16588,2
16589,1
16590,2
16591,4
16592,1
16593,4
16594,2
16595,6
16596,3
16597,5
16598,6
16599,4
16600,1
16601,1
16602,6
16603,0
16604,3
16605,2
16606,4
16607,1
16608,1
16609,2
16610,6
16611,0
16612,1
16613,1
16614,2
16615,0
16616,3
16617,0
16618,2
16619,6
16620,0
16621,2
16622,2
16623,1
16624,3
16625,4
16626,3
16627,6
16628,1
16629,2
16630,1
16631,0
16632,1
16633,0
16634,2
16635,2
16636,1
16637,1
16638,1
16639,1
16640,1
16641,3
16642,6
16643,1
16644,5
16645,5
16646,2
16647,6
16648,3
16649,1
16650,2
16651,6
16652,6
16653,2
16654,3
16655,1
16656,0
16657,4
16658,1
16659,0
16660,5
16661,1
16662,5
16663,3
16664,1
16665,5
16666,3
16667,1
16668,1
16669,6
16670,1
16671,1
16672,2
16673,0
16674,2
16675,5
16676,3
16677,0
16678,1
16679,6
16680,2
16681,2
16682,1
16683,2
16684,1
16685,3
16686,0
16687,1
16688,2
16689,3
16690,1
16691,4
16692,0
16693,3
16694,6
16695,1
16696,4
16697,5
16698,1
16699,2
16700,3
16701,6
16702,0
16703,4
16704,5
16705,2
16706,3
16707,6
16708,1
16709,2
16710,4
16711,0
16712,1
16713,4
16714,1
16715,6
16716,3
16717,5
16718,1
16719,5
16720,0
16721,6
16722,3
16723,2
16724,6
16725,1
16726,2
16727,3
16728,1
16729,5
16730,1
16731,0
16732,0
16733,0
16734,1
16735,0
16736,1
16737,4
16738,3
16739,3
16740,1
16741,0
16742,3
16743,1
16744,2
16745,4
16746,2
16747,2
16748,1
16749,3
16750,1
16751,2
16752,1
16753,1
16754,3
16755,4
16756,2
16757,1
16758,1
16759,2
16760,1
16761,2
16762,2
16763,2
16764,2
16765,2
16766,3
16767,5
16768,2
16769,3
16770,1
16771,4
16772,1
16773,0
16774,5
16775,2
16776,6
16777,6
16778,4
16779,6
16780,2
16781,1
16782,1
16783,0
16784,5
16785,3
16786,1
16787,3
16788,6
16789,1
16790,0
16791,1
16792,4
16793,3
16794,5
16795,0
16796,2
16797,2
16798,3
16799,6
16800,2
16801,2
16802,3
16803,3
16804,5
16805,0
16806,6
16807,2
16808,1
16809,6
16810,0
16811,1
16812,2
16813,4
16814,6
16815,3
16816,2
16817,2
16818,1
16819,1
16820,2
16821,1
16822,3
16823,5
16824,2
16825,0
16826,0
16827,3
16828,2
16829,4
16830,1
16831,0
16832,4
16833,5
16834,6
16835,2
16836,1
16837,4
16838,5
16839,0
16840,3
16841,2
16842,0
16843,4
16844,1
16845,5
16846,0
16847,0
16848,6
16849,2
16850,2
16851,4
16852,2
16853,2
16854,1
16855,2
16856,1
16857,2
16858,2
16859,5
16860,6
16861,4
16862,2
16863,0
16864,1
16865,4
16866,2
16867,6
16868,3
16869,1
16870,1
16871,1
16872,2
16873,0
16874,3
16875,4
16876,4
16877,1
16878,1
16879,4
16880,2
16881,6
16882,2
16883,1
16884,4
16885,3
16886,4
16887,1
16888,1
16889,1
16890,1
16891,6
16892,1
16893,0
16894,1
16895,0
16896,2
16897,5
16898,2
16899,6
16900,6
16901,6
16902,0
16903,1
16904,1
16905,6
16906,2
16907,1
16908,1
16909,6
16910,2
16911,6
16912,4
16913,2
16914,6
16915,4
16916,0
16917,0
16918,1
16919,2
16920,2
16921,2
16922,3
16923,1
16924,2
16925,1
16926,1
16927,2
16928,1
16929,3
16930,5
16931,6
16932,4
16933,5
16934,3
16935,3
16936,2
16937,3
16938,2
16939,6
16940,3
16941,6
16942,1
16943,4
16944,4
16945,2
16946,3
16947,5
16948,3
16949,2
16950,2
16951,2
16952,6
16953,4
16954,1
16955,1
16956,0
16957,0
16958,3
16959,2
16960,1
16961,1
16962,1
16963,6
16964,4
16965,6
16966,4
16967,0
16968,0
16969,2
16970,5
16971,0
16972,3
16973,4
16974,2
16975,2
16976,2
16977,1
16978,0
16979,4
16980,2
16981,3
16982,3
16983,1
16984,0
16985,1
16986,2
16987,4
16988,1
16989,2
16990,5
16991,2
16992,0
16993,6
16994,1
16995,4
16996,1
16997,2
16998,1
16999,2
17000,1
17001,2
17002,6
17003,0
17004,2
17005,1
17006,2
17007,1
17008,2
17009,4
17010,3
17011,1
17012,0
17013,1
17014,5
17015,1
17016,5
17017,4
17018,0
17019,2
17020,2
17021,0
17022,1
17023,1
17024,2
17025,1
17026,0
17027,2
17028,1
17029,0
17030,3
17031,2
17032,6
17033,2
17034,2
17035,1
17036,1
17037,1
17038,1
17039,2
17040,6
17041,3
17042,2
17043,2
17044,0
17045,2
17046,6
17047,3
17048,5
17049,4
17050,2
17051,2
17052,1
17053,3
17054,4
17055,6
17056,0
17057,1
17058,2
17059,2
17060,2
17061,0
17062,1
17063,2
17064,2
17065,1
17066,4
17067,1
17068,5
17069,5
17070,1
17071,3
17072,3
17073,1
17074,3
17075,5
17076,3
17077,2
17078,1
17079,0
17080,4
17081,1
17082,3
17083,2
17084,2
17085,0
17086,4
17087,6
17088,5
17089,5
17090,1
17091,3
17092,2
17093,1
17094,1
17095,0
17096,2
17097,5
17098,4
17099,0
17100,5
17101,0
17102,3
17103,6
17104,0
17105,6
17106,5
17107,0
17108,3
17109,2
17110,5
17111,5
17112,6
17113,2
17114,2
17115,5
17116,1
17117,1
17118,2
17119,2
17120,6
17121,5
17122,5
17123,5
17124,1
17125,2
17126,3
17127,2
17128,6
17129,1
17130,2
17131,2
17132,0
17133,4
17134,1
17135,2
17136,2
17137,1
17138,4
17139,1
17140,2
17141,4
17142,5
17143,1
17144,2
17145,3
17146,6
17147,1
17148,2
17149,1
17150,1
17151,4
17152,1
17153,4
17154,3
17155,2
17156,4
17157,6
17158,4
17159,1
17160,1
17161,1
17162,3
17163,1
17164,0
17165,0
17166,1
17167,1
17168,1
17169,0
17170,3
17171,2
17172,1
17173,4
17174,0
17175,2
17176,2
17177,2
17178,5
17179,2
17180,1
17181,1
17182,1
17183,0
17184,4
17185,2
17186,3
17187,0
17188,0
17189,2
17190,2
17191,1
17192,1
17193,3
17194,0
17195,4
17196,6
17197,5
17198,2
17199,1
17200,1
17201,0
17202,4
17203,6
17204,6
17205,3
17206,1
17207,1
17208,1
17209,2
17210,1
17211,2
17212,1
17213,0
17214,6
17215,3
17216,1
17217,2
17218,6
17219,2
17220,0
17221,0
17222,4
17223,2
17224,2
17225,3
17226,4
17227,2
17228,6
17229,4
17230,5
17231,2
17232,3
17233,0
17234,4
17235,0
17236,1
17237,6
17238,3
17239,3
17240,1
17241,5
17242,1
17243,1
17244,1
17245,0
17246,2
17247,0
17248,1
17249,6
17250,4
17251,1
17252,0
17253,2
17254,6
17255,1
17256,0
17257,4
17258,2
17259,0
17260,4
17261,2
17262,1
17263,4
17264,3
17265,2
17266,5
17267,4
17268,0
17269,1
17270,6
17271,1
17272,6
17273,2
17274,0
17275,0
17276,1
17277,4
17278,5
17279,4
17280,1
17281,2
17282,1
17283,3
17284,1
17285,1
17286,5
17287,2
17288,5
17289,2
17290,4
17291,0
17292,3
17293,6
17294,5
17295,3
17296,5
17297,4
17298,2
17299,2
17300,2
17301,1
17302,1
17303,2
17304,0
17305,6
17306,3
17307,1
17308,0
17309,1
17310,1
17311,5
17312,1
17313,2
17314,4
17315,1
17316,1
17317,1
17318,1
17319,1
17320,2
17321,0
17322,4
17323,2
17324,0
17325,0
17326,0
17327,5
17328,3
17329,0
17330,2
17331,1
17332,1
17333,3
17334,6
17335,5
17336,1
17337,2
17338,5
17339,1
17340,1
17341,2
17342,6
17343,4
17344,2
17345,2
17346,0
17347,1
17348,2
17349,4
17350,2
17351,1
17352,1
17353,5
17354,3
17355,4
17356,6
17357,4
17358,2
17359,5
17360,6
17361,4
17362,0
17363,4
17364,4
17365,1
17366,2
17367,2
17368,1
17369,0
17370,2
17371,0
17372,5
17373,2
17374,2
17375,2
17376,6
17377,5
17378,2
17379,1
17380,3
17381,3
17382,2
17383,0
17384,6
17385,4
17386,2
17387,2
17388,0
17389,4
17390,0
17391,1
17392,2
17393,5
17394,5
17395,6
17396,2
17397,3
17398,2
17399,6
17400,1
17401,6
17402,0
17403,0
17404,2
17405,2
17406,1
17407,0
17408,6
17409,2
17410,2
17411,3
17412,0
17413,4
17414,0
17415,1
17416,2
17417,1
17418,4
17419,2
17420,5
17421,2
17422,6
17423,3
17424,5
17425,3
17426,1
17427,1
17428,5
17429,3
17430,1
17431,1
17432,3
17433,1
17434,1
17435,6
17436,1
17437,1
17438,1
17439,1
17440,0
17441,1
17442,3
17443,2
17444,5
17445,1
17446,0
17447,1
17448,6
17449,2
17450,1
17451,6
17452,5
17453,5
17454,0
17455,2
17456,3
17457,1
17458,5
17459,1
17460,3
17461,1
17462,0
17463,2
17464,1
17465,2
17466,6
17467,1
17468,2
17469,1
17470,1
17471,0
17472,3
17473,6
17474,4
17475,5
17476,2
17477,5
17478,2
17479,5
17480,4
17481,6
17482,6
17483,2
17484,2
17485,3
17486,3
17487,2
17488,5
17489,1
17490,1
17491,4
17492,1
17493,1
17494,1
17495,4
17496,1
17497,1
17498,3
17499,3
17500,1
17501,4
17502,6
17503,1
17504,2
17505,0
17506,0
17507,2
17508,6
17509,2
17510,6
17511,2
17512,6
17513,2
17514,0
17515,4
17516,2
17517,2
17518,2
17519,0
17520,2
17521,6
17522,3
17523,2
17524,4
17525,1
17526,2
17527,2
17528,2
17529,2
17530,4
17531,6
17532,6
17533,6
17534,3
17535,4
17536,6
17537,0
17538,1
17539,4
17540,4
17541,5
17542,1
17543,0
17544,2
17545,4
17546,4
17547,1
17548,2
17549,2
17550,5
17551,3
17552,6
17553,1
17554,2
17555,1
17556,3
17557,1
17558,0
17559,1
17560,3
17561,1
17562,1
17563,0
17564,1
17565,0
17566,5
17567,1
17568,0
17569,2
17570,1
17571,2
17572,5
17573,0
17574,0
17575,1
17576,4
17577,3
17578,0
17579,1
17580,3
17581,4
17582,0
17583,2
17584,3
17585,4
17586,5
17587,0
17588,1
17589,2
17590,4
17591,6
17592,6
17593,2
17594,1
17595,3
17596,0
17597,1
17598,6
17599,2
17600,3
17601,6
17602,0
17603,6
17604,1
17605,2
17606,5
17607,6
17608,3
17609,2
17610,4
17611,1
17612,6
17613,3
17614,6
17615,1
17616,2
17617,2
17618,1
17619,3
17620,2
17621,2
17622,6
17623,1
17624,4
17625,1
17626,3
17627,2
17628,1
17629,1
17630,2
17631,1
17632,1
17633,4
17634,1
17635,2
17636,1
17637,6
17638,3
17639,5
17640,6
17641,2
17642,4
17643,3
17644,1
17645,6
17646,5
17647,1
17648,3
17649,1
17650,0
17651,3
17652,2
17653,4
17654,3
17655,0
17656,1
17657,4
17658,2
17659,1
17660,1
17661,6
17662,6
17663,3
17664,2
17665,1
17666,2
17667,5
17668,6
17669,4
17670,5
17671,4
17672,0
17673,2
17674,0
17675,1
17676,5
17677,2
17678,1
17679,6
17680,6
17681,2
17682,1
17683,3
17684,1
17685,4
17686,4
17687,6
17688,5
17689,4
17690,0
17691,0
17692,4
17693,2
17694,5
17695,2
17696,0
17697,1
17698,3
17699,6
17700,1
17701,6
17702,0
17703,1
17704,1
17705,1
17706,1
17707,2
17708,3
17709,0
17710,1
17711,0
17712,1
17713,0
17714,1
17715,1
17716,3
17717,2
17718,2
17719,0
17720,1
17721,2
17722,0
17723,3
17724,0
17725,1
17726,4
17727,1
17728,1
17729,4
17730,2
17731,2
17732,0
17733,6
17734,4
17735,1
17736,6
17737,3
17738,0
17739,1
17740,3
17741,5
17742,2
17743,5
17744,2
17745,2
17746,1
17747,5
17748,5
17749,5
17750,5
17751,1
17752,3
17753,2
17754,1
17755,1
17756,3
17757,6
17758,2
17759,1
17760,5
17761,1
17762,2
17763,1
17764,6
17765,2
17766,2
17767,4
17768,3
17769,2
17770,1
17771,0
17772,6
17773,0
17774,4
17775,3
17776,3
17777,1
17778,3
17779,1
17780,2
17781,5
17782,6
17783,3
17784,3
17785,4
17786,1
17787,5
17788,2
17789,5
17790,3
17791,0
17792,3
17793,1
17794,2
17795,6
17796,5
17797,3
17798,1
17799,1
17800,2
17801,3
17802,1
17803,4
17804,0
17805,2
17806,2
17807,1
17808,2
17809,1
17810,3
17811,2
17812,1
17813,1
17814,4
17815,1
17816,1
17817,3
17818,1
17819,1
17820,1
17821,1
17822,6
17823,1
17824,1
17825,1
17826,2
17827,1
17828,1
17829,2
17830,1
17831,2
17832,1
17833,0
17834,4
17835,2
17836,2
17837,3
17838,1
17839,2
17840,1
17841,3
17842,0
17843,3
17844,2
17845,2
17846,2
17847,0
17848,0
17849,1
17850,3
17851,2
17852,5
17853,2
17854,0
17855,6
17856,4
17857,4
17858,2
17859,2
17860,0
17861,4
17862,2
17863,2
17864,6
17865,4
17866,2
17867,2
17868,0
17869,3
17870,5
17871,5
17872,0
17873,2
17874,5
17875,2
17876,1
17877,1
17878,2
17879,0
17880,4
17881,5
17882,6
17883,1
17884,6
17885,2
17886,1
17887,1
17888,0
17889,4
17890,1
17891,3
17892,0
17893,6
17894,5
17895,1
17896,1
17897,2
17898,2
17899,6
17900,2
17901,5
17902,2
17903,0
17904,0
17905,5
17906,2
17907,2
17908,4
17909,2
17910,3
17911,1
17912,2
17913,2
17914,1
17915,1
17916,4
17917,1
17918,5
17919,4
17920,5
17921,5
17922,1
17923,2
17924,1
17925,2
17926,2
17927,1
17928,4
17929,2
17930,6
17931,2
17932,4
17933,4
17934,1
17935,3
17936,1
17937,5
17938,1
17939,1
17940,2
17941,1
17942,5
17943,0
17944,4
17945,1
17946,3
17947,0
17948,1
17949,0
17950,4
17951,2
17952,2
17953,0
17954,2
17955,0
17956,0
17957,2
17958,2
17959,2
17960,0
17961,2
17962,1
17963,2
17964,3
17965,4
17966,1
17967,2
17968,3
17969,4
17970,0
17971,5
17972,0
17973,6
17974,0
17975,3
17976,1
17977,0
17978,0
17979,2
17980,5
17981,2
17982,6
17983,1
17984,2
17985,2
17986,1
17987,0
17988,0
17989,1
17990,1
17991,0
17992,5
17993,2
17994,1
17995,5
17996,1
17997,0
17998,3
17999,1
18000,1
18001,6
18002,1
18003,2
18004,2
18005,1
18006,4
18007,4
18008,1
18009,6
18010,2
18011,0
18012,3
18013,3
18014,0
18015,3
18016,1
18017,6
18018,2
18019,2
18020,3
18021,6
18022,1
18023,2
18024,4
18025,1
18026,2
18027,3
18028,2
18029,2
18030,1
18031,1
18032,0
18033,0
18034,2
18035,2
18036,6
18037,2
18038,5
18039,4
18040,1
18041,1
18042,6
18043,1
18044,0
18045,3
18046,2
18047,2
18048,2
18049,3
18050,2
18051,3
18052,1
18053,2
18054,2
18055,4
18056,4
18057,2
18058,2
18059,4
18060,5
18061,5
18062,2
18063,5
18064,1
18065,0
18066,1
18067,0
18068,6
18069,1
18070,3
18071,5
18072,1
18073,4
18074,6
18075,4
18076,6
18077,1
18078,0
18079,5
18080,4
18081,0
18082,1
18083,4
18084,2
18085,2
18086,5
18087,4
18088,2
18089,3
18090,1
18091,0
18092,2
18093,2
18094,1
18095,3
18096,6
18097,1
18098,2
18099,1
18100,1
18101,6
18102,0
18103,1
18104,1
18105,0
18106,2
18107,0
18108,3
18109,6
18110,2
18111,2
18112,1
18113,2
18114,5
18115,0
18116,4
18117,6
18118,3
18119,0
18120,0
18121,3
18122,0
18123,4
18124,1
18125,4
18126,5
18127,2
18128,3
18129,5
18130,6
18131,6
18132,2
18133,2
18134,4
18135,0
18136,5
18137,6
18138,5
18139,3
18140,2
18141,1
18142,2
18143,3
18144,1
18145,4
18146,3
18147,0
18148,5
18149,6
18150,1
18151,6
18152,2
18153,3
18154,4
18155,3
18156,1
18157,1
18158,1
18159,0
18160,3
18161,0
18162,0
18163,1
18164,1
18165,1
18166,1
18167,2
18168,4
18169,2
18170,3
18171,0
18172,3
18173,0
18174,1
18175,6
18176,4
18177,2
18178,6
18179,4
18180,4
18181,3
18182,2
18183,0
18184,4
18185,4
18186,6
18187,5
18188,2
18189,3
18190,1
18191,1
18192,1
18193,1
18194,2
18195,3
18196,2
18197,5
18198,2
18199,1
18200,1
18201,3
18202,0
18203,2
18204,1
18205,4
18206,6
18207,0
18208,4
18209,0
18210,4
18211,1
18212,4
18213,4
18214,5
18215,1
18216,2
18217,2
18218,2
18219,1
18220,0
18221,2
18222,4
18223,3
18224,2
18225,5
18226,0
18227,3
18228,3
18229,5
18230,5
18231,4
18232,1
18233,5
18234,2
18235,5
18236,0
18237,6
18238,4
18239,5
18240,0
18241,1
18242,5
18243,1
18244,1
18245,3
18246,2
18247,4
18248,4
18249,5
18250,3
18251,5
18252,4
18253,3
18254,5
18255,5
18256,1
18257,5
18258,2
18259,1
18260,2
18261,2
18262,3
18263,6
18264,3
18265,2
18266,1
18267,0
18268,1
18269,0
18270,1
18271,1
18272,2
18273,5
18274,1
18275,3
18276,1
18277,1
18278,5
18279,3
18280,3
18281,6
18282,1
18283,1
18284,3
18285,3
18286,1
18287,5
18288,5
18289,1
18290,1
18291,3
18292,1
18293,0
18294,1
18295,3
18296,4
18297,3
18298,2
18299,2
18300,6
18301,0
18302,0
18303,5
18304,3
18305,3
18306,3
18307,2
18308,2
18309,1
18310,1
18311,2
18312,3
18313,1
18314,4
18315,3
18316,1
18317,4
18318,0
18319,0
18320,5
18321,3
18322,3
18323,1
18324,2
18325,6
18326,1
18327,5
18328,3
18329,1
18330,6
18331,1
18332,1
18333,1
18334,2
18335,3
18336,5
18337,0
18338,0
18339,2
18340,2
18341,3
18342,1
18343,2
18344,4
18345,6
18346,1
18347,2
18348,6
18349,1
18350,2
18351,3
18352,2
18353,2
18354,2
18355,1
18356,5
18357,0
18358,3
18359,0
18360,5
18361,1
18362,2
18363,3
18364,5
18365,0
18366,3
18367,0
18368,1
18369,6
18370,6
18371,1
18372,2
18373,2
18374,4
18375,1
18376,3
18377,1
18378,1
18379,5
18380,1
18381,3
18382,4
18383,2
18384,2
18385,4
18386,1
18387,5
18388,1
18389,2
18390,5
18391,6
18392,2
18393,2
18394,1
18395,6
18396,0
18397,6
18398,0
18399,1
18400,0
18401,1
18402,2
18403,1
18404,1
18405,3
18406,1
18407,3
18408,6
18409,5
18410,2
18411,1
18412,6
18413,5
18414,3
18415,5
18416,2
18417,4
18418,4
18419,4
18420,3
18421,4
18422,1
18423,1
18424,1
18425,1
18426,1
18427,6
18428,5
18429,5
18430,0
18431,1
18432,1
18433,1
18434,1
18435,6
18436,1
18437,0
18438,4
18439,4
18440,6
18441,1
18442,4
18443,0
18444,6
18445,1
18446,0
18447,2
18448,4
18449,6
18450,5
18451,2
18452,2
18453,1
18454,3
18455,4
18456,2
18457,1
18458,6
18459,3
18460,1
18461,1
18462,3
18463,1
18464,5
18465,0
18466,1
18467,4
18468,1
18469,2
18470,3
18471,1
18472,1
18473,2
18474,6
18475,1
18476,6
18477,1
18478,0
18479,1
18480,1
18481,0
18482,1
18483,2
18484,1
18485,1
18486,0
18487,2
18488,1
18489,4
18490,5
18491,2
18492,2
18493,3
18494,4
18495,0
18496,3
18497,2
18498,1
18499,2
18500,5
18501,4
18502,2
18503,2
18504,2
18505,0
18506,1
18507,1
18508,1
18509,0
18510,5
18511,2
18512,1
18513,5
18514,2
18515,1
18516,1
18517,6
18518,2
18519,0
18520,1
18521,4
18522,1
18523,1
18524,2
18525,3
18526,3
18527,1
18528,1
18529,2
18530,2
18531,1
18532,0
18533,0
18534,3
18535,4
18536,2
18537,1
18538,1
18539,1
18540,1
18541,2
18542,3
18543,2
18544,0
18545,1
18546,5
18547,2
18548,1
18549,1
18550,1
18551,5
18552,6
18553,0
18554,1
18555,3
18556,5
18557,0
18558,2
18559,5
18560,3
18561,2
18562,2
18563,4
18564,2
18565,5
18566,3
18567,2
18568,1
18569,6
18570,2
18571,5
18572,2
18573,0
18574,3
18575,1
18576,1
18577,4
18578,1
18579,1
18580,3
18581,1
18582,4
18583,0
18584,0
18585,0
18586,2
18587,0
18588,6
18589,1
18590,1
18591,4
18592,2
18593,6
18594,2
18595,3
18596,6
18597,1
18598,4
18599,2
18600,1
18601,2
18602,1
18603,0
18604,4
18605,1
18606,2
18607,0
18608,0
18609,2
18610,1
18611,6
18612,6
18613,0
18614,5
18615,3
18616,2
18617,1
18618,1
18619,5
18620,3
18621,4
18622,5
18623,0
18624,6
18625,1
18626,6
18627,6
18628,2
18629,2
18630,1
18631,2
18632,4
18633,2
18634,2
18635,2
18636,5
18637,2
18638,6
18639,1
18640,5
18641,6
18642,1
18643,3
18644,2
18645,1
18646,4
18647,2
18648,3
18649,3
18650,0
18651,0
18652,2
18653,4
18654,1
18655,6
18656,1
18657,2
18658,0
18659,6
18660,1
18661,2
18662,1
18663,2
18664,0
18665,2
18666,4
18667,2
18668,0
18669,4
18670,3
18671,1
18672,6
18673,5
18674,3
18675,2
18676,1
18677,1
18678,6
18679,0
18680,0
18681,1
18682,5
18683,2
18684,3
18685,0
18686,6
18687,3
18688,4
18689,5
18690,4
18691,3
18692,6
18693,1
18694,1
18695,6
18696,2
18697,1
18698,2
18699,6
18700,3
18701,0
18702,6
18703,0
18704,1
18705,3
18706,2
18707,3
18708,2
18709,5
18710,2
18711,2
18712,0
18713,6
18714,2
18715,0
18716,3
18717,6
18718,1
18719,2
18720,2
18721,2
18722,0
18723,1
18724,5
18725,1
18726,5
18727,6
18728,2
18729,5
18730,1
18731,5
18732,4
18733,1
18734,0
18735,4
18736,0
18737,1
18738,0
18739,0
18740,0
18741,2
18742,1
18743,6
18744,2
18745,0
18746,2
18747,1
18748,6
18749,6
18750,0
18751,3
18752,2
18753,4
18754,2
18755,6
18756,5
18757,1
18758,3
18759,0
18760,2
18761,2
18762,1
18763,2
18764,0
18765,1
18766,2
18767,4
18768,6
18769,4
18770,2
18771,3
18772,3
18773,1
18774,2
18775,5
18776,0
18777,1
18778,5
18779,2
18780,2
18781,4
18782,2
18783,2
18784,2
18785,3
18786,6
18787,1
18788,0
18789,3
18790,2
18791,6
18792,2
18793,3
18794,2
18795,1
18796,3
18797,4
18798,0
18799,2
18800,2
18801,1
18802,0
18803,3
18804,1
18805,6
18806,5
18807,3
18808,6
18809,5
18810,1
18811,4
18812,0
18813,6
18814,2
18815,4
18816,1
18817,3
18818,6
18819,2
18820,0
18821,2
18822,6
18823,0
18824,2
18825,6
18826,2
18827,2
18828,2
18829,4
18830,6
18831,6
18832,6
18833,3
18834,4
18835,1
18836,5
18837,4
18838,4
18839,2
18840,2
18841,4
18842,6
18843,5
18844,5
18845,5
18846,1
18847,5
18848,1
18849,0
18850,1
18851,0
18852,2
18853,4
18854,3
18855,2
18856,1
18857,0
18858,6
18859,3
18860,2
18861,4
18862,2
18863,0
18864,2
18865,1
18866,5
18867,2
18868,2
18869,3
18870,1
18871,6
18872,4
18873,2
18874,0
18875,4
18876,4
18877,4
18878,1
18879,3
18880,3
18881,3
18882,3
18883,2
18884,1
18885,2
18886,3
18887,2
18888,1
18889,2
18890,5
18891,0
18892,0
18893,3
18894,2
18895,3
18896,2
18897,4
18898,1
18899,6
18900,3
18901,2
18902,3
18903,0
18904,5
18905,3
18906,1
18907,1
18908,0
18909,5
18910,2
18911,6
18912,1
18913,6
18914,5
18915,4
18916,2
18917,6
18918,1
18919,2
18920,5
18921,4
18922,1
18923,3
18924,1
18925,1
18926,1
18927,2
18928,3
18929,1
18930,2
18931,1
18932,5
18933,5
18934,1
18935,0
18936,2
18937,1
18938,0
18939,2
18940,1
18941,1
18942,6
18943,4
18944,3
18945,1
18946,2
18947,0
18948,3
18949,2
18950,5
18951,1
18952,2
18953,2
18954,4
18955,0
18956,3
18957,0
18958,1
18959,5
18960,6
18961,4
18962,2
18963,6
18964,1
18965,2
18966,4
18967,2
18968,1
18969,1
18970,1
18971,5
18972,3
18973,2
18974,1
18975,2
18976,3
18977,2
18978,5
18979,3
18980,1
18981,5
18982,1
18983,4
18984,6
18985,2
18986,2
18987,6
18988,1
18989,5
18990,2
18991,1
18992,4
18993,2
18994,6
18995,4
18996,1
18997,0
18998,4
18999,2
19000,5
19001,2
19002,6
19003,3
19004,1
19005,2
19006,1
19007,1
19008,2
19009,1
19010,0
19011,2
19012,1
19013,2
19014,2
19015,6
19016,3
19017,4
19018,5
19019,1
19020,5
19021,6
19022,3
19023,1
19024,3
19025,1
19026,1
19027,4
19028,2
19029,1
19030,2
19031,0
19032,0
19033,1
19034,2
19035,5
19036,1
19037,4
19038,2
19039,1
19040,2
19041,6
19042,1
19043,1
19044,2
19045,2
19046,6
19047,1
19048,5
19049,0
19050,2
19051,2
19052,4
19053,6
19054,1
19055,2
19056,5
19057,4
19058,6
19059,2
19060,2
19061,3
19062,2
19063,6
19064,0
19065,1
19066,1
19067,2
19068,3
19069,1
19070,1
19071,1
19072,2
19073,0
19074,6
19075,2
19076,6
19077,6
19078,3
19079,2
19080,1
19081,1
19082,2
19083,1
19084,3
19085,4
19086,5
19087,1
19088,3
19089,5
19090,4
19091,3
19092,2
19093,4
19094,4
19095,1
19096,4
19097,2
19098,4
19099,5
19100,4
19101,5
19102,1
19103,2
19104,2
19105,1
19106,1
19107,3
19108,2
19109,1
19110,2
19111,1
19112,1
19113,1
19114,2
19115,6
19116,1
19117,3
19118,3
19119,0
19120,4
19121,2
19122,1
19123,3
19124,1
19125,2
19126,0
19127,6
19128,5
19129,0
19130,0
19131,3
19132,2
19133,2
19134,1
19135,4
19136,2
19137,2
19138,5
19139,2
19140,1
19141,2
19142,5
19143,2
19144,2
19145,0
19146,3
19147,2
19148,6
19149,3
19150,4
19151,6
19152,2
19153,2
19154,4
19155,0
19156,2
19157,4
19158,6
19159,6
19160,5
19161,2
19162,4
19163,4
19164,5
19165,3
19166,6
19167,0
19168,2
19169,2
19170,1
19171,1
19172,6
19173,1
19174,1
19175,3
19176,1
19177,1
19178,2
19179,1
19180,6
19181,1
19182,4
19183,1
19184,2
19185,5
19186,2
19187,0
19188,5
19189,5
19190,6
19191,5
19192,3
19193,1
19194,3
19195,2
19196,1
19197,2
19198,1
19199,1
19200,0
19201,4
19202,0
19203,2
19204,2
19205,2
19206,4
19207,5
19208,0
19209,6
19210,2
19211,1
19212,4
19213,5
19214,0
19215,1
19216,3
19217,2
19218,1
19219,1
19220,2
19221,5
19222,1
19223,0
19224,2
19225,1
19226,3
19227,3
19228,6
19229,4
19230,2
19231,1
19232,1
19233,0
19234,0
19235,3
19236,2
19237,1
19238,2
19239,6
19240,3
19241,3
19242,1
19243,2
19244,1
19245,1
19246,2
19247,1
19248,6
19249,0
19250,0
19251,2
19252,4
19253,1
19254,1
19255,0
19256,4
19257,4
19258,1
19259,2
19260,2
19261,6
19262,1
19263,0
19264,3
19265,2
19266,2
19267,0
19268,2
19269,0
19270,1
19271,0
19272,0
19273,5
19274,2
19275,0
19276,3
19277,5
19278,3
19279,2
19280,0
19281,4
19282,4
19283,1
19284,1
19285,0
19286,6
19287,1
19288,1
19289,2
19290,5
19291,2
19292,2
19293,2
19294,1
19295,1
19296,1
19297,1
19298,2
19299,3
19300,6
19301,1
19302,0
19303,0
19304,1
19305,2
19306,1
19307,2
19308,6
19309,1
19310,1
19311,0
19312,3
19313,1
19314,5
19315,2
19316,4
19317,6
19318,2
19319,1
19320,2
19321,4
19322,1
19323,2
19324,3
19325,5
19326,1
19327,1
19328,6
19329,2
19330,6
19331,2
19332,2
19333,6
19334,4
19335,2
19336,4
19337,2
19338,6
19339,5
19340,4
19341,1
19342,0
19343,1
19344,2
19345,4
19346,2
19347,6
19348,3
19349,2
19350,5
19351,5
19352,0
19353,5
19354,2
19355,5
19356,6
19357,5
19358,1
19359,3
19360,5
19361,1
19362,2
19363,2
19364,4
19365,1
19366,6
19367,1
19368,2
19369,2
19370,1
19371,1
19372,3
19373,6
19374,2
19375,0
19376,3
19377,1
19378,0
19379,3
19380,0
19381,1
19382,2
19383,5
19384,6
19385,6
19386,6
19387,2
19388,3
19389,1
19390,0
19391,6
19392,1
19393,2
19394,1
19395,2
19396,5
19397,5
19398,0
19399,4
19400,1
19401,4
19402,4
19403,2
19404,0
19405,2
19406,4
19407,0
19408,6
19409,5
19410,1
19411,3
19412,1
19413,3
19414,0
19415,5
19416,0
19417,1
19418,0
19419,4
19420,2
19421,0
19422,3
19423,2
19424,6
19425,5
19426,0
19427,0
19428,5
19429,6
19430,2
19431,2
19432,1
19433,4
19434,0
19435,4
19436,5
19437,5
19438,2
19439,2
19440,2
19441,4
19442,1
19443,1
19444,4
19445,4
19446,3
19447,6
19448,3
19449,1
19450,2
19451,6
19452,1
19453,2
19454,5
19455,1
19456,1
19457,0
19458,1
19459,4
19460,4
19461,6
19462,3
19463,1
19464,0
19465,2
19466,2
19467,6
19468,3
19469,6
19470,1
19471,0
19472,5
19473,1
19474,0
19475,4
19476,2
19477,0
19478,2
19479,0
19480,6
19481,0
19482,1
19483,4
19484,2
19485,3
19486,0
19487,6
19488,5
19489,0
19490,1
19491,5
19492,6
19493,1
19494,4
19495,5
19496,4
19497,2
19498,4
19499,0
19500,2
19501,6
19502,1
19503,2
19504,5
19505,1
19506,4
19507,0
19508,4
19509,1
19510,0
19511,1
19512,4
19513,3
19514,6
19515,2
19516,2
19517,6
19518,3
19519,5
19520,1
19521,3
19522,1
19523,5
19524,2
19525,0
19526,6
19527,1
19528,5
19529,2
19530,6
19531,0
19532,1
19533,5
19534,5
19535,2
19536,1
19537,1
19538,5
19539,2
19540,1
19541,2
19542,5
19543,4
19544,6
19545,5
19546,5
19547,6
19548,1
19549,1
19550,1
19551,0
19552,0
19553,5
19554,4
19555,1
19556,2
19557,1
19558,1
19559,5
19560,2
19561,2
19562,6
19563,5
19564,5
19565,1
19566,4
19567,6
19568,5
19569,1
19570,3
19571,0
19572,3
19573,1
19574,0
19575,0
19576,2
19577,1
19578,3
19579,3
19580,4
19581,4
19582,2
19583,6
19584,0
19585,6
19586,1
19587,1
19588,0
19589,5
19590,4
19591,1
19592,5
19593,0
19594,1
19595,1
19596,4
19597,0
19598,2
19599,1
19600,1
19601,4
19602,3
19603,2
19604,1
19605,2
19606,2
19607,1
19608,2
19609,1
19610,2
19611,1
19612,6
19613,6
19614,3
19615,2
19616,2
19617,1
19618,1
19619,4
19620,6
19621,1
19622,2
19623,2
19624,5
19625,4
19626,1
19627,2
19628,2
19629,2
19630,2
19631,2
19632,0
19633,6
19634,2
19635,1
19636,1
19637,2
19638,5
19639,2
19640,2
19641,4
19642,2
19643,1
19644,2
19645,4
19646,0
19647,6
19648,1
19649,2
19650,2
19651,1
19652,1
19653,2
19654,5
19655,3
19656,2
19657,4
19658,6
19659,0
19660,1
19661,4
19662,2
19663,1
19664,1
19665,1
19666,6
19667,2
19668,5
19669,1
19670,2
19671,4
19672,4
19673,2
19674,0
19675,3
19676,1
19677,4
19678,1
19679,5
19680,3
19681,2
19682,1
19683,6
19684,2
19685,2
19686,2
19687,1
19688,2
19689,5
19690,2
19691,0
19692,0
19693,2
19694,2
19695,2
19696,3
19697,1
19698,5
19699,4
19700,1
19701,6
19702,0
19703,1
19704,5
19705,1
19706,2
19707,2
19708,2
19709,1
19710,4
19711,1
19712,6
19713,4
19714,5
19715,1
19716,3
19717,6
19718,1
19719,0
19720,2
19721,1
19722,6
19723,0
19724,2
19725,3
19726,1
19727,2
19728,0
19729,6
19730,5
19731,5
19732,3
19733,1
19734,1
19735,2
19736,5
19737,2
19738,6
19739,6
19740,3
19741,1
19742,1
19743,2
19744,1
19745,0
19746,2
19747,6
19748,2
19749,6
19750,2
19751,0
19752,5
19753,2
19754,3
19755,6
19756,6
19757,6
19758,2
19759,1
19760,6
19761,6
19762,0
19763,4
19764,3
19765,2
19766,6
19767,2
19768,2
19769,6
19770,3
19771,0
19772,5
19773,1
19774,1
19775,4
19776,5
19777,6
19778,1
19779,1
19780,2
19781,1
19782,2
19783,2
19784,3
19785,4
19786,0
19787,6
19788,4
19789,1
19790,1
19791,2
19792,1
19793,1
19794,5
19795,5
19796,0
19797,2
19798,5
19799,2
19800,2
19801,1
19802,2
19803,6
19804,3
19805,2
19806,5
19807,6
19808,3
19809,4
19810,1
19811,5
19812,2
19813,1
19814,1
19815,1
19816,2
19817,2
19818,6
19819,1
19820,6
19821,0
19822,1
19823,3
19824,2
19825,1
19826,0
19827,2
19828,5
19829,4
19830,4
19831,2
19832,1
19833,0
19834,0
19835,3
19836,5
19837,5
19838,2
19839,1
19840,0
19841,5
19842,1
19843,6
19844,2
19845,1
19846,2
19847,2
19848,6
19849,0
19850,5
19851,2
19852,2
19853,1
19854,2
19855,5
19856,5
19857,2
19858,5
19859,0
19860,2
19861,4
19862,0
19863,6
19864,6
19865,0
19866,4
19867,1
19868,6
19869,2
19870,3
19871,2
19872,1
19873,0
19874,6
19875,6
19876,2
19877,5
19878,1
19879,5
19880,2
19881,5
19882,1
19883,2
19884,2
19885,2
19886,4
19887,0
19888,2
19889,1
19890,1
19891,2
19892,4
19893,1
19894,1
19895,0
19896,3
19897,0
19898,1
19899,5
19900,1
19901,0
19902,0
19903,6
19904,2
19905,2
19906,2
19907,2
19908,2
19909,3
19910,0
19911,1
19912,1
19913,0
19914,1
19915,0
19916,5
19917,1
19918,3
19919,4
19920,6
19921,1
19922,0
19923,5
19924,1
19925,1
19926,2
19927,2
19928,4
19929,2
19930,5
19931,5
19932,4
19933,5
19934,1
19935,0
19936,2
19937,3
19938,2
19939,0
19940,0
19941,2
19942,3
19943,3
19944,2
19945,1
19946,3
19947,1
19948,5
19949,6
19950,2
19951,4
19952,0
19953,1
19954,1
19955,1
19956,6
19957,2
19958,1
19959,6
19960,1
19961,2
19962,2
19963,1
19964,6
19965,3
19966,6
19967,2
19968,3
19969,1
19970,2
19971,2
19972,2
19973,3
19974,1
19975,1
19976,3
19977,2
19978,2
19979,2
19980,1
19981,5
19982,1
19983,0
19984,3
19985,2
19986,2
19987,1
19988,1
19989,0
19990,2
19991,0
19992,2
19993,5
19994,3
19995,1
19996,5
19997,0
19998,0
19999,1
20000,3
20001,2
20002,4
20003,5
20004,0
20005,1
20006,5
20007,4
20008,4
20009,2
20010,6
20011,0
20012,0
20013,5
20014,0
20015,4
20016,4
20017,0
20018,1
20019,4
20020,1
20021,6
20022,5
20023,2
20024,2
20025,4
20026,6
20027,4
20028,5
20029,5
20030,2
20031,6
20032,3
20033,5
20034,3
20035,1
20036,6
20037,1
20038,4
20039,1
20040,1
20041,3
20042,4
20043,2
20044,2
20045,3
20046,6
20047,0
20048,1
20049,5
20050,1
20051,6
20052,2
20053,0
20054,0
20055,5
20056,0
20057,6
20058,2
20059,5
20060,0
20061,2
20062,3
20063,0
20064,1
20065,2
20066,2
20067,5
20068,2
20069,3
20070,3
20071,2
20072,3
20073,5
20074,3
20075,3
20076,5
20077,1
20078,1
20079,1
20080,6
20081,0
20082,4
20083,1
20084,6
20085,6
20086,0
20087,4
20088,0
20089,2
20090,5
20091,1
20092,1
20093,4
20094,5
20095,2
20096,5
20097,1
20098,3
20099,3
20100,2
20101,5
20102,5
20103,1
20104,2
20105,2
20106,0
20107,6
20108,0
20109,4
20110,5
20111,3
20112,2
20113,2
20114,1
20115,2
20116,2
20117,5
20118,2
20119,0
20120,1
20121,1
20122,5
20123,1
20124,5
20125,6
20126,2
20127,1
20128,2
20129,1
20130,1
20131,1
20132,1
20133,4
20134,3
20135,2
20136,1
20137,4
20138,2
20139,4
20140,4
20141,6
20142,0
20143,3
20144,3
20145,1
20146,2
20147,3
20148,5
20149,1
20150,2
20151,2
20152,1
20153,3
20154,0
20155,6
20156,0
20157,3
20158,3
20159,2
20160,0
20161,1
20162,2
20163,5
20164,2
20165,1
20166,0
20167,3
20168,6
20169,4
20170,1
20171,3
20172,1
20173,6
20174,5
20175,1
20176,2
20177,1
20178,6
20179,2
20180,6
20181,6
20182,2
20183,1
20184,2
20185,0
20186,2
20187,2
20188,4
20189,2
20190,5
20191,0
20192,5
20193,1
20194,4
20195,2
20196,2
20197,2
20198,2
20199,0
20200,2
20201,0
20202,1
20203,2
20204,3
20205,1
20206,1
20207,2
20208,0
20209,2
20210,1
20211,3
20212,0
20213,4
20214,1
20215,2
20216,2
20217,5
20218,1
20219,3
20220,2
20221,0
20222,2
20223,6
20224,5
20225,1
20226,1
20227,1
20228,0
20229,0
20230,1
20231,5
20232,0
20233,1
20234,1
20235,1
20236,5
20237,0
20238,1
20239,5
20240,3
20241,1
20242,6
20243,1
20244,3
20245,1
20246,2
20247,4
20248,6
20249,6
20250,1
20251,1
20252,4
20253,4
20254,2
20255,0
20256,2
20257,1
20258,1
20259,2
20260,4
20261,1
20262,1
20263,0
20264,6
20265,1
20266,1
20267,3
20268,1
20269,1
20270,2
20271,2
20272,1
20273,2
20274,5
20275,4
20276,3
20277,1
20278,3
20279,2
20280,5
20281,1
20282,2
20283,4
20284,1
20285,1
20286,4
20287,5
20288,2
20289,4
20290,5
20291,5
20292,1
20293,2
20294,1
20295,2
20296,2
20297,1
20298,0
20299,3
20300,1
20301,2
20302,3
20303,4
20304,2
20305,4
20306,3
20307,4
20308,1
20309,2
20310,0
20311,2
20312,2
20313,2
20314,1
20315,1
20316,4
20317,1
20318,3
20319,1
20320,6
20321,0
20322,5
20323,6
20324,3
20325,1
20326,1
20327,0
20328,1
20329,3
20330,6
20331,4
20332,1
20333,5
20334,1
20335,1
20336,1
20337,5
20338,2
20339,2
20340,1
20341,6
20342,3
20343,2
20344,1
20345,3
20346,6
20347,0
20348,1
20349,2
20350,2
20351,0
20352,2
20353,1
20354,0
20355,2
20356,6
20357,6
20358,2
20359,6
20360,1
20361,2
20362,2
20363,1
20364,1
20365,1
20366,3
20367,1
20368,2
20369,6
20370,5
20371,0
20372,5
20373,2
20374,5
20375,6
20376,4
20377,3
20378,4
20379,0
20380,6
20381,2
20382,4
20383,0
20384,2
20385,2
20386,3
20387,1
20388,3
20389,3
20390,4
20391,3
20392,2
20393,3
20394,3
20395,2
20396,2
20397,1
20398,1
20399,2
20400,4
20401,0
20402,2
20403,2
20404,5
20405,4
20406,4
20407,6
20408,1
20409,6
20410,4
20411,4
20412,6
20413,2
20414,5
20415,6
20416,6
20417,3
20418,1
20419,6
20420,1
20421,1
20422,4
20423,0
20424,3
20425,5
20426,0
20427,4
20428,2
20429,0
20430,3
20431,2
20432,6
20433,2
20434,6
20435,0
20436,1
20437,2
20438,2
20439,1
20440,1
20441,4
20442,1
20443,1
20444,0
20445,2
20446,1
20447,2
20448,4
20449,4
20450,6
20451,3
20452,4
20453,1
20454,5
20455,2
20456,3
20457,2
20458,5
20459,6
20460,2
20461,1
20462,1
20463,1
20464,1
20465,2
20466,1
20467,1
20468,0
20469,3
20470,6
20471,6
20472,3
20473,5
20474,5
20475,0
20476,4
20477,1
20478,4
20479,1
20480,5
20481,1
20482,2
20483,5
20484,1
20485,0
20486,1
20487,2
20488,2
20489,0
20490,2
20491,2
20492,3
20493,2
20494,2
20495,6
20496,4
20497,0
20498,4
20499,6
20500,1
20501,1
20502,2
20503,2
20504,4
20505,4
20506,2
20507,1
20508,4
20509,1
20510,0
20511,2
20512,2
20513,5
20514,6
20515,0
20516,3
20517,4
20518,4
20519,2
20520,2
20521,1
20522,0
20523,2
20524,6
20525,5
20526,3
20527,3
20528,4
20529,0
20530,2
20531,2
20532,1
20533,0
20534,1
20535,1
20536,2
20537,6
20538,3
20539,6
20540,2
20541,0
20542,4
20543,1
20544,1
20545,3
20546,0
20547,1
20548,2
20549,3
20550,5
20551,1
20552,0
20553,2
20554,4
20555,4
20556,1
20557,3
20558,0
20559,1
20560,0
20561,1
20562,2
20563,1
20564,1
20565,2
20566,5
20567,1
20568,3
20569,3
20570,1
20571,3
20572,0
20573,2
20574,6
20575,1
20576,1
20577,2
20578,5
20579,4
20580,1
20581,1
20582,1
20583,2
20584,1
20585,4
20586,0
20587,3
20588,3
20589,5
20590,1
20591,4
20592,1
20593,4
20594,0
20595,5
20596,6
20597,2
20598,1
20599,0
20600,2
20601,0
20602,1
20603,3
20604,2
20605,4
20606,0
20607,5
20608,2
20609,1
20610,2
20611,0
20612,3
20613,0
20614,1
20615,5
20616,2
20617,1
20618,0
20619,2
20620,1
20621,1
20622,1
20623,5
20624,5
20625,0
20626,1
20627,1
20628,0
20629,1
20630,3
20631,5
20632,0
20633,2
20634,6
20635,0
20636,0
20637,2
20638,4
20639,1
20640,2
20641,3
20642,6
20643,0
20644,5
20645,6
20646,2
20647,0
20648,2
20649,4
20650,2
20651,1
20652,4
20653,5
20654,1
20655,5
20656,6
20657,2
20658,6
20659,0
20660,3
20661,1
20662,6
20663,5
20664,2
20665,3
20666,2
20667,2
20668,3
20669,0
20670,4
20671,2
20672,0
20673,1
20674,5
20675,1
20676,1
20677,0
20678,0
20679,1
20680,1
20681,2
20682,4
20683,4
20684,2
20685,2
20686,2
20687,1
20688,1
20689,5
20690,3
20691,1
20692,2
20693,4
20694,2
20695,1
20696,3
20697,1
20698,0
20699,6
20700,4
20701,2
20702,1
20703,5
20704,1
20705,5
20706,1
20707,0
20708,3
20709,4
20710,4
20711,6
20712,1
20713,5
20714,1
20715,3
20716,2
20717,4
20718,5
20719,0
20720,0
20721,0
20722,1
20723,2
20724,4
20725,1
20726,0
20727,2
20728,4
20729,5
20730,1
20731,1
20732,0
20733,1
20734,3
20735,2
20736,2
20737,2
20738,1
20739,5
20740,6
20741,4
20742,1
20743,2
20744,1
20745,2
20746,2
20747,1
20748,3
20749,0
20750,2
20751,4
20752,1
20753,1
20754,2
20755,2
20756,6
20757,4
20758,1
20759,2
20760,6
20761,2
20762,5
20763,2
20764,1
20765,1
20766,0
20767,1
20768,2
20769,0
20770,5
20771,4
20772,1
20773,5
20774,6
20775,6
20776,5
20777,5
20778,2
20779,4
20780,1
20781,0
20782,0
20783,4
20784,5
20785,1
20786,5
20787,2
20788,2
20789,1
20790,4
20791,6
20792,3
20793,1
20794,2
20795,0
20796,5
20797,2
20798,2
20799,6
20800,1
20801,3
20802,2
20803,0
20804,6
20805,1
20806,2
20807,0
20808,2
20809,2
20810,4
20811,0
20812,2
20813,2
20814,2
20815,5
20816,1
20817,2
20818,2
20819,2
20820,3
20821,0
20822,1
20823,0
20824,1
20825,1
20826,1
20827,3
20828,4
20829,1
20830,1
20831,1
20832,5
20833,0
20834,1
20835,2
20836,3
20837,2
20838,5
20839,6
20840,0
20841,1
20842,6
20843,6
20844,2
20845,0
20846,1
20847,1
20848,6
20849,2
20850,4
20851,5
20852,4
20853,2
20854,2
20855,1
20856,3
20857,3
20858,1
20859,4
20860,1
20861,1
20862,5
20863,6
20864,3
20865,5
20866,4
20867,6
20868,1
20869,0
20870,4
20871,5
20872,2
20873,6
20874,5
20875,2
20876,5
20877,1
20878,6
20879,6
20880,6
20881,0
20882,1
20883,3
20884,2
20885,2
20886,1
20887,2
20888,5
20889,2
20890,1
20891,2
20892,3
20893,4
20894,3
20895,1
20896,1
20897,0
20898,4
20899,2
20900,6
20901,6
20902,6
20903,1
20904,2
20905,5
20906,1
20907,4
20908,3
20909,2
20910,6
20911,5
20912,3
20913,4
20914,4
20915,0
20916,0
20917,2
20918,1
20919,1
20920,5
20921,3
20922,2
20923,1
20924,4
20925,1
20926,5
20927,5
20928,4
20929,5
20930,3
20931,2
20932,4
20933,5
20934,3
20935,5
20936,1
20937,1
20938,0
20939,4
20940,2
20941,6
20942,2
20943,1
20944,5
20945,6
20946,4
20947,4
20948,1
20949,2
20950,6
20951,2
20952,6
20953,2
20954,1
20955,2
20956,2
20957,1
20958,2
20959,5
20960,5
20961,0
20962,2
20963,3
20964,6
20965,5
20966,4
20967,1
20968,2
20969,1
20970,3
20971,1
20972,4
20973,4
20974,2
20975,1
20976,5
20977,6
20978,4
20979,3
20980,2
20981,0
20982,2
20983,3
20984,1
20985,2
20986,4
20987,0
20988,2
20989,1
20990,6
20991,1
20992,0
20993,3
20994,1
20995,5
20996,1
20997,4
20998,4
20999,5
21000,5
21001,2
21002,2
21003,0
21004,0
21005,2
21006,2
21007,5
21008,2
21009,4
21010,5
21011,2
21012,2
21013,5
21014,4
21015,0
21016,6
21017,1
21018,4
21019,2
21020,2
21021,1
21022,1
21023,2
21024,4
21025,1
21026,4
21027,1
21028,2
21029,2
21030,6
21031,2
21032,4
21033,2
21034,3
21035,3
21036,2
21037,5
21038,5
21039,6
21040,6
21041,3
21042,3
21043,1
21044,0
21045,2
21046,3
21047,0
21048,4
21049,2
21050,2
21051,2
21052,2
21053,0
21054,1
21055,2
21056,6
21057,2
21058,1
21059,4
21060,0
21061,3
21062,3
21063,3
21064,1
21065,1
21066,0
21067,4
21068,2
21069,6
21070,6
21071,6
21072,5
21073,1
21074,1
21075,4
21076,1
21077,3
21078,0
21079,0
21080,2
21081,1
21082,6
21083,1
21084,4
21085,2
21086,3
21087,5
21088,5
21089,1
21090,1
21091,5
21092,1
21093,4
21094,1
21095,0
21096,2
21097,1
21098,1
21099,3
21100,0
21101,4
21102,0
21103,1
21104,1
21105,6
21106,3
21107,1
21108,4
21109,0
21110,2
21111,0
21112,1
21113,2
21114,0
21115,6
21116,1
21117,3
21118,6
21119,1
21120,1
21121,0
21122,2
21123,2
21124,2
21125,2
21126,0
21127,2
21128,5
21129,1
21130,1
21131,4
21132,3
21133,3
21134,0
21135,2
21136,2
21137,0
21138,2
21139,5
21140,2
21141,1
21142,3
21143,2
21144,1
21145,0
21146,1
21147,5
21148,1
21149,0
21150,1
21151,5
21152,0
21153,2
21154,5
21155,2
21156,3
21157,3
21158,1
21159,1
21160,0
21161,1
21162,1
21163,3
21164,2
21165,3
21166,2
21167,6
21168,5
21169,6
21170,5
21171,0
21172,2
21173,2
21174,1
21175,0
21176,2
21177,4
21178,5
21179,3
21180,2
21181,4
21182,2
21183,1
21184,4
21185,6
21186,1
21187,2
21188,2
21189,6
21190,2
21191,1
21192,5
21193,4
21194,0
21195,2
21196,1
21197,1
21198,1
21199,6
21200,1
21201,2
21202,3
21203,1
21204,5
21205,3
21206,4
21207,2
21208,0
21209,2
21210,2
21211,5
21212,6
21213,0
21214,2
21215,5
21216,6
21217,3
21218,4
21219,6
21220,6
21221,3
21222,1
21223,0
21224,5
21225,3
21226,5
21227,1
21228,4
21229,2
21230,0
21231,2
21232,0
21233,0
21234,2
21235,6
21236,6
21237,1
21238,6
21239,2
21240,2
21241,1
21242,2
21243,0
21244,1
21245,1
21246,1
21247,1
21248,3
21249,2
21250,2
21251,2
21252,3
21253,6
21254,6
21255,1
21256,6
21257,3
21258,1
21259,2
21260,2
21261,4
21262,5
21263,0
21264,3
21265,4
21266,2
21267,1
21268,5
21269,2
21270,2
21271,3
21272,1
21273,5
21274,0
21275,3
21276,6
21277,5
21278,5
21279,1
21280,5
21281,4
21282,4
21283,0
21284,1
21285,0
21286,0
21287,1
21288,2
21289,1
21290,1
21291,5
21292,5
21293,6
21294,5
21295,5
21296,1
21297,4
21298,1
21299,1
21300,0
21301,2
21302,5
21303,3
21304,2
21305,1
21306,2
21307,4
21308,6
21309,3
21310,0
21311,5
21312,1
21313,2
21314,2
21315,0
21316,3
21317,2
21318,0
21319,1
21320,5
21321,0
21322,4
21323,6
21324,1
21325,1
21326,2
21327,2
21328,1
21329,1
21330,0
21331,2
21332,1
21333,2
21334,4
21335,2
21336,2
21337,0
21338,4
21339,2
21340,2
21341,2
21342,2
21343,1
21344,2
21345,2
21346,1
21347,1
21348,1
21349,1
21350,2
21351,1
21352,1
21353,3
21354,4
21355,2
21356,6
21357,4
21358,2
21359,2
21360,0
21361,0
21362,1
21363,3
21364,5
21365,3
21366,3
21367,3
21368,5
21369,4
21370,1
21371,0
21372,1
21373,5
21374,3
21375,2
21376,2
21377,2
21378,0
21379,1
21380,4
21381,3
21382,2
21383,2
21384,1
21385,2
21386,1
21387,1
21388,0
21389,6
21390,2
21391,4
21392,2
21393,3
21394,2
21395,1
21396,3
21397,0
21398,2
21399,0
21400,4
21401,4
21402,1
21403,2
21404,4
21405,2
21406,2
21407,3
21408,1
21409,2
21410,6
21411,3
21412,2
21413,5
21414,2
21415,5
21416,3
21417,4
21418,5
21419,5
21420,1
21421,0
21422,3
21423,2
21424,4
21425,1
21426,5
21427,1
21428,2
21429,1
21430,5
21431,1
21432,1
21433,0
21434,1
21435,2
21436,6
21437,1
21438,4
21439,2
21440,2
21441,4
21442,6
21443,4
21444,4
21445,2
21446,2
21447,0
21448,2
21449,4
21450,5
21451,3
21452,0
21453,2
21454,2
21455,3
21456,4
21457,2
21458,5
21459,5
21460,2
21461,0
21462,0
21463,6
21464,1
21465,1
21466,0
21467,1
21468,1
21469,1
21470,1
21471,2
21472,2
21473,6
21474,0
21475,1
21476,4
21477,1
21478,6
21479,2
21480,1
21481,1
21482,6
21483,1
21484,0
21485,0
21486,4
21487,1
21488,6
21489,6
21490,1
21491,1
21492,2
21493,2
21494,3
21495,1
21496,6
21497,5
21498,2
21499,1
21500,0
21501,4
21502,5
21503,2
21504,0
21505,2
21506,5
21507,2
21508,5
21509,1
21510,6
21511,5
21512,2
21513,1
21514,2
21515,4
21516,3
21517,2
21518,2
21519,1
21520,4
21521,2
21522,6
21523,3
21524,1
21525,2
21526,1
21527,3
21528,5
21529,2
21530,1
21531,0
21532,2
21533,1
21534,1
21535,4
21536,2
21537,5
21538,5
21539,1
21540,0
21541,2
21542,3
21543,4
21544,4
21545,1
21546,0
21547,6
21548,5
21549,4
21550,2
21551,6
21552,3
21553,2
21554,5
21555,1
21556,1
21557,3
21558,0
21559,2
21560,6
21561,4
21562,1
21563,2
21564,1
21565,2
21566,5
21567,3
21568,1
21569,4
21570,0
21571,2
21572,2
21573,4
21574,4
21575,4
21576,2
21577,1
21578,4
21579,4
21580,0
21581,1
21582,2
21583,2
21584,5
21585,3
21586,2
21587,1
21588,0
21589,0
21590,1
21591,4
21592,5
21593,4
21594,0
21595,4
21596,4
21597,5
21598,2
21599,2
21600,3
21601,6
21602,1
21603,4
21604,1
21605,5
21606,2
21607,0
21608,2
21609,1
21610,2
21611,2
21612,1
21613,5
21614,4
21615,6
21616,6
21617,3
21618,2
21619,1
21620,5
21621,6
21622,3
21623,0
21624,5
21625,5
21626,4
21627,3
21628,1
21629,4
21630,3
21631,6
21632,3
21633,4
21634,3
21635,4
21636,6
21637,1
21638,4
21639,2
21640,5
21641,2
21642,2
21643,1
21644,4
21645,3
21646,0
21647,1
21648,6
21649,2
21650,4
21651,2
21652,1
21653,0
21654,1
21655,2
21656,6
21657,0
21658,1
21659,3
21660,3
21661,2
21662,2
21663,2
21664,0
21665,1
21666,5
21667,5
21668,5
21669,2
21670,1
21671,6
21672,2
21673,2
21674,2
21675,0
21676,3
21677,5
21678,1
21679,1
21680,4
21681,4
21682,5
21683,1
21684,2
21685,0
21686,0
21687,1
21688,2
21689,1
21690,3
21691,6
21692,6
21693,5
21694,4
21695,0
21696,4
21697,2
21698,3
21699,2
21700,0
21701,0
21702,2
21703,4
21704,6
21705,4
21706,2
21707,2
21708,2
21709,4
21710,4
21711,2
21712,6
21713,2
21714,3
21715,4
21716,0
21717,5
21718,1
21719,1
21720,1
21721,6
21722,1
21723,1
21724,1
21725,4
21726,1
21727,5
21728,4
21729,1
21730,4
21731,5
21732,1
21733,5
21734,2
21735,4
21736,5
21737,2
21738,5
21739,4
21740,2
21741,5
21742,1
21743,2
21744,0
21745,3
21746,5
21747,0
21748,0
21749,5
21750,3
21751,5
21752,5
21753,1
21754,0
21755,0
21756,4
21757,0
21758,2
21759,0
21760,5
21761,1
21762,2
21763,1
21764,3
21765,4
21766,3
21767,2
21768,2
21769,1
21770,5
21771,6
21772,2
21773,2
21774,6
21775,2
21776,2
21777,0
21778,2
21779,5
21780,2
21781,1
21782,0
21783,2
21784,3
21785,4
21786,0
21787,2
21788,0
21789,6
21790,1
21791,1
21792,1
21793,4
21794,2
21795,5
21796,4
21797,1
21798,5
21799,0
21800,6
21801,1
21802,0
21803,1
21804,1
21805,2
21806,0
21807,2
21808,6
21809,1
21810,1
21811,6
21812,1
21813,4
21814,1
21815,2
21816,0
21817,4
21818,1
21819,3
21820,4
21821,3
21822,2
21823,4
21824,5
21825,6
21826,0
21827,5
21828,2
21829,1
21830,1
21831,1
21832,5
21833,0
21834,2
21835,1
21836,1
21837,6
21838,2
21839,2
21840,0
21841,1
21842,0
21843,6
21844,2
21845,3
21846,1
21847,4
21848,1
21849,1
21850,2
21851,1
21852,6
21853,2
21854,5
21855,4
21856,3
21857,4
21858,3
21859,6
21860,6
21861,1
21862,1
21863,1
21864,4
21865,4
21866,5
21867,6
21868,2
21869,2
21870,2
21871,2
21872,2
21873,6
21874,1
21875,2
21876,1
21877,6
21878,1
21879,2
21880,2
21881,3
21882,6
21883,2
21884,3
21885,1
21886,6
21887,3
21888,3
21889,0
21890,0
21891,1
21892,2
21893,1
21894,1
21895,4
21896,3
21897,2
21898,6
21899,6
21900,0
21901,0
21902,4
21903,1
21904,6
21905,4
21906,6
21907,3
21908,2
21909,1
21910,0
21911,2
21912,2
21913,1
21914,4
21915,6
21916,1
21917,1
21918,2
21919,0
21920,3
21921,3
21922,2
21923,6
21924,2
21925,1
21926,0
21927,1
21928,5
21929,2
21930,1
21931,1
21932,6
21933,5
21934,5
21935,2
21936,1
21937,5
21938,4
21939,6
21940,4
21941,3
21942,5
21943,1
21944,5
21945,1
21946,2
21947,5
21948,5
21949,4
21950,3
21951,0
21952,1
21953,2
21954,2
21955,2
21956,2
21957,1
21958,2
21959,1
21960,1
21961,1
21962,6
21963,3
21964,5
21965,6
21966,6
21967,0
21968,2
21969,1
21970,1
21971,2
21972,1
21973,2
21974,0
21975,3
21976,0
21977,3
21978,2
21979,0
21980,1
21981,4
21982,0
21983,3
21984,1
21985,0
21986,2
21987,1
21988,1
21989,2
21990,5
21991,1
21992,2
21993,2
21994,2
21995,2
21996,3
21997,3
21998,4
21999,0
22000,3
22001,4
22002,3
22003,1
22004,2
22005,5
22006,2
22007,4
22008,1
22009,1
22010,4
22011,2
22012,1
22013,4
22014,1
22015,3
22016,6
22017,2
22018,5
22019,1
22020,5
22021,2
22022,5
22023,6
22024,1
22025,0
22026,0
22027,4
22028,3
22029,6
22030,1
22031,2
22032,1
22033,5
22034,1
22035,4
22036,1
22037,5
22038,0
22039,0
22040,3
22041,2
22042,2
22043,6
22044,1
22045,3
22046,6
22047,4
22048,1
22049,4
22050,3
22051,4
22052,6
22053,1
22054,4
22055,4
22056,5
22057,6
22058,3
22059,6
22060,1
22061,1
22062,6
22063,1
22064,2
22065,1
22066,2
22067,2
22068,1
22069,2
22070,1
22071,2
22072,2
22073,2
22074,2
22075,1
22076,2
22077,1
22078,5
22079,5
22080,5
22081,4
22082,3
22083,1
22084,4
22085,0
22086,5
22087,5
22088,2
22089,5
22090,6
22091,1
22092,2
22093,1
22094,2
22095,1
22096,6
22097,2
22098,2
22099,6
22100,4
22101,0
22102,2
22103,1
22104,4
22105,3
22106,4
22107,2
22108,1
22109,6
22110,0
22111,2
22112,6
22113,2
22114,1
22115,0
22116,4
22117,6
22118,6
22119,0
22120,0
22121,2
22122,4
22123,6
22124,0
22125,6
22126,2
22127,2
22128,3
22129,4
22130,2
22131,0
22132,4
22133,2
22134,2
22135,5
22136,4
22137,1
22138,0
22139,1
22140,2
22141,3
22142,0
22143,4
22144,3
22145,0
22146,0
22147,6
22148,1
22149,1
22150,1
22151,1
22152,6
22153,1
22154,4
22155,1
22156,6
22157,6
22158,5
22159,6
22160,1
22161,6
22162,4
22163,5
22164,0
22165,1
22166,6
22167,1
22168,1
22169,1
22170,5
22171,0
22172,1
22173,3
22174,3
22175,3
22176,1
22177,1
22178,2
22179,1
22180,2
22181,2
22182,2
22183,1
22184,0
22185,2
22186,3
22187,1
22188,1
22189,5
22190,0
22191,3
22192,3
22193,1
22194,4
22195,6
22196,3
22197,6
22198,2
22199,2
22200,0
22201,4
22202,2
22203,2
22204,1
22205,6
22206,2
22207,1
22208,5
22209,2
22210,0
22211,0
22212,2
22213,2
22214,1
22215,0
22216,5
22217,2
22218,3
22219,2
22220,2
22221,1
22222,6
22223,0
22224,1
22225,4
22226,1
22227,6
22228,6
22229,1
22230,3
22231,2
22232,1
22233,2
22234,4
22235,5
22236,3
22237,0
22238,0
22239,4
22240,3
22241,1
22242,1
22243,1
22244,1
22245,2
22246,3
22247,1
22248,6
22249,5
22250,0
22251,2
22252,2
22253,0
22254,2
22255,0
22256,0
22257,4
22258,2
22259,2
22260,2
22261,6
22262,4
22263,1
22264,2
22265,5
22266,0
22267,3
22268,0
22269,0
22270,2
22271,3
22272,6
22273,6
22274,2
22275,6
22276,1
22277,1
22278,5
22279,1
22280,3
22281,0
22282,1
22283,4
22284,5
22285,3
22286,2
22287,6
22288,0
22289,2
22290,2
22291,1
22292,2
22293,2
22294,3
22295,5
22296,1
22297,3
22298,3
22299,0
22300,0
22301,6
22302,5
22303,6
22304,2
22305,6
22306,2
22307,2
22308,1
22309,6
22310,2
22311,4
22312,0
22313,0
22314,5
22315,2
22316,1
22317,1
22318,1
22319,1
22320,1
22321,4
22322,4
22323,2
22324,2
22325,1
22326,1
22327,4
22328,4
22329,2
22330,1
22331,2
22332,1
22333,2
22334,4
22335,6
22336,0
22337,2
22338,1
22339,5
22340,3
22341,4
22342,1
22343,0
22344,4
22345,3
22346,3
22347,6
22348,1
22349,4
22350,2
22351,0
22352,0
22353,2
22354,3
22355,2
22356,5
22357,1
22358,0
22359,4
22360,1
22361,2
22362,6
22363,2
22364,2
22365,2
22366,1
22367,3
22368,3
22369,1
22370,5
22371,5
22372,0
22373,6
22374,1
22375,4
22376,4
22377,6
22378,2
22379,6
22380,5
22381,2
22382,3
22383,1
22384,3
22385,2
22386,3
22387,1
22388,1
22389,2
22390,1
22391,4
22392,1
22393,2
22394,1
22395,6
22396,0
22397,1
22398,0
22399,1
22400,1
22401,2
22402,5
22403,3
22404,2
22405,6
22406,1
22407,2
22408,0
22409,2
22410,1
22411,2
22412,2
22413,0
22414,0
22415,3
22416,3
22417,5
22418,0
22419,3
22420,4
22421,2
22422,2
22423,5
22424,5
22425,3
22426,1
22427,5
22428,1
22429,6
22430,0
22431,3
22432,1
22433,0
22434,3
22435,3
22436,5
22437,4
22438,2
22439,1
22440,2
22441,6
22442,2
22443,2
22444,0
22445,0
22446,1
22447,6
22448,4
22449,3
22450,0
22451,5
22452,3
22453,2
22454,2
22455,4
22456,2
22457,6
22458,4
22459,4
22460,6
22461,1
22462,5
22463,2
22464,1
22465,1
22466,1
22467,1
22468,1
22469,5
22470,4
22471,1
22472,6
22473,5
22474,2
22475,0
22476,2
22477,5
22478,6
22479,4
22480,5
22481,4
22482,6
22483,5
22484,2
22485,2
22486,5
22487,0
22488,1
22489,1
22490,2
22491,2
22492,0
22493,2
22494,1
22495,2
22496,0
22497,2
22498,1
22499,5
22500,1
22501,0
22502,2
22503,5
22504,5
22505,2
22506,0
22507,2
22508,1
22509,6
22510,0
22511,0
22512,6
22513,5
22514,5
22515,2
22516,4
22517,6
22518,0
22519,1
22520,5
22521,3
22522,2
22523,2
22524,2
22525,5
22526,2
22527,4
22528,1
22529,1
22530,5
22531,2
22532,1
22533,5
22534,3
22535,2
22536,2
22537,5
22538,1
22539,2
22540,6
22541,2
22542,3
22543,2
22544,2
22545,1
22546,1
22547,3
22548,5
22549,4
22550,2
22551,3
22552,4
22553,1
22554,1
22555,5
22556,1
22557,0
22558,6
22559,0
22560,3
22561,2
22562,2
22563,6
22564,2
22565,6
22566,3
22567,4
22568,3
22569,2
22570,0
22571,2
22572,2
22573,2
22574,0
22575,1
22576,1
22577,2
22578,2
22579,2
22580,2
22581,0
22582,6
22583,1
22584,2
22585,0
22586,2
22587,2
22588,5
22589,0
22590,6
22591,1
22592,1
22593,2
22594,1
22595,1
22596,5
22597,1
22598,1
22599,3
22600,0
22601,1
22602,2
22603,1
22604,5
22605,2
22606,2
22607,5
22608,3
22609,1
22610,0
22611,1
22612,2
22613,1
22614,3
22615,2
22616,2
22617,1
22618,2
22619,6
22620,4
22621,1
22622,1
22623,6
22624,1
22625,5
22626,3
22627,0
22628,4
22629,4
22630,6
22631,1
22632,2
22633,4
22634,1
22635,6
22636,6
22637,2
22638,5
22639,5
22640,6
22641,3
22642,3
22643,2
22644,5
22645,6
22646,0
22647,2
22648,3
22649,3
22650,0
22651,0
22652,3
22653,6
22654,0
22655,4
22656,2
22657,2
22658,2
22659,5
22660,1
22661,0
22662,4
22663,4
22664,0
22665,4
22666,4
22667,4
22668,2
22669,2
22670,2
22671,1
22672,2
22673,2
22674,0
22675,2
22676,4
22677,2
22678,4
22679,0
22680,0
22681,2
22682,6
22683,2
22684,5
22685,5
22686,6
22687,1
22688,0
22689,2
22690,6
22691,5
22692,2
22693,2
22694,1
22695,6
22696,6
22697,1
22698,2
22699,1
22700,3
22701,2
22702,1
22703,0
22704,2
22705,0
22706,0
22707,4
22708,1
22709,6
22710,1
22711,6
22712,0
22713,2
22714,2
22715,2
22716,2
22717,4
22718,3
22719,0
22720,0
22721,1
22722,1
22723,1
22724,1
22725,4
22726,0
22727,5
22728,1
22729,1
22730,2
22731,1
22732,2
22733,1
22734,2
22735,2
22736,2
22737,1
22738,1
22739,0
22740,2
22741,3
22742,5
22743,1
22744,3
22745,2
22746,1
22747,2
22748,1
22749,2
22750,6
22751,1
22752,5
22753,0
22754,5
22755,2
22756,2
22757,4
22758,1
22759,6
22760,1
22761,6
22762,1
22763,2
22764,2
22765,3
22766,2
22767,0
22768,1
22769,4
22770,1
22771,3
22772,1
22773,1
22774,0
22775,5
22776,1
22777,4
22778,2
22779,2
22780,2
22781,4
22782,2
22783,0
22784,1
22785,1
22786,1
22787,2
22788,3
22789,5
22790,5
22791,2
22792,3
22793,2
22794,5
22795,5
22796,1
22797,6
22798,2
22799,5
22800,1
22801,0
22802,1
22803,2
22804,0
22805,6
22806,1
22807,0
22808,6
22809,3
22810,1
22811,5
22812,4
22813,2
22814,4
22815,6
22816,2
22817,0
22818,4
22819,1
22820,4
22821,1
22822,3
22823,4
22824,1
22825,3
22826,2
22827,1
22828,3
22829,1
22830,4
22831,2
22832,0
22833,2
22834,0
22835,2
22836,4
22837,2
22838,3
22839,4
22840,4
22841,2
22842,2
22843,1
22844,4
22845,0
22846,1
22847,2
22848,2
22849,5
22850,5
22851,2
22852,5
22853,1
22854,2
22855,4
22856,0
22857,6
22858,4
22859,2
22860,5
22861,0
22862,1
22863,2
22864,2
22865,5
22866,1
22867,6
22868,2
22869,0
22870,4
22871,3
22872,2
22873,6
22874,5
22875,1
22876,2
22877,1
22878,4
22879,5
22880,2
22881,0
22882,3
22883,0
22884,3
22885,3
22886,3
22887,2
22888,3
22889,1
22890,1
22891,0
22892,6
22893,3
22894,2
22895,2
22896,0
22897,3
22898,6
22899,6
22900,5
22901,4
22902,2
22903,0
22904,1
22905,2
22906,3
22907,1
22908,3
22909,1
22910,3
22911,1
22912,4
22913,1
22914,0
22915,1
22916,3
22917,6
22918,1
22919,2
22920,6
22921,6
22922,5
22923,3
22924,1
22925,3
22926,3
22927,5
22928,5
22929,2
22930,4
22931,1
22932,2
22933,6
22934,2
22935,0
22936,0
22937,1
22938,0
22939,0
22940,0
22941,6
22942,1
22943,2
22944,2
22945,0
22946,3
22947,1
22948,5
22949,5
22950,0
22951,1
22952,1
22953,5
22954,6
22955,5
22956,1
22957,1
22958,3
22959,4
22960,2
22961,5
22962,1
22963,2
22964,0
22965,2
22966,4
22967,5
22968,1
22969,2
22970,2
22971,2
22972,1
22973,1
22974,0
22975,3
22976,5
22977,1
22978,6
22979,0
22980,3
22981,0
22982,3
22983,6
22984,6
22985,2
22986,1
22987,2
22988,2
22989,1
22990,2
22991,1
22992,4
22993,2
22994,1
22995,4
22996,0
22997,0
22998,4
22999,0
23000,2
23001,2
23002,2
23003,0
23004,1
23005,5
23006,3
23007,2
23008,0
23009,1
23010,0
23011,6
23012,2
23013,2
23014,3
23015,2
23016,5
23017,5
23018,0
23019,4
23020,2
23021,2
23022,5
23023,1
23024,1
23025,1
23026,1
23027,2
23028,2
23029,1
23030,0
23031,1
23032,3
23033,1
23034,1
23035,0
23036,2
23037,4
23038,3
23039,4
23040,5
23041,2
23042,2
23043,3
23044,5
23045,6
23046,1
23047,4
23048,3
23049,2
23050,2
23051,1
23052,4
23053,4
23054,4
23055,1
23056,0
23057,1
23058,1
23059,1
23060,5
23061,2
23062,1
23063,2
23064,3
23065,6
23066,3
23067,1
23068,2
23069,6
23070,1
23071,3
23072,4
23073,0
23074,6
23075,0
23076,6
23077,2
23078,1
23079,3
23080,6
23081,6
23082,5
23083,3
23084,4
23085,0
23086,0
23087,6
23088,2
23089,1
23090,1
23091,3
23092,1
23093,4
23094,5
23095,2
23096,4
23097,5
23098,0
23099,5
23100,2
23101,1
23102,4
23103,1
23104,4
23105,1
23106,1
23107,3
23108,1
23109,4
23110,2
23111,3
23112,1
23113,4
23114,0
23115,5
23116,2
23117,0
23118,2
23119,4
23120,1
23121,2
23122,5
23123,5
23124,6
23125,0
23126,1
23127,4
23128,4
23129,1
23130,2
23131,2
23132,4
23133,0
23134,1
23135,4
23136,2
23137,2
23138,0
23139,1
23140,6
23141,2
23142,4
23143,4
23144,2
23145,1
23146,1
23147,5
23148,1
23149,1
23150,1
23151,2
23152,0
23153,2
23154,0
23155,3
23156,0
23157,1
23158,6
23159,4
23160,4
23161,0
23162,2
23163,2
23164,5
23165,1
23166,1
23167,0
23168,2
23169,2
23170,2
23171,1
23172,1
23173,0
23174,2
23175,4
23176,5
23177,6
23178,2
23179,4
23180,2
23181,2
23182,1
23183,0
23184,0
23185,2
23186,6
23187,0
23188,0
23189,0
23190,4
23191,5
23192,2
23193,6
23194,2
23195,0
23196,2
23197,6
23198,1
23199,6
23200,5
23201,0
23202,4
23203,2
23204,1
23205,2
23206,2
23207,0
23208,2
23209,2
23210,0
23211,1
23212,1
23213,5
23214,1
23215,4
23216,1
23217,1
23218,2
23219,4
23220,2
23221,2
23222,0
23223,1
23224,2
23225,0
23226,3
23227,2
23228,6
23229,1
23230,2
23231,2
23232,2
23233,3
23234,1
23235,0
23236,0
23237,2
23238,0
23239,0
23240,0
23241,1
23242,0
23243,0
23244,1
23245,3
23246,3
23247,0
23248,6
23249,2
23250,5
23251,6
23252,3
23253,1
23254,0
23255,4
23256,1
23257,6
23258,4
23259,0
23260,3
23261,4
23262,5
23263,0
23264,0
23265,3
23266,4
23267,4
23268,1
23269,0
23270,5
23271,1
23272,2
23273,0
23274,4
23275,3
23276,4
23277,1
23278,2
23279,4
23280,1
23281,1
23282,0
23283,1
23284,1
23285,4
23286,6
23287,5
23288,6
23289,2
23290,2
23291,2
23292,1
23293,3
23294,1
23295,2
23296,6
23297,0
23298,4
23299,4
23300,4
23301,1
23302,0
23303,3
23304,4
23305,1
23306,1
23307,1
23308,0
23309,4
23310,1
23311,5
23312,1
23313,1
23314,1
23315,1
23316,6
23317,3
23318,6
23319,1
23320,1
23321,1
23322,2
23323,2
23324,4
23325,1
23326,1
23327,0
23328,5
23329,1
23330,3
23331,0
23332,2
23333,2
23334,2
23335,1
23336,1
23337,4
23338,0
23339,2
23340,1
23341,2
23342,2
23343,1
23344,5
23345,3
23346,1
23347,1
23348,5
23349,1
23350,4
23351,2
23352,1
23353,0
23354,3
23355,3
23356,2
23357,6
23358,5
23359,1
23360,4
23361,2
23362,4
23363,6
23364,3
23365,2
23366,1
23367,4
23368,2
23369,0
23370,1
23371,1
23372,0
23373,2
23374,3
23375,5
23376,1
23377,1
23378,3
23379,2
23380,2
23381,3
23382,1
23383,0
23384,4
23385,1
23386,1
23387,1
23388,1
23389,2
23390,1
23391,1
23392,4
23393,2
23394,2
23395,2
23396,1
23397,0
23398,0
23399,2
23400,6
23401,1
23402,3
23403,1
23404,4
23405,5
23406,1
23407,2
23408,1
23409,2
23410,6
23411,0
23412,1
23413,1
23414,2
23415,5
23416,0
23417,3
23418,1
23419,1
23420,3
23421,2
23422,6
23423,1
23424,2
23425,2
23426,3
23427,1
23428,1
23429,2
23430,0
23431,1
23432,1
23433,0
23434,0
23435,2
23436,2
23437,2
23438,2
23439,1
23440,3
23441,1
23442,1
23443,3
23444,2
23445,1
23446,3
23447,2
23448,1
23449,4
23450,0
23451,0
23452,3
23453,2
23454,0
23455,1
23456,1
23457,0
23458,6
23459,2
23460,0
23461,2
23462,2
23463,2
23464,1
23465,4
23466,1
23467,6
23468,2
23469,0
23470,5
23471,2
23472,0
23473,2
23474,6
23475,6
23476,5
23477,3
23478,1
23479,1
23480,4
23481,3
23482,0
23483,0
23484,1
23485,2
23486,3
23487,3
23488,6
23489,2
23490,4
23491,4
23492,5
23493,0
23494,3
23495,0
23496,3
23497,2
23498,5
23499,1
23500,2
23501,2
23502,1
23503,2
23504,2
23505,6
23506,1
23507,5
23508,2
23509,1
23510,6
23511,3
23512,0
23513,3
23514,0
23515,1
23516,6
23517,3
23518,2
23519,3
23520,1
23521,3
23522,6
23523,2
23524,1
23525,5
23526,2
23527,1
23528,4
23529,2
23530,1
23531,4
23532,6
23533,4
23534,6
23535,6
23536,2
23537,1
23538,3
23539,2
23540,3
23541,2
23542,3
23543,2
23544,1
23545,2
23546,5
23547,4
23548,5
23549,1
23550,5
23551,2
23552,4
23553,6
23554,6
23555,5
23556,6
23557,3
23558,1
23559,1
23560,4
23561,1
23562,0
23563,6
23564,5
23565,5
23566,2
23567,3
23568,2
23569,2
23570,0
23571,1
23572,5
23573,0
23574,2
23575,1
23576,2
23577,2
23578,4
23579,2
23580,3
23581,3
23582,4
23583,2
23584,1
23585,1
23586,0
23587,1
23588,4
23589,5
23590,1
23591,0
23592,2
23593,2
23594,2
23595,2
23596,3
23597,2
23598,2
23599,3
23600,2
23601,1
23602,4
23603,1
23604,2
23605,6
23606,4
23607,1
23608,2
23609,4
23610,2
23611,1
23612,0
23613,2
23614,4
23615,5
23616,3
23617,3
23618,1
23619,0
23620,5
23621,2
23622,4
23623,2
23624,0
23625,1
23626,2
23627,1
23628,2
23629,1
23630,0
23631,1
23632,5
23633,2
23634,2
23635,6
23636,4
23637,3
23638,5
23639,1
23640,3
23641,6
23642,6
23643,5
23644,3
23645,3
23646,2
23647,0
23648,0
23649,5
23650,3
23651,5
23652,2
23653,1
23654,5
23655,6
23656,4
23657,3
23658,2
23659,0
23660,2
23661,3
23662,2
23663,5
23664,1
23665,3
23666,6
23667,3
23668,1
23669,0
23670,0
23671,3
23672,5
23673,2
23674,2
23675,4
23676,1
23677,2
23678,5
23679,4
23680,4
23681,3
23682,4
23683,2
23684,1
23685,6
23686,1
23687,3
23688,5
23689,0
23690,4
23691,3
23692,1
23693,3
23694,5
23695,4
23696,3
23697,2
23698,1
23699,1
23700,1
23701,2
23702,0
23703,3
23704,1
23705,1
23706,2
23707,4
23708,4
23709,3
23710,6
23711,2
23712,1
23713,2
23714,2
23715,2
23716,2
23717,4
23718,2
23719,4
23720,1
23721,1
23722,0
23723,2
23724,1
23725,2
23726,4
23727,5
23728,2
23729,4
23730,4
23731,6
23732,2
23733,2
23734,1
23735,2
23736,0
23737,6
23738,2
23739,2
23740,3
23741,4
23742,0
23743,3
23744,6
23745,6
23746,3
23747,2
23748,0
23749,0
23750,0
23751,2
23752,4
23753,6
23754,5
23755,1
23756,1
23757,2
23758,5
23759,3
23760,1
23761,1
23762,0
23763,3
23764,1
23765,5
23766,6
23767,2
23768,3
23769,2
23770,0
23771,3
23772,1
23773,2
23774,0
23775,1
23776,2
23777,4
23778,0
23779,1
23780,4
23781,1
23782,3
23783,1
23784,1
23785,0
23786,5
23787,5
23788,1
23789,3
23790,1
23791,5
23792,4
23793,6
23794,0
23795,2
23796,4
23797,1
23798,1
23799,1
23800,0
23801,2
23802,1
23803,2
23804,6
23805,3
23806,2
23807,5
23808,2
23809,1
23810,4
23811,2
23812,0
23813,1
23814,1
23815,0
23816,5
23817,2
23818,4
23819,0
23820,0
23821,1
23822,3
23823,5
23824,1
23825,6
23826,2
23827,5
23828,1
23829,2
23830,1
23831,2
23832,4
23833,2
23834,5
23835,1
23836,3
23837,0
23838,3
23839,6
23840,1
23841,3
23842,1
23843,2
23844,1
23845,1
23846,2
23847,1
23848,0
23849,2
23850,4
23851,1
23852,3
23853,1
23854,6
23855,1
23856,0
23857,2
23858,1
23859,6
23860,4
23861,3
23862,6
23863,1
23864,2
23865,5
23866,3
23867,2
23868,2
23869,0
23870,1
23871,2
23872,5
23873,2
23874,4
23875,2
23876,1
23877,0
23878,2
23879,2
23880,4
23881,2
23882,4
23883,2
23884,1
23885,0
23886,3
23887,2
23888,1
23889,0
23890,2
23891,2
23892,2
23893,3
23894,1
23895,1
23896,5
23897,0
23898,2
23899,6
23900,5
23901,3
23902,1
23903,2
23904,3
23905,6
23906,4
23907,2
23908,2
23909,0
23910,2
23911,1
23912,1
23913,1
23914,3
23915,1
23916,3
23917,0
23918,1
23919,3
23920,6
23921,1
23922,1
23923,3
23924,5
23925,3
23926,3
23927,2
23928,2
23929,1
23930,2
23931,2
23932,4
23933,2
23934,0
23935,4
23936,2
23937,1
23938,3
23939,1
23940,1
23941,2
23942,2
23943,0
23944,4
23945,2
23946,1
23947,1
23948,2
23949,6
23950,1
23951,0
23952,2
23953,2
23954,2
23955,4
23956,1
23957,2
23958,2
23959,2
23960,0
23961,5
23962,0
23963,6
23964,6
23965,1
23966,4
23967,4
23968,4
23969,6
23970,0
23971,6
23972,1
23973,5
23974,5
23975,2
23976,0
23977,0
23978,1
23979,1
23980,0
23981,0
23982,1
23983,3
23984,2
23985,2
23986,0
23987,2
23988,3
23989,4
23990,5
23991,6
23992,2
23993,4
23994,3
23995,2
23996,4
23997,0
23998,2
23999,1
24000,3
24001,2
24002,3
24003,2
24004,2
24005,1
24006,3
24007,4
24008,2
24009,0
24010,5
24011,2
24012,0
24013,1
24014,5
24015,2
24016,2
24017,2
24018,2
24019,2
24020,1
24021,6
24022,3
24023,6
24024,6
24025,0
24026,2
24027,0
24028,2
24029,2
24030,5
24031,3
24032,2
24033,6
24034,1
24035,2
24036,2
24037,1
24038,4
24039,4
24040,2
24041,0
24042,3
24043,1
24044,1
24045,3
24046,4
24047,6
24048,2
24049,6
24050,0
24051,3
24052,2
24053,1
24054,3
24055,5
24056,1
24057,2
24058,2
24059,3
24060,2
24061,2
24062,3
24063,4
24064,0
24065,3
24066,3
24067,1
24068,1
24069,5
24070,1
24071,6
24072,4
24073,3
24074,4
24075,2
24076,2
24077,3
24078,0
24079,6
24080,2
24081,4
24082,5
24083,2
24084,2
24085,3
24086,2
24087,3
24088,4
24089,2
24090,3
24091,1
24092,2
24093,4
24094,0
24095,4
24096,3
24097,5
24098,2
24099,3
24100,0
24101,1
24102,0
24103,1
24104,2
24105,1
24106,4
24107,0
24108,1
24109,2
24110,6
24111,1
24112,4
24113,5
24114,1
24115,2
24116,2
24117,6
24118,1
24119,6
24120,4
24121,1
24122,4
24123,4
24124,2
24125,2
24126,1
24127,6
24128,3
24129,1
24130,0
24131,5
24132,4
24133,1
24134,2
24135,2
24136,6
24137,6
24138,1
24139,1
24140,2
24141,1
24142,5
24143,3
24144,5
24145,4
24146,1
24147,0
24148,0
24149,1
24150,1
24151,4
24152,2
24153,3
24154,6
24155,2
24156,4
24157,3
24158,2
24159,4
24160,6
24161,1
24162,2
24163,2
24164,6
24165,5
24166,1
24167,2
24168,4
24169,3
24170,5
24171,2
24172,4
24173,4
24174,0
24175,2
24176,5
24177,4
24178,2
24179,4
24180,2
24181,4
24182,6
24183,2
24184,4
24185,2
24186,6
24187,1
24188,2
24189,1
24190,5
24191,1
24192,5
24193,6
24194,3
24195,1
24196,3
24197,0
24198,0
24199,4
24200,3
24201,1
24202,3
24203,2
24204,2
24205,0
24206,5
24207,2
24208,3
24209,3
24210,6
24211,2
24212,0
24213,4
24214,3
24215,1
24216,4
24217,3
24218,2
24219,1
24220,1
24221,0
24222,4
24223,1
24224,4
24225,2
24226,2
24227,1
24228,5
24229,6
24230,0
24231,5
24232,2
24233,4
24234,6
24235,3
24236,2
24237,5
24238,2
24239,3
24240,1
24241,2
24242,2
24243,1
24244,6
24245,2
24246,2
24247,1
24248,2
24249,1
24250,1
24251,1
24252,4
24253,0
24254,6
24255,6
24256,2
24257,1
24258,1
24259,0
24260,4
24261,2
24262,4
24263,5
24264,2
24265,2
24266,1
24267,1
24268,4
24269,3
24270,1
24271,0
24272,0
24273,6
24274,5
24275,6
24276,6
24277,2
24278,1
24279,5
24280,1
24281,2
24282,1
24283,6
24284,1
24285,6
24286,2
24287,3
24288,3
24289,2
24290,3
24291,1
24292,2
24293,1
24294,2
24295,1
24296,3
24297,2
24298,2
24299,3
24300,3
24301,5
24302,0
24303,1
24304,2
24305,1
24306,6
24307,5
24308,1
24309,2
24310,6
24311,2
24312,2
24313,5
24314,1
24315,3
24316,0
24317,0
24318,2
24319,1
24320,3
24321,5
24322,2
24323,1
24324,2
24325,1
24326,5
24327,1
24328,2
24329,2
24330,1
24331,1
24332,0
24333,4
24334,1
24335,2
24336,2
24337,2
24338,2
24339,2
24340,1
24341,1
24342,6
24343,4
24344,2
24345,1
24346,6
24347,5
24348,2
24349,2
24350,2
24351,0
24352,1
24353,4
24354,4
24355,1
24356,3
24357,0
24358,6
24359,2
24360,1
24361,1
24362,0
24363,5
24364,6
24365,0
24366,6
24367,3
24368,1
24369,4
24370,6
24371,6
24372,1
24373,0
24374,4
24375,5
24376,2
24377,1
24378,5
24379,2
24380,1
24381,0
24382,4
24383,4
24384,1
24385,3
24386,4
24387,0
24388,2
24389,6
24390,2
24391,6
24392,2
24393,6
24394,3
24395,1
24396,0
24397,1
24398,1
24399,3
24400,4
24401,2
24402,0
24403,0
24404,3
24405,0
24406,2
24407,2
24408,1
24409,5
24410,1
24411,4
24412,2
24413,5
24414,1
24415,6
24416,3
24417,0
24418,4
24419,2
24420,1
24421,3
24422,5
24423,1
24424,3
24425,0
24426,1
24427,4
24428,3
24429,1
24430,5
24431,2
24432,5
24433,5
24434,0
24435,1
24436,1
24437,1
24438,5
24439,1
24440,6
24441,4
24442,1
24443,1
24444,0
24445,4
24446,2
24447,0
24448,0
24449,2
24450,6
24451,5
24452,2
24453,1
24454,0
24455,0
24456,3
24457,0
24458,0
24459,6
24460,5
24461,1
24462,6
24463,5
24464,2
24465,0
24466,1
24467,2
24468,6
24469,2
24470,1
24471,0
24472,2
24473,3
24474,1
24475,2
24476,2
24477,6
24478,1
24479,2
24480,2
24481,6
24482,4
24483,6
24484,1
24485,2
24486,2
24487,0
24488,3
24489,4
24490,1
24491,1
24492,2
24493,3
24494,1
24495,5
24496,3
24497,2
24498,6
24499,4
24500,5
24501,3
24502,2
24503,2
24504,3
24505,1
24506,3
24507,4
24508,2
24509,0
24510,4
24511,2
24512,3
24513,6
24514,2
24515,2
24516,0
24517,3
24518,4
24519,1
24520,1
24521,1
24522,1
24523,2
24524,1
24525,4
24526,6
24527,1
24528,2
24529,2
24530,6
24531,1
24532,2
24533,2
24534,4
24535,1
24536,4
24537,3
24538,1
24539,0
24540,1
24541,0
24542,1
24543,1
24544,1
24545,2
24546,5
24547,0
24548,2
24549,2
24550,0
24551,2
24552,4
24553,2
24554,2
24555,2
24556,0
24557,5
24558,1
24559,6
24560,1
24561,6
24562,6
24563,4
24564,0
24565,1
24566,5
24567,4
24568,1
24569,3
24570,5
24571,1
24572,6
24573,5
24574,5
24575,4
24576,2
24577,1
24578,5
24579,0
24580,0
24581,2
24582,0
24583,2
24584,5
24585,4
24586,5
24587,5
24588,6
24589,3
24590,2
24591,3
24592,2
24593,1
24594,2
24595,0
24596,1
24597,4
24598,0
24599,3
24600,2
24601,5
24602,1
24603,2
24604,2
24605,2
24606,2
24607,1
24608,1
24609,1
24610,2
24611,4
24612,2
24613,2
24614,1
24615,5
24616,5
24617,1
24618,1
24619,1
24620,6
24621,2
24622,6
24623,1
24624,3
24625,5
24626,2
24627,5
24628,1
24629,2
24630,1
24631,2
24632,3
24633,0
24634,2
24635,4
24636,6
24637,1
24638,2
24639,1
24640,1
24641,1
24642,1
24643,4
24644,5
24645,1
24646,1
24647,2
24648,1
24649,4
24650,1
24651,1
24652,1
24653,1
24654,4
24655,2
24656,1
24657,2
24658,5
24659,4
24660,1
24661,0
24662,4
24663,4
24664,6
24665,1
24666,6
24667,6
24668,2
24669,6
24670,0
24671,1
24672,2
24673,5
24674,1
24675,0
24676,3
24677,3
24678,5
24679,0
24680,2
24681,0
24682,6
24683,1
24684,5
24685,1
24686,2
24687,1
24688,2
24689,4
24690,0
24691,1
24692,2
24693,5
24694,5
24695,6
24696,4
24697,1
24698,5
24699,1
24700,3
24701,1
24702,1
24703,6
24704,2
24705,1
24706,6
24707,1
24708,5
24709,2
24710,1
24711,3
24712,1
24713,2
24714,2
24715,1
24716,1
24717,4
24718,5
24719,0
24720,1
24721,4
24722,6
24723,3
24724,2
24725,3
24726,5
24727,2
24728,4
24729,2
24730,1
24731,2
24732,1
24733,2
24734,2
24735,5
24736,2
24737,4
24738,2
24739,5
24740,2
24741,2
24742,0
24743,1
24744,2
24745,1
24746,6
24747,4
24748,5
24749,1
24750,3
24751,0
24752,2
24753,6
24754,0
24755,2
24756,1
24757,2
24758,0
24759,3
24760,6
24761,2
24762,2
24763,2
24764,1
24765,1
24766,2
24767,4
24768,2
24769,1
24770,4
24771,3
24772,2
24773,6
24774,2
24775,0
24776,3
24777,6
24778,1
24779,4
24780,3
24781,3
24782,5
24783,0
24784,4
24785,1
24786,0
24787,2
24788,1
24789,2
24790,0
24791,2
24792,1
24793,1
24794,2
24795,2
24796,2
24797,3
24798,2
24799,6
24800,0
24801,1
24802,4
24803,3
24804,0
24805,6
24806,5
24807,0
24808,2
24809,2
24810,2
24811,2
24812,0
24813,1
24814,4
24815,2
24816,0
24817,6
24818,3
24819,4
24820,0
24821,1
24822,3
24823,2
24824,5
24825,6
24826,1
24827,1
24828,4
24829,2
24830,1
24831,2
24832,0
24833,5
24834,6
24835,1
24836,6
24837,4
24838,0
24839,2
24840,3
24841,4
24842,1
24843,3
24844,2
24845,4
24846,2
24847,1
24848,5
24849,4
24850,0
24851,3
24852,6
24853,3
24854,3
24855,5
24856,5
24857,2
24858,2
24859,3
24860,4
24861,2
24862,4
24863,2
24864,6
24865,6
24866,0
24867,5
24868,6
24869,1
24870,4
24871,2
24872,4
24873,1
24874,2
24875,6
24876,6
24877,5
24878,4
24879,1
24880,1
24881,5
24882,5
24883,6
24884,4
24885,6
24886,0
24887,6
24888,2
24889,0
24890,0
24891,4
24892,4
24893,6
24894,4
24895,3
24896,2
24897,2
24898,0
24899,3
24900,3
24901,3
24902,2
24903,3
24904,5
24905,1
24906,2
24907,0
24908,1
24909,3
24910,3
24911,1
24912,3
24913,2
24914,1
24915,1
24916,1
24917,2
24918,1
24919,1
24920,1
24921,1
24922,2
24923,2
24924,2
24925,2
24926,0
24927,6
24928,1
24929,5
24930,6
24931,3
24932,5
24933,6
24934,2
24935,1
24936,6
24937,1
24938,2
24939,1
24940,3
24941,1
24942,5
24943,6
24944,5
24945,4
24946,2
24947,5
24948,1
24949,2
24950,0
24951,2
24952,1
24953,5
24954,2
24955,2
24956,2
24957,3
24958,1
24959,6
24960,2
24961,1
24962,4
24963,3
24964,6
24965,2
24966,0
24967,1
24968,3
24969,1
24970,1
24971,3
24972,6
24973,1
24974,3
24975,2
24976,1
24977,1
24978,1
24979,2
24980,0
24981,6
24982,0
24983,0
24984,3
24985,3
24986,2
24987,4
24988,2
24989,4
24990,0
24991,6
24992,4
24993,3
24994,2
24995,6
24996,2
24997,1
24998,6
24999,3
25000,1
25001,1
25002,2
25003,1
25004,2
25005,4
25006,0
25007,2
25008,0
25009,0
25010,2
25011,6
25012,1
25013,2
25014,2
25015,6
25016,3
25017,2
25018,2
25019,4
25020,6
25021,0
25022,1
25023,5
25024,2
25025,3
25026,2
25027,3
25028,4
25029,2
25030,2
25031,6
25032,1
25033,2
25034,2
25035,4
25036,2
25037,4
25038,1
25039,1
25040,4
25041,3
25042,6
25043,2
25044,2
25045,0
25046,1
25047,2
25048,2
25049,2
25050,1
25051,1
25052,3
25053,1
25054,5
25055,4
25056,0
25057,1
25058,0
25059,1
25060,1
25061,5
25062,3
25063,1
25064,2
25065,3
25066,1
25067,0
25068,2
25069,1
25070,1
25071,4
25072,0
25073,0
25074,2
25075,1
25076,2
25077,1
25078,3
25079,4
25080,1
25081,2
25082,6
25083,4
25084,2
25085,1
25086,3
25087,3
25088,1
25089,1
25090,0
25091,0
25092,1
25093,4
25094,2
25095,1
25096,1
25097,4
25098,3
25099,0
25100,4
25101,4
25102,3
25103,1
25104,0
25105,0
25106,2
25107,6
25108,3
25109,2
25110,6
25111,4
25112,1
25113,3
25114,2
25115,0
25116,5
25117,0
25118,6
25119,1
25120,6
25121,2
25122,1
25123,4
25124,2
25125,2
25126,3
25127,0
25128,0
25129,5
25130,5
25131,2
25132,1
25133,2
25134,6
25135,1
25136,1
25137,2
25138,1
25139,3
25140,0
25141,5
25142,3
25143,1
25144,4
25145,2
25146,5
25147,3
25148,6
25149,3
25150,1
25151,5
25152,2
25153,3
25154,4
25155,0
25156,2
25157,4
25158,2
25159,4
25160,0
25161,5
25162,1
25163,4
25164,1
25165,1
25166,3
25167,3
25168,1
25169,2
25170,2
25171,6
25172,1
25173,1
25174,1
25175,2
25176,6
25177,6
25178,2
25179,4
25180,6
25181,6
25182,6
25183,4
25184,1
25185,5
25186,4
25187,2
25188,2
25189,4
25190,3
25191,2
25192,6
25193,0
25194,1
25195,3
25196,2
25197,4
25198,1
25199,2
25200,0
25201,1
25202,1
25203,1
25204,1
25205,5
25206,1
25207,1
25208,6
25209,1
25210,6
25211,0
25212,5
25213,0
25214,1
25215,1
25216,2
25217,1
25218,1
25219,1
25220,4
25221,1
25222,1
25223,3
25224,6
25225,0
25226,6
25227,2
25228,6
25229,1
25230,1
25231,4
25232,0
25233,2
25234,1
25235,4
25236,2
25237,6
25238,6
25239,2
25240,1
25241,1
25242,2
25243,2
25244,2
25245,6
25246,2
25247,5
25248,2
25249,2
25250,4
25251,6
25252,3
25253,5
25254,1
25255,6
25256,3
25257,5
25258,4
25259,0
25260,6
25261,3
25262,1
25263,4
25264,0
25265,6
25266,6
25267,2
25268,1
25269,6
25270,2
25271,5
25272,5
25273,6
25274,4
25275,0
25276,3
25277,2
25278,0
25279,1
25280,2
25281,6
25282,2
25283,4
25284,1
25285,0
25286,2
25287,4
25288,1
25289,1
25290,6
25291,4
25292,2
25293,6
25294,6
25295,1
25296,6
25297,4
25298,1
25299,5
25300,0
25301,0
25302,0
25303,5
25304,3
25305,1
25306,1
25307,2
25308,1
25309,2
25310,5
25311,4
25312,0
25313,6
25314,2
25315,4
25316,2
25317,5
25318,2
25319,0
25320,1
25321,3
25322,1
25323,1
25324,6
25325,1
25326,1
25327,1
25328,2
25329,1
25330,4
25331,1
25332,5
25333,3
25334,1
25335,2
25336,1
25337,3
25338,4
25339,6
25340,0
25341,1
25342,2
25343,3
25344,4
25345,4
25346,0
25347,1
25348,4
25349,0
25350,3
25351,2
25352,2
25353,1
25354,0
25355,2
25356,1
25357,3
25358,5
25359,2
25360,4
25361,5
25362,1
25363,4
25364,1
25365,1
25366,2
25367,4
25368,2
25369,1
25370,5
25371,2
25372,4
25373,1
25374,2
25375,1
25376,2
25377,1
25378,3
25379,4
25380,1
25381,0
25382,1
25383,2
25384,6
25385,2
25386,5
25387,4
25388,1
25389,2
25390,6
25391,2
25392,1
25393,0
25394,5
25395,3
25396,4
25397,6
25398,5
25399,1
25400,5
25401,4
25402,1
25403,2
25404,1
25405,0
25406,1
25407,1
25408,1
25409,5
25410,5
25411,2
25412,4
25413,3
25414,2
25415,4
25416,6
25417,0
25418,1
25419,4
25420,1
25421,3
25422,2
25423,1
25424,2
25425,6
25426,6
25427,5
25428,5
25429,1
25430,1
25431,0
25432,2
25433,6
25434,1
25435,1
25436,3
25437,2
25438,3
25439,4
25440,2
25441,3
25442,0
25443,6
25444,0
25445,2
25446,4
25447,1
25448,1
25449,0
25450,1
25451,1
25452,4
25453,5
25454,1
25455,5
25456,0
25457,2
25458,2
25459,2
25460,1
25461,0
25462,5
25463,0
25464,6
25465,1
25466,1
25467,2
25468,1
25469,4
25470,4
25471,1
25472,2
25473,0
25474,0
25475,2
25476,2
25477,4
25478,0
25479,2
25480,6
25481,6
25482,0
25483,6
25484,1
25485,0
25486,4
25487,1
25488,2
25489,3
25490,1
25491,1
25492,1
25493,4
25494,4
25495,2
25496,2
25497,3
25498,3
25499,2
25500,2
25501,5
25502,5
25503,0
25504,5
25505,4
25506,3
25507,5
25508,1
25509,4
25510,2
25511,5
25512,1
25513,3
25514,1
25515,1
25516,3
25517,1
25518,2
25519,6
25520,2
25521,5
25522,0
25523,2
25524,2
25525,1
25526,1
25527,0
25528,2
25529,2
25530,1
25531,4
25532,2
25533,4
25534,5
25535,3
25536,1
25537,0
25538,1
25539,2
25540,2
25541,0
25542,3
25543,6
25544,5
25545,4
25546,4
25547,6
25548,1
25549,2
25550,0
25551,3
25552,1
25553,0
25554,0
25555,5
25556,2
25557,4
25558,1
25559,2
25560,0
25561,0
25562,2
25563,1
25564,2
25565,2
25566,2
25567,3
25568,2
25569,3
25570,2
25571,5
25572,1
25573,2
25574,1
25575,4
25576,2
25577,1
25578,3
25579,1
25580,5
25581,3
25582,2
25583,5
25584,2
25585,3
25586,1
25587,4
25588,1
25589,2
25590,1
25591,3
25592,6
25593,1
25594,4
25595,2
25596,1
25597,5
25598,0
25599,2
25600,2
25601,0
25602,6
25603,2
25604,3
25605,5
25606,4
25607,2
25608,2
25609,4
25610,2
25611,2
25612,2
25613,3
25614,1
25615,2
25616,1
25617,2
25618,0
25619,1
25620,4
25621,1
25622,1
25623,3
25624,1
25625,0
25626,0
25627,4
25628,1
25629,4
25630,4
25631,1
25632,1
25633,6
25634,2
25635,0
25636,2
25637,3
25638,6
25639,1
25640,1
25641,1
25642,1
25643,4
25644,1
25645,1
25646,1
25647,3
25648,1
25649,1
25650,3
25651,2
25652,2
25653,6
25654,1
25655,3
25656,4
25657,0
25658,1
25659,6
25660,2
25661,3
25662,4
25663,1
25664,0
25665,1
25666,1
25667,4
25668,6
25669,1
25670,1
25671,1
25672,0
25673,6
25674,1
25675,6
25676,1
25677,5
25678,3
25679,5
25680,4
25681,3
25682,3
25683,4
25684,1
25685,3
25686,0
25687,0
25688,5
25689,3
25690,4
25691,2
25692,3
25693,4
25694,2
25695,6
25696,4
25697,4
25698,3
25699,2
25700,5
25701,0
25702,0
25703,0
25704,2
25705,4
25706,4
25707,0
25708,6
25709,3
25710,1
25711,1
25712,4
25713,6
25714,0
25715,2
25716,5
25717,0
25718,4
25719,1
25720,1
25721,6
25722,0
25723,1
25724,0
25725,3
25726,4
25727,2
25728,2
25729,3
25730,6
25731,1
25732,1
25733,3
25734,1
25735,6
25736,6
25737,6
25738,6
25739,6
25740,5
25741,3
25742,0
25743,5
25744,5
25745,0
25746,1
25747,1
25748,2
25749,6
25750,1
25751,1
25752,1
25753,6
25754,6
25755,4
25756,1
25757,1
25758,4
25759,3
25760,0
25761,3
25762,1
25763,2
25764,3
25765,0
25766,2
25767,6
25768,2
25769,6
25770,2
25771,4
25772,3
25773,2
25774,4
25775,6
25776,1
25777,1
25778,1
25779,2
25780,1
25781,4
25782,1
25783,4
25784,3
25785,0
25786,2
25787,1
25788,5
25789,4
25790,0
25791,1
25792,6
25793,5
25794,2
25795,2
25796,4
25797,4
25798,1
25799,6
25800,2
25801,3
25802,2
25803,0
25804,1
25805,6
25806,2
25807,3
25808,4
25809,2
25810,2
25811,2
25812,0
25813,2
25814,3
25815,4
25816,4
25817,5
25818,6
25819,0
25820,0
25821,3
25822,4
25823,2
25824,2
25825,5
25826,2
25827,2
25828,0
25829,2
25830,6
25831,1
25832,5
25833,1
25834,4
25835,4
25836,5
25837,1
25838,0
25839,1
25840,2
25841,1
25842,4
25843,2
25844,0
25845,3
25846,2
25847,2
25848,6
25849,1
25850,5
25851,4
25852,2
25853,2
25854,0
25855,3
25856,2
25857,6
25858,5
25859,2
25860,2
25861,1
25862,5
25863,0
25864,6
25865,6
25866,1
25867,2
25868,2
25869,6
25870,2
25871,2
25872,3
25873,0
25874,2
25875,3
25876,6
25877,3
25878,5
25879,1
25880,1
25881,5
25882,2
25883,6
25884,1
25885,2
25886,3
25887,3
25888,1
25889,5
25890,1
25891,1
25892,1
25893,2
25894,6
25895,5
25896,6
25897,1
25898,3
25899,2
25900,2
25901,5
25902,2
25903,0
25904,1
25905,2
25906,1
25907,2
25908,1
25909,1
25910,1
25911,3
25912,0
25913,1
25914,0
25915,4
25916,2
25917,1
25918,3
25919,1
25920,1
25921,5
25922,3
25923,3
25924,0
25925,6
25926,3
25927,3
25928,1
25929,2
25930,3
25931,0
25932,6
25933,4
25934,2
25935,1
25936,4
25937,1
25938,2
25939,2
25940,2
25941,2
25942,0
25943,0
25944,5
25945,2
25946,0
25947,3
25948,0
25949,0
25950,1
25951,0
25952,5
25953,1
25954,5
25955,2
25956,2
25957,1
25958,2
25959,1
25960,0
25961,1
25962,3
25963,2
25964,0
25965,6
25966,2
25967,4
25968,0
25969,6
25970,0
25971,1
25972,3
25973,1
25974,2
25975,1
25976,1
25977,2
25978,2
25979,1
25980,1
25981,1
25982,2
25983,1
25984,2
25985,5
25986,1
25987,5
25988,1
25989,2
25990,2
25991,5
25992,2
25993,2
25994,5
25995,2
25996,4
25997,4
25998,5
25999,3
26000,2
26001,5
26002,1
26003,1
26004,2
26005,5
26006,0
26007,4
26008,2
26009,5
26010,2
26011,2
26012,2
26013,2
26014,4
26015,3
26016,2
26017,5
26018,1
26019,1
26020,1
26021,0
26022,1
26023,2
26024,1
26025,2
26026,3
26027,4
26028,4
26029,1
26030,1
26031,1
26032,6
26033,3
26034,3
26035,1
26036,2
26037,5
26038,2
26039,3
26040,4
26041,2
26042,0
26043,0
26044,1
26045,4
26046,0
26047,2
26048,1
26049,0
26050,0
26051,6
26052,2
26053,1
26054,3
26055,0
26056,3
26057,3
26058,5
26059,1
26060,1
26061,1
26062,4
26063,1
26064,0
26065,0
26066,4
26067,1
26068,3
26069,4
26070,1
26071,6
26072,2
26073,2
26074,1
26075,3
26076,0
26077,5
26078,2
26079,5
26080,4
26081,1
26082,3
26083,4
26084,4
26085,2
26086,2
26087,1
26088,3
26089,6
26090,2
26091,1
26092,0
26093,2
26094,1
26095,2
26096,6
26097,5
26098,2
26099,0
26100,2
26101,3
26102,1
26103,3
26104,4
26105,0
26106,2
26107,1
26108,6
26109,0
26110,1
26111,2
26112,1
26113,6
26114,2
26115,2
26116,6
26117,2
26118,1
26119,3
26120,6
26121,1
26122,1
26123,1
26124,5
26125,0
26126,6
26127,4
26128,2
26129,0
26130,1
26131,1
26132,1
26133,1
26134,5
26135,0
26136,5
26137,2
26138,6
26139,0
26140,2
26141,2
26142,5
26143,2
26144,5
26145,1
26146,3
26147,3
26148,6
26149,3
26150,1
26151,0
26152,2
26153,2
26154,1
26155,1
26156,0
26157,0
26158,6
26159,6
26160,0
26161,2
26162,6
26163,0
26164,2
26165,2
26166,3
26167,1
26168,6
26169,0
26170,4
26171,1
26172,6
26173,2
26174,6
26175,2
26176,5
26177,2
26178,0
26179,2
26180,0
26181,5
26182,2
26183,1
26184,5
26185,6
26186,3
26187,4
26188,6
26189,6
26190,6
26191,2
26192,3
26193,0
26194,0
26195,2
26196,5
26197,2
26198,1
26199,0
26200,4
26201,5
26202,2
26203,2
26204,6
26205,0
26206,1
26207,3
26208,1
26209,1
26210,0
26211,1
26212,6
26213,5
26214,1
26215,2
26216,1
26217,5
26218,1
26219,2
26220,2
26221,2
26222,1
26223,1
26224,3
26225,2
26226,1
26227,3
26228,1
26229,4
26230,2
26231,0
26232,2
26233,1
26234,1
26235,4
26236,2
26237,4
26238,1
26239,2
26240,4
26241,5
26242,2
26243,4
26244,1
26245,0
26246,0
26247,6
26248,3
26249,2
26250,1
26251,1
26252,1
26253,3
26254,1
26255,1
26256,6
26257,1
26258,6
26259,6
26260,1
26261,1
26262,5
26263,0
26264,0
26265,0
26266,1
26267,1
26268,1
26269,5
26270,5
26271,6
26272,6
26273,4
26274,3
26275,2
26276,0
26277,1
26278,5
26279,0
26280,1
26281,2
26282,2
26283,4
26284,2
26285,3
26286,1
26287,5
26288,1
26289,4
26290,0
26291,5
26292,1
26293,3
26294,1
26295,6
26296,3
26297,5
26298,2
26299,3
26300,2
26301,2
26302,3
26303,3
26304,4
26305,2
26306,4
26307,1
26308,3
26309,2
26310,0
26311,2
26312,1
26313,5
26314,2
26315,0
26316,1
26317,2
26318,1
26319,1
26320,2
26321,1
26322,4
26323,0
26324,0
26325,4
26326,1
26327,1
26328,2
26329,2
26330,2
26331,3
26332,2
26333,4
26334,2
26335,2
26336,2
26337,1
26338,3
26339,6
26340,5
26341,5
26342,1
26343,3
26344,2
26345,2
26346,4
26347,1
26348,4
26349,1
26350,2
26351,2
26352,2
26353,2
26354,0
26355,2
26356,1
26357,5
26358,2
26359,6
26360,6
26361,1
26362,1
26363,2
26364,1
26365,1
26366,3
26367,5
26368,5
26369,6
26370,3
26371,2
26372,1
26373,0
26374,5
26375,2
26376,2
26377,1
26378,4
26379,1
26380,1
26381,1
26382,1
26383,1
26384,5
26385,1
26386,3
26387,1
26388,2
26389,2
26390,2
26391,1
26392,6
26393,2
26394,1
26395,3
26396,1
26397,0
26398,4
26399,2
26400,1
26401,0
26402,2
26403,1
26404,5
26405,5
26406,1
26407,2
26408,3
26409,4
26410,2
26411,1
26412,6
26413,2
26414,0
26415,6
26416,2
26417,5
26418,1
26419,1
26420,1
26421,2
26422,1
26423,0
26424,2
26425,0
26426,2
26427,4
26428,0
26429,1
26430,3
26431,3
26432,1
26433,1
26434,2
26435,2
26436,3
26437,5
26438,2
26439,6
26440,1
26441,6
26442,1
26443,5
26444,4
26445,1
26446,3
26447,3
26448,4
26449,5
26450,2
26451,5
26452,6
26453,5
26454,6
26455,2
26456,6
26457,2
26458,2
26459,0
26460,2
26461,4
26462,2
26463,1
26464,2
26465,2
26466,4
26467,2
26468,6
26469,1
26470,4
26471,3
26472,2
26473,2
26474,0
26475,1
26476,0
26477,1
26478,3
26479,3
26480,3
26481,6
26482,1
26483,0
26484,5
26485,6
26486,1
26487,0
26488,2
26489,2
26490,4
26491,3
26492,6
26493,5
26494,4
26495,6
26496,0
26497,3
26498,3
26499,5
26500,2
26501,1
26502,2
26503,2
26504,0
26505,6
26506,1
26507,1
26508,0
26509,1
26510,1
26511,1
26512,5
26513,4
26514,0
26515,6
26516,1
26517,4
26518,0
26519,1
26520,2
26521,3
26522,0
26523,4
26524,4
26525,6
26526,1
26527,1
26528,0
26529,0
26530,1
26531,3
26532,5
26533,2
26534,6
26535,4
26536,6
26537,2
26538,2
26539,2
26540,2
26541,6
26542,3
26543,1
26544,2
26545,1
26546,3
26547,2
26548,2
26549,5
26550,2
26551,1
26552,6
26553,1
26554,1
26555,2
26556,5
26557,3
26558,6
26559,3
26560,1
26561,4
26562,3
26563,4
26564,2
26565,2
26566,1
26567,3
26568,6
26569,4
26570,2
26571,1
26572,5
26573,0
26574,0
26575,2
26576,1
26577,2
26578,3
26579,0
26580,6
26581,3
26582,6
26583,2
26584,0
26585,3
26586,1
26587,2
26588,6
26589,5
26590,3
26591,2
26592,5
26593,1
26594,1
26595,4
26596,6
26597,6
26598,1
26599,1
26600,4
26601,1
26602,1
26603,3
26604,1
26605,6
26606,1
26607,3
26608,5
26609,4
26610,4
26611,1
26612,2
26613,1
26614,1
26615,0
26616,1
26617,3
26618,2
26619,1
26620,5
26621,4
26622,6
26623,2
26624,0
26625,1
26626,5
26627,6
26628,5
26629,3
26630,1
26631,2
26632,1
26633,1
26634,6
26635,6
26636,4
26637,1
26638,1
26639,3
26640,0
26641,6
26642,1
26643,1
26644,1
26645,5
26646,1
26647,5
26648,1
26649,0
26650,2
26651,3
26652,2
26653,2
26654,0
26655,1
26656,0
26657,2
26658,6
26659,2
26660,3
26661,3
26662,1
26663,3
26664,3
26665,6
26666,2
26667,2
26668,1
26669,2
26670,0
26671,2
26672,1
26673,5
26674,0
26675,6
26676,5
26677,0
26678,0
26679,1
26680,5
26681,3
26682,2
26683,4
26684,5
26685,0
26686,3
26687,2
26688,4
26689,1
26690,0
26691,2
26692,2
26693,1
26694,3
26695,5
26696,2
26697,3
26698,1
26699,0
26700,3
26701,1
26702,4
26703,5
26704,2
26705,1
26706,4
26707,1
26708,1
26709,3
26710,3
26711,5
26712,1
26713,0
26714,5
26715,1
26716,6
26717,2
26718,4
26719,1
26720,2
26721,0
26722,0
26723,2
26724,6
26725,2
26726,2
26727,2
26728,6
26729,2
26730,2
26731,2
26732,4
26733,1
26734,1
26735,5
26736,6
26737,4
26738,1
26739,4
26740,2
26741,5
26742,1
26743,1
26744,6
26745,3
26746,4
26747,5
26748,5
26749,5
26750,2
26751,2
26752,1
26753,4
26754,1
26755,6
26756,1
26757,0
26758,3
26759,1
26760,0
26761,0
26762,6
26763,0
26764,1
26765,5
26766,2
26767,1
26768,3
26769,4
26770,6
26771,4
26772,6
26773,2
26774,2
26775,3
26776,4
26777,3
26778,4
26779,2
26780,0
26781,1
26782,1
26783,2
26784,6
26785,3
26786,2
26787,1
26788,3
26789,6
26790,4
26791,2
26792,2
26793,1
26794,1
26795,3
26796,2
26797,6
26798,1
26799,2
26800,4
26801,5
26802,5
26803,0
26804,0
26805,2
26806,5
26807,5
26808,3
26809,3
26810,2
26811,4
26812,4
26813,5
26814,5
26815,3
26816,4
26817,2
26818,1
26819,6
26820,6
26821,4
26822,1
26823,2
26824,0
26825,2
26826,2
26827,5
26828,6
26829,1
26830,3
26831,1
26832,0
26833,5
26834,4
26835,2
26836,1
26837,1
26838,6
26839,1
26840,2
26841,0
26842,2
26843,4
26844,1
26845,5
26846,2
26847,5
26848,4
26849,2
26850,2
26851,3
26852,1
26853,5
26854,3
26855,3
26856,4
26857,0
26858,2
26859,0
26860,2
26861,1
26862,6
26863,1
26864,0
26865,1
26866,1
26867,4
26868,3
26869,4
26870,0
26871,5
26872,6
26873,5
26874,5
26875,6
26876,4
26877,2
26878,4
26879,2
26880,5
26881,5
26882,3
26883,0
26884,5
26885,1
26886,5
26887,1
26888,1
26889,6
26890,2
26891,5
26892,1
26893,1
26894,6
26895,1
26896,1
26897,6
26898,2
26899,1
26900,0
26901,1
26902,1
26903,2
26904,6
26905,2
26906,1
26907,1
26908,0
26909,4
26910,0
26911,0
26912,1
26913,1
26914,1
26915,1
26916,1
26917,3
26918,1
26919,1
26920,0
26921,5
26922,1
26923,1
26924,6
26925,2
26926,4
26927,5
26928,1
26929,0
26930,2
26931,2
26932,2
26933,4
26934,5
26935,1
26936,1
26937,1
26938,0
26939,4
26940,3
26941,2
26942,6
26943,1
26944,6
26945,2
26946,2
26947,3
26948,0
26949,2
26950,6
26951,1
26952,4
26953,0
26954,1
26955,4
26956,0
26957,4
26958,1
26959,4
26960,2
26961,4
26962,2
26963,2
26964,3
26965,6
26966,2
26967,5
26968,2
26969,1
26970,2
26971,2
26972,2
26973,1
26974,6
26975,1
26976,5
26977,3
26978,6
26979,0
26980,2
26981,1
26982,0
26983,6
26984,0
26985,0
26986,2
26987,1
26988,0
26989,1
26990,5
26991,2
26992,6
26993,2
26994,4
26995,0
26996,4
26997,1
26998,2
26999,2
27000,4
27001,1
27002,2
27003,5
27004,4
27005,1
27006,6
27007,4
27008,6
27009,5
27010,6
27011,5
27012,1
27013,1
27014,1
27015,5
27016,4
27017,2
27018,1
27019,1
27020,5
27021,5
27022,1
27023,1
27024,1
27025,6
27026,5
27027,3
27028,6
27029,5
27030,1
27031,3
27032,3
27033,0
27034,0
27035,0
27036,1
27037,1
27038,1
27039,2
27040,4
27041,3
27042,1
27043,3
27044,5
27045,6
27046,3
27047,6
27048,2
27049,2
27050,5
27051,6
27052,1
27053,3
27054,5
27055,2
27056,3
27057,6
27058,2
27059,4
27060,1
27061,2
27062,5
27063,2
27064,1
27065,2
27066,5
27067,2
27068,6
27069,5
27070,6
27071,0
27072,5
27073,0
27074,2
27075,6
27076,6
27077,1
27078,0
27079,5
27080,4
27081,4
27082,1
27083,5
27084,0
27085,6
27086,1
27087,0
27088,2
27089,1
27090,4
27091,2
27092,3
27093,2
27094,5
27095,6
27096,2
27097,5
27098,2
27099,5
27100,0
27101,2
27102,4
27103,3
27104,4
27105,4
27106,2
27107,1
27108,6
27109,1
27110,3
27111,4
27112,1
27113,6
27114,2
27115,1
27116,5
27117,2
27118,1
27119,2
27120,0
27121,4
27122,2
27123,1
27124,0
27125,1
27126,3
27127,2
27128,3
27129,0
27130,3
27131,6
27132,4
27133,2
27134,2
27135,3
27136,0
27137,1
27138,5
27139,3
27140,3
27141,1
27142,4
27143,2
27144,5
27145,1
27146,3
27147,0
27148,1
27149,4
27150,2
27151,4
27152,5
27153,4
27154,3
27155,1
27156,1
27157,1
27158,4
27159,1
27160,2
27161,5
27162,1
27163,1
27164,1
27165,4
27166,0
27167,4
27168,6
27169,2
27170,4
27171,5
27172,1
27173,4
27174,2
27175,2
27176,2
27177,0
27178,6
27179,0
27180,4
27181,4
27182,3
27183,2
27184,1
27185,1
27186,6
27187,2
27188,5
27189,3
27190,2
27191,0
27192,6
27193,0
27194,3
27195,2
27196,2
27197,3
27198,4
27199,6
27200,1
27201,2
27202,5
27203,2
27204,1
27205,2
27206,0
27207,2
27208,0
27209,2
27210,0
27211,4
27212,0
27213,1
27214,2
27215,1
27216,1
27217,4
27218,0
27219,0
27220,2
27221,4
27222,1
27223,2
27224,4
27225,0
27226,3
27227,4
27228,4
27229,4
27230,2
27231,1
27232,2
27233,0
27234,1
27235,1
27236,2
27237,2
27238,0
27239,2
27240,1
27241,0
27242,4
27243,5
27244,1
27245,5
27246,5
27247,3
27248,5
27249,5
27250,0
27251,5
27252,6
27253,0
27254,3
27255,0
27256,2
27257,1
27258,0
27259,2
27260,5
27261,1
27262,3
27263,3
27264,2
27265,1
27266,2
27267,0
27268,1
27269,1
27270,1
27271,1
27272,1
27273,6
27274,2
27275,1
27276,2
27277,0
27278,5
27279,1
27280,3
27281,4
27282,2
27283,4
27284,5
27285,0
27286,2
27287,5
27288,1
27289,2
27290,1
27291,5
27292,4
27293,1
27294,2
27295,2
27296,4
27297,3
27298,1
27299,0
27300,4
27301,2
27302,0
27303,5
27304,0
27305,1
27306,5
27307,5
27308,4
27309,5
27310,2
27311,3
27312,4
27313,1
27314,2
27315,1
27316,0
27317,6
27318,0
27319,5
27320,6
27321,3
27322,5
27323,0
27324,0
27325,1
27326,6
27327,5
27328,2
27329,1
27330,5
27331,5
27332,5
27333,5
27334,3
27335,1
27336,1
27337,5
27338,6
27339,2
27340,4
27341,1
27342,6
27343,1
27344,0
27345,1
27346,0
27347,2
27348,2
27349,5
27350,0
27351,1
27352,6
27353,1
27354,1
27355,4
27356,6
27357,6
27358,1
27359,6
27360,2
27361,1
27362,4
27363,1
27364,4
27365,1
27366,1
27367,4
27368,5
27369,6
27370,2
27371,4
27372,0
27373,1
27374,1
27375,1
27376,5
27377,3
27378,1
27379,2
27380,2
27381,0
27382,2
27383,1
27384,4
27385,0
27386,4
27387,2
27388,1
27389,1
27390,3
27391,5
27392,4
27393,1
27394,3
27395,2
27396,6
27397,2
27398,0
27399,4
27400,2
27401,2
27402,4
27403,1
27404,2
27405,4
27406,6
27407,1
27408,4
27409,6
27410,1
27411,2
27412,1
27413,0
27414,1
27415,3
27416,1
27417,2
27418,1
27419,1
27420,2
27421,2
27422,1
27423,2
27424,0
27425,4
27426,2
27427,1
27428,1
27429,6
27430,3
27431,2
27432,1
27433,6
27434,0
27435,1
27436,1
27437,0
27438,1
27439,4
27440,2
27441,6
27442,1
27443,2
27444,2
27445,5
27446,0
27447,0
27448,1
27449,5
27450,1
27451,6
27452,4
27453,2
27454,0
27455,3
27456,0
27457,2
27458,1
27459,5
27460,1
27461,1
27462,6
27463,5
27464,1
27465,0
27466,2
27467,1
27468,3
27469,0
27470,1
27471,0
27472,1
27473,0
27474,6
27475,1
27476,6
27477,1
27478,6
27479,0
27480,0
27481,3
27482,3
27483,5
27484,5
27485,6
27486,6
27487,6
27488,4
27489,0
27490,1
27491,5
27492,0
27493,6
27494,5
27495,0
27496,4
27497,1
27498,6
27499,0
27500,6
27501,4
27502,5
27503,6
27504,1
27505,0
27506,4
27507,2
27508,4
27509,3
27510,3
27511,2
27512,5
27513,2
27514,1
27515,2
27516,0
27517,4
27518,4
27519,3
27520,2
27521,1
27522,0
27523,1
27524,2
27525,5
27526,2
27527,3
27528,2
27529,1
27530,2
27531,6
27532,0
27533,1
27534,3
27535,4
27536,1
27537,5
27538,4
27539,2
27540,0
27541,2
27542,3
27543,6
27544,0
27545,2
27546,5
27547,2
27548,1
27549,1
27550,2
27551,4
27552,0
27553,2
27554,2
27555,2
27556,1
27557,5
27558,1
27559,1
27560,6
27561,2
27562,5
27563,0
27564,2
27565,4
27566,1
27567,6
27568,6
27569,0
27570,2
27571,3
27572,4
27573,1
27574,5
27575,4
27576,1
27577,0
27578,3
27579,3
27580,5
27581,5
27582,2
27583,4
27584,2
27585,0
27586,3
27587,4
27588,0
27589,5
27590,1
27591,3
27592,2
27593,3
27594,2
27595,1
27596,3
27597,2
27598,3
27599,2
27600,2
27601,1
27602,0
27603,2
27604,2
27605,4
27606,0
27607,5
27608,5
27609,6
27610,1
27611,3
27612,1
27613,1
27614,1
27615,4
27616,2
27617,2
27618,4
27619,3
27620,1
27621,6
27622,5
27623,5
27624,1
27625,6
27626,4
27627,0
27628,1
27629,6
27630,2
27631,2
27632,2
27633,1
27634,1
27635,6
27636,0
27637,2
27638,5
27639,4
27640,0
27641,2
27642,0
27643,1
27644,1
27645,0
27646,3
27647,0
27648,2
27649,2
27650,1
27651,6
27652,4
27653,3
27654,0
27655,1
27656,5
27657,5
27658,1
27659,4
27660,2
27661,0
27662,3
27663,1
27664,3
27665,4
27666,5
27667,0
27668,4
27669,4
27670,2
27671,4
27672,1
27673,3
27674,0
27675,6
27676,1
27677,6
27678,1
27679,3
27680,6
27681,4
27682,0
27683,0
27684,0
27685,2
27686,3
27687,5
27688,0
27689,6
27690,1
27691,1
27692,5
27693,5
27694,1
27695,1
27696,1
27697,1
27698,0
27699,4
27700,1
27701,2
27702,0
27703,3
27704,1
27705,1
27706,0
27707,2
27708,6
27709,5
27710,6
27711,1
27712,2
27713,3
27714,2
27715,0
27716,5
27717,0
27718,4
27719,5
27720,3
27721,4
27722,0
27723,5
27724,4
27725,4
27726,3
27727,2
27728,4
27729,1
27730,6
27731,0
27732,0
27733,4
27734,6
27735,2
27736,2
27737,5
27738,2
27739,4
27740,2
27741,4
27742,6
27743,5
27744,4
27745,2
27746,0
27747,4
27748,3
27749,2
27750,2
27751,0
27752,6
27753,4
27754,2
27755,2
27756,2
27757,3
27758,2
27759,2
27760,1
27761,3
27762,5
27763,2
27764,3
27765,1
27766,6
27767,0
27768,0
27769,2
27770,0
27771,6
27772,1
27773,3
27774,2
27775,6
27776,3
27777,5
27778,2
27779,1
27780,2
27781,2
27782,0
27783,2
27784,1
27785,1
27786,4
27787,6
27788,4
27789,3
27790,1
27791,6
27792,0
27793,3
27794,3
27795,6
27796,3
27797,1
27798,4
27799,0
27800,5
27801,0
27802,0
27803,5
27804,2
27805,5
27806,2
27807,3
27808,2
27809,2
27810,4
27811,5
27812,2
27813,4
27814,6
27815,1
27816,4
27817,2
27818,1
27819,0
27820,1
27821,1
27822,1
27823,4
27824,5
27825,3
27826,1
27827,0
27828,1
27829,2
27830,1
27831,3
27832,1
27833,1
27834,2
27835,6
27836,1
27837,2
27838,1
27839,5
27840,2
27841,4
27842,2
27843,3
27844,1
27845,5
27846,1
27847,0
27848,4
27849,1
27850,4
27851,4
27852,1
27853,6
27854,1
27855,0
27856,1
27857,1
27858,5
27859,0
27860,1
27861,0
27862,3
27863,0
27864,3
27865,6
27866,3
27867,2
27868,6
27869,0
27870,4
27871,5
27872,0
27873,0
27874,5
27875,0
27876,6
27877,2
27878,1
27879,6
27880,1
27881,5
27882,0
27883,1
27884,2
27885,0
27886,1
27887,6
27888,3
27889,1
27890,3
27891,4
27892,2
27893,1
27894,6
27895,1
27896,1
27897,0
27898,2
27899,5
27900,3
27901,1
27902,2
27903,1
27904,2
27905,2
27906,2
27907,6
27908,1
27909,0
27910,1
27911,2
27912,3
27913,2
27914,2
27915,1
27916,2
27917,2
27918,5
27919,1
27920,6
27921,3
27922,2
27923,5
27924,2
27925,0
27926,1
27927,3
27928,4
27929,1
27930,5
27931,2
27932,2
27933,3
27934,3
27935,4
27936,0
27937,3
27938,1
27939,2
27940,4
27941,3
27942,1
27943,1
27944,6
27945,6
27946,3
27947,3
27948,4
27949,1
27950,0
27951,2
27952,6
27953,4
27954,2
27955,2
27956,5
27957,1
27958,0
27959,2
27960,5
27961,1
27962,1
27963,1
27964,2
27965,4
27966,4
27967,5
27968,1
27969,2
27970,0
27971,0
27972,1
27973,1
27974,1
27975,1
27976,4
27977,6
27978,3
27979,3
27980,4
27981,2
27982,1
27983,6
27984,1
27985,0
27986,1
27987,0
27988,0
27989,2
27990,6
27991,4
27992,4
27993,1
27994,5
27995,5
27996,4
27997,3
27998,1
27999,0
28000,5
28001,1
28002,6
28003,6
28004,1
28005,1
28006,1
28007,4
28008,3
28009,5
28010,5
28011,2
28012,6
28013,2
28014,0
28015,3
28016,2
28017,1
28018,2
28019,5
28020,5
28021,6
28022,2
28023,2
28024,3
28025,5
28026,1
28027,3
28028,2
28029,6
28030,1
28031,2
28032,1
28033,4
28034,3
28035,3
28036,2
28037,5
28038,0
28039,2
28040,0
28041,1
28042,4
28043,1
28044,1
28045,2
28046,2
28047,1
28048,2
28049,2
28050,6
28051,1
28052,2
28053,1
28054,2
28055,2
28056,1
28057,6
28058,2
28059,2
28060,2
28061,5
28062,3
28063,2
28064,2
28065,1
28066,0
28067,1
28068,2
28069,2
28070,3
28071,6
28072,0
28073,3
28074,2
28075,3
28076,0
28077,1
28078,2
28079,0
28080,2
28081,1
28082,4
28083,3
28084,0
28085,0
28086,0
28087,3
28088,2
28089,2
28090,3
28091,6
28092,2
28093,2
28094,5
28095,5
28096,3
28097,0
28098,3
28099,0
28100,6
28101,4
28102,0
28103,1
28104,3
28105,4
28106,1
28107,6
28108,2
28109,0
28110,2
28111,1
28112,5
28113,4
28114,2
28115,0
28116,1
28117,2
28118,2
28119,6
28120,2
28121,0
28122,6
28123,3
28124,2
28125,6
28126,1
28127,3
28128,0
28129,5
28130,2
28131,2
28132,1
28133,2
28134,0
28135,2
28136,5
28137,1
28138,2
28139,6
28140,1
28141,0
28142,5
28143,0
28144,0
28145,4
28146,2
28147,3
28148,6
28149,2
28150,1
28151,6
28152,4
28153,0
28154,5
28155,4
28156,1
28157,4
28158,4
28159,3
28160,4
28161,2
28162,0
28163,4
28164,2
28165,2
28166,0
28167,2
28168,6
28169,1
28170,1
28171,6
28172,0
28173,1
28174,1
28175,2
28176,1
28177,4
28178,3
28179,1
28180,2
28181,4
28182,2
28183,4
28184,2
28185,4
28186,1
28187,1
28188,3
28189,3
28190,6
28191,1
28192,1
28193,2
28194,1
28195,4
28196,2
28197,0
28198,0
28199,1
28200,1
28201,5
28202,1
28203,2
28204,6
28205,0
28206,4
28207,2
28208,0
28209,4
28210,0
28211,1
28212,2
28213,1
28214,5
28215,1
28216,5
28217,1
28218,2
28219,1
28220,5
28221,4
28222,1
28223,1
28224,3
28225,2
28226,1
28227,1
28228,3
28229,3
28230,0
28231,5
28232,6
28233,2
28234,1
28235,2
28236,6
28237,1
28238,4
28239,1
28240,3
28241,3
28242,4
28243,0
28244,0
28245,1
28246,2
28247,3
28248,2
28249,2
28250,1
28251,0
28252,1
28253,5
28254,6
28255,0
28256,2
28257,1
28258,5
28259,1
28260,0
28261,0
28262,4
28263,1
28264,5
28265,6
28266,2
28267,3
28268,0
28269,2
28270,0
28271,2
28272,2
28273,5
28274,1
28275,5
28276,5
28277,2
28278,6
28279,1
28280,0
28281,3
28282,6
28283,4
28284,2
28285,4
28286,1
28287,2
28288,1
28289,2
28290,1
28291,2
28292,1
28293,2
28294,0
28295,2
28296,0
28297,0
28298,5
28299,6
28300,1
28301,1
28302,0
28303,2
28304,2
28305,2
28306,4
28307,0
28308,2
28309,0
28310,2
28311,2
28312,0
28313,6
28314,3
28315,0
28316,6
28317,2
28318,6
28319,4
28320,0
28321,4
28322,2
28323,5
28324,5
28325,6
28326,0
28327,1
28328,0
28329,0
28330,0
28331,3
28332,3
28333,1
28334,4
28335,1
28336,0
28337,2
28338,5
28339,1
28340,1
28341,4
28342,1
28343,4
28344,0
28345,6
28346,4
28347,1
28348,2
28349,0
28350,6
28351,1
28352,1
28353,1
28354,5
28355,4
28356,1
28357,1
28358,5
28359,4
28360,1
28361,2
28362,4
28363,4
28364,3
28365,2
28366,0
28367,2
28368,5
28369,3
28370,3
28371,0
28372,5
28373,5
28374,6
28375,0
28376,2
28377,1
28378,1
28379,1
28380,0
28381,5
28382,3
28383,2
28384,4
28385,4
28386,6
28387,6
28388,1
28389,1
28390,1
28391,3
28392,3
28393,0
28394,2
28395,2
28396,3
28397,6
28398,1
28399,1
28400,3
28401,6
28402,0
28403,4
28404,5
28405,5
28406,1
28407,2
28408,1
28409,3
28410,2
28411,5
28412,3
28413,2
28414,1
28415,1
28416,0
28417,1
28418,0
28419,2
28420,1
28421,2
28422,1
28423,2
28424,2
28425,4
28426,1
28427,5
28428,0
28429,1
28430,6
28431,2
28432,2
28433,2
28434,2
28435,6
28436,3
28437,2
28438,6
28439,1
28440,3
28441,0
28442,1
28443,0
28444,4
28445,3
28446,6
28447,2
28448,0
28449,4
28450,0
28451,1
28452,1
28453,1
28454,1
28455,2
28456,2
28457,2
28458,2
28459,5
28460,4
28461,6
28462,3
28463,1
28464,6
28465,2
28466,1
28467,4
28468,5
28469,1
28470,0
28471,5
28472,1
28473,4
28474,0
28475,5
28476,3
28477,4
28478,2
28479,1
28480,0
28481,4
28482,3
28483,3
28484,5
28485,3
28486,5
28487,6
28488,2
28489,3
28490,0
28491,1
28492,1
28493,4
28494,0
28495,3
28496,2
28497,2
28498,5
28499,1
28500,0
28501,5
28502,1
28503,2
28504,3
28505,1
28506,2
28507,4
28508,2
28509,3
28510,3
28511,1
28512,3
28513,5
28514,3
28515,1
28516,4
28517,1
28518,1
28519,0
28520,1
28521,2
28522,4
28523,0
28524,4
28525,1
28526,2
28527,2
28528,0
28529,1
28530,4
28531,2
28532,2
28533,0
28534,3
28535,1
28536,3
28537,3
28538,4
28539,1
28540,5
28541,6
28542,3
28543,2
28544,2
28545,1
28546,3
28547,5
28548,5
28549,2
28550,3
28551,3
28552,6
28553,4
28554,2
28555,0
28556,1
28557,2
28558,4
28559,0
28560,4
28561,0
28562,2
28563,1
28564,2
28565,2
28566,1
28567,6
28568,1
28569,4
28570,0
28571,2
28572,6
28573,4
28574,2
28575,2
28576,1
28577,2
28578,6
28579,0
28580,2
28581,0
28582,1
28583,0
28584,2
28585,5
28586,4
28587,2
28588,2
28589,2
28590,1
28591,6
28592,0
28593,4
28594,6
28595,2
28596,3
28597,5
28598,3
28599,6
28600,3
28601,2
28602,2
28603,5
28604,1
28605,3
28606,5
28607,0
28608,3
28609,3
28610,1
28611,1
28612,0
28613,3
28614,2
28615,1
28616,2
28617,4
28618,6
28619,1
28620,4
28621,5
28622,1
28623,1
28624,6
28625,2
28626,6
28627,2
28628,0
28629,6
28630,1
28631,1
28632,3
28633,5
28634,0
28635,0
28636,1
28637,1
28638,5
28639,1
28640,1
28641,1
28642,5
28643,1
28644,4
28645,2
28646,2
28647,2
28648,0
28649,2
28650,2
28651,3
28652,3
28653,2
28654,2
28655,2
28656,3
28657,1
28658,0
28659,6
28660,3
28661,3
28662,6
28663,6
28664,3
28665,1
28666,2
28667,3
28668,2
28669,1
28670,5
28671,1
28672,3
28673,4
28674,0
28675,1
28676,5
28677,2
28678,1
28679,4
28680,2
28681,2
28682,6
28683,0
28684,6
28685,2
28686,0
28687,0
28688,6
28689,1
28690,0
28691,4
28692,1
28693,5
28694,0
28695,2
28696,1
28697,2
28698,5
28699,5
28700,1
28701,1
28702,2
28703,4
28704,0
28705,1
28706,3
28707,0
28708,2
28709,4
28710,2
28711,3
28712,0
28713,2
28714,1
28715,1
28716,6
28717,2
28718,1
28719,5
28720,2
28721,0
28722,0
28723,4
28724,1
28725,2
28726,1
28727,0
28728,3
28729,6
28730,1
28731,3
28732,1
28733,1
28734,5
28735,4
28736,2
28737,2
28738,5
28739,1
28740,0
28741,1
28742,5
28743,1
28744,3
28745,2
28746,1
28747,1
28748,6
28749,2
28750,6
28751,6
28752,0
28753,3
28754,1
28755,1
28756,2
28757,2
28758,1
28759,4
28760,1
28761,5
28762,6
28763,3
28764,2
28765,2
28766,3
28767,3
28768,1
28769,4
28770,4
28771,2
28772,3
28773,4
28774,2
28775,0
28776,4
28777,5
28778,0
28779,1
28780,5
28781,2
28782,2
28783,2
28784,2
28785,1
28786,6
28787,3
28788,5
28789,1
28790,1
28791,3
28792,2
28793,1
28794,1
28795,4
28796,2
28797,6
28798,2
28799,2
28800,2
28801,2
28802,4
28803,2
28804,4
28805,2
28806,1
28807,4
28808,5
28809,3
28810,2
28811,1
28812,1
28813,3
28814,5
28815,3
28816,0
28817,5
28818,1
28819,1
28820,5
28821,0
28822,1
28823,2
28824,2
28825,2
28826,0
28827,0
28828,1
28829,2
28830,5
28831,5
28832,0
28833,4
28834,5
28835,4
28836,6
28837,2
28838,2
28839,4
28840,3
28841,3
28842,1
28843,5
28844,5
28845,4
28846,1
28847,4
28848,0
28849,3
28850,2
28851,0
28852,0
28853,4
28854,0
28855,2
28856,0
28857,4
28858,3
28859,2
28860,3
28861,1
28862,0
28863,1
28864,5
28865,0
28866,0
28867,4
28868,5
28869,2
28870,3
28871,1
28872,1
28873,5
28874,1
28875,1
28876,3
28877,3
28878,1
28879,6
28880,2
28881,0
28882,6
28883,0
28884,4
28885,2
28886,1
28887,3
28888,1
28889,2
28890,6
28891,5
28892,6
28893,1
28894,0
28895,1
28896,4
28897,2
28898,5
28899,3
28900,6
28901,0
28902,5
28903,2
28904,2
28905,5
28906,5
28907,1
28908,1
28909,1
28910,3
28911,3
28912,0
28913,5
28914,4
28915,4
28916,4
28917,2
28918,0
28919,1
28920,0
28921,4
28922,6
28923,6
28924,5
28925,4
28926,5
28927,2
28928,6
28929,3
28930,4
28931,3
28932,0
28933,1
28934,4
28935,1
28936,5
28937,5
28938,3
28939,0
28940,5
28941,3
28942,1
28943,2
28944,4
28945,6
28946,6
28947,3
28948,2
28949,6
28950,0
28951,1
28952,1
28953,2
28954,3
28955,0
28956,2
28957,2
28958,5
28959,1
28960,6
28961,2
28962,4
28963,3
28964,2
28965,1
28966,5
28967,4
28968,1
28969,2
28970,2
28971,1
28972,6
28973,3
28974,3
28975,1
28976,2
28977,2
28978,2
28979,1
28980,4
28981,0
28982,2
28983,2
28984,4
28985,0
28986,6
28987,5
28988,2
28989,5
28990,2
28991,6
28992,1
28993,3
28994,2
28995,1
28996,5
28997,2
28998,3
28999,2
29000,6
29001,3
29002,5
29003,5
29004,1
29005,3
29006,2
29007,2
29008,2
29009,1
29010,0
29011,2
29012,1
29013,1
29014,4
29015,1
29016,1
29017,1
29018,0
29019,4
29020,2
29021,2
29022,3
29023,0
29024,0
29025,2
29026,0
29027,4
29028,1
29029,5
29030,5
29031,1
29032,1
29033,1
29034,0
29035,6
29036,6
29037,2
29038,0
29039,0
29040,1
29041,4
29042,2
29043,4
29044,1
29045,3
29046,1
29047,3
29048,1
29049,2
29050,0
29051,1
29052,1
29053,6
29054,5
29055,1
29056,6
29057,0
29058,2
29059,6
29060,5
29061,1
29062,2
29063,2
29064,2
29065,2
29066,3
29067,2
29068,2
29069,2
29070,2
29071,1
29072,1
29073,3
29074,2
29075,2
29076,5
29077,2
29078,5
29079,5
29080,1
29081,4
29082,5
29083,2
29084,6
29085,2
29086,1
29087,1
29088,2
29089,4
29090,3
29091,6
29092,2
29093,1
29094,6
29095,0
29096,1
29097,3
29098,3
29099,0
29100,0
29101,5
29102,1
29103,4
29104,1
29105,0
29106,6
29107,2
29108,3
29109,0
29110,0
29111,0
29112,1
29113,3
29114,6
29115,4
29116,5
29117,1
29118,4
29119,2
29120,1
29121,3
29122,0
29123,4
29124,1
29125,3
29126,2
29127,6
29128,6
29129,1
29130,0
29131,0
29132,2
29133,1
29134,2
29135,1
29136,6
29137,5
29138,0
29139,0
29140,2
29141,2
29142,6
29143,1
29144,2
29145,2
29146,3
29147,1
29148,4
29149,4
29150,3
29151,1
29152,2
29153,1
29154,1
29155,1
29156,1
29157,2
29158,2
29159,3
29160,2
29161,5
29162,0
29163,0
29164,5
29165,3
29166,2
29167,3
29168,3
29169,2
29170,3
29171,2
29172,5
29173,0
29174,6
29175,2
29176,4
29177,2
29178,1
29179,0
29180,5
29181,6
29182,0
29183,1
29184,2
29185,1
29186,3
29187,2
29188,3
29189,1
29190,1
29191,2
29192,2
29193,1
29194,3
29195,2
29196,5
29197,1
29198,0
29199,2
29200,2
29201,6
29202,4
29203,4
29204,2
29205,2
29206,2
29207,2
29208,2
29209,0
29210,3
29211,0
29212,6
29213,4
29214,2
29215,5
29216,1
29217,1
29218,5
29219,5
29220,5
29221,5
29222,6
29223,1
29224,5
29225,2
29226,3
29227,2
29228,3
29229,6
29230,1
29231,1
29232,2
29233,1
29234,6
29235,4
29236,5
29237,3
29238,4
29239,0
29240,1
29241,5
29242,1
29243,5
29244,2
29245,4
29246,1
29247,6
29248,5
29249,2
29250,2
29251,1
29252,2
29253,4
29254,2
29255,3
29256,5
29257,4
29258,2
29259,0
29260,2
29261,1
29262,3
29263,2
29264,2
29265,1
29266,6
29267,2
29268,0
29269,5
29270,3
29271,2
29272,0
29273,5
29274,1
29275,0
29276,4
29277,3
29278,6
29279,5
29280,3
29281,1
29282,1
29283,2
29284,0
29285,2
29286,3
29287,1
29288,3
29289,0
29290,1
29291,1
29292,3
29293,0
29294,1
29295,3
29296,2
29297,3
29298,2
29299,6
29300,2
29301,1
29302,2
29303,6
29304,2
29305,3
29306,1
29307,2
29308,2
29309,1
29310,2
29311,2
29312,2
29313,4
29314,2
29315,2
29316,2
29317,2
29318,2
29319,2
29320,2
29321,0
29322,1
29323,4
29324,4
29325,6
29326,5
29327,1
29328,2
29329,6
29330,2
29331,1
29332,5
29333,0
29334,4
29335,0
29336,3
29337,1
29338,0
29339,1
29340,6
29341,0
29342,2
29343,3
29344,2
29345,1
29346,3
29347,2
29348,1
29349,4
29350,2
29351,5
29352,0
29353,3
29354,3
29355,1
29356,2
29357,2
29358,4
29359,1
29360,5
29361,2
29362,4
29363,3
29364,0
29365,1
29366,4
29367,2
29368,6
29369,6
29370,6
29371,0
29372,5
29373,1
29374,1
29375,3
29376,1
29377,1
29378,5
29379,2
29380,1
29381,5
29382,3
29383,1
29384,0
29385,1
29386,0
29387,0
29388,0
29389,2
29390,2
29391,6
29392,6
29393,4
29394,3
29395,1
29396,2
29397,2
29398,2
29399,0
29400,1
29401,5
29402,0
29403,1
29404,2
29405,4
29406,2
29407,1
29408,6
29409,1
29410,2
29411,1
29412,2
29413,1
29414,4
29415,2
29416,5
29417,4
29418,5
29419,4
29420,4
29421,1
29422,6
29423,0
29424,5
29425,1
29426,2
29427,3
29428,2
29429,1
29430,2
29431,4
29432,0
29433,3
29434,1
29435,2
29436,3
29437,1
29438,6
29439,1
29440,2
29441,0
29442,1
29443,4
29444,1
29445,2
29446,0
29447,1
29448,2
29449,4
29450,2
29451,2
29452,4
29453,2
29454,6
29455,3
29456,2
29457,2
29458,2
29459,4
29460,2
29461,1
29462,3
29463,4
29464,2
29465,1
29466,3
29467,4
29468,2
29469,5
29470,2
29471,1
29472,5
29473,3
29474,3
29475,5
29476,0
29477,6
29478,2
29479,0
29480,1
29481,4
29482,1
29483,1
29484,3
29485,1
29486,1
29487,1
29488,1
29489,2
29490,2
29491,1
29492,3
29493,0
29494,4
29495,4
29496,0
29497,1
29498,0
29499,3
29500,2
29501,1
29502,2
29503,0
29504,1
29505,1
29506,5
29507,3
29508,1
29509,2
29510,5
29511,1
29512,1
29513,0
29514,2
29515,0
29516,2
29517,1
29518,2
29519,4
29520,0
29521,1
29522,3
29523,2
29524,1
29525,6
29526,2
29527,0
29528,0
29529,6
29530,3
29531,6
29532,1
29533,5
29534,1
29535,1
29536,3
29537,2
29538,2
29539,3
29540,5
29541,1
29542,3
29543,1
29544,4
29545,4
29546,1
29547,0
29548,1
29549,0
29550,2
29551,5
29552,2
29553,4
29554,0
29555,0
29556,2
29557,2
29558,1
29559,1
29560,4
29561,3
29562,2
29563,2
29564,2
29565,2
29566,2
29567,0
29568,1
29569,2
29570,1
29571,6
29572,1
29573,1
29574,1
29575,2
29576,1
29577,5
29578,2
29579,0
29580,4
29581,1
29582,1
29583,1
29584,1
29585,1
29586,1
29587,0
29588,5
29589,5
29590,4
29591,3
29592,0
29593,1
29594,6
29595,1
29596,3
29597,2
29598,1
29599,6
29600,1
29601,6
29602,3
29603,4
29604,4
29605,0
29606,1
29607,6
29608,2
29609,3
29610,1
29611,0
29612,0
29613,0
29614,2
29615,3
29616,2
29617,2
29618,2
29619,3
29620,0
29621,4
29622,5
29623,2
29624,2
29625,4
29626,2
29627,1
29628,2
29629,3
29630,2
29631,6
29632,1
29633,4
29634,4
29635,2
29636,6
29637,0
29638,4
29639,2
29640,5
29641,3
29642,1
29643,3
29644,0
29645,2
29646,0
29647,2
29648,2
29649,1
29650,6
29651,2
29652,2
29653,6
29654,0
29655,1
29656,1
29657,4
29658,0
29659,4
29660,2
29661,1
29662,2
29663,1
29664,1
29665,1
29666,2
29667,2
29668,2
29669,3
29670,0
29671,0
29672,5
29673,1
29674,2
29675,0
29676,0
29677,2
29678,1
29679,0
29680,2
29681,6
29682,5
29683,5
29684,2
29685,2
29686,3
29687,4
29688,2
29689,1
29690,6
29691,2
29692,2
29693,5
29694,6
29695,1
29696,5
29697,4
29698,3
29699,0
29700,0
29701,0
29702,0
29703,6
29704,3
29705,1
29706,4
29707,1
29708,3
29709,5
29710,0
29711,2
29712,3
29713,2
29714,1
29715,6
29716,1
29717,0
29718,2
29719,2
29720,1
29721,4
29722,6
29723,2
29724,5
29725,1
29726,4
29727,6
29728,2
29729,1
29730,5
29731,5
29732,2
29733,2
29734,5
29735,0
29736,6
29737,2
29738,6
29739,4
29740,3
29741,2
29742,1
29743,2
29744,0
29745,1
29746,3
29747,0
29748,1
29749,4
29750,3
29751,6
29752,2
29753,3
29754,1
29755,0
29756,1
29757,2
29758,0
29759,0
29760,1
29761,5
29762,5
29763,3
29764,4
29765,1
29766,6
29767,5
29768,5
29769,5
29770,1
29771,1
29772,0
29773,2
29774,6
29775,4
29776,3
29777,5
29778,4
29779,2
29780,0
29781,2
29782,6
29783,5
29784,2
29785,0
29786,3
29787,5
29788,1
29789,0
29790,2
29791,3
29792,5
29793,4
29794,2
29795,3
29796,3
29797,4
29798,0
29799,1
29800,6
29801,2
29802,2
29803,1
29804,6
29805,3
29806,1
29807,4
29808,4
29809,1
29810,2
29811,2
29812,2
29813,2
29814,1
29815,1
29816,4
29817,5
29818,1
29819,4
29820,4
29821,0
29822,4
29823,1
29824,0
29825,2
29826,1
29827,2
29828,3
29829,1
29830,6
29831,1
29832,3
29833,0
29834,6
29835,3
29836,5
29837,3
29838,4
29839,6
29840,0
29841,3
29842,1
29843,1
29844,3
29845,5
29846,1
29847,3
29848,1
29849,6
29850,2
29851,1
29852,1
29853,3
29854,5
29855,2
29856,2
29857,1
29858,5
29859,4
29860,0
29861,3
29862,4
29863,4
29864,2
29865,2
29866,1
29867,2
29868,5
29869,3
29870,1
29871,6
29872,6
29873,1
29874,1
29875,4
29876,0
29877,1
29878,3
29879,2
29880,1
29881,5
29882,5
29883,3
29884,0
29885,0
29886,3
29887,0
29888,2
29889,1
29890,0
29891,2
29892,6
29893,4
29894,0
29895,4
29896,4
29897,2
29898,2
29899,0
29900,0
29901,4
29902,5
29903,1
29904,3
29905,1
29906,3
29907,2
29908,6
29909,6
29910,6
29911,1
29912,2
29913,0
29914,0
29915,3
29916,1
29917,6
29918,3
29919,0
29920,1
29921,4
29922,1
29923,2
29924,2
29925,1
29926,1
29927,0
29928,4
29929,1
29930,3
29931,2
29932,2
29933,2
29934,3
29935,0
29936,3
29937,3
29938,4
29939,3
29940,0
29941,3
29942,3
29943,1
29944,1
29945,5
29946,6
29947,5
29948,2
29949,4
29950,2
29951,2
29952,2
29953,4
29954,1
29955,5
29956,1
29957,0
29958,4
29959,1
29960,6
29961,1
29962,2
29963,1
29964,2
29965,1
29966,3
29967,0
29968,3
29969,3
29970,2
29971,1
29972,1
29973,1
29974,6
29975,3
29976,4
29977,0
29978,0
29979,0
29980,6
29981,1
29982,6
29983,0
29984,6
29985,6
29986,0
29987,1
29988,6
29989,2
29990,2
29991,0
29992,1
29993,6
29994,0
29995,1
29996,0
29997,3
29998,6
29999,2
30000,4
30001,0
30002,1
30003,1
30004,3
30005,0
30006,4
30007,0
30008,3
30009,2
30010,1
30011,2
30012,2
30013,1
30014,2
30015,3
30016,5
30017,6
30018,4
30019,5
30020,1
30021,5
30022,0
30023,3
30024,1
30025,0
30026,2
30027,0
30028,6
30029,1
30030,6
30031,1
30032,2
30033,6
30034,1
30035,2
30036,5
30037,2
30038,2
30039,4
30040,2
30041,0
30042,6
30043,0
30044,2
30045,6
30046,2
30047,5
30048,4
30049,6
30050,2
30051,0
30052,2
30053,2
30054,1
30055,2
30056,5
30057,6
30058,0
30059,1
30060,3
30061,5
30062,2
30063,0
30064,2
30065,1
30066,2
30067,4
30068,6
30069,2
30070,4
30071,4
30072,3
30073,5
30074,2
30075,3
30076,6
30077,4
30078,1
30079,6
30080,5
30081,1
30082,5
30083,1
30084,0
30085,1
30086,2
30087,1
30088,3
30089,0
30090,0
30091,5
30092,1
30093,2
30094,6
30095,0
30096,1
30097,2
30098,5
30099,5
30100,1
30101,2
30102,3
30103,1
30104,0
30105,3
30106,1
30107,4
30108,4
30109,5
30110,6
30111,1
30112,3
30113,1
30114,6
30115,1
30116,2
30117,3
30118,0
30119,2
30120,1
30121,2
30122,5
30123,2
30124,2
30125,2
30126,1
30127,6
30128,4
30129,1
30130,1
30131,5
30132,3
30133,4
30134,1
30135,1
30136,3
30137,6
30138,2
30139,5
30140,4
30141,1
30142,5
30143,1
30144,0
30145,4
30146,5
30147,4
30148,2
30149,4
30150,1
30151,5
30152,2
30153,3
30154,5
30155,3
30156,1
30157,4
30158,3
30159,1
30160,6
30161,3
30162,0
30163,3
30164,1
30165,2
30166,6
30167,3
30168,1
30169,0
30170,3
30171,2
30172,5
30173,1
30174,1
30175,2
30176,2
30177,1
30178,2
30179,0
30180,3
30181,6
30182,2
30183,1
30184,2
30185,1
30186,0
30187,6
30188,0
30189,2
30190,2
30191,6
30192,4
30193,1
30194,0
30195,3
30196,0
30197,1
30198,4
30199,0
30200,3
30201,3
30202,1
30203,1
30204,2
30205,3
30206,3
30207,3
30208,1
30209,0
30210,2
30211,4
30212,3
30213,1
30214,1
30215,3
30216,6
30217,2
30218,0
30219,2
30220,2
30221,5
30222,1
30223,3
30224,6
30225,1
30226,3
30227,1
30228,3
30229,1
30230,3
30231,4
30232,1
30233,4
30234,1
30235,2
30236,2
30237,2
30238,2
30239,3
30240,1
30241,2
30242,4
30243,0
30244,0
30245,0
30246,1
30247,2
30248,2
30249,2
30250,5
30251,0
30252,1
30253,6
30254,5
30255,1
30256,0
30257,3
30258,2
30259,2
30260,3
30261,0
30262,5
30263,2
30264,1
30265,3
30266,5
30267,2
30268,2
30269,0
30270,1
30271,1
30272,1
30273,5
30274,1
30275,2
30276,1
30277,2
30278,3
30279,2
30280,1
30281,4
30282,0
30283,6
30284,4
30285,2
30286,1
30287,1
30288,1
30289,6
30290,2
30291,6
30292,4
30293,0
30294,0
30295,6
30296,5
30297,5
30298,0
30299,2
30300,3
30301,0
30302,3
30303,5
30304,1
30305,2
30306,2
30307,4
30308,6
30309,0
30310,4
30311,1
30312,0
30313,2
30314,1
30315,2
30316,0
30317,2
30318,2
30319,1
30320,0
30321,4
30322,3
30323,1
30324,2
30325,1
30326,3
30327,0
30328,2
30329,5
30330,4
30331,0
30332,1
30333,3
30334,3
30335,1
30336,6
30337,2
30338,4
30339,4
30340,2
30341,1
30342,1
30343,1
30344,2
30345,2
30346,1
30347,2
30348,1
30349,0
30350,0
30351,4
30352,4
30353,2
30354,0
30355,1
30356,1
30357,3
30358,3
30359,0
30360,4
30361,2
30362,1
30363,1
30364,2
30365,1
30366,1
30367,2
30368,2
30369,5
30370,1
30371,6
30372,1
30373,0
30374,1
30375,4
30376,2
30377,1
30378,2
30379,3
30380,5
30381,2
30382,4
30383,4
30384,0
30385,5
30386,5
30387,5
30388,2
30389,2
30390,0
30391,1
30392,0
30393,4
30394,3
30395,4
30396,1
30397,2
30398,0
30399,6
30400,2
30401,6
30402,3
30403,3
30404,1
30405,4
30406,0
30407,5
30408,0
30409,2
30410,2
30411,6
30412,2
30413,1
30414,1
30415,1
30416,2
30417,3
30418,3
30419,2
30420,1
30421,3
30422,1
30423,0
30424,1
30425,1
30426,0
30427,5
30428,3
30429,2
30430,3
30431,1
30432,1
30433,2
30434,2
30435,1
30436,1
30437,4
30438,2
30439,2
30440,5
30441,3
30442,5
30443,0
30444,1
30445,2
30446,2
30447,4
30448,6
30449,3
30450,2
30451,1
30452,2
30453,1
30454,2
30455,5
30456,2
30457,3
30458,2
30459,1
30460,0
30461,0
30462,2
30463,2
30464,6
30465,2
30466,5
30467,0
30468,6
30469,3
30470,1
30471,4
30472,1
30473,1
30474,2
30475,2
30476,0
30477,5
30478,1
30479,5
30480,6
30481,1
30482,6
30483,2
30484,5
30485,2
30486,1
30487,3
30488,3
30489,4
30490,2
30491,6
30492,0
30493,3
30494,3
30495,5
30496,2
30497,2
30498,0
30499,6
30500,3
30501,0
30502,2
30503,6
30504,1
30505,0
30506,6
30507,1
30508,3
30509,5
30510,2
30511,2
30512,6
30513,6
30514,2
30515,4
30516,2
30517,2
30518,0
30519,4
30520,5
30521,0
30522,2
30523,2
30524,4
30525,2
30526,1
30527,2
30528,1
30529,2
30530,1
30531,3
30532,2
30533,2
30534,3
30535,4
30536,2
30537,2
30538,5
30539,3
30540,0
30541,1
30542,6
30543,1
30544,1
30545,2
30546,3
30547,1
30548,1
30549,2
30550,2
30551,0
30552,1
30553,1
30554,2
30555,3
30556,3
30557,4
30558,2
30559,2
30560,2
30561,1
30562,4
30563,1
30564,3
30565,0
30566,4
30567,4
30568,2
30569,1
30570,2
30571,1
30572,1
30573,1
30574,0
30575,6
30576,1
30577,3
30578,4
30579,5
30580,5
30581,2
30582,0
30583,5
30584,5
30585,6
30586,1
30587,2
30588,2
30589,5
30590,3
30591,2
30592,1
30593,6
30594,5
30595,2
30596,1
30597,4
30598,4
30599,4
30600,2
30601,3
30602,2
30603,1
30604,1
30605,4
30606,2
30607,1
30608,1
30609,3
30610,4
30611,4
30612,1
30613,6
30614,3
30615,2
30616,3
30617,3
30618,2
30619,5
30620,3
30621,5
30622,5
30623,2
30624,5
30625,0
30626,3
30627,2
30628,3
30629,6
30630,1
30631,1
30632,2
30633,4
30634,5
30635,6
30636,2
30637,2
30638,1
30639,4
30640,2
30641,5
30642,2
30643,5
30644,6
30645,4
30646,1
30647,0
30648,2
30649,5
30650,4
30651,4
30652,1
30653,2
30654,1
30655,2
30656,5
30657,4
30658,2
30659,2
30660,5
30661,1
30662,2
30663,6
30664,5
30665,5
30666,5
30667,2
30668,3
30669,4
30670,4
30671,1
30672,3
30673,4
30674,0
30675,1
30676,6
30677,2
30678,3
30679,1
30680,1
30681,1
30682,5
30683,4
30684,0
30685,5
30686,1
30687,2
30688,6
30689,6
30690,4
30691,4
30692,5
30693,2
30694,6
30695,6
30696,1
30697,1
30698,3
30699,2
30700,2
30701,2
30702,1
30703,1
30704,6
30705,6
30706,1
30707,6
30708,2
30709,1
30710,2
30711,2
30712,3
30713,0
30714,2
30715,0
30716,0
30717,1
30718,6
30719,1
30720,2
30721,0
30722,2
30723,6
30724,3
30725,3
30726,1
30727,5
30728,4
30729,5
30730,5
30731,1
30732,2
30733,5
30734,2
30735,0
30736,2
30737,1
30738,1
30739,1
30740,2
30741,5
30742,2
30743,6
30744,1
30745,0
30746,1
30747,1
30748,4
30749,3
30750,6
30751,3
30752,5
30753,2
30754,1
30755,2
30756,6
30757,1
30758,2
30759,4
30760,2
30761,2
30762,6
30763,0
30764,6
30765,4
30766,0
30767,2
30768,4
30769,1
30770,0
30771,2
30772,6
30773,3
30774,4
30775,2
30776,2
30777,4
30778,2
30779,1
30780,3
30781,1
30782,1
30783,1
30784,1
30785,2
30786,6
30787,0
30788,2
30789,2
30790,2
30791,6
30792,3
30793,2
30794,0
30795,2
30796,1
30797,2
30798,2
30799,2
30800,2
30801,2
30802,4
30803,3
30804,5
30805,0
30806,5
30807,4
30808,0
30809,3
30810,4
30811,0
30812,2
30813,2
30814,6
30815,2
30816,2
30817,1
30818,2
30819,4
30820,4
30821,2
30822,3
30823,1
30824,4
30825,6
30826,6
30827,5
30828,5
30829,4
30830,6
30831,0
30832,0
30833,2
30834,6
30835,0
30836,0
30837,2
30838,2
30839,1
30840,1
30841,4
30842,3
30843,5
30844,5
30845,2
30846,6
30847,2
30848,1
30849,3
30850,3
30851,2
30852,3
30853,4
30854,0
30855,5
30856,2
30857,1
30858,1
30859,2
30860,1
30861,0
30862,3
30863,2
30864,1
30865,4
30866,4
30867,0
30868,2
30869,0
30870,3
30871,1
30872,5
30873,1
30874,1
30875,4
30876,4
30877,5
30878,3
30879,3
30880,3
30881,6
30882,3
30883,2
30884,0
30885,2
30886,3
30887,0
30888,0
30889,1
30890,2
30891,2
30892,2
30893,2
30894,4
30895,4
30896,6
30897,2
30898,6
30899,4
30900,2
30901,2
30902,1
30903,1
30904,2
30905,2
30906,6
30907,2
30908,6
30909,2
30910,4
30911,4
30912,1
30913,3
30914,6
30915,3
30916,1
30917,6
30918,1
30919,3
30920,4
30921,2
30922,1
30923,4
30924,5
30925,6
30926,5
30927,2
30928,2
30929,3
30930,1
30931,4
30932,5
30933,2
30934,3
30935,4
30936,4
30937,1
30938,1
30939,6
30940,2
30941,4
30942,2
30943,5
30944,5
30945,1
30946,2
30947,1
30948,1
30949,1
30950,2
30951,1
30952,1
30953,2
30954,3
30955,0
30956,0
30957,2
30958,2
30959,6
30960,5
30961,6
30962,4
30963,2
30964,2
30965,1
30966,1
30967,2
30968,3
30969,5
30970,2
30971,2
30972,3
30973,2
30974,0
30975,0
30976,4
30977,6
30978,5
30979,6
30980,1
30981,2
30982,3
30983,3
30984,2
30985,2
30986,2
30987,1
30988,1
30989,4
30990,5
30991,1
30992,2
30993,5
30994,3
30995,2
30996,2
30997,5
30998,1
30999,2
31000,6
31001,5
31002,3
31003,0
31004,1
31005,5
31006,0
31007,6
31008,3
31009,0
31010,3
31011,0
31012,0
31013,6
31014,1
31015,4
31016,5
31017,0
31018,0
31019,3
31020,0
31021,0
31022,1
31023,6
31024,0
31025,1
31026,0
31027,2
31028,4
31029,2
31030,0
31031,5
31032,1
31033,2
31034,2
31035,2
31036,2
31037,0
31038,2
31039,2
31040,4
31041,2
31042,1
31043,6
31044,0
31045,4
31046,2
31047,1
31048,6
31049,2
31050,2
31051,2
31052,5
31053,1
31054,1
31055,3
31056,2
31057,1
31058,1
31059,5
31060,0
31061,2
31062,4
31063,5
31064,4
31065,1
31066,0
31067,1
31068,4
31069,5
31070,1
31071,4
31072,4
31073,1
31074,6
31075,0
31076,2
31077,6
31078,3
31079,2
31080,6
31081,5
31082,1
31083,3
31084,5
31085,2
31086,1
31087,3
31088,1
31089,3
31090,5
31091,1
31092,6
31093,3
31094,6
31095,4
31096,3
31097,3
31098,1
31099,2
31100,5
31101,1
31102,2
31103,1
31104,0
31105,4
31106,2
31107,3
31108,4
31109,1
31110,2
31111,5
31112,0
31113,6
31114,6
31115,4
31116,2
31117,1
31118,0
31119,5
31120,1
31121,1
31122,2
31123,1
31124,3
31125,0
31126,4
31127,1
31128,2
31129,1
31130,2
31131,3
31132,5
31133,1
31134,4
31135,2
31136,2
31137,1
31138,2
31139,1
31140,2
31141,0
31142,1
31143,3
31144,1
31145,1
31146,2
31147,0
31148,2
31149,1
31150,5
31151,1
31152,1
31153,5
31154,4
31155,4
31156,1
31157,0
31158,1
31159,6
31160,0
31161,1
31162,4
31163,3
31164,1
31165,1
31166,1
31167,2
31168,3
31169,1
31170,0
31171,3
31172,4
31173,5
31174,2
31175,2
31176,4
31177,6
31178,1
31179,2
31180,5
31181,3
31182,1
31183,6
31184,5
31185,4
31186,4
31187,1
31188,6
31189,0
31190,0
31191,2
31192,2
31193,1
31194,0
31195,0
31196,1
31197,1
31198,5
31199,1
31200,0
31201,1
31202,2
31203,3
31204,2
31205,2
31206,3
31207,6
31208,6
31209,2
31210,2
31211,1
31212,0
31213,1
31214,4
31215,4
31216,6
31217,2
31218,2
31219,1
31220,0
31221,2
31222,2
31223,2
31224,1
31225,2
31226,6
31227,4
31228,2
31229,5
31230,4
31231,2
31232,1
31233,4
31234,5
31235,6
31236,0
31237,4
31238,6
31239,0
31240,0
31241,0
31242,3
31243,6
31244,5
31245,1
31246,5
31247,3
31248,5
31249,0
31250,1
31251,6
31252,5
31253,0
31254,0
31255,1
31256,3
31257,0
31258,5
31259,1
31260,6
31261,2
31262,1
31263,1
31264,1
31265,4
31266,4
31267,2
31268,3
31269,5
31270,3
31271,2
31272,0
31273,5
31274,1
31275,1
31276,0
31277,5
31278,1
31279,2
31280,6
31281,2
31282,5
31283,4
31284,6
31285,5
31286,2
31287,6
31288,5
31289,0
31290,2
31291,2
31292,0
31293,3
31294,6
31295,2
31296,6
31297,3
31298,6
31299,3
31300,0
31301,4
31302,4
31303,4
31304,4
31305,2
31306,2
31307,3
31308,6
31309,2
31310,6
31311,0
31312,2
31313,3
31314,0
31315,2
31316,1
31317,2
31318,2
31319,2
31320,5
31321,1
31322,0
31323,6
31324,6
31325,5
31326,2
31327,6
31328,0
31329,2
31330,1
31331,2
31332,3
31333,4
31334,3
31335,4
31336,2
31337,4
31338,1
31339,2
31340,3
31341,2
31342,2
31343,3
31344,5
31345,0
31346,1
31347,0
31348,0
31349,2
31350,1
31351,2
31352,2
31353,1
31354,0
31355,0
31356,2
31357,1
31358,2
31359,0
31360,1
31361,4
31362,2
31363,6
31364,4
31365,2
31366,2
31367,2
31368,3
31369,4
31370,4
31371,2
31372,2
31373,2
31374,1
31375,2
31376,4
31377,2
31378,4
31379,2
31380,2
31381,1
31382,4
31383,1
31384,3
31385,0
31386,2
31387,2
31388,5
31389,1
31390,1
31391,2
31392,5
31393,2
31394,5
31395,6
31396,2
31397,1
31398,4
31399,4
31400,1
31401,1
31402,3
31403,1
31404,0
31405,4
31406,4
31407,0
31408,2
31409,3
31410,5
31411,4
31412,5
31413,3
31414,4
31415,1
31416,1
31417,4
31418,1
31419,3
31420,3
31421,0
31422,1
31423,2
31424,3
31425,1
31426,1
31427,6
31428,2
31429,6
31430,2
31431,2
31432,6
31433,4
31434,1
31435,4
31436,2
31437,1
31438,1
31439,6
31440,0
31441,1
31442,5
31443,0
31444,3
31445,1
31446,5
31447,1
31448,0
31449,5
31450,4
31451,2
31452,3
31453,1
31454,2
31455,0
31456,2
31457,0
31458,2
31459,0
31460,2
31461,0
31462,6
31463,0
31464,0
31465,6
31466,1
31467,1
31468,4
31469,6
31470,0
31471,5
31472,3
31473,2
31474,2
31475,1
31476,1
31477,6
31478,2
31479,4
31480,1
31481,6
31482,3
31483,1
31484,2
31485,6
31486,1
31487,1
31488,0
31489,0
31490,0
31491,3
31492,1
31493,0
31494,1
31495,2
31496,3
31497,3
31498,5
31499,4
31500,3
31501,1
31502,1
31503,1
31504,2
31505,6
31506,1
31507,2
31508,1
31509,4
31510,6
31511,4
31512,0
31513,2
31514,2
31515,4
31516,1
31517,0
31518,5
31519,4
31520,5
31521,1
31522,1
31523,1
31524,0
31525,1
31526,1
31527,1
31528,5
31529,2
31530,2
31531,0
31532,3
31533,1
31534,2
31535,1
31536,2
31537,5
31538,1
31539,2
31540,1
31541,6
31542,0
31543,5
31544,1
31545,6
31546,1
31547,2
31548,1
31549,5
31550,4
31551,0
31552,5
31553,1
31554,2
31555,2
31556,6
31557,0
31558,3
31559,2
31560,1
31561,1
31562,2
31563,2
31564,6
31565,1
31566,2
31567,2
31568,4
31569,1
31570,1
31571,4
31572,6
31573,3
31574,3
31575,0
31576,2
31577,1
31578,2
31579,1
31580,5
31581,6
31582,2
31583,2
31584,1
31585,0
31586,1
31587,4
31588,0
31589,2
31590,2
31591,5
31592,2
31593,1
31594,2
31595,6
31596,2
31597,2
31598,1
31599,2
31600,2
31601,2
31602,0
31603,4
31604,2
31605,1
31606,6
31607,4
31608,2
31609,2
31610,2
31611,1
31612,1
31613,2
31614,1
31615,6
31616,1
31617,2
31618,1
31619,4
31620,0
31621,6
31622,3
31623,3
31624,4
31625,2
31626,2
31627,6
31628,2
31629,1
31630,1
31631,1
31632,2
31633,4
31634,2
31635,2
31636,2
31637,0
31638,2
31639,5
31640,2
31641,0
31642,3
31643,3
31644,1
31645,2
31646,1
31647,4
31648,3
31649,3
31650,2
31651,3
31652,5
31653,4
31654,2
31655,2
31656,0
31657,0
31658,2
31659,3
31660,0
31661,2
31662,1
31663,1
31664,5
31665,1
31666,6
31667,6
31668,2
31669,4
31670,2
31671,1
31672,1
31673,4
31674,3
31675,4
31676,2
31677,1
31678,6
31679,2
31680,1
31681,1
31682,1
31683,5
31684,2
31685,2
31686,0
31687,1
31688,1
31689,1
31690,4
31691,2
31692,6
31693,0
31694,2
31695,4
31696,4
31697,0
31698,1
31699,5
31700,6
31701,0
31702,1
31703,4
31704,1
31705,0
31706,4
31707,2
31708,2
31709,6
31710,2
31711,4
31712,5
31713,1
31714,1
31715,0
31716,2
31717,2
31718,6
31719,1
31720,1
31721,5
31722,1
31723,2
31724,2
31725,4
31726,2
31727,4
31728,0
31729,2
31730,2
31731,2
31732,3
31733,5
31734,6
31735,1
31736,5
31737,2
31738,3
31739,2
31740,1
31741,2
31742,2
31743,6
31744,2
31745,5
31746,5
31747,3
31748,0
31749,1
31750,6
31751,5
31752,2
31753,5
31754,4
31755,0
31756,4
31757,0
31758,1
31759,4
31760,2
31761,2
31762,1
31763,1
31764,0
31765,2
31766,5
31767,3
31768,3
31769,6
31770,1
31771,4
31772,1
31773,1
31774,6
31775,4
31776,1
31777,5
31778,3
31779,3
31780,2
31781,3
31782,1
31783,2
31784,0
31785,2
31786,1
31787,1
31788,1
31789,1
31790,1
31791,6
31792,1
31793,5
31794,1
31795,0
31796,6
31797,2
31798,3
31799,6
31800,0
31801,0
31802,6
31803,6
31804,6
31805,2
31806,5
31807,1
31808,2
31809,1
31810,5
31811,2
31812,3
31813,2
31814,5
31815,1
31816,2
31817,4
31818,6
31819,1
31820,1
31821,2
31822,3
31823,3
31824,6
31825,6
31826,2
31827,2
31828,2
31829,6
31830,0
31831,1
31832,6
31833,0
31834,0
31835,1
31836,0
31837,0
31838,3
31839,2
31840,3
31841,1
31842,6
31843,4
31844,2
31845,2
31846,2
31847,5
31848,2
31849,3
31850,2
31851,0
31852,6
31853,1
31854,2
31855,4
31856,5
31857,5
31858,2
31859,3
31860,0
31861,6
31862,3
31863,4
31864,5
31865,5
31866,6
31867,3
31868,1
31869,2
31870,1
31871,2
31872,1
31873,2
31874,1
31875,1
31876,2
31877,2
31878,3
31879,3
31880,5
31881,3
31882,6
31883,2
31884,1
31885,3
31886,4
31887,1
31888,0
31889,5
31890,2
31891,3
31892,2
31893,5
31894,2
31895,2
31896,3
31897,5
31898,2
31899,2
31900,2
31901,1
31902,2
31903,3
31904,1
31905,4
31906,6
31907,2
31908,1
31909,2
31910,3
31911,4
31912,5
31913,4
31914,6
31915,1
31916,2
31917,1
31918,2
31919,6
31920,0
31921,3
31922,6
31923,1
31924,1
31925,1
31926,5
31927,5
31928,3
31929,3
31930,0
31931,1
31932,2
31933,5
31934,2
31935,2
31936,0
31937,1
31938,1
31939,5
31940,0
31941,1
31942,3
31943,0
31944,1
31945,2
31946,4
31947,4
31948,4
31949,2
31950,6
31951,5
31952,1
31953,6
31954,6
31955,4
31956,2
31957,2
31958,3
31959,2
31960,1
31961,2
31962,2
31963,5
31964,2
31965,2
31966,0
31967,1
31968,1
31969,0
31970,2
31971,3
31972,6
31973,2
31974,2
31975,1
31976,1
31977,4
31978,5
31979,2
31980,3
31981,2
31982,1
31983,1
31984,6
31985,4
31986,1
31987,6
31988,5
31989,1
31990,3
31991,1
31992,2
31993,1
31994,2
31995,4
31996,1
31997,5
31998,6
31999,1
32000,6
32001,2
32002,6
32003,1
32004,3
32005,6
32006,0
32007,2
32008,1
32009,6
32010,4
32011,1
32012,3
32013,6
32014,2
32015,6
32016,5
32017,1
32018,2
32019,2
32020,1
32021,0
32022,4
32023,6
32024,2
32025,6
32026,3
32027,2
32028,5
32029,3
32030,0
32031,2
32032,2
32033,0
32034,1
32035,2
32036,3
32037,2
32038,4
32039,0
32040,5
32041,4
32042,0
32043,1
32044,1
32045,6
32046,4
32047,5
32048,6
32049,3
32050,1
32051,6
32052,1
32053,2
32054,2
32055,1
32056,1
32057,2
32058,3
32059,6
32060,2
32061,0
32062,0
32063,2
32064,1
32065,1
32066,1
32067,0
32068,6
32069,2
32070,3
32071,2
32072,2
32073,2
32074,1
32075,2
32076,1
32077,4
32078,1
32079,6
32080,0
32081,2
32082,2
32083,1
32084,2
32085,2
32086,0
32087,0
32088,1
32089,2
32090,4
32091,2
32092,5
32093,1
32094,3
32095,6
32096,5
32097,2
32098,4
32099,1
32100,2
32101,3
32102,3
32103,4
32104,6
32105,5
32106,2
32107,6
32108,2
32109,0
32110,3
32111,0
32112,2
32113,3
32114,5
32115,3
32116,5
32117,0
32118,0
32119,6
32120,2
32121,5
32122,0
32123,6
32124,4
32125,2
32126,4
32127,6
32128,6
32129,1
32130,2
32131,1
32132,6
32133,2
32134,5
32135,1
32136,2
32137,0
32138,2
32139,1
32140,4
32141,2
32142,4
32143,1
32144,3
32145,2
32146,0
32147,0
32148,0
32149,2
32150,4
32151,2
32152,2
32153,1
32154,5
32155,2
32156,1
32157,3
32158,6
32159,1
32160,0
32161,0
32162,2
32163,1
32164,1
32165,3
32166,0
32167,4
32168,2
32169,1
32170,4
32171,1
32172,3
32173,6
32174,3
32175,3
32176,3
32177,3
32178,2
32179,4
32180,2
32181,3
32182,1
32183,3
32184,4
32185,2
32186,2
32187,1
32188,1
32189,2
32190,1
32191,2
32192,2
32193,1
32194,6
32195,0
32196,2
32197,5
32198,1
32199,4
32200,2
32201,2
32202,4
32203,0
32204,3
32205,2
32206,1
32207,0
32208,3
32209,1
32210,1
32211,0
32212,0
32213,1
32214,0
32215,3
32216,2
32217,0
32218,2
32219,0
32220,0
32221,2
32222,6
32223,4
32224,1
32225,3
32226,2
32227,2
32228,1
32229,0
32230,2
32231,3
32232,2
32233,6
32234,1
32235,2
32236,1
32237,6
32238,1
32239,6
32240,1
32241,6
32242,2
32243,1
32244,1
32245,2
32246,1
32247,5
32248,5
32249,0
32250,1
32251,1
32252,1
32253,4
32254,4
32255,2
32256,3
32257,2
32258,0
32259,6
32260,4
32261,0
32262,6
32263,4
32264,1
32265,3
32266,2
32267,0
32268,1
32269,6
32270,0
32271,1
32272,5
32273,6
32274,0
32275,1
32276,2
32277,3
32278,0
32279,0
32280,5
32281,3
32282,4
32283,0
32284,1
32285,0
32286,2
32287,5
32288,2
32289,0
32290,0
32291,1
32292,4
32293,6
32294,2
32295,6
32296,3
32297,2
32298,0
32299,1
32300,1
32301,6
32302,0
32303,3
32304,0
32305,2
32306,3
32307,6
32308,1
32309,1
32310,4
32311,3
32312,2
32313,3
32314,1
32315,2
32316,2
32317,1
32318,1
32319,3
32320,6
32321,3
32322,2
32323,2
32324,5
32325,6
32326,1
32327,3
32328,6
32329,0
32330,2
32331,6
32332,6
32333,2
32334,1
32335,3
32336,1
32337,0
32338,2
32339,1
32340,3
32341,2
32342,1
32343,3
32344,1
32345,4
32346,0
32347,4
32348,1
32349,2
32350,6
32351,6
32352,1
32353,0
32354,4
32355,1
32356,2
32357,6
32358,4
32359,2
32360,0
32361,0
32362,5
32363,5
32364,5
32365,1
32366,1
32367,0
32368,2
32369,6
32370,3
32371,1
32372,4
32373,2
32374,4
32375,3
32376,3
32377,1
32378,2
32379,1
32380,2
32381,3
32382,1
32383,4
32384,6
32385,4
32386,2
32387,2
32388,3
32389,0
32390,1
32391,1
32392,1
32393,2
32394,2
32395,1
32396,1
32397,5
32398,2
32399,6
32400,1
32401,3
32402,2
32403,5
32404,2
32405,3
32406,1
32407,3
32408,5
32409,4
32410,2
32411,1
32412,3
32413,1
32414,1
32415,2
32416,6
32417,2
32418,0
32419,3
32420,1
32421,1
32422,0
32423,0
32424,1
32425,4
32426,3
32427,0
32428,1
32429,1
32430,1
32431,2
32432,2
32433,1
32434,1
32435,3
32436,1
32437,0
32438,0
32439,4
32440,1
32441,1
32442,2
32443,3
32444,2
32445,2
32446,3
32447,1
32448,1
32449,3
32450,2
32451,4
32452,4
32453,4
32454,1
32455,1
32456,1
32457,1
32458,2
32459,1
32460,0
32461,5
32462,6
32463,5
32464,0
32465,3
32466,4
32467,6
32468,5
32469,6
32470,6
32471,0
32472,3
32473,1
32474,5
32475,6
32476,2
32477,0
32478,3
32479,4
32480,3
32481,1
32482,1
32483,4
32484,6
32485,6
32486,2
32487,4
32488,0
32489,1
32490,5
32491,0
32492,1
32493,0
32494,3
32495,2
32496,1
32497,1
32498,2
32499,6
32500,2
32501,2
32502,1
32503,5
32504,2
32505,4
32506,2
32507,4
32508,6
32509,4
32510,1
32511,2
32512,1
32513,5
32514,0
32515,0
32516,1
32517,1
32518,5
32519,1
32520,4
32521,1
32522,2
32523,3
32524,4
32525,2
32526,0
32527,2
32528,2
32529,1
32530,2
32531,6
32532,2
32533,1
32534,6
32535,2
32536,2
32537,2
32538,0
32539,2
32540,1
32541,4
32542,2
32543,4
32544,5
32545,0
32546,1
32547,0
32548,3
32549,0
32550,2
32551,0
32552,2
32553,1
32554,2
32555,0
32556,5
32557,5
32558,2
32559,2
32560,3
32561,2
32562,3
32563,1
32564,2
32565,3
32566,6
32567,2
32568,6
32569,1
32570,2
32571,1
32572,2
32573,1
32574,6
32575,2
32576,6
32577,1
32578,5
32579,1
32580,2
32581,1
32582,2
32583,5
32584,1
32585,0
32586,0
32587,6
32588,4
32589,2
32590,0
32591,2
32592,3
32593,1
32594,3
32595,1
32596,6
32597,2
32598,2
32599,3
32600,4
32601,1
32602,2
32603,2
32604,0
32605,1
32606,4
32607,1
32608,6
32609,2
32610,6
32611,0
32612,2
32613,1
32614,4
32615,3
32616,0
32617,2
32618,2
32619,1
32620,1
32621,3
32622,1
32623,3
32624,1
32625,2
32626,1
32627,5
32628,6
32629,0
32630,5
32631,2
32632,4
32633,5
32634,6
32635,6
32636,1
32637,2
32638,2
32639,0
32640,1
32641,3
32642,2
32643,1
32644,2
32645,5
32646,1
32647,2
32648,1
32649,1
32650,1
32651,2
32652,4
32653,0
32654,3
32655,6
32656,3
32657,2
32658,5
32659,6
32660,2
32661,5
32662,2
32663,3
32664,6
32665,3
32666,3
32667,3
32668,0
32669,1
32670,4
32671,4
32672,5
32673,1
32674,4
32675,6
32676,1
32677,2
32678,2
32679,6
32680,3
32681,0
32682,1
32683,4
32684,0
32685,0
32686,1
32687,4
32688,6
32689,1
32690,1
32691,1
32692,3
32693,4
32694,3
32695,3
32696,0
32697,1
32698,3
32699,1
32700,3
32701,1
32702,1
32703,1
32704,0
32705,2
32706,4
32707,2
32708,1
32709,1
32710,1
32711,1
32712,6
32713,2
32714,3
32715,1
32716,1
32717,2
32718,3
32719,1
32720,4
32721,2
32722,6
32723,6
32724,2
32725,3
32726,6
32727,1
32728,2
32729,1
32730,3
32731,2
32732,1
32733,4
32734,1
32735,4
32736,6
32737,2
32738,3
32739,2
32740,1
32741,2
32742,6
32743,2
32744,1
32745,2
32746,0
32747,1
32748,5
32749,2
32750,1
32751,1
32752,0
32753,2
32754,4
32755,2
32756,0
32757,1
32758,1
32759,6
32760,4
32761,2
32762,4
32763,2
32764,2
32765,2
32766,2
32767,2
32768,4
32769,3
32770,2
32771,2
32772,6
32773,2
32774,0
32775,4
32776,5
32777,1
32778,2
32779,1
32780,0
32781,5
32782,1
32783,2
32784,6
32785,4
32786,1
32787,2
32788,4
32789,0
32790,2
32791,0
32792,6
32793,2
32794,3
32795,2
32796,3
32797,6
32798,5
32799,2
32800,5
32801,1
32802,6
32803,1
32804,2
32805,0
32806,6
32807,1
32808,4
32809,6
32810,2
32811,1
32812,1
32813,0
32814,0
32815,4
32816,6
32817,6
32818,3
32819,6
32820,4
32821,1
32822,4
32823,2
32824,5
32825,6
32826,1
32827,6
32828,2
32829,0
32830,2
32831,1
32832,2
32833,5
32834,5
32835,2
32836,2
32837,0
32838,1
32839,3
32840,2
32841,2
32842,3
32843,3
32844,2
32845,1
32846,0
32847,2
32848,0
32849,1
32850,1
32851,3
32852,1
32853,1
32854,2
32855,1
32856,1
32857,5
32858,2
32859,2
32860,5
32861,3
32862,4
32863,4
32864,3
32865,4
32866,2
32867,6
32868,1
32869,2
32870,2
32871,1
32872,2
32873,1
32874,0
32875,1
32876,2
32877,4
32878,1
32879,1
32880,1
32881,1
32882,1
32883,3
32884,2
32885,2
32886,3
32887,4
32888,2
32889,2
32890,2
32891,6
32892,1
32893,0
32894,2
32895,1
32896,3
32897,1
32898,5
32899,4
32900,0
32901,2
32902,2
32903,0
32904,4
32905,1
32906,2
32907,4
32908,2
32909,1
32910,1
32911,3
32912,6
32913,2
32914,0
32915,0
32916,3
32917,3
32918,2
32919,6
32920,3
32921,0
32922,1
32923,2
32924,2
32925,3
32926,4
32927,6
32928,0
32929,5
32930,2
32931,5
32932,5
32933,2
32934,4
32935,1
32936,3
32937,2
32938,6
32939,2
32940,1
32941,3
32942,1
32943,1
32944,1
32945,5
32946,2
32947,6
32948,4
32949,0
32950,2
32951,3
32952,6
32953,4
32954,2
32955,1
32956,6
32957,2
32958,1
32959,2
32960,2
32961,1
32962,3
32963,3
32964,3
32965,5
32966,2
32967,0
32968,5
32969,2
32970,6
32971,2
32972,2
32973,6
32974,6
32975,5
32976,6
32977,3
32978,3
32979,1
32980,0
32981,0
32982,0
32983,4
32984,3
32985,3
32986,2
32987,2
32988,3
32989,1
32990,0
32991,1
32992,2
32993,2
32994,5
32995,2
32996,6
32997,1
32998,4
32999,3
33000,2
33001,3
33002,1
33003,2
33004,2
33005,6
33006,2
33007,6
33008,2
33009,6
33010,6
33011,0
33012,5
33013,6
33014,1
33015,5
33016,1
33017,6
33018,3
33019,3
33020,2
33021,5
33022,1
33023,4
33024,3
33025,1
33026,6
33027,0
33028,2
33029,0
33030,1
33031,1
33032,2
33033,3
33034,5
33035,5
33036,1
33037,0
33038,3
33039,0
33040,0
33041,6
33042,0
33043,6
33044,1
33045,2
33046,0
33047,5
33048,5
33049,4
33050,1
33051,1
33052,1
33053,1
33054,1
33055,1
33056,4
33057,0
33058,1
33059,2
33060,5
33061,3
33062,1
33063,2
33064,2
33065,1
33066,1
33067,3
33068,0
33069,6
33070,2
33071,4
33072,1
33073,1
33074,2
33075,1
33076,1
33077,4
33078,0
33079,2
33080,1
33081,2
33082,0
33083,1
33084,3
33085,5
33086,3
33087,1
33088,2
33089,1
33090,3
33091,1
33092,0
33093,4
33094,2
33095,3
33096,2
33097,0
33098,2
33099,6
33100,2
33101,1
33102,1
33103,1
33104,2
33105,2
33106,5
33107,4
33108,1
33109,6
33110,5
33111,2
33112,1
33113,1
33114,6
33115,2
33116,3
33117,1
33118,1
33119,3
33120,5
33121,2
33122,3
33123,5
33124,4
33125,2
33126,3
33127,2
33128,0
33129,1
33130,1
33131,0
33132,1
33133,5
33134,3
33135,1
33136,2
33137,3
33138,1
33139,2
33140,2
33141,1
33142,1
33143,1
33144,1
33145,2
33146,6
33147,1
33148,2
33149,2
33150,2
33151,0
33152,5
33153,1
33154,6
33155,4
33156,1
33157,4
33158,6
33159,6
33160,1
33161,2
33162,0
33163,1
33164,6
33165,5
33166,4
33167,6
33168,2
33169,4
33170,3
33171,1
33172,4
33173,3
33174,4
33175,1
33176,6
33177,3
33178,2
33179,4
33180,5
33181,2
33182,2
33183,2
33184,5
33185,2
33186,1
33187,1
33188,5
33189,0
33190,0
33191,5
33192,1
33193,4
33194,4
33195,2
33196,4
33197,0
33198,1
33199,6
33200,0
33201,2
33202,6
33203,1
33204,2
33205,2
33206,3
33207,3
33208,1
33209,1
33210,4
33211,2
33212,5
33213,3
33214,0
33215,5
33216,6
33217,2
33218,2
33219,2
33220,1
33221,2
33222,2
33223,6
33224,3
33225,4
33226,6
33227,2
33228,1
33229,1
33230,1
33231,1
33232,2
33233,0
33234,4
33235,3
33236,2
33237,3
33238,0
33239,1
33240,4
33241,3
33242,1
33243,2
33244,0
33245,0
33246,2
33247,2
33248,3
33249,2
33250,1
33251,1
33252,3
33253,6
33254,3
33255,3
33256,1
33257,5
33258,3
33259,1
33260,3
33261,4
33262,5
33263,4
33264,1
33265,5
33266,4
33267,1
33268,0
33269,2
33270,1
33271,6
33272,4
33273,2
33274,5
33275,0
33276,4
33277,1
33278,6
33279,2
33280,5
33281,3
33282,1
33283,3
33284,2
33285,4
33286,2
33287,6
33288,6
33289,3
33290,5
33291,1
33292,4
33293,1
33294,1
33295,1
33296,1
33297,6
33298,0
33299,4
33300,0
33301,2
33302,1
33303,5
33304,6
33305,1
33306,4
33307,1
33308,3
33309,2
33310,0
33311,1
33312,2
33313,2
33314,2
33315,5
33316,0
33317,1
33318,4
33319,6
33320,2
33321,4
33322,4
33323,1
33324,5
33325,0
33326,1
33327,0
33328,3
33329,5
33330,5
33331,0
33332,5
33333,5
33334,2
33335,4
33336,4
33337,0
33338,4
33339,2
33340,2
33341,1
33342,6
33343,5
33344,2
33345,3
33346,4
33347,2
33348,1
33349,2
33350,2
33351,4
33352,5
33353,0
33354,0
33355,5
33356,2
33357,6
33358,2
33359,3
33360,1
33361,2
33362,3
33363,2
33364,2
33365,0
33366,3
33367,2
33368,1
33369,0
33370,1
33371,2
33372,5
33373,3
33374,3
33375,3
33376,1
33377,2
33378,1
33379,5
33380,5
33381,2
33382,6
33383,2
33384,1
33385,5
33386,2
33387,6
33388,5
33389,4
33390,3
33391,1
33392,5
33393,5
33394,0
33395,0
33396,0
33397,2
33398,4
33399,0
33400,2
33401,6
33402,3
33403,1
33404,0
33405,1
33406,1
33407,1
33408,3
33409,5
33410,2
33411,2
33412,1
33413,2
33414,6
33415,4
33416,1
33417,6
33418,1
33419,0
33420,2
33421,4
33422,6
33423,3
33424,2
33425,3
33426,2
33427,6
33428,1
33429,4
33430,6
33431,1
33432,1
33433,1
33434,5
33435,5
33436,0
33437,5
33438,6
33439,6
33440,4
33441,2
33442,4
33443,2
33444,2
33445,1
33446,0
33447,1
33448,3
33449,2
33450,1
33451,3
33452,1
33453,3
33454,0
33455,0
33456,1
33457,2
33458,6
33459,5
33460,6
33461,3
33462,5
33463,4
33464,5
33465,4
33466,0
33467,2
33468,1
33469,4
33470,2
33471,4
33472,0
33473,3
33474,5
33475,3
33476,4
33477,0
33478,6
33479,2
33480,4
33481,2
33482,1
33483,1
33484,1
33485,5
33486,5
33487,1
33488,2
33489,1
33490,1
33491,0
33492,2
33493,2
33494,4
33495,5
33496,0
33497,1
33498,3
33499,2
33500,1
33501,2
33502,0
33503,1
33504,3
33505,1
33506,2
33507,0
33508,2
33509,3
33510,1
33511,2
33512,2
33513,5
33514,2
33515,0
33516,3
33517,4
33518,3
33519,3
33520,1
33521,5
33522,6
33523,1
33524,4
33525,1
33526,1
33527,3
33528,0
33529,0
33530,1
33531,0
33532,0
33533,2
33534,1
33535,1
33536,6
33537,0
33538,2
33539,2
33540,0
33541,0
33542,4
33543,1
33544,0
33545,2
33546,6
33547,6
33548,3
33549,1
33550,1
33551,6
33552,1
33553,0
33554,1
33555,2
33556,1
33557,5
33558,2
33559,1
33560,6
33561,6
33562,3
33563,2
33564,0
33565,2
33566,2
33567,5
33568,5
33569,1
33570,2
33571,2
33572,4
33573,4
33574,2
33575,1
33576,3
33577,6
33578,1
33579,6
33580,1
33581,0
33582,0
33583,6
33584,1
33585,3
33586,5
33587,3
33588,6
33589,1
33590,5
33591,5
33592,2
33593,1
33594,2
33595,1
33596,2
33597,2
33598,2
33599,1
33600,5
33601,5
33602,2
33603,4
33604,5
33605,4
33606,0
33607,2
33608,3
33609,2
33610,0
33611,4
33612,6
33613,2
33614,1
33615,1
33616,2
33617,3
33618,6
33619,0
33620,1
33621,1
33622,2
33623,4
33624,1
33625,5
33626,6
33627,3
33628,6
33629,5
33630,2
33631,4
33632,6
33633,2
33634,1
33635,2
33636,4
33637,3
33638,1
33639,1
33640,1
33641,0
33642,2
33643,1
33644,0
33645,1
33646,5
33647,2
33648,3
33649,2
33650,3
33651,0
33652,4
33653,1
33654,2
33655,3
33656,0
33657,0
33658,4
33659,3
33660,4
33661,0
33662,2
33663,4
33664,1
33665,4
33666,5
33667,6
33668,2
33669,1
33670,6
33671,2
33672,2
33673,1
33674,0
33675,4
33676,6
33677,3
33678,2
33679,2
33680,2
33681,1
33682,3
33683,4
33684,6
33685,5
33686,2
33687,2
33688,1
33689,1
33690,2
33691,6
33692,1
33693,1
33694,3
33695,1
33696,4
33697,3
33698,4
33699,5
33700,2
33701,2
33702,3
33703,0
33704,6
33705,5
33706,3
33707,2
33708,0
33709,1
33710,4
33711,2
33712,6
33713,1
33714,1
33715,1
33716,4
33717,5
33718,1
33719,0
33720,5
33721,1
33722,2
33723,3
33724,6
33725,0
33726,6
33727,0
33728,3
33729,4
33730,0
33731,2
33732,1
33733,6
33734,5
33735,2
33736,6
33737,2
33738,3
33739,3
33740,4
33741,1
33742,1
33743,6
33744,5
33745,0
33746,1
33747,1
33748,2
33749,6
33750,4
33751,2
33752,4
33753,4
33754,0
33755,6
33756,1
33757,4
33758,2
33759,0
33760,2
33761,2
33762,6
33763,2
33764,6
33765,2
33766,2
33767,5
33768,5
33769,2
33770,3
33771,6
33772,2
33773,1
33774,6
33775,1
33776,0
33777,5
33778,2
33779,1
33780,1
33781,1
33782,5
33783,1
33784,2
33785,6
33786,1
33787,4
33788,1
33789,1
33790,2
33791,2
33792,2
33793,5
33794,4
33795,5
33796,2
33797,4
33798,4
33799,2
33800,2
33801,0
33802,6
33803,1
33804,1
33805,2
33806,0
33807,0
33808,6
33809,1
33810,0
33811,4
33812,0
33813,2
33814,0
33815,0
33816,1
33817,1
33818,1
33819,2
33820,3
33821,1
33822,6
33823,1
33824,6
33825,6
33826,1
33827,6
33828,2
33829,2
33830,0
33831,2
33832,1
33833,2
33834,4
33835,5
33836,0
33837,2
33838,4
33839,6
33840,1
33841,2
33842,2
33843,0
33844,5
33845,4
33846,5
33847,5
33848,0
33849,1
33850,1
33851,3
33852,3
33853,2
33854,0
33855,3
33856,1
33857,5
33858,0
33859,1
33860,4
33861,4
33862,2
33863,5
33864,2
33865,5
33866,4
33867,2
33868,5
33869,0
33870,1
33871,0
33872,1
33873,0
33874,2
33875,3
33876,5
33877,1
33878,2
33879,2
33880,2
33881,3
33882,6
33883,1
33884,2
33885,0
33886,3
33887,1
33888,4
33889,3
33890,3
33891,1
33892,1
33893,4
33894,5
33895,5
33896,2
33897,2
33898,0
33899,4
33900,5
33901,3
33902,2
33903,1
33904,1
33905,4
33906,6
33907,2
33908,3
33909,0
33910,4
33911,4
33912,4
33913,4
33914,6
33915,5
33916,0
33917,1
33918,1
33919,6
33920,0
33921,1
33922,6
33923,5
33924,6
33925,4
33926,2
33927,1
33928,2
33929,2
33930,4
33931,1
33932,0
33933,1
33934,2
33935,1
33936,3
33937,5
33938,2
33939,1
33940,0
33941,5
33942,1
33943,1
33944,6
33945,0
33946,1
33947,3
33948,1
33949,3
33950,2
33951,0
33952,6
33953,6
33954,0
33955,3
33956,6
33957,2
33958,1
33959,5
33960,3
33961,6
33962,6
33963,0
33964,2
33965,1
33966,4
33967,1
33968,4
33969,3
33970,1
33971,0
33972,0
33973,1
33974,5
33975,1
33976,3
33977,3
33978,2
33979,1
33980,6
33981,4
33982,0
33983,1
33984,2
33985,1
33986,2
33987,1
33988,3
33989,1
33990,6
33991,1
33992,0
33993,4
33994,0
33995,2
33996,6
33997,1
33998,2
33999,4
34000,1
34001,0
34002,5
34003,1
34004,0
34005,2
34006,1
34007,1
34008,6
34009,2
34010,2
34011,6
34012,5
34013,6
34014,1
34015,2
34016,6
34017,6
34018,4
34019,2
34020,2
34021,6
34022,1
34023,0
34024,6
34025,0
34026,1
34027,4
34028,6
34029,2
34030,3
34031,1
34032,4
34033,2
34034,4
34035,3
34036,0
34037,1
34038,2
34039,6
34040,1
34041,5
34042,2
34043,3
34044,2
34045,2
34046,2
34047,2
34048,1
34049,3
34050,1
34051,5
34052,2
34053,1
34054,5
34055,0
34056,2
34057,1
34058,1
34059,4
34060,2
34061,4
34062,1
34063,3
34064,1
34065,2
34066,1
34067,1
34068,5
34069,4
34070,1
34071,2
34072,1
34073,0
34074,4
34075,0
34076,1
34077,4
34078,6
34079,3
34080,1
34081,1
34082,2
34083,4
34084,5
34085,2
34086,1
34087,6
34088,1
34089,1
34090,1
34091,2
34092,0
34093,5
34094,3
34095,1
34096,6
34097,2
34098,4
34099,3
34100,2
34101,1
34102,0
34103,6
34104,5
34105,6
34106,6
34107,3
34108,1
34109,1
34110,0
34111,4
34112,1
34113,3
34114,3
34115,5
34116,4
34117,2
34118,2
34119,0
34120,2
34121,0
34122,3
34123,2
34124,2
34125,2
34126,0
34127,1
34128,3
34129,3
34130,5
34131,4
34132,5
34133,3
34134,2
34135,1
34136,6
34137,5
34138,6
34139,2
34140,4
34141,0
34142,5
34143,2
34144,3
34145,2
34146,2
34147,3
34148,1
34149,2
34150,1
34151,1
34152,1
34153,2
34154,3
34155,6
34156,2
34157,1
34158,2
34159,1
34160,2
34161,1
34162,2
34163,1
34164,0
34165,2
34166,1
34167,1
34168,1
34169,1
34170,5
34171,1
34172,0
34173,2
34174,2
34175,5
34176,1
34177,1
34178,1
34179,1
34180,6
34181,6
34182,5
34183,1
34184,0
34185,5
34186,1
34187,1
34188,2
34189,4
34190,0
34191,4
34192,2
34193,5
34194,2
34195,1
34196,0
34197,3
34198,2
34199,2
34200,5
34201,5
34202,1
34203,0
34204,1
34205,4
34206,6
34207,2
34208,1
34209,2
34210,4
34211,2
34212,5
34213,1
34214,5
34215,1
34216,2
34217,2
34218,6
34219,5
34220,2
34221,3
34222,1
34223,1
34224,5
34225,2
34226,3
34227,3
34228,0
34229,5
34230,2
34231,1
34232,0
34233,1
34234,6
34235,4
34236,0
34237,2
34238,6
34239,1
34240,0
34241,4
34242,2
34243,0
34244,6
34245,5
34246,2
34247,5
34248,2
34249,5
34250,2
34251,1
34252,2
34253,2
34254,4
34255,6
34256,2
34257,2
34258,2
34259,2
34260,1
34261,5
34262,2
34263,2
34264,3
34265,5
34266,5
34267,2
34268,4
34269,2
34270,2
34271,4
34272,0
34273,1
34274,6
34275,1
34276,2
34277,6
34278,5
34279,2
34280,1
34281,3
34282,4
34283,3
34284,4
34285,6
34286,3
34287,3
34288,3
34289,2
34290,2
34291,2
34292,1
34293,1
34294,2
34295,1
34296,5
34297,1
34298,5
34299,1
34300,6
34301,2
34302,6
34303,3
34304,3
34305,2
34306,6
34307,1
34308,0
34309,2
34310,3
34311,1
34312,2
34313,4
34314,0
34315,0
34316,1
34317,4
34318,2
34319,0
34320,1
34321,1
34322,4
34323,0
34324,1
34325,3
34326,6
34327,1
34328,6
34329,1
34330,3
34331,2
34332,2
34333,6
34334,2
34335,3
34336,6
34337,4
34338,6
34339,2
34340,6
34341,2
34342,2
34343,0
34344,4
34345,1
34346,2
34347,4
34348,2
34349,2
34350,1
34351,1
34352,1
34353,3
34354,6
34355,1
34356,4
34357,4
34358,3
34359,1
34360,1
34361,1
34362,5
34363,1
34364,3
34365,2
34366,5
34367,2
34368,4
34369,2
34370,3
34371,4
34372,6
34373,3
34374,1
34375,1
34376,1
34377,2
34378,2
34379,1
34380,2
34381,2
34382,2
34383,3
34384,0
34385,2
34386,2
34387,1
34388,6
34389,1
34390,3
34391,0
34392,2
34393,3
34394,2
34395,2
34396,2
34397,0
34398,0
34399,5
34400,1
34401,0
34402,0
34403,4
34404,6
34405,5
34406,6
34407,1
34408,1
34409,6
34410,3
34411,3
34412,0
34413,0
34414,6
34415,2
34416,1
34417,2
34418,2
34419,2
34420,3
34421,6
34422,4
34423,2
34424,6
34425,5
34426,0
34427,2
34428,2
34429,0
34430,0
34431,3
34432,1
34433,2
34434,5
34435,0
34436,4
34437,6
34438,2
34439,1
34440,0
34441,4
34442,1
34443,0
34444,5
34445,1
34446,6
34447,6
34448,3
34449,4
34450,4
34451,3
34452,2
34453,3
34454,0
34455,3
34456,4
34457,2
34458,3
34459,1
34460,5
34461,4
34462,6
34463,3
34464,1
34465,5
34466,5
34467,3
34468,0
34469,4
34470,1
34471,2
34472,2
34473,1
34474,2
34475,1
34476,6
34477,2
34478,2
34479,4
34480,5
34481,1
34482,2
34483,1
34484,1
34485,5
34486,0
34487,0
34488,1
34489,1
34490,1
34491,2
34492,2
34493,1
34494,4
34495,2
34496,3
34497,4
34498,6
34499,4
34500,1
34501,2
34502,3
34503,6
34504,1
34505,1
34506,5
34507,2
34508,1
34509,1
34510,6
34511,6
34512,4
34513,0
34514,2
34515,3
34516,0
34517,2
34518,4
34519,3
34520,5
34521,0
34522,5
34523,2
34524,1
34525,5
34526,5
34527,2
34528,2
34529,6
34530,0
34531,2
34532,2
34533,2
34534,3
34535,1
34536,1
34537,0
34538,4
34539,6
34540,2
34541,1
34542,5
34543,4
34544,1
34545,5
34546,3
34547,4
34548,1
34549,0
34550,1
34551,1
34552,4
34553,0
34554,2
34555,3
34556,6
34557,4
34558,5
34559,5
34560,4
34561,4
34562,2
34563,5
34564,6
34565,2
34566,2
34567,4
34568,2
34569,2
34570,3
34571,3
34572,0
34573,3
34574,5
34575,1
34576,1
34577,2
34578,1
34579,4
34580,0
34581,5
34582,2
34583,0
34584,0
34585,2
34586,2
34587,6
34588,2
34589,6
34590,1
34591,3
34592,4
34593,4
34594,4
34595,1
34596,2
34597,3
34598,5
34599,2
34600,6
34601,1
34602,1
34603,5
34604,0
34605,5
34606,5
34607,1
34608,1
34609,2
34610,3
34611,3
34612,2
34613,3
34614,0
34615,5
34616,5
34617,1
34618,3
34619,0
34620,4
34621,0
34622,2
34623,2
34624,1
34625,2
34626,0
34627,3
34628,6
34629,4
34630,0
34631,6
34632,1
34633,4
34634,0
34635,2
34636,1
34637,2
34638,3
34639,2
34640,0
34641,2
34642,1
34643,1
34644,2
34645,5
34646,1
34647,5
34648,2
34649,1
34650,2
34651,4
34652,4
34653,1
34654,2
34655,1
34656,1
34657,2
34658,4
34659,0
34660,3
34661,0
34662,0
34663,5
34664,2
34665,2
34666,4
34667,5
34668,3
34669,3
34670,2
34671,2
34672,1
34673,6
34674,2
34675,0
34676,5
34677,6
34678,2
34679,0
34680,0
34681,0
34682,1
34683,2
34684,1
34685,2
34686,0
34687,1
34688,2
34689,3
34690,1
34691,0
34692,1
34693,4
34694,3
34695,2
34696,2
34697,1
34698,2
34699,5
34700,3
34701,3
34702,1
34703,1
34704,6
34705,1
34706,3
34707,5
34708,0
34709,1
34710,1
34711,3
34712,4
34713,2
34714,1
34715,0
34716,2
34717,1
34718,3
34719,3
34720,1
34721,0
34722,0
34723,6
34724,1
34725,1
34726,6
34727,2
34728,3
34729,2
34730,6
34731,3
34732,1
34733,1
34734,6
34735,1
34736,5
34737,1
34738,2
34739,2
34740,1
34741,2
34742,0
34743,1
34744,2
34745,1
34746,6
34747,6
34748,2
34749,5
34750,2
34751,1
34752,6
34753,6
34754,6
34755,4
34756,2
34757,6
34758,5
34759,6
34760,6
34761,3
34762,5
34763,5
34764,5
34765,2
34766,1
34767,6
34768,0
34769,3
34770,3
34771,0
34772,1
34773,5
34774,3
34775,0
34776,6
34777,2
34778,1
34779,6
34780,1
34781,3
34782,1
34783,0
34784,1
34785,4
34786,3
34787,2
34788,2
34789,1
34790,2
34791,6
34792,0
34793,0
34794,4
34795,5
34796,2
34797,2
34798,2
34799,3
34800,2
34801,3
34802,6
34803,1
34804,0
34805,1
34806,1
34807,2
34808,0
34809,3
34810,5
34811,3
34812,2
34813,3
34814,1
34815,6
34816,2
34817,0
34818,2
34819,4
34820,2
34821,4
34822,0
34823,2
34824,2
34825,5
34826,1
34827,3
34828,1
34829,2
34830,2
34831,3
34832,6
34833,3
34834,3
34835,4
34836,1
34837,6
34838,0
34839,4
34840,5
34841,6
34842,5
34843,2
34844,5
34845,2
34846,6
34847,6
34848,2
34849,0
34850,3
34851,6
34852,2
34853,1
34854,1
34855,6
34856,2
34857,2
34858,2
34859,5
34860,5
34861,1
34862,3
34863,0
34864,2
34865,5
34866,1
34867,2
34868,5
34869,2
34870,2
34871,5
34872,4
34873,0
34874,3
34875,4
34876,1
34877,0
34878,1
34879,2
34880,1
34881,4
34882,0
34883,4
34884,2
34885,5
34886,0
34887,2
34888,5
34889,2
34890,3
34891,2
34892,0
34893,2
34894,1
34895,4
34896,0
34897,1
34898,0
34899,4
34900,2
34901,6
34902,4
34903,1
34904,2
34905,6
34906,4
34907,0
34908,2
34909,0
34910,0
34911,2
34912,1
34913,2
34914,2
34915,5
34916,4
34917,5
34918,3
34919,2
34920,5
34921,2
34922,4
34923,6
34924,0
34925,6
34926,2
34927,2
34928,4
34929,2
34930,4
34931,4
34932,0
34933,4
34934,6
34935,3
34936,6
34937,0
34938,0
34939,4
34940,0
34941,0
34942,0
34943,5
34944,1
34945,2
34946,3
34947,1
34948,2
34949,5
34950,4
34951,1
34952,6
34953,4
34954,2
34955,1
34956,2
34957,1
34958,3
34959,1
34960,2
34961,2
34962,3
34963,6
34964,0
34965,6
34966,1
34967,6
34968,1
34969,2
34970,2
34971,5
34972,5
34973,5
34974,6
34975,5
34976,1
34977,6
34978,1
34979,2
34980,2
34981,0
34982,3
34983,0
34984,1
34985,2
34986,5
34987,2
34988,5
34989,3
34990,1
34991,2
34992,0
34993,3
34994,3
34995,2
34996,2
34997,0
34998,0
34999,1
35000,4
35001,4
35002,6
35003,2
35004,6
35005,6
35006,1
35007,2
35008,1
35009,6
35010,0
35011,3
35012,2
35013,1
35014,1
35015,2
35016,0
35017,3
35018,4
35019,2
35020,6
35021,2
35022,2
35023,1
35024,4
35025,4
35026,2
35027,5
35028,6
35029,4
35030,3
35031,2
35032,3
35033,4
35034,5
35035,2
35036,4
35037,0
35038,5
35039,3
35040,6
35041,5
35042,1
35043,1
35044,0
35045,1
35046,4
35047,5
35048,1
35049,1
35050,1
35051,0
35052,5
35053,4
35054,0
35055,3
35056,2
35057,4
35058,1
35059,1
35060,2
35061,1
35062,6
35063,0
35064,3
35065,6
35066,3
35067,3
35068,1
35069,2
35070,2
35071,2
35072,1
35073,3
35074,2
35075,2
35076,1
35077,4
35078,0
35079,1
35080,2
35081,0
35082,6
35083,2
35084,5
35085,1
35086,1
35087,2
35088,2
35089,2
35090,2
35091,1
35092,0
35093,1
35094,2
35095,3
35096,3
35097,2
35098,2
35099,4
35100,0
35101,0
35102,1
35103,0
35104,3
35105,2
35106,6
35107,1
35108,2
35109,4
35110,2
35111,4
35112,4
35113,4
35114,2
35115,0
35116,6
35117,5
35118,1
35119,2
35120,6
35121,1
35122,2
35123,3
35124,4
35125,4
35126,2
35127,2
35128,6
35129,0
35130,2
35131,1
35132,1
35133,2
35134,1
35135,5
35136,6
35137,5
35138,5
35139,1
35140,2
35141,5
35142,2
35143,0
35144,0
35145,0
35146,1
35147,2
35148,4
35149,1
35150,2
35151,2
35152,2
35153,5
35154,2
35155,2
35156,2
35157,2
35158,1
35159,2
35160,0
35161,5
35162,1
35163,1
35164,3
35165,0
35166,6
35167,1
35168,2
35169,1
35170,1
35171,1
35172,1
35173,2
35174,4
35175,2
35176,0
35177,2
35178,4
35179,2
35180,1
35181,2
35182,0
35183,2
35184,6
35185,2
35186,1
35187,5
35188,0
35189,0
35190,5
35191,2
35192,3
35193,4
35194,2
35195,5
35196,2
35197,1
35198,4
35199,4
35200,5
35201,2
35202,0
35203,2
35204,3
35205,1
35206,2
35207,1
35208,3
35209,1
35210,3
35211,2
35212,5
35213,3
35214,3
35215,1
35216,0
35217,5
35218,1
35219,1
35220,6
35221,3
35222,5
35223,2
35224,1
35225,1
35226,6
35227,1
35228,2
35229,1
35230,2
35231,4
35232,1
35233,1
35234,2
35235,0
35236,1
35237,1
35238,6
35239,2
35240,2
35241,6
35242,1
35243,5
35244,1
35245,4
35246,1
35247,0
35248,0
35249,2
35250,1
35251,4
35252,5
35253,5
35254,0
35255,4
35256,3
35257,2
35258,4
35259,5
35260,6
35261,2
35262,0
35263,1
35264,2
35265,0
35266,2
35267,1
35268,2
35269,2
35270,0
35271,1
35272,5
35273,5
35274,5
35275,2
35276,6
35277,4
35278,5
35279,0
35280,6
35281,1
35282,3
35283,0
35284,5
35285,4
35286,6
35287,0
35288,2
35289,2
35290,1
35291,2
35292,4
35293,0
35294,0
35295,1
35296,5
35297,1
35298,1
35299,1
35300,4
35301,4
35302,1
35303,0
35304,5
35305,2
35306,2
35307,6
35308,4
35309,1
35310,1
35311,2
35312,2
35313,1
35314,3
35315,4
35316,1
35317,0
35318,1
35319,0
35320,2
35321,1
35322,5
35323,0
35324,2
35325,0
35326,0
35327,0
35328,1
35329,5
35330,3
35331,1
35332,1
35333,2
35334,3
35335,1
35336,2
35337,3
35338,2
35339,3
35340,5
35341,0
35342,4
35343,0
35344,3
35345,1
35346,6
35347,1
35348,2
35349,1
35350,0
35351,0
35352,2
35353,5
35354,6
35355,5
35356,1
35357,5
35358,4
35359,2
35360,2
35361,6
35362,6
35363,5
35364,4
35365,6
35366,6
35367,6
35368,5
35369,3
35370,2
35371,0
35372,1
35373,2
35374,1
35375,5
35376,4
35377,1
35378,5
35379,1
35380,1
35381,1
35382,0
35383,3
35384,1
35385,0
35386,3
35387,3
35388,4
35389,1
35390,0
35391,2
35392,6
35393,5
35394,6
35395,5
35396,1
35397,2
35398,2
35399,4
35400,3
35401,3
35402,3
35403,0
35404,2
35405,2
35406,3
35407,0
35408,6
35409,0
35410,1
35411,1
35412,0
35413,6
35414,5
35415,1
35416,4
35417,1
35418,5
35419,1
35420,4
35421,6
35422,5
35423,2
35424,4
35425,1
35426,3
35427,0
35428,5
35429,2
35430,0
35431,2
35432,3
35433,2
35434,0
35435,2
35436,1
35437,5
35438,0
35439,1
35440,1
35441,1
35442,5
35443,2
35444,6
35445,1
35446,2
35447,2
35448,1
35449,1
35450,1
35451,1
35452,1
35453,2
35454,1
35455,2
35456,0
35457,1
35458,1
35459,0
35460,5
35461,1
35462,5
35463,2
35464,2
35465,6
35466,2
35467,1
35468,5
35469,0
35470,3
35471,1
35472,2
35473,2
35474,4
35475,0
35476,4
35477,4
35478,6
35479,0
35480,3
35481,2
35482,0
35483,1
35484,2
35485,2
35486,2
35487,1
35488,6
35489,0
35490,0
35491,6
35492,1
35493,1
35494,1
35495,6
35496,5
35497,2
35498,6
35499,1
35500,2
35501,2
35502,3
35503,3
35504,3
35505,4
35506,0
35507,4
35508,1
35509,5
35510,0
35511,1
35512,6
35513,3
35514,6
35515,0
35516,1
35517,1
35518,1
35519,0
35520,2
35521,1
35522,4
35523,2
35524,2
35525,1
35526,4
35527,0
35528,0
35529,1
35530,1
35531,3
35532,2
35533,2
35534,2
35535,2
35536,5
35537,5
35538,0
35539,6
35540,2
35541,5
35542,5
35543,1
35544,2
35545,5
35546,5
35547,5
35548,1
35549,1
35550,2
35551,2
35552,1
35553,2
35554,5
35555,3
35556,2
35557,6
35558,2
35559,5
35560,2
35561,1
35562,2
35563,1
35564,4
35565,0
35566,4
35567,3
35568,1
35569,2
35570,3
35571,1
35572,5
35573,4
35574,5
35575,6
35576,2
35577,1
35578,5
35579,2
35580,3
35581,5
35582,2
35583,1
35584,4
35585,5
35586,0
35587,0
35588,0
35589,2
35590,2
35591,1
35592,2
35593,2
35594,1
35595,3
35596,6
35597,2
35598,1
35599,3
35600,4
35601,0
35602,1
35603,2
35604,3
35605,6
35606,1
35607,6
35608,5
35609,1
35610,5
35611,2
35612,1
35613,5
35614,6
35615,5
35616,1
35617,0
35618,2
35619,1
35620,5
35621,1
35622,1
35623,1
35624,2
35625,4
35626,2
35627,6
35628,6
35629,1
35630,2
35631,2
35632,0
35633,1
35634,3
35635,3
35636,1
35637,3
35638,4
35639,2
35640,3
35641,1
35642,2
35643,2
35644,1
35645,6
35646,2
35647,0
35648,1
35649,2
35650,2
35651,0
35652,2
35653,3
35654,1
35655,2
35656,3
35657,0
35658,1
35659,6
35660,0
35661,1
35662,2
35663,0
35664,2
35665,1
35666,6
35667,2
35668,2
35669,3
35670,1
35671,1
35672,2
35673,5
35674,2
35675,3
35676,0
35677,6
35678,2
35679,0
35680,0
35681,1
35682,4
35683,1
35684,2
35685,0
35686,3
35687,4
35688,1
35689,1
35690,3
35691,5
35692,6
35693,1
35694,1
35695,3
35696,1
35697,2
35698,0
35699,4
35700,2
35701,1
35702,2
35703,1
35704,4
35705,6
35706,1
35707,1
35708,2
35709,1
35710,6
35711,5
35712,1
35713,5
35714,2
35715,3
35716,1
35717,4
35718,3
35719,2
35720,1
35721,4
35722,3
35723,0
35724,2
35725,1
35726,5
35727,1
35728,0
35729,1
35730,3
35731,4
35732,5
35733,0
35734,6
35735,1
35736,1
35737,4
35738,1
35739,1
35740,2
35741,2
35742,1
35743,2
35744,6
35745,5
35746,6
35747,2
35748,1
35749,0
35750,5
35751,0
35752,5
35753,2
35754,1
35755,2
35756,4
35757,6
35758,1
35759,0
35760,4
35761,2
35762,1
35763,4
35764,4
35765,1
35766,1
35767,0
35768,1
35769,2
35770,1
35771,5
35772,3
35773,0
35774,4
35775,6
35776,2
35777,6
35778,3
35779,1
35780,1
35781,5
35782,1
35783,1
35784,6
35785,6
35786,2
35787,0
35788,1
35789,1
35790,1
35791,0
35792,2
35793,3
35794,5
35795,1
35796,0
35797,6
35798,3
35799,4
35800,3
35801,6
35802,1
35803,2
35804,0
35805,2
35806,2
35807,1
35808,5
35809,4
35810,2
35811,1
35812,4
35813,6
35814,3
35815,1
35816,1
35817,3
35818,0
35819,4
35820,1
35821,4
35822,2
35823,2
35824,1
35825,1
35826,3
35827,0
35828,2
35829,3
35830,2
35831,0
35832,2
35833,1
35834,2
35835,0
35836,0
35837,1
35838,4
35839,4
35840,4
35841,4
35842,1
35843,1
35844,2
35845,6
35846,1
35847,2
35848,1
35849,2
35850,2
35851,1
35852,6
35853,6
35854,1
35855,2
35856,3
35857,5
35858,3
35859,4
35860,0
35861,4
35862,5
35863,0
35864,0
35865,4
35866,2
35867,1
35868,4
35869,4
35870,1
35871,5
35872,0
35873,1
35874,2
35875,2
35876,2
35877,3
35878,1
35879,4
35880,4
35881,1
35882,5
35883,3
35884,1
35885,0
35886,6
35887,3
35888,4
35889,1
35890,1
35891,0
35892,4
35893,2
35894,3
35895,3
35896,2
35897,0
35898,2
35899,6
35900,2
35901,2
35902,5
35903,5
35904,6
35905,5
35906,2
35907,6
35908,2
35909,5
35910,0
35911,0
35912,2
35913,0
35914,2
35915,2
35916,4
35917,1
35918,0
35919,1
35920,4
35921,1
35922,0
35923,2
35924,1
35925,4
35926,4
35927,1
35928,1
35929,0
35930,3
35931,6
35932,0
35933,2
35934,0
35935,0
35936,3
35937,0
35938,3
35939,5
35940,2
35941,6
35942,6
35943,2
35944,1
35945,2
35946,0
35947,6
35948,2
35949,1
35950,1
35951,2
35952,4
35953,0
35954,1
35955,2
35956,4
35957,5
35958,2
35959,1
35960,5
35961,6
35962,0
35963,2
35964,1
35965,5
35966,2
35967,0
35968,1
35969,4
35970,1
35971,2
35972,3
35973,1
35974,1
35975,0
35976,3
35977,2
35978,1
35979,1
35980,5
35981,1
35982,0
35983,1
35984,3
35985,2
35986,0
35987,1
35988,2
35989,1
35990,0
35991,2
35992,1
35993,1
35994,4
35995,6
35996,3
35997,0
35998,1
35999,6
36000,6
36001,4
36002,6
36003,6
36004,1
36005,2
36006,2
36007,6
36008,1
36009,0
36010,1
36011,4
36012,6
36013,2
36014,6
36015,4
36016,3
36017,5
36018,0
36019,4
36020,1
36021,4
36022,2
36023,1
36024,4
36025,4
36026,2
36027,1
36028,4
36029,5
36030,4
36031,2
36032,2
36033,1
36034,1
36035,1
36036,5
36037,3
36038,4
36039,5
36040,1
36041,1
36042,0
36043,1
36044,6
36045,3
36046,6
36047,1
36048,3
36049,5
36050,4
36051,3
36052,4
36053,1
36054,2
36055,6
36056,1
36057,6
36058,1
36059,3
36060,1
36061,2
36062,0
36063,2
36064,0
36065,4
36066,2
36067,4
36068,0
36069,4
36070,1
36071,3
36072,1
36073,4
36074,2
36075,1
36076,6
36077,4
36078,2
36079,1
36080,3
36081,1
36082,3
36083,6
36084,2
36085,6
36086,5
36087,2
36088,1
36089,2
36090,5
36091,4
36092,1
36093,2
36094,2
36095,0
36096,2
36097,6
36098,2
36099,2
36100,3
36101,5
36102,0
36103,2
36104,2
36105,6
36106,4
36107,3
36108,2
36109,3
36110,6
36111,0
36112,0
36113,6
36114,1
36115,5
36116,1
36117,1
36118,4
36119,2
36120,2
36121,1
36122,0
36123,3
36124,4
36125,0
36126,6
36127,1
36128,4
36129,3
36130,3
36131,5
36132,2
36133,1
36134,1
36135,1
36136,1
36137,4
36138,1
36139,6
36140,2
36141,1
36142,6
36143,2
36144,0
36145,6
36146,6
36147,0
36148,4
36149,4
36150,0
36151,3
36152,3
36153,3
36154,2
36155,5
36156,1
36157,3
36158,0
36159,6
36160,1
36161,5
36162,6
36163,2
36164,5
36165,2
36166,1
36167,2
36168,0
36169,2
36170,4
36171,1
36172,1
36173,3
36174,3
36175,1
36176,3
36177,1
36178,2
36179,2
36180,3
36181,2
36182,6
36183,2
36184,1
36185,5
36186,3
36187,4
36188,1
36189,3
36190,3
36191,1
36192,1
36193,6
36194,0
36195,2
36196,4
36197,4
36198,2
36199,3
36200,2
36201,5
36202,1
36203,2
36204,5
36205,2
36206,2
36207,5
36208,2
36209,5
36210,2
36211,6
36212,1
36213,3
36214,2
36215,3
36216,1
36217,1
36218,5
36219,1
36220,1
36221,1
36222,6
36223,2
36224,1
36225,1
36226,1
36227,0
36228,0
36229,3
36230,4
36231,3
36232,1
36233,0
36234,4
36235,2
36236,2
36237,1
36238,6
36239,2
36240,1
36241,2
36242,3
36243,3
36244,1
36245,1
36246,5
36247,4
36248,2
36249,5
36250,2
36251,2
36252,0
36253,1
36254,1
36255,1
36256,2
36257,2
36258,2
36259,6
36260,5
36261,2
36262,0
36263,1
36264,1
36265,5
36266,1
36267,5
36268,1
36269,3
36270,1
36271,5
36272,2
36273,1
36274,3
36275,1
36276,3
36277,4
36278,3
36279,0
36280,3
36281,2
36282,6
36283,1
36284,3
36285,1
36286,1
36287,5
36288,1
36289,1
36290,4
36291,0
36292,4
36293,3
36294,0
36295,0
36296,4
36297,2
36298,2
36299,4
36300,2
36301,1
36302,6
36303,0
36304,2
36305,1
36306,2
36307,1
36308,1
36309,5
36310,5
36311,5
36312,0
36313,1
36314,2
36315,3
36316,4
36317,3
36318,5
36319,0
36320,1
36321,1
36322,2
36323,5
36324,5
36325,5
36326,2
36327,4
36328,1
36329,1
36330,6
36331,3
36332,0
36333,6
36334,2
36335,2
36336,2
36337,1
36338,5
36339,1
36340,2
36341,1
36342,6
36343,1
36344,1
36345,0
36346,2
36347,5
36348,2
36349,0
36350,2
36351,0
36352,2
36353,4
36354,2
36355,1
36356,3
36357,4
36358,4
36359,2
36360,0
36361,3
36362,3
36363,1
36364,1
36365,3
36366,4
36367,3
36368,1
36369,2
36370,5
36371,1
36372,1
36373,0
36374,3
36375,4
36376,2
36377,0
36378,2
36379,6
36380,2
36381,6
36382,6
36383,2
36384,0
36385,5
36386,3
36387,6
36388,0
36389,3
36390,5
36391,5
36392,2
36393,2
36394,1
36395,1
36396,0
36397,3
36398,1
36399,3
36400,2
36401,3
36402,4
36403,5
36404,0
36405,2
36406,1
36407,2
36408,1
36409,2
36410,2
36411,2
36412,3
36413,2
36414,4
36415,2
36416,2
36417,6
36418,2
36419,2
36420,1
36421,2
36422,0
36423,1
36424,3
36425,2
36426,3
36427,3
36428,2
36429,6
36430,2
36431,2
36432,6
36433,1
36434,1
36435,1
36436,4
36437,4
36438,1
36439,2
36440,5
36441,2
36442,5
36443,3
36444,1
36445,2
36446,2
36447,6
36448,0
36449,5
36450,3
36451,5
36452,3
36453,5
36454,6
36455,1
36456,2
36457,1
36458,5
36459,1
36460,1
36461,0
36462,2
36463,4
36464,2
36465,6
36466,0
36467,5
36468,6
36469,2
36470,2
36471,4
36472,3
36473,5
36474,5
36475,1
36476,3
36477,2
36478,0
36479,1
36480,2
36481,6
36482,1
36483,3
36484,1
36485,5
36486,2
36487,1
36488,0
36489,5
36490,2
36491,2
36492,4
36493,2
36494,0
36495,2
36496,2
36497,2
36498,5
36499,0
36500,1
36501,1
36502,0
36503,4
36504,0
36505,1
36506,3
36507,4
36508,2
36509,4
36510,4
36511,3
36512,3
36513,2
36514,6
36515,1
36516,3
36517,4
36518,1
36519,4
36520,6
36521,3
36522,2
36523,6
36524,1
36525,4
36526,1
36527,2
36528,2
36529,5
36530,6
36531,2
36532,4
36533,2
36534,5
36535,1
36536,2
36537,6
36538,6
36539,2
36540,0
36541,1
36542,1
36543,1
36544,1
36545,1
36546,1
36547,0
36548,1
36549,0
36550,2
36551,1
36552,4
36553,1
36554,1
36555,5
36556,6
36557,4
36558,0
36559,5
36560,4
36561,1
36562,1
36563,3
36564,4
36565,2
36566,1
36567,4
36568,4
36569,5
36570,4
36571,6
36572,1
36573,2
36574,2
36575,3
36576,2
36577,2
36578,5
36579,2
36580,1
36581,1
36582,2
36583,2
36584,1
36585,5
36586,3
36587,3
36588,0
36589,2
36590,6
36591,0
36592,2
36593,0
36594,3
36595,3
36596,0
36597,4
36598,3
36599,1
36600,1
36601,3
36602,5
36603,4
36604,4
36605,1
36606,3
36607,5
36608,1
36609,2
36610,4
36611,2
36612,6
36613,2
36614,4
36615,6
36616,0
36617,1
36618,0
36619,5
36620,0
36621,1
36622,4
36623,0
36624,0
36625,1
36626,4
36627,1
36628,1
36629,2
36630,2
36631,0
36632,1
36633,5
36634,0
36635,2
36636,4
36637,4
36638,2
36639,1
36640,2
36641,1
36642,6
36643,4
36644,5
36645,0
36646,5
36647,0
36648,4
36649,6
36650,2
36651,1
36652,0
36653,2
36654,0
36655,2
36656,2
36657,6
36658,4
36659,1
36660,5
36661,2
36662,2
36663,2
36664,3
36665,1
36666,1
36667,1
36668,2
36669,1
36670,1
36671,4
36672,1
36673,2
36674,4
36675,1
36676,2
36677,1
36678,6
36679,1
36680,0
36681,0
36682,5
36683,3
36684,4
36685,1
36686,2
36687,5
36688,1
36689,5
36690,3
36691,3
36692,2
36693,1
36694,2
36695,6
36696,6
36697,2
36698,0
36699,1
36700,2
36701,1
36702,0
36703,0
36704,1
36705,6
36706,1
36707,0
36708,4
36709,2
36710,1
36711,2
36712,1
36713,3
36714,2
36715,4
36716,6
36717,4
36718,2
36719,1
36720,3
36721,1
36722,5
36723,1
36724,3
36725,5
36726,3
36727,2
36728,6
36729,3
36730,1
36731,1
36732,2
36733,0
36734,1
36735,6
36736,6
36737,4
36738,0
36739,0
36740,5
36741,4
36742,5
36743,2
36744,1
36745,2
36746,1
36747,1
36748,1
36749,1
36750,2
36751,1
36752,1
36753,6
36754,1
36755,1
36756,5
36757,1
36758,1
36759,1
36760,1
36761,3
36762,2
36763,1
36764,1
36765,1
36766,4
36767,3
36768,2
36769,4
36770,2
36771,3
36772,1
36773,0
36774,2
36775,2
36776,5
36777,1
36778,2
36779,2
36780,2
36781,0
36782,4
36783,1
36784,2
36785,0
36786,4
36787,1
36788,3
36789,0
36790,2
36791,2
36792,1
36793,3
36794,1
36795,1
36796,2
36797,5
36798,1
36799,2
36800,4
36801,5
36802,1
36803,5
36804,2
36805,1
36806,2
36807,5
36808,1
36809,4
36810,3
36811,0
36812,6
36813,4
36814,1
36815,1
36816,2
36817,5
36818,0
36819,2
36820,1
36821,1
36822,4
36823,1
36824,1
36825,2
36826,5
36827,2
36828,0
36829,2
36830,6
36831,3
36832,5
36833,5
36834,0
36835,0
36836,1
36837,0
36838,2
36839,2
36840,6
36841,0
36842,4
36843,6
36844,1
36845,3
36846,4
36847,2
36848,5
36849,6
36850,2
36851,4
36852,6
36853,1
36854,3
36855,2
36856,2
36857,4
36858,0
36859,4
36860,4
36861,0
36862,1
36863,3
36864,0
36865,1
36866,0
36867,5
36868,1
36869,1
36870,0
36871,6
36872,3
36873,4
36874,3
36875,1
36876,5
36877,3
36878,4
36879,0
36880,2
36881,2
36882,5
36883,2
36884,2
36885,1
36886,1
36887,1
36888,4
36889,2
36890,1
36891,3
36892,2
36893,2
36894,2
36895,1
36896,0
36897,3
36898,2
36899,3
36900,3
36901,3
36902,1
36903,4
36904,0
36905,6
36906,4
36907,1
36908,2
36909,1
36910,1
36911,4
36912,1
36913,1
36914,4
36915,4
36916,2
36917,2
36918,6
36919,2
36920,3
36921,1
36922,3
36923,1
36924,5
36925,6
36926,4
36927,6
36928,3
36929,2
36930,4
36931,2
36932,3
36933,0
36934,2
36935,1
36936,1
36937,4
36938,6
36939,1
36940,2
36941,3
36942,2
36943,1
36944,4
36945,2
36946,0
36947,1
36948,1
36949,4
36950,6
36951,2
36952,2
36953,1
36954,4
36955,5
36956,6
36957,2
36958,1
36959,5
36960,4
36961,4
36962,2
36963,4
36964,2
36965,1
36966,2
36967,4
36968,2
36969,2
36970,3
36971,4
36972,5
36973,2
36974,0
36975,2
36976,4
36977,6
36978,0
36979,2
36980,0
36981,1
36982,2
36983,1
36984,6
36985,0
36986,0
36987,2
36988,1
36989,6
36990,1
36991,4
36992,2
36993,1
36994,4
36995,0
36996,2
36997,2
36998,0
36999,2
37000,1
37001,5
37002,1
37003,5
37004,5
37005,1
37006,0
37007,1
37008,2
37009,0
37010,6
37011,4
37012,5
37013,4
37014,2
37015,3
37016,3
37017,2
37018,5
37019,3
37020,6
37021,0
37022,0
37023,5
37024,3
37025,1
37026,2
37027,5
37028,4
37029,0
37030,4
37031,2
37032,5
37033,1
37034,3
37035,2
37036,1
37037,2
37038,5
37039,3
37040,1
37041,6
37042,1
37043,6
37044,0
37045,3
37046,2
37047,1
37048,6
37049,2
37050,0
37051,4
37052,2
37053,1
37054,3
37055,3
37056,1
37057,3
37058,5
37059,2
37060,4
37061,1
37062,3
37063,0
37064,6
37065,2
37066,3
37067,3
37068,1
37069,3
37070,5
37071,0
37072,5
37073,1
37074,4
37075,4
37076,4
37077,2
37078,1
37079,2
37080,2
37081,1
37082,1
37083,3
37084,4
37085,4
37086,2
37087,1
37088,4
37089,5
37090,3
37091,2
37092,2
37093,2
37094,1
37095,4
37096,4
37097,4
37098,4
37099,2
37100,1
37101,3
37102,2
37103,1
37104,3
37105,1
37106,4
37107,3
37108,6
37109,5
37110,4
37111,3
37112,5
37113,5
37114,6
37115,3
37116,6
37117,2
37118,5
37119,1
37120,1
37121,4
37122,1
37123,2
37124,4
37125,2
37126,1
37127,3
37128,2
37129,1
37130,1
37131,3
37132,1
37133,2
37134,2
37135,1
37136,4
37137,1
37138,1
37139,0
37140,3
37141,2
37142,3
37143,2
37144,0
37145,0
37146,0
37147,1
37148,5
37149,2
37150,3
37151,2
37152,3
37153,6
37154,2
37155,1
37156,1
37157,2
37158,2
37159,0
37160,3
37161,2
37162,1
37163,2
37164,0
37165,1
37166,2
37167,2
37168,1
37169,4
37170,3
37171,0
37172,5
37173,2
37174,4
37175,2
37176,4
37177,4
37178,6
37179,2
37180,2
37181,1
37182,2
37183,6
37184,0
37185,0
37186,5
37187,6
37188,3
37189,5
37190,5
37191,4
37192,5
37193,4
37194,4
37195,3
37196,2
37197,2
37198,4
37199,1
37200,0
37201,2
37202,2
37203,2
37204,1
37205,5
37206,5
37207,2
37208,0
37209,0
37210,1
37211,1
37212,0
37213,1
37214,5
37215,4
37216,2
37217,3
37218,5
37219,1
37220,5
37221,0
37222,3
37223,5
37224,3
37225,2
37226,2
37227,4
37228,6
37229,2
37230,2
37231,1
37232,1
37233,6
37234,1
37235,0
37236,0
37237,2
37238,1
37239,5
37240,5
37241,1
37242,6
37243,1
37244,5
37245,2
37246,1
37247,3
37248,1
37249,6
37250,0
37251,0
37252,1
37253,6
37254,5
37255,2
37256,5
37257,2
37258,6
37259,1
37260,3
37261,5
37262,1
37263,2
37264,6
37265,2
37266,5
37267,1
37268,0
37269,2
37270,1
37271,1
37272,2
37273,3
37274,2
37275,5
37276,5
37277,2
37278,6
37279,1
37280,1
37281,0
37282,0
37283,3
37284,4
37285,4
37286,2
37287,4
37288,1
37289,2
37290,6
37291,2
37292,6
37293,1
37294,1
37295,2
37296,6
37297,1
37298,1
37299,5
37300,2
37301,6
37302,2
37303,1
37304,2
37305,5
37306,1
37307,2
37308,2
37309,6
37310,3
37311,1
37312,5
37313,3
37314,1
37315,0
37316,2
37317,3
37318,3
37319,1
37320,2
37321,4
37322,5
37323,2
37324,4
37325,3
37326,1
37327,0
37328,1
37329,1
37330,3
37331,6
37332,2
37333,6
37334,1
37335,1
37336,4
37337,3
37338,0
37339,3
37340,2
37341,6
37342,3
37343,1
37344,0
37345,2
37346,2
37347,0
37348,2
37349,2
37350,1
37351,1
37352,0
37353,4
37354,5
37355,1
37356,2
37357,1
37358,1
37359,3
37360,2
37361,1
37362,5
37363,6
37364,2
37365,3
37366,1
37367,6
37368,1
37369,1
37370,6
37371,1
37372,1
37373,2
37374,6
37375,6
37376,4
37377,2
37378,2
37379,5
37380,3
37381,0
37382,2
37383,1
37384,2
37385,3
37386,4
37387,0
37388,0
37389,1
37390,0
37391,1
37392,6
37393,6
37394,4
37395,1
37396,5
37397,4
37398,0
37399,3
37400,2
37401,1
37402,2
37403,3
37404,0
37405,6
37406,5
37407,1
37408,0
37409,5
37410,2
37411,5
37412,2
37413,1
37414,2
37415,2
37416,0
37417,1
37418,2
37419,1
37420,2
37421,0
37422,4
37423,6
37424,3
37425,5
37426,2
37427,0
37428,0
37429,1
37430,5
37431,3
37432,2
37433,1
37434,2
37435,5
37436,6
37437,5
37438,2
37439,0
37440,1
37441,6
37442,4
37443,6
37444,5
37445,5
37446,0
37447,2
37448,5
37449,6
37450,0
37451,2
37452,6
37453,0
37454,0
37455,2
37456,3
37457,0
37458,2
37459,6
37460,2
37461,2
37462,6
37463,2
37464,1
37465,3
37466,0
37467,0
37468,4
37469,1
37470,6
37471,1
37472,1
37473,0
37474,2
37475,2
37476,2
37477,0
37478,6
37479,3
37480,2
37481,4
37482,3
37483,1
37484,0
37485,2
37486,6
37487,4
37488,3
37489,2
37490,2
37491,2
37492,3
37493,5
37494,4
37495,2
37496,1
37497,1
37498,4
37499,2
37500,5
37501,4
37502,4
37503,1
37504,1
37505,4
37506,6
37507,1
37508,2
37509,1
37510,2
37511,1
37512,6
37513,1
37514,3
37515,1
37516,0
37517,1
37518,3
37519,4
37520,0
37521,3
37522,1
37523,2
37524,2
37525,4
37526,2
37527,1
37528,1
37529,1
37530,2
37531,0
37532,6
37533,2
37534,2
37535,5
37536,2
37537,4
37538,1
37539,0
37540,1
37541,5
37542,3
37543,2
37544,2
37545,5
37546,5
37547,3
37548,2
37549,3
37550,0
37551,2
37552,5
37553,1
37554,4
37555,3
37556,2
37557,1
37558,1
37559,5
37560,4
37561,0
37562,0
37563,3
37564,5
37565,2
37566,0
37567,1
37568,6
37569,5
37570,5
37571,6
37572,0
37573,0
37574,5
37575,1
37576,2
37577,5
37578,3
37579,1
37580,6
37581,0
37582,6
37583,2
37584,4
37585,2
37586,5
37587,3
37588,2
37589,2
37590,2
37591,1
37592,1
37593,4
37594,6
37595,2
37596,1
37597,6
37598,1
37599,3
37600,1
37601,1
37602,2
37603,1
37604,2
37605,0
37606,4
37607,4
37608,0
37609,1
37610,2
37611,6
37612,2
37613,1
37614,3
37615,4
37616,4
37617,4
37618,1
37619,2
37620,3
37621,1
37622,3
37623,3
37624,3
37625,1
37626,0
37627,5
37628,2
37629,4
37630,4
37631,2
37632,0
37633,1
37634,1
37635,0
37636,2
37637,2
37638,5
37639,0
37640,3
37641,3
37642,5
37643,6
37644,5
37645,1
37646,1
37647,1
37648,6
37649,1
37650,6
37651,0
37652,2
37653,2
37654,1
37655,1
37656,1
37657,5
37658,6
37659,4
37660,0
37661,3
37662,1
37663,0
37664,4
37665,1
37666,3
37667,1
37668,5
37669,5
37670,5
37671,2
37672,2
37673,4
37674,4
37675,1
37676,2
37677,4
37678,3
37679,6
37680,4
37681,6
37682,5
37683,4
37684,2
37685,3
37686,1
37687,5
37688,2
37689,1
37690,4
37691,1
37692,2
37693,2
37694,2
37695,5
37696,6
37697,2
37698,2
37699,1
37700,1
37701,0
37702,3
37703,1
37704,5
37705,6
37706,1
37707,2
37708,4
37709,2
37710,4
37711,2
37712,6
37713,2
37714,0
37715,2
37716,4
37717,3
37718,1
37719,1
37720,1
37721,1
37722,6
37723,4
37724,2
37725,1
37726,2
37727,4
37728,0
37729,6
37730,5
37731,0
37732,1
37733,6
37734,4
37735,2
37736,6
37737,2
37738,0
37739,2
37740,3
37741,2
37742,2
37743,0
37744,2
37745,0
37746,3
37747,5
37748,3
37749,1
37750,4
37751,0
37752,3
37753,0
37754,0
37755,4
37756,4
37757,0
37758,0
37759,3
37760,0
37761,1
37762,1
37763,5
37764,1
37765,1
37766,2
37767,2
37768,0
37769,2
37770,0
37771,1
37772,5
37773,0
37774,6
37775,5
37776,0
37777,1
37778,1
37779,4
37780,2
37781,2
37782,2
37783,1
37784,2
37785,0
37786,5
37787,2
37788,4
37789,4
37790,0
37791,1
37792,4
37793,1
37794,3
37795,0
37796,1
37797,2
37798,1
37799,1
37800,6
37801,4
37802,6
37803,4
37804,1
37805,2
37806,5
37807,1
37808,1
37809,2
37810,0
37811,1
37812,0
37813,2
37814,4
37815,0
37816,4
37817,2
37818,2
37819,6
37820,2
37821,3
37822,1
37823,1
37824,1
37825,3
37826,2
37827,5
37828,6
37829,2
37830,4
37831,2
37832,1
37833,4
37834,1
37835,1
37836,3
37837,1
37838,2
37839,6
37840,2
37841,6
37842,0
37843,4
37844,4
37845,1
37846,2
37847,1
37848,1
37849,2
37850,3
37851,0
37852,6
37853,1
37854,1
37855,4
37856,3
37857,0
37858,5
37859,6
37860,1
37861,4
37862,0
37863,6
37864,2
37865,5
37866,4
37867,1
37868,4
37869,1
37870,5
37871,0
37872,1
37873,1
37874,5
37875,6
37876,1
37877,3
37878,1
37879,1
37880,4
37881,2
37882,3
37883,0
37884,2
37885,3
37886,4
37887,0
37888,4
37889,0
37890,2
37891,2
37892,2
37893,2
37894,3
37895,1
37896,3
37897,5
37898,6
37899,0
37900,1
37901,1
37902,5
37903,1
37904,5
37905,1
37906,3
37907,2
37908,2
37909,5
37910,1
37911,2
37912,1
37913,2
37914,3
37915,5
37916,0
37917,5
37918,0
37919,1
37920,0
37921,2
37922,1
37923,4
37924,2
37925,6
37926,0
37927,0
37928,3
37929,2
37930,0
37931,4
37932,1
37933,3
37934,0
37935,5
37936,1
37937,1
37938,2
37939,2
37940,2
37941,3
37942,2
37943,6
37944,6
37945,1
37946,5
37947,2
37948,5
37949,2
37950,2
37951,0
37952,4
37953,2
37954,5
37955,2
37956,6
37957,0
37958,3
37959,3
37960,0
37961,6
37962,1
37963,2
37964,1
37965,6
37966,6
37967,3
37968,1
37969,1
37970,1
37971,6
37972,1
37973,1
37974,5
37975,2
37976,3
37977,6
37978,1
37979,4
37980,4
37981,2
37982,2
37983,6
37984,6
37985,3
37986,5
37987,0
37988,1
37989,2
37990,6
37991,3
37992,4
37993,4
37994,1
37995,2
37996,5
37997,5
37998,2
37999,5
38000,2
38001,3
38002,2
38003,4
38004,3
38005,6
38006,5
38007,2
38008,6
38009,1
38010,1
38011,2
38012,5
38013,5
38014,6
38015,3
38016,1
38017,0
38018,2
38019,1
38020,4
38021,1
38022,3
38023,2
38024,6
38025,1
38026,1
38027,1
38028,1
38029,2
38030,5
38031,6
38032,5
38033,1
38034,2
38035,1
38036,4
38037,2
38038,1
38039,5
38040,3
38041,3
38042,0
38043,4
38044,2
38045,1
38046,0
38047,5
38048,0
38049,4
38050,1
38051,0
38052,1
38053,6
38054,2
38055,0
38056,2
38057,2
38058,3
38059,4
38060,2
38061,2
38062,4
38063,0
38064,0
38065,1
38066,2
38067,5
38068,5
38069,3
38070,5
38071,2
38072,2
38073,4
38074,1
38075,1
38076,2
38077,5
38078,3
38079,5
38080,2
38081,4
38082,1
38083,6
38084,4
38085,1
38086,1
38087,3
38088,1
38089,0
38090,2
38091,4
38092,1
38093,2
38094,4
38095,1
38096,0
38097,3
38098,2
38099,4
38100,4
38101,3
38102,6
38103,3
38104,5
38105,2
38106,0
38107,2
38108,5
38109,5
38110,1
38111,6
38112,6
38113,5
38114,4
38115,4
38116,1
38117,3
38118,2
38119,2
38120,5
38121,2
38122,1
38123,2
38124,4
38125,4
38126,3
38127,6
38128,4
38129,0
38130,5
38131,1
38132,0
38133,4
38134,1
38135,2
38136,2
38137,3
38138,6
38139,6
38140,2
38141,3
38142,4
38143,1
38144,3
38145,3
38146,2
38147,3
38148,2
38149,6
38150,4
38151,0
38152,1
38153,2
38154,2
38155,1
38156,6
38157,4
38158,1
38159,5
38160,4
38161,2
38162,0
38163,5
38164,5
38165,1
38166,5
38167,3
38168,0
38169,6
38170,5
38171,2
38172,2
38173,6
38174,2
38175,1
38176,0
38177,1
38178,6
38179,3
38180,5
38181,1
38182,4
38183,6
38184,5
38185,3
38186,5
38187,5
38188,3
38189,2
38190,4
38191,1
38192,2
38193,4
38194,2
38195,2
38196,1
38197,5
38198,0
38199,3
38200,5
38201,3
38202,0
38203,2
38204,5
38205,2
38206,6
38207,0
38208,2
38209,3
38210,1
38211,2
38212,1
38213,0
38214,2
38215,0
38216,6
38217,6
38218,5
38219,2
38220,0
38221,1
38222,1
38223,1
38224,3
38225,4
38226,2
38227,3
38228,2
38229,3
38230,4
38231,1
38232,5
38233,3
38234,1
38235,5
38236,3
38237,1
38238,5
38239,4
38240,5
38241,3
38242,4
38243,3
38244,4
38245,3
38246,6
38247,5
38248,4
38249,2
38250,2
38251,1
38252,5
38253,5
38254,2
38255,5
38256,2
38257,1
38258,1
38259,3
38260,6
38261,1
38262,1
38263,2
38264,4
38265,1
38266,4
38267,3
38268,1
38269,2
38270,2
38271,1
38272,3
38273,4
38274,1
38275,5
38276,4
38277,1
38278,5
38279,0
38280,1
38281,4
38282,3
38283,1
38284,4
38285,0
38286,1
38287,1
38288,3
38289,1
38290,5
38291,6
38292,4
38293,1
38294,3
38295,0
38296,2
38297,5
38298,1
38299,1
38300,2
38301,6
38302,3
38303,6
38304,0
38305,1
38306,1
38307,0
38308,3
38309,3
38310,2
38311,3
38312,1
38313,3
38314,6
38315,3
38316,2
38317,5
38318,2
38319,0
38320,5
38321,1
38322,4
38323,0
38324,1
38325,3
38326,5
38327,0
38328,2
38329,1
38330,2
38331,1
38332,5
38333,0
38334,4
38335,1
38336,1
38337,5
38338,1
38339,1
38340,1
38341,3
38342,1
38343,0
38344,6
38345,5
38346,5
38347,0
38348,2
38349,1
38350,0
38351,3
38352,3
38353,3
38354,5
38355,0
38356,6
38357,0
38358,1
38359,5
38360,3
38361,2
38362,6
38363,4
38364,1
38365,0
38366,1
38367,6
38368,1
38369,2
38370,3
38371,4
38372,1
38373,2
38374,1
38375,5
38376,1
38377,1
38378,6
38379,3
38380,2
38381,5
38382,2
38383,2
38384,1
38385,2
38386,2
38387,0
38388,6
38389,3
38390,4
38391,3
38392,2
38393,2
38394,3
38395,4
38396,4
38397,1
38398,1
38399,2
38400,1
38401,1
38402,6
38403,3
38404,2
38405,5
38406,0
38407,4
38408,6
38409,6
38410,4
38411,1
38412,4
38413,4
38414,1
38415,3
38416,3
38417,2
38418,2
38419,3
38420,1
38421,5
38422,2
38423,5
38424,1
38425,1
38426,0
38427,2
38428,0
38429,2
38430,1
38431,4
38432,2
38433,2
38434,2
38435,4
38436,3
38437,1
38438,2
38439,2
38440,2
38441,5
38442,5
38443,6
38444,2
38445,1
38446,2
38447,6
38448,0
38449,2
38450,4
38451,1
38452,1
38453,0
38454,6
38455,5
38456,4
38457,0
38458,3
38459,5
38460,0
38461,1
38462,1
38463,4
38464,4
38465,0
38466,2
38467,1
38468,1
38469,4
38470,1
38471,6
38472,5
38473,1
38474,2
38475,0
38476,2
38477,2
38478,1
38479,1
38480,0
38481,6
38482,2
38483,0
38484,0
38485,4
38486,2
38487,1
38488,3
38489,2
38490,3
38491,5
38492,1
38493,2
38494,0
38495,2
38496,4
38497,1
38498,1
38499,1
38500,2
38501,2
38502,0
38503,1
38504,1
38505,1
38506,6
38507,4
38508,3
38509,2
38510,2
38511,0
38512,3
38513,5
38514,2
38515,1
38516,2
38517,1
38518,2
38519,4
38520,4
38521,1
38522,2
38523,6
38524,1
38525,1
38526,2
38527,2
38528,0
38529,5
38530,5
38531,4
38532,2
38533,2
38534,4
38535,1
38536,1
38537,3
38538,4
38539,1
38540,3
38541,2
38542,3
38543,5
38544,2
38545,2
38546,1
38547,2
38548,2
38549,2
38550,3
38551,3
38552,3
38553,6
38554,3
38555,1
38556,1
38557,2
38558,4
38559,5
38560,1
38561,3
38562,4
38563,1
38564,0
38565,3
38566,1
38567,5
38568,4
38569,5
38570,1
38571,3
38572,4
38573,0
38574,1
38575,2
38576,4
38577,4
38578,6
38579,0
38580,2
38581,2
38582,3
38583,6
38584,2
38585,4
38586,1
38587,1
38588,3
38589,1
38590,0
38591,3
38592,1
38593,3
38594,0
38595,2
38596,0
38597,0
38598,6
38599,2
38600,1
38601,1
38602,2
38603,2
38604,0
38605,4
38606,3
38607,0
38608,4
38609,5
38610,6
38611,0
38612,2
38613,5
38614,2
38615,1
38616,3
38617,0
38618,1
38619,1
38620,0
38621,3
38622,5
38623,2
38624,1
38625,1
38626,2
38627,4
38628,2
38629,2
38630,5
38631,1
38632,3
38633,1
38634,1
38635,2
38636,4
38637,1
38638,2
38639,2
38640,2
38641,2
38642,1
38643,4
38644,3
38645,3
38646,3
38647,1
38648,6
38649,2
38650,6
38651,4
38652,5
38653,2
38654,1
38655,1
38656,3
38657,3
38658,5
38659,1
38660,3
38661,0
38662,2
38663,1
38664,3
38665,1
38666,1
38667,1
38668,5
38669,1
38670,0
38671,4
38672,1
38673,5
38674,1
38675,4
38676,4
38677,6
38678,2
38679,1
38680,0
38681,3
38682,5
38683,1
38684,0
38685,2
38686,2
38687,6
38688,6
38689,2
38690,1
38691,2
38692,5
38693,5
38694,1
38695,0
38696,1
38697,3
38698,5
38699,2
38700,1
38701,4
38702,3
38703,5
38704,1
38705,2
38706,2
38707,1
38708,1
38709,6
38710,1
38711,2
38712,1
38713,6
38714,2
38715,6
38716,5
38717,3
38718,2
38719,2
38720,6
38721,0
38722,2
38723,3
38724,2
38725,1
38726,2
38727,2
38728,6
38729,0
38730,1
38731,6
38732,1
38733,2
38734,6
38735,3
38736,1
38737,2
38738,4
38739,0
38740,2
38741,5
38742,5
38743,3
38744,2
38745,6
38746,1
38747,6
38748,2
38749,5
38750,3
38751,6
38752,4
38753,3
38754,6
38755,1
38756,2
38757,5
38758,2
38759,6
38760,3
38761,5
38762,1
38763,6
38764,0
38765,0
38766,1
38767,0
38768,5
38769,0
38770,0
38771,3
38772,2
38773,1
38774,1
38775,2
38776,2
38777,3
38778,4
38779,3
38780,5
38781,2
38782,1
38783,0
38784,5
38785,4
38786,2
38787,3
38788,1
38789,1
38790,6
38791,2
38792,2
38793,1
38794,5
38795,3
38796,0
38797,5
38798,4
38799,3
38800,2
38801,4
38802,2
38803,5
38804,0
38805,1
38806,5
38807,2
38808,2
38809,2
38810,4
38811,2
38812,1
38813,0
38814,3
38815,1
38816,0
38817,1
38818,1
38819,0
38820,0
38821,3
38822,3
38823,2
38824,1
38825,2
38826,2
38827,3
38828,2
38829,0
38830,4
38831,0
38832,6
38833,3
38834,0
38835,1
38836,1
38837,3
38838,5
38839,2
38840,0
38841,3
38842,1
38843,5
38844,1
38845,1
38846,2
38847,3
38848,1
38849,3
38850,1
38851,1
38852,1
38853,5
38854,4
38855,2
38856,2
38857,4
38858,4
38859,6
38860,2
38861,2
38862,1
38863,4
38864,0
38865,3
38866,1
38867,1
38868,4
38869,0
38870,0
38871,0
38872,3
38873,4
38874,6
38875,6
38876,0
38877,1
38878,2
38879,2
38880,2
38881,1
38882,3
38883,1
38884,2
38885,6
38886,4
38887,3
38888,2
38889,3
38890,1
38891,3
38892,2
38893,1
38894,1
38895,3
38896,2
38897,1
38898,2
38899,5
38900,1
38901,5
38902,1
38903,0
38904,2
38905,0
38906,2
38907,6
38908,2
38909,0
38910,6
38911,4
38912,1
38913,4
38914,2
38915,4
38916,5
38917,1
38918,0
38919,2
38920,6
38921,1
38922,0
38923,1
38924,4
38925,4
38926,6
38927,2
38928,1
38929,2
38930,4
38931,2
38932,0
38933,6
38934,2
38935,2
38936,2
38937,2
38938,2
38939,2
38940,2
38941,6
38942,3
38943,4
38944,4
38945,1
38946,1
38947,0
38948,1
38949,3
38950,0
38951,0
38952,3
38953,6
38954,2
38955,2
38956,0
38957,4
38958,1
38959,1
38960,6
38961,1
38962,4
38963,0
38964,6
38965,1
38966,2
38967,6
38968,0
38969,2
38970,0
38971,3
38972,5
38973,5
38974,1
38975,3
38976,1
38977,1
38978,0
38979,3
38980,2
38981,0
38982,2
38983,4
38984,3
38985,0
38986,0
38987,4
38988,0
38989,3
38990,2
38991,1
38992,1
38993,5
38994,2
38995,3
38996,2
38997,3
38998,6
38999,1
39000,1
39001,1
39002,3
39003,2
39004,1
39005,0
39006,6
39007,1
39008,4
39009,2
39010,6
39011,2
39012,2
39013,2
39014,0
39015,5
39016,6
39017,1
39018,0
39019,5
39020,4
39021,2
39022,2
39023,1
39024,3
39025,3
39026,5
39027,1
39028,3
39029,2
39030,0
39031,4
39032,0
39033,1
39034,4
39035,1
39036,1
39037,0
39038,6
39039,6
39040,2
39041,1
39042,0
39043,3
39044,1
39045,5
39046,1
39047,1
39048,1
39049,6
39050,3
39051,2
39052,1
39053,2
39054,1
39055,2
39056,3
39057,2
39058,0
39059,2
39060,0
39061,4
39062,1
39063,1
39064,5
39065,1
39066,4
39067,1
39068,0
39069,6
39070,0
39071,4
39072,0
39073,2
39074,0
39075,2
39076,2
39077,1
39078,6
39079,2
39080,6
39081,2
39082,5
39083,5
39084,1
39085,6
39086,6
39087,5
39088,1
39089,3
39090,2
39091,3
39092,1
39093,2
39094,6
39095,4
39096,1
39097,4
39098,2
39099,0
39100,1
39101,1
39102,2
39103,1
39104,0
39105,1
39106,0
39107,4
39108,2
39109,2
39110,4
39111,4
39112,3
39113,3
39114,1
39115,1
39116,2
39117,5
39118,2
39119,1
39120,2
39121,3
39122,1
39123,0
39124,1
39125,2
39126,2
39127,4
39128,6
39129,2
39130,1
39131,1
39132,5
39133,5
39134,3
39135,1
39136,2
39137,5
39138,2
39139,1
39140,2
39141,4
39142,1
39143,1
39144,0
39145,1
39146,3
39147,3
39148,2
39149,1
39150,0
39151,2
39152,6
39153,2
39154,2
39155,6
39156,3
39157,5
39158,2
39159,2
39160,3
39161,2
39162,6
39163,1
39164,6
39165,3
39166,6
39167,6
39168,4
39169,5
39170,0
39171,2
39172,1
39173,3
39174,1
39175,0
39176,0
39177,1
39178,5
39179,6
39180,5
39181,0
39182,4
39183,1
39184,1
39185,4
39186,6
39187,2
39188,1
39189,3
39190,4
39191,2
39192,4
39193,1
39194,1
39195,2
39196,4
39197,2
39198,5
39199,6
39200,5
39201,2
39202,1
39203,2
39204,2
39205,1
39206,5
39207,2
39208,3
39209,6
39210,1
39211,2
39212,2
39213,4
39214,2
39215,2
39216,4
39217,5
39218,0
39219,0
39220,1
39221,1
39222,4
39223,3
39224,6
39225,4
39226,1
39227,1
39228,3
39229,1
39230,3
39231,5
39232,2
39233,0
39234,4
39235,0
39236,1
39237,6
39238,1
39239,2
39240,1
39241,1
39242,1
39243,2
39244,0
39245,4
39246,5
39247,2
39248,0
39249,2
39250,2
39251,2
39252,6
39253,5
39254,0
39255,2
39256,1
39257,1
39258,2
39259,2
39260,0
39261,2
39262,0
39263,6
39264,1
39265,3
39266,0
39267,1
39268,2
39269,5
39270,1
39271,2
39272,1
39273,2
39274,3
39275,2
39276,5
39277,5
39278,4
39279,2
39280,1
39281,3
39282,1
39283,0
39284,4
39285,2
39286,4
39287,1
39288,1
39289,5
39290,2
39291,2
39292,4
39293,1
39294,3
39295,1
39296,5
39297,6
39298,1
39299,6
39300,6
39301,1
39302,1
39303,5
39304,2
39305,6
39306,3
39307,1
39308,1
39309,1
39310,2
39311,3
39312,5
39313,1
39314,1
39315,5
39316,2
39317,0
39318,6
39319,4
39320,1
39321,4
39322,2
39323,3
39324,2
39325,5
39326,6
39327,3
39328,4
39329,1
39330,1
39331,3
39332,4
39333,1
39334,2
39335,5
39336,6
39337,0
39338,6
39339,1
39340,2
39341,5
39342,3
39343,1
39344,2
39345,6
39346,3
39347,4
39348,2
39349,1
39350,5
39351,3
39352,2
39353,2
39354,2
39355,1
39356,4
39357,0
39358,3
39359,4
39360,6
39361,0
39362,3
39363,5
39364,0
39365,4
39366,0
39367,2
39368,1
39369,2
39370,2
39371,1
39372,3
39373,6
39374,6
39375,3
39376,2
39377,6
39378,6
39379,4
39380,5
39381,1
39382,3
39383,2
39384,6
39385,6
39386,1
39387,1
39388,2
39389,1
39390,6
39391,3
39392,2
39393,0
39394,1
39395,2
39396,3
39397,2
39398,3
39399,0
39400,4
39401,3
39402,2
39403,0
39404,4
39405,1
39406,2
39407,5
39408,1
39409,2
39410,1
39411,0
39412,1
39413,6
39414,3
39415,2
39416,5
39417,2
39418,6
39419,5
39420,1
39421,6
39422,3
39423,2
39424,2
39425,5
39426,1
39427,1
39428,2
39429,2
39430,0
39431,4
39432,1
39433,4
39434,1
39435,2
39436,1
39437,4
39438,1
39439,0
39440,1
39441,6
39442,2
39443,0
39444,1
39445,2
39446,2
39447,1
39448,2
39449,2
39450,1
39451,1
39452,5
39453,6
39454,1
39455,6
39456,3
39457,0
39458,5
39459,5
39460,6
39461,6
39462,1
39463,2
39464,3
39465,3
39466,3
39467,1
39468,2
39469,3
39470,3
39471,1
39472,5
39473,2
39474,4
39475,1
39476,2
39477,5
39478,1
39479,1
39480,5
39481,1
39482,0
39483,2
39484,3
39485,3
39486,1
39487,1
39488,1
39489,2
39490,2
39491,5
39492,6
39493,2
39494,1
39495,1
39496,3
39497,2
39498,1
39499,4
39500,1
39501,3
39502,2
39503,2
39504,2
39505,2
39506,6
39507,6
39508,3
39509,2
39510,2
39511,6
39512,3
39513,6
39514,1
39515,5
39516,2
39517,6
39518,1
39519,1
39520,5
39521,3
39522,1
39523,4
39524,5
39525,3
39526,1
39527,3
39528,4
39529,3
39530,3
39531,4
39532,3
39533,2
39534,5
39535,1
39536,1
39537,1
39538,4
39539,1
39540,0
39541,4
39542,4
39543,2
39544,0
39545,1
39546,5
39547,3
39548,6
39549,3
39550,1
39551,5
39552,0
39553,1
39554,2
39555,3
39556,3
39557,0
39558,0
39559,4
39560,1
39561,3
39562,2
39563,1
39564,4
39565,0
39566,5
39567,2
39568,4
39569,5
39570,0
39571,0
39572,0
39573,5
39574,2
39575,4
39576,1
39577,3
39578,0
39579,4
39580,1
39581,2
39582,2
39583,6
39584,4
39585,6
39586,4
39587,3
39588,2
39589,2
39590,6
39591,4
39592,3
39593,1
39594,6
39595,5
39596,6
39597,2
39598,1
39599,2
39600,0
39601,4
39602,4
39603,5
39604,6
39605,1
39606,0
39607,0
39608,1
39609,1
39610,3
39611,0
39612,1
39613,1
39614,5
39615,4
39616,3
39617,3
39618,1
39619,0
39620,0
39621,6
39622,1
39623,6
39624,0
39625,0
39626,4
39627,2
39628,4
39629,4
39630,1
39631,5
39632,2
39633,1
39634,6
39635,2
39636,6
39637,3
39638,2
39639,5
39640,2
39641,4
39642,0
39643,1
39644,6
39645,1
39646,0
39647,0
39648,2
39649,3
39650,0
39651,2
39652,3
39653,5
39654,5
39655,5
39656,3
39657,2
39658,0
39659,1
39660,6
39661,1
39662,0
39663,1
39664,2
39665,1
39666,4
39667,4
39668,3
39669,5
39670,2
39671,2
39672,4
39673,2
39674,3
39675,5
39676,5
39677,0
39678,1
39679,2
39680,2
39681,2
39682,5
39683,2
39684,0
39685,2
39686,1
39687,3
39688,5
39689,2
39690,5
39691,3
39692,5
39693,1
39694,1
39695,2
39696,0
39697,1
39698,5
39699,2
39700,6
39701,2
39702,1
39703,1
39704,1
39705,1
39706,1
39707,3
39708,1
39709,5
39710,2
39711,5
39712,0
39713,2
39714,2
39715,1
39716,2
39717,1
39718,1
39719,5
39720,4
39721,1
39722,0
39723,2
39724,2
39725,3
39726,6
39727,1
39728,2
39729,2
39730,6
39731,2
39732,6
39733,3
39734,5
39735,1
39736,5
39737,2
39738,2
39739,3
39740,6
39741,1
39742,1
39743,1
39744,2
39745,4
39746,1
39747,1
39748,6
39749,3
39750,1
39751,0
39752,0
39753,1
39754,6
39755,6
39756,2
39757,4
39758,4
39759,2
39760,5
39761,5
39762,2
39763,6
39764,2
39765,5
39766,1
39767,0
39768,0
39769,6
39770,6
39771,5
39772,6
39773,2
39774,5
39775,1
39776,4
39777,3
39778,3
39779,1
39780,0
39781,1
39782,5
39783,1
39784,1
39785,2
39786,4
39787,1
39788,2
39789,5
39790,0
39791,4
39792,2
39793,2
39794,1
39795,1
39796,6
39797,1
39798,1
39799,0
39800,1
39801,1
39802,0
39803,5
39804,2
39805,2
39806,0
39807,2
39808,0
39809,2
39810,0
39811,1
39812,2
39813,2
39814,3
39815,2
39816,1
39817,1
39818,5
39819,5
39820,6
39821,2
39822,4
39823,1
39824,1
39825,4
39826,5
39827,4
39828,1
39829,3
39830,1
39831,4
39832,2
39833,4
39834,5
39835,4
39836,1
39837,5
39838,1
39839,1
39840,2
39841,5
39842,2
39843,1
39844,1
39845,2
39846,2
39847,5
39848,0
39849,4
39850,2
39851,6
39852,1
39853,3
39854,0
39855,4
39856,1
39857,1
39858,1
39859,2
39860,2
39861,3
39862,1
39863,2
39864,1
39865,5
39866,2
39867,3
39868,1
39869,1
39870,3
39871,1
39872,1
39873,4
39874,4
39875,2
39876,3
39877,5
39878,5
39879,2
39880,1
39881,6
39882,5
39883,6
39884,4
39885,3
39886,6
39887,6
39888,3
39889,0
39890,1
39891,1
39892,4
39893,3
39894,5
39895,0
39896,2
39897,2
39898,4
39899,1
39900,6
39901,3
39902,1
39903,2
39904,1
39905,6
39906,2
39907,6
39908,1
39909,2
39910,2
39911,4
39912,1
39913,0
39914,6
39915,1
39916,0
39917,0
39918,3
39919,2
39920,4
39921,0
39922,2
39923,2
39924,1
39925,1
39926,4
39927,1
39928,4
39929,1
39930,3
39931,5
39932,4
39933,3
39934,4
39935,2
39936,1
39937,5
39938,2
39939,4
39940,3
39941,4
39942,4
39943,5
39944,0
39945,2
39946,6
39947,6
39948,2
39949,2
39950,1
39951,5
39952,2
39953,2
39954,1
39955,1
39956,1
39957,1
39958,1
39959,2
39960,5
39961,6
39962,1
39963,1
39964,2
39965,5
39966,2
39967,2
39968,1
39969,2
39970,1
39971,5
39972,1
39973,2
39974,3
39975,0
39976,4
39977,6
39978,4
39979,1
39980,3
39981,2
39982,0
39983,2
39984,5
39985,3
39986,6
39987,3
39988,2
39989,4
39990,6
39991,6
39992,2
39993,0
39994,0
39995,6
39996,4
39997,5
39998,2
39999,2
40000,5
40001,4
40002,1
40003,2
40004,4
40005,2
40006,0
40007,2
40008,2
40009,5
40010,2
40011,1
40012,3
40013,2
40014,4
40015,4
40016,6
40017,2
40018,1
40019,4
40020,6
40021,3
40022,0
40023,1
40024,3
40025,1
40026,0
40027,0
40028,1
40029,1
40030,1
40031,6
40032,2
40033,3
40034,4
40035,2
40036,2
40037,1
40038,5
40039,2
40040,0
40041,1
40042,5
40043,1
40044,1
40045,0
40046,4
40047,2
40048,1
40049,5
40050,1
40051,0
40052,0
40053,0
40054,3
40055,2
40056,2
40057,0
40058,2
40059,1
40060,2
40061,1
40062,0
40063,1
40064,2
40065,2
40066,5
40067,2
40068,2
40069,2
40070,1
40071,1
40072,2
40073,3
40074,6
40075,6
40076,2
40077,0
40078,5
40079,1
40080,0
40081,5
40082,3
40083,6
40084,1
40085,2
40086,6
40087,1
40088,4
40089,4
40090,4
40091,2
40092,4
40093,3
40094,5
40095,2
40096,5
40097,1
40098,1
40099,0
40100,1
40101,3
40102,4
40103,1
40104,2
40105,1
40106,0
40107,2
40108,4
40109,4
40110,2
40111,4
40112,1
40113,6
40114,0
40115,5
40116,2
40117,5
40118,0
40119,1
40120,2
40121,5
40122,2
40123,0
40124,3
40125,0
40126,1
40127,2
40128,5
40129,1
40130,3
40131,3
40132,0
40133,1
40134,0
40135,4
40136,5
40137,3
40138,1
40139,4
40140,4
40141,6
40142,3
40143,5
40144,1
40145,4
40146,1
40147,3
40148,0
40149,1
40150,0
40151,3
40152,1
40153,1
40154,4
40155,2
40156,4
40157,6
40158,6
40159,1
40160,4
40161,1
40162,1
40163,2
40164,2
40165,1
40166,6
40167,2
40168,1
40169,5
40170,2
40171,3
40172,2
40173,2
40174,6
40175,1
40176,2
40177,2
40178,5
40179,2
40180,5
40181,1
40182,1
40183,6
40184,2
40185,0
40186,0
40187,0
40188,4
40189,1
40190,2
40191,5
40192,1
40193,6
40194,2
40195,6
40196,5
40197,1
40198,1
40199,2
40200,1
40201,2
40202,1
40203,1
40204,1
40205,0
40206,1
40207,5
40208,2
40209,5
40210,0
40211,4
40212,0
40213,5
40214,4
40215,3
40216,5
40217,6
40218,0
40219,1
40220,0
40221,4
40222,0
40223,3
40224,2
40225,4
40226,4
40227,2
40228,2
40229,6
40230,3
40231,4
40232,4
40233,2
40234,6
40235,3
40236,1
40237,1
40238,1
40239,5
40240,2
40241,2
40242,2
40243,6
40244,4
40245,5
40246,4
40247,3
40248,3
40249,1
40250,4
40251,0
40252,3
40253,4
40254,4
40255,6
40256,0
40257,3
40258,2
40259,3
40260,2
40261,5
40262,0
40263,2
40264,0
40265,4
40266,2
40267,5
40268,1
40269,2
40270,2
40271,0
40272,4
40273,2
40274,6
40275,2
40276,1
40277,6
40278,5
40279,2
40280,1
40281,1
40282,2
40283,2
40284,4
40285,3
40286,1
40287,3
40288,6
40289,2
40290,0
40291,2
40292,1
40293,2
40294,1
40295,4
40296,3
40297,6
40298,4
40299,6
40300,0
40301,6
40302,4
40303,6
40304,1
40305,2
40306,1
40307,0
40308,2
40309,3
40310,1
40311,1
40312,6
40313,2
40314,1
40315,1
40316,1
40317,6
40318,6
40319,4
40320,2
40321,4
40322,6
40323,0
40324,1
40325,6
40326,4
40327,1
40328,6
40329,1
40330,2
40331,1
40332,4
40333,2
40334,6
40335,2
40336,6
40337,2
40338,1
40339,0
40340,2
40341,2
40342,4
40343,6
40344,1
40345,5
40346,1
40347,0
40348,1
40349,0
40350,1
40351,1
40352,0
40353,6
40354,6
40355,1
40356,2
40357,2
40358,1
40359,4
40360,1
40361,3
40362,6
40363,6
40364,2
40365,4
40366,4
40367,1
40368,1
40369,2
40370,5
40371,1
40372,0
40373,2
40374,1
40375,1
40376,6
40377,3
40378,3
40379,0
40380,2
40381,1
40382,1
40383,6
40384,2
40385,2
40386,6
40387,1
40388,1
40389,4
40390,4
40391,4
40392,6
40393,0
40394,2
40395,5
40396,5
40397,4
40398,5
40399,2
40400,3
40401,0
40402,0
40403,5
40404,1
40405,3
40406,4
40407,3
40408,4
40409,0
40410,1
40411,3
40412,1
40413,1
40414,6
40415,1
40416,2
40417,1
40418,3
40419,5
40420,6
40421,6
40422,1
40423,4
40424,2
40425,6
40426,0
40427,6
40428,2
40429,0
40430,3
40431,1
40432,2
40433,2
40434,0
40435,2
40436,0
40437,4
40438,2
40439,5
40440,2
40441,6
40442,2
40443,2
40444,0
40445,1
40446,1
40447,1
40448,1
40449,0
40450,5
40451,5
40452,2
40453,2
40454,4
40455,4
40456,4
40457,3
40458,4
40459,3
40460,6
40461,2
40462,1
40463,6
40464,4
40465,3
40466,2
40467,1
40468,3
40469,3
40470,2
40471,0
40472,2
40473,1
40474,2
40475,3
40476,4
40477,0
40478,5
40479,0
40480,1
40481,1
40482,1
40483,2
40484,1
40485,0
40486,0
40487,1
40488,3
40489,1
40490,6
40491,4
40492,2
40493,3
40494,3
40495,1
40496,1
40497,0
40498,2
40499,1
40500,6
40501,4
40502,1
40503,2
40504,2
40505,2
40506,0
40507,6
40508,3
40509,2
40510,1
40511,6
40512,4
40513,2
40514,1
40515,2
40516,5
40517,1
40518,1
40519,2
40520,2
40521,2
40522,1
40523,1
40524,2
40525,0
40526,2
40527,2
40528,2
40529,0
40530,0
40531,3
40532,1
40533,0
40534,6
40535,5
40536,1
40537,2
40538,2
40539,2
40540,0
40541,2
40542,0
40543,1
40544,1
40545,1
40546,3
40547,1
40548,2
40549,0
40550,3
40551,1
40552,1
40553,1
40554,2
40555,1
40556,1
40557,2
40558,2
40559,5
40560,1
40561,1
40562,3
40563,3
40564,4
40565,2
40566,3
40567,2
40568,1
40569,0
40570,6
40571,2
40572,6
40573,2
40574,6
40575,1
40576,1
40577,2
40578,4
40579,1
40580,2
40581,1
40582,1
40583,6
40584,5
40585,0
40586,2
40587,1
40588,5
40589,6
40590,5
40591,1
40592,4
40593,0
40594,6
40595,2
40596,5
40597,1
40598,3
40599,1
40600,6
40601,0
40602,1
40603,0
40604,1
40605,1
40606,2
40607,1
40608,5
40609,4
40610,2
40611,5
40612,3
40613,1
40614,2
40615,1
40616,2
40617,3
40618,1
40619,4
40620,1
40621,2
40622,4
40623,5
40624,4
40625,5
40626,4
40627,5
40628,2
40629,3
40630,2
40631,1
40632,1
40633,2
40634,1
40635,4
40636,2
40637,2
40638,2
40639,1
40640,4
40641,2
40642,1
40643,2
40644,6
40645,4
40646,2
40647,1
40648,2
40649,2
40650,3
40651,6
40652,0
40653,6
40654,6
40655,5
40656,4
40657,1
40658,3
40659,2
40660,3
40661,1
40662,6
40663,1
40664,2
40665,5
40666,2
40667,2
40668,4
40669,3
40670,1
40671,2
40672,6
40673,0
40674,4
40675,5
40676,4
40677,2
40678,0
40679,6
40680,6
40681,3
40682,5
40683,4
40684,0
40685,4
40686,5
40687,6
40688,4
40689,5
40690,2
40691,1
40692,0
40693,2
40694,1
40695,2
40696,1
40697,6
40698,6
40699,0
40700,1
40701,4
40702,2
40703,4
40704,0
40705,6
40706,4
40707,6
40708,1
40709,2
40710,0
40711,1
40712,3
40713,6
40714,4
40715,1
40716,1
40717,6
40718,4
40719,3
40720,2
40721,1
40722,2
40723,3
40724,4
40725,3
40726,4
40727,1
40728,3
40729,2
40730,2
40731,2
40732,4
40733,2
40734,4
40735,2
40736,5
40737,1
40738,0
40739,1
40740,1
40741,2
40742,1
40743,5
40744,2
40745,1
40746,5
40747,2
40748,5
40749,1
40750,2
40751,4
40752,1
40753,2
40754,6
40755,1
40756,2
40757,1
40758,1
40759,1
40760,0
40761,2
40762,5
40763,2
40764,0
40765,2
40766,2
40767,2
40768,2
40769,1
40770,1
40771,3
40772,1
40773,5
40774,2
40775,0
40776,0
40777,0
40778,4
40779,0
40780,2
40781,5
40782,3
40783,5
40784,0
40785,1
40786,6
40787,1
40788,1
40789,1
40790,6
40791,3
40792,1
40793,0
40794,4
40795,4
40796,3
40797,4
40798,4
40799,3
40800,1
40801,1
40802,2
40803,6
40804,4
40805,5
40806,4
40807,5
40808,1
40809,1
40810,0
40811,2
40812,2
40813,3
40814,2
40815,2
40816,5
40817,1
40818,0
40819,0
40820,2
40821,2
40822,2
40823,5
40824,3
40825,1
40826,1
40827,1
40828,5
40829,3
40830,2
40831,0
40832,3
40833,0
40834,3
40835,1
40836,6
40837,2
40838,0
40839,6
40840,1
40841,1
40842,4
40843,6
40844,2
40845,2
40846,0
40847,1
40848,2
40849,4
40850,1
40851,1
40852,2
40853,1
40854,0
40855,1
40856,2
40857,5
40858,5
40859,0
40860,1
40861,2
40862,3
40863,1
40864,2
40865,6
40866,2
40867,1
40868,3
40869,2
40870,3
40871,1
40872,0
40873,0
40874,1
40875,1
40876,4
40877,2
40878,6
40879,1
40880,5
40881,5
40882,4
40883,3
40884,0
40885,2
40886,5
40887,2
40888,6
40889,3
40890,4
40891,3
40892,1
40893,2
40894,2
40895,5
40896,4
40897,3
40898,3
40899,6
40900,2
40901,4
40902,2
40903,2
40904,3
40905,2
40906,1
40907,3
40908,0
40909,5
40910,0
40911,0
40912,1
40913,5
40914,5
40915,2
40916,2
40917,2
40918,0
40919,6
40920,2
40921,3
40922,0
40923,0
40924,3
40925,0
40926,0
40927,1
40928,2
40929,6
40930,3
40931,1
40932,6
40933,2
40934,1
40935,2
40936,1
40937,6
40938,2
40939,1
40940,2
40941,2
40942,3
40943,2
40944,4
40945,1
40946,1
40947,1
40948,0
40949,2
40950,3
40951,1
40952,2
40953,0
40954,6
40955,5
40956,3
40957,1
40958,0
40959,1
40960,1
40961,5
40962,4
40963,3
40964,1
40965,1
40966,2
40967,3
40968,1
40969,1
40970,6
40971,2
40972,3
40973,3
40974,3
40975,5
40976,2
40977,6
40978,2
40979,2
40980,3
40981,2
40982,4
40983,3
40984,5
40985,6
40986,4
40987,2
40988,5
40989,2
40990,2
40991,1
40992,1
40993,2
40994,5
40995,1
40996,2
40997,3
40998,6
40999,6
41000,0
41001,2
41002,2
41003,3
41004,1
41005,2
41006,5
41007,3
41008,2
41009,5
41010,4
41011,1
41012,2
41013,5
41014,1
41015,0
41016,2
41017,1
41018,1
41019,4
41020,0
41021,6
41022,0
41023,2
41024,1
41025,0
41026,1
41027,3
41028,3
41029,5
41030,2
41031,2
41032,0
41033,1
41034,3
41035,4
41036,2
41037,4
41038,5
41039,5
41040,2
41041,3
41042,2
41043,2
41044,2
41045,3
41046,1
41047,2
41048,3
41049,1
41050,1
41051,6
41052,4
41053,3
41054,1
41055,1
41056,2
41057,5
41058,1
41059,2
41060,5
41061,1
41062,5
41063,4
41064,0
41065,1
41066,6
41067,1
41068,4
41069,2
41070,0
41071,5
41072,0
41073,1
41074,1
41075,1
41076,6
41077,1
41078,1
41079,4
41080,4
41081,2
41082,2
41083,0
41084,4
41085,1
41086,6
41087,3
41088,3
41089,2
41090,6
41091,3
41092,6
41093,6
41094,2
41095,5
41096,1
41097,5
41098,1
41099,5
41100,1
41101,4
41102,6
41103,2
41104,2
41105,2
41106,3
41107,3
41108,2
41109,3
41110,1
41111,4
41112,2
41113,2
41114,3
41115,4
41116,2
41117,1
41118,2
41119,1
41120,4
41121,2
41122,3
41123,4
41124,5
41125,5
41126,3
41127,1
41128,3
41129,4
41130,1
41131,6
41132,1
41133,2
41134,3
41135,6
41136,1
41137,4
41138,4
41139,6
41140,2
41141,1
41142,6
41143,5
41144,2
41145,2
41146,6
41147,5
41148,2
41149,2
41150,2
41151,2
41152,1
41153,1
41154,6
41155,4
41156,2
41157,2
41158,2
41159,5
41160,6
41161,5
41162,6
41163,1
41164,1
41165,4
41166,2
41167,4
41168,2
41169,3
41170,4
41171,5
41172,2
41173,0
41174,2
41175,2
41176,2
41177,0
41178,0
41179,1
41180,1
41181,3
41182,4
41183,2
41184,2
41185,3
41186,2
41187,3
41188,2
41189,6
41190,1
41191,3
41192,3
41193,5
41194,4
41195,1
41196,0
41197,1
41198,2
41199,1
41200,0
41201,6
41202,0
41203,2
41204,1
41205,2
41206,2
41207,1
41208,1
41209,2
41210,2
41211,2
41212,3
41213,2
41214,6
41215,2
41216,1
41217,1
41218,4
41219,0
41220,1
41221,4
41222,3
41223,0
41224,3
41225,0
41226,2
41227,0
41228,0
41229,2
41230,0
41231,2
41232,4
41233,5
41234,2
41235,1
41236,0
41237,1
41238,2
41239,1
41240,5
41241,1
41242,3
41243,2
41244,5
41245,5
41246,2
41247,2
41248,3
41249,4
41250,1
41251,3
41252,0
41253,2
41254,6
41255,3
41256,1
41257,4
41258,2
41259,2
41260,2
41261,0
41262,1
41263,5
41264,4
41265,0
41266,1
41267,6
41268,1
41269,4
41270,2
41271,4
41272,3
41273,4
41274,4
41275,1
41276,5
41277,1
41278,0
41279,5
41280,2
41281,3
41282,0
41283,4
41284,4
41285,4
41286,1
41287,4
41288,1
41289,0
41290,6
41291,6
41292,1
41293,0
41294,2
41295,0
41296,5
41297,0
41298,0
41299,2
41300,3
41301,5
41302,1
41303,1
41304,2
41305,1
41306,2
41307,2
41308,2
41309,1
41310,6
41311,5
41312,6
41313,3
41314,2
41315,0
41316,1
41317,6
41318,6
41319,2
41320,1
41321,0
41322,3
41323,0
41324,0
41325,2
41326,4
41327,5
41328,1
41329,1
41330,4
41331,2
41332,1
41333,3
41334,3
41335,4
41336,3
41337,6
41338,3
41339,1
41340,3
41341,2
41342,0
41343,0
41344,2
41345,2
41346,4
41347,0
41348,1
41349,1
41350,2
41351,2
41352,4
41353,2
41354,0
41355,0
41356,3
41357,0
41358,3
41359,5
41360,5
41361,2
41362,6
41363,4
41364,3
41365,5
41366,1
41367,1
41368,3
41369,3
41370,6
41371,1
41372,2
41373,0
41374,6
41375,0
41376,4
41377,0
41378,0
41379,1
41380,0
41381,0
41382,4
41383,1
41384,4
41385,2
41386,1
41387,0
41388,5
41389,3
41390,1
41391,1
41392,1
41393,5
41394,1
41395,0
41396,0
41397,2
41398,0
41399,6
41400,0
41401,2
41402,2
41403,5
41404,5
41405,5
41406,1
41407,2
41408,0
41409,4
41410,2
41411,3
41412,2
41413,0
41414,2
41415,4
41416,3
41417,2
41418,2
41419,1
41420,3
41421,3
41422,1
41423,2
41424,5
41425,0
41426,3
41427,6
41428,5
41429,0
41430,4
41431,1
41432,3
41433,1
41434,6
41435,2
41436,4
41437,0
41438,6
41439,1
41440,6
41441,1
41442,2
41443,1
41444,6
41445,3
41446,3
41447,2
41448,5
41449,3
41450,0
41451,1
41452,1
41453,5
41454,6
41455,1
41456,1
41457,1
41458,3
41459,1
41460,0
41461,0
41462,1
41463,1
41464,4
41465,2
41466,1
41467,3
41468,0
41469,0
41470,3
41471,3
41472,3
41473,1
41474,0
41475,2
41476,2
41477,4
41478,1
41479,1
41480,3
41481,1
41482,1
41483,2
41484,4
41485,1
41486,3
41487,2
41488,1
41489,1
41490,6
41491,0
41492,2
41493,6
41494,6
41495,4
41496,1
41497,5
41498,0
41499,2
41500,6
41501,2
41502,0
41503,3
41504,2
41505,6
41506,1
41507,2
41508,5
41509,4
41510,1
41511,0
41512,2
41513,2
41514,6
41515,1
41516,5
41517,4
41518,0
41519,2
41520,1
41521,1
41522,6
41523,4
41524,2
41525,5
41526,1
41527,2
41528,4
41529,6
41530,3
41531,2
41532,2
41533,0
41534,1
41535,3
41536,1
41537,2
41538,0
41539,1
41540,1
41541,2
41542,2
41543,0
41544,5
41545,4
41546,1
41547,1
41548,3
41549,1
41550,1
41551,6
41552,6
41553,3
41554,0
41555,0
41556,1
41557,5
41558,1
41559,2
41560,6
41561,1
41562,2
41563,5
41564,1
41565,2
41566,3
41567,0
41568,1
41569,1
41570,1
41571,2
41572,1
41573,3
41574,5
41575,2
41576,6
41577,2
41578,3
41579,6
41580,2
41581,1
41582,1
41583,4
41584,1
41585,1
41586,1
41587,2
41588,5
41589,1
41590,0
41591,3
41592,1
41593,5
41594,1
41595,4
41596,1
41597,1
41598,1
41599,2
41600,4
41601,1
41602,2
41603,2
41604,4
41605,1
41606,2
41607,1
41608,5
41609,0
41610,1
41611,1
41612,3
41613,2
41614,2
41615,2
41616,2
41617,3
41618,6
41619,1
41620,3
41621,3
41622,1
41623,1
41624,6
41625,3
41626,2
41627,3
41628,2
41629,4
41630,2
41631,3
41632,5
41633,6
41634,6
41635,1
41636,5
41637,3
41638,5
41639,1
41640,5
41641,1
41642,5
41643,2
41644,2
41645,6
41646,3
41647,1
41648,2
41649,1
41650,0
41651,5
41652,2
41653,2
41654,2
41655,2
41656,4
41657,2
41658,4
41659,0
41660,1
41661,6
41662,2
41663,0
41664,1
41665,6
41666,6
41667,4
41668,1
41669,2
41670,0
41671,5
41672,0
41673,6
41674,3
41675,3
41676,1
41677,6
41678,0
41679,2
41680,1
41681,3
41682,4
41683,3
41684,4
41685,2
41686,4
41687,2
41688,2
41689,6
41690,6
41691,6
41692,0
41693,1
41694,3
41695,1
41696,2
41697,2
41698,1
41699,4
41700,0
41701,2
41702,4
41703,2
41704,2
41705,2
41706,2
41707,4
41708,0
41709,6
41710,3
41711,5
41712,4
41713,1
41714,2
41715,2
41716,1
41717,2
41718,0
41719,0
41720,0
41721,4
41722,2
41723,3
41724,4
41725,1
41726,3
41727,1
41728,2
41729,2
41730,0
41731,1
41732,6
41733,2
41734,1
41735,2
41736,1
41737,6
41738,1
41739,6
41740,0
41741,3
41742,5
41743,5
41744,0
41745,6
41746,1
41747,0
41748,1
41749,2
41750,4
41751,6
41752,6
41753,6
41754,4
41755,1
41756,6
41757,2
41758,5
41759,4
41760,0
41761,2
41762,3
41763,4
41764,2
41765,0
41766,2
41767,2
41768,2
41769,2
41770,1
41771,3
41772,2
41773,0
41774,6
41775,5
41776,1
41777,5
41778,6
41779,3
41780,5
41781,2
41782,2
41783,6
41784,5
41785,1
41786,1
41787,5
41788,0
41789,6
41790,6
41791,4
41792,3
41793,1
41794,2
41795,4
41796,5
41797,3
41798,1
41799,1
41800,1
41801,1
41802,1
41803,4
41804,0
41805,4
41806,1
41807,6
41808,2
41809,5
41810,4
41811,0
41812,6
41813,2
41814,0
41815,0
41816,2
41817,0
41818,4
41819,2
41820,3
41821,3
41822,3
41823,2
41824,3
41825,2
41826,1
41827,1
41828,6
41829,1
41830,1
41831,1
41832,2
41833,1
41834,2
41835,6
41836,6
41837,3
41838,6
41839,1
41840,1
41841,1
41842,4
41843,4
41844,3
41845,2
41846,3
41847,1
41848,0
41849,2
41850,2
41851,2
41852,1
41853,2
41854,0
41855,2
41856,1
41857,1
41858,0
41859,4
41860,2
41861,1
41862,2
41863,4
41864,6
41865,2
41866,2
41867,6
41868,1
41869,6
41870,1
41871,4
41872,2
41873,6
41874,1
41875,2
41876,1
41877,1
41878,6
41879,0
41880,2
41881,6
41882,6
41883,1
41884,2
41885,4
41886,1
41887,3
41888,2
41889,0
41890,0
41891,5
41892,2
41893,1
41894,2
41895,0
41896,2
41897,1
41898,5
41899,1
41900,2
41901,3
41902,1
41903,2
41904,6
41905,0
41906,1
41907,5
41908,6
41909,5
41910,1
41911,2
41912,1
41913,1
41914,1
41915,5
41916,3
41917,2
41918,4
41919,1
41920,4
41921,3
41922,1
41923,3
41924,4
41925,2
41926,1
41927,3
41928,0
41929,4
41930,0
41931,1
41932,4
41933,3
41934,6
41935,6
41936,1
41937,1
41938,3
41939,2
41940,1
41941,0
41942,4
41943,1
41944,4
41945,3
41946,2
41947,1
41948,2
41949,5
41950,2
41951,0
41952,3
41953,5
41954,1
41955,4
41956,3
41957,0
41958,6
41959,5
41960,0
41961,5
41962,4
41963,1
41964,1
41965,4
41966,2
41967,0
41968,0
41969,1
41970,2
41971,0
41972,5
41973,2
41974,1
41975,0
41976,3
41977,0
41978,2
41979,3
41980,4
41981,1
41982,1
41983,0
41984,1
41985,2
41986,5
41987,6
41988,2
41989,4
41990,4
41991,2
41992,2
41993,3
41994,3
41995,6
41996,1
41997,1
41998,1
41999,1
42000,2
42001,5
42002,2
42003,5
42004,3
42005,5
42006,4
42007,6
42008,4
42009,0
42010,6
42011,2
42012,2
42013,1
42014,6
42015,1
42016,2
42017,3
42018,3
42019,2
42020,5
42021,4
42022,6
42023,5
42024,1
42025,0
42026,5
42027,2
42028,1
42029,3
42030,1
42031,1
42032,1
42033,0
42034,1
42035,0
42036,4
42037,5
42038,6
42039,2
42040,5
42041,6
42042,2
42043,1
42044,0
42045,2
42046,1
42047,1
42048,0
42049,2
42050,2
42051,2
42052,2
42053,2
42054,1
42055,1
42056,1
42057,2
42058,1
42059,1
42060,6
42061,2
42062,1
42063,2
42064,2
42065,4
42066,4
42067,2
42068,0
42069,2
42070,2
42071,0
42072,4
42073,0
42074,2
42075,1
42076,1
42077,5
42078,4
42079,3
42080,0
42081,1
42082,4
42083,3
42084,4
42085,0
42086,4
42087,0
42088,4
42089,2
42090,2
42091,4
42092,3
42093,2
42094,0
42095,2
42096,0
42097,0
42098,0
42099,1
42100,0
42101,2
42102,5
42103,1
42104,3
42105,4
42106,1
42107,5
42108,0
42109,2
42110,4
42111,1
42112,1
42113,5
42114,0
42115,6
42116,2
42117,1
42118,5
42119,1
42120,6
42121,1
42122,1
42123,1
42124,1
42125,1
42126,3
42127,2
42128,1
42129,6
42130,4
42131,1
42132,1
42133,3
42134,2
42135,1
42136,3
42137,0
42138,1
42139,0
42140,6
42141,2
42142,2
42143,0
42144,2
42145,5
42146,0
42147,1
42148,4
42149,3
42150,1
42151,1
42152,0
42153,5
42154,2
42155,6
42156,1
42157,1
42158,1
42159,3
42160,1
42161,1
42162,4
42163,1
42164,1
42165,0
42166,6
42167,5
42168,1
42169,4
42170,2
42171,1
42172,1
42173,4
42174,4
42175,3
42176,4
42177,2
42178,5
42179,1
42180,1
42181,5
42182,5
42183,3
42184,3
42185,6
42186,6
42187,1
42188,4
42189,6
42190,6
42191,1
42192,4
42193,2
42194,2
42195,1
42196,2
42197,3
42198,3
42199,2
42200,2
42201,2
42202,5
42203,2
42204,5
42205,3
42206,1
42207,2
42208,1
42209,1
42210,1
42211,5
42212,2
42213,4
42214,1
42215,2
42216,2
42217,1
42218,2
42219,2
42220,0
42221,4
42222,2
42223,1
42224,0
42225,2
42226,6
42227,4
42228,0
42229,2
42230,1
42231,2
42232,1
42233,1
42234,0
42235,1
42236,1
42237,2
42238,4
42239,2
42240,4
42241,0
42242,2
42243,6
42244,3
42245,0
42246,1
42247,4
42248,3
42249,1
42250,1
42251,1
42252,1
42253,1
42254,2
42255,2
42256,1
42257,0
42258,4
42259,2
42260,4
42261,6
42262,1
42263,2
42264,6
42265,2
42266,2
42267,0
42268,4
42269,2
42270,1
42271,2
42272,1
42273,1
42274,2
42275,2
42276,3
42277,1
42278,2
42279,6
42280,3
42281,2
42282,0
42283,1
42284,2
42285,3
42286,0
42287,2
42288,2
42289,6
42290,6
42291,1
42292,6
42293,4
42294,1
42295,5
42296,5
42297,1
42298,3
42299,0
42300,2
42301,0
42302,2
42303,0
42304,3
42305,2
42306,2
42307,0
42308,5
42309,2
42310,4
42311,6
42312,3
42313,1
42314,2
42315,1
42316,6
42317,0
42318,6
42319,6
42320,4
42321,5
42322,1
42323,4
42324,2
42325,4
42326,2
42327,2
42328,6
42329,3
42330,3
42331,1
42332,1
42333,2
42334,3
42335,1
42336,5
42337,1
42338,0
42339,1
42340,1
42341,4
42342,3
42343,0
42344,4
42345,3
42346,2
42347,4
42348,1
42349,2
42350,2
42351,2
42352,1
42353,2
42354,2
42355,0
42356,4
42357,1
42358,3
42359,2
42360,0
42361,2
42362,2
42363,1
42364,2
42365,1
42366,0
42367,2
42368,1
42369,3
42370,1
42371,6
42372,0
42373,6
42374,1
42375,4
42376,2
42377,5
42378,2
42379,2
42380,4
42381,2
42382,1
42383,0
42384,6
42385,4
42386,5
42387,1
42388,3
42389,2
42390,1
42391,1
42392,3
42393,1
42394,4
42395,1
42396,2
42397,6
42398,1
42399,0
42400,1
42401,3
42402,5
42403,5
42404,1
42405,0
42406,2
42407,3
42408,0
42409,3
42410,5
42411,3
42412,4
42413,1
42414,1
42415,2
42416,5
42417,1
42418,1
42419,4
42420,5
42421,2
42422,5
42423,6
42424,1
42425,2
42426,4
42427,0
42428,3
42429,4
42430,2
42431,6
42432,1
42433,1
42434,3
42435,1
42436,1
42437,3
42438,3
42439,2
42440,1
42441,5
42442,0
42443,0
42444,0
42445,1
42446,4
42447,1
42448,2
42449,3
42450,2
42451,2
42452,0
42453,5
42454,0
42455,2
42456,1
42457,5
42458,1
42459,2
42460,2
42461,3
42462,3
42463,0
42464,1
42465,0
42466,2
42467,3
42468,2
42469,1
42470,3
42471,2
42472,2
42473,2
42474,4
42475,1
42476,3
42477,5
42478,1
42479,6
42480,1
42481,6
42482,1
42483,1
42484,3
42485,2
42486,2
42487,2
42488,0
42489,2
42490,2
42491,0
42492,4
42493,0
42494,2
42495,0
42496,0
42497,4
42498,2
42499,2
42500,2
42501,1
42502,2
42503,4
42504,0
42505,2
42506,1
42507,2
42508,2
42509,1
42510,1
42511,4
42512,2
42513,1
42514,2
42515,0
42516,2
42517,5
42518,1
42519,2
42520,4
42521,2
42522,0
42523,2
42524,3
42525,1
42526,1
42527,0
42528,2
42529,2
42530,1
42531,2
42532,1
42533,6
42534,1
42535,0
42536,0
42537,2
42538,2
42539,1
42540,2
42541,6
42542,4
42543,2
42544,2
42545,3
42546,1
42547,3
42548,6
42549,1
42550,2
42551,1
42552,6
42553,3
42554,4
42555,2
42556,0
42557,3
42558,5
42559,4
42560,4
42561,0
42562,1
42563,2
42564,2
42565,4
42566,2
42567,4
42568,1
42569,3
42570,3
42571,2
42572,5
42573,5
42574,2
42575,2
42576,2
42577,3
42578,1
42579,0
42580,1
42581,2
42582,1
42583,1
42584,0
42585,0
42586,0
42587,5
42588,1
42589,1
42590,3
42591,0
42592,4
42593,4
42594,4
42595,0
42596,2
42597,2
42598,1
42599,1
42600,2
42601,1
42602,2
42603,4
42604,3
42605,4
42606,1
42607,1
42608,3
42609,1
42610,0
42611,2
42612,1
42613,6
42614,2
42615,3
42616,4
42617,1
42618,0
42619,1
42620,1
42621,2
42622,2
42623,0
42624,0
42625,3
42626,0
42627,5
42628,1
42629,5
42630,5
42631,0
42632,2
42633,0
42634,1
42635,3
42636,1
42637,2
42638,5
42639,2
42640,3
42641,4
42642,0
42643,6
42644,1
42645,3
42646,5
42647,4
42648,5
42649,1
42650,6
42651,1
42652,1
42653,0
42654,1
42655,2
42656,1
42657,1
42658,6
42659,4
42660,0
42661,2
42662,6
42663,2
42664,2
42665,2
42666,1
42667,1
42668,1
42669,3
42670,5
42671,1
42672,1
42673,6
42674,0
42675,5
42676,2
42677,2
42678,1
42679,3
42680,1
42681,2
42682,1
42683,1
42684,1
42685,4
42686,1
42687,2
42688,2
42689,0
42690,2
42691,4
42692,0
42693,1
42694,5
42695,3
42696,6
42697,6
42698,2
42699,5
42700,5
42701,1
42702,2
42703,4
42704,3
42705,2
42706,3
42707,5
42708,1
42709,0
42710,6
42711,0
42712,5
42713,2
42714,6
42715,2
42716,4
42717,4
42718,2
42719,3
42720,5
42721,2
42722,5
42723,6
42724,0
42725,5
42726,6
42727,0
42728,5
42729,0
42730,5
42731,1
42732,2
42733,1
42734,5
42735,0
42736,2
42737,4
42738,0
42739,1
42740,5
42741,0
42742,0
42743,4
42744,2
42745,1
42746,0
42747,5
42748,5
42749,2
42750,3
42751,3
42752,1
42753,1
42754,2
42755,0
42756,1
42757,2
42758,4
42759,2
42760,6
42761,6
42762,2
42763,1
42764,5
42765,6
42766,5
42767,4
42768,2
42769,2
42770,0
42771,2
42772,2
42773,1
42774,3
42775,1
42776,1
42777,2
42778,6
42779,1
42780,1
42781,5
42782,1
42783,1
42784,1
42785,0
42786,2
42787,5
42788,3
42789,2
42790,4
42791,1
42792,4
42793,3
42794,5
42795,2
42796,6
42797,6
42798,1
42799,4
42800,4
42801,1
42802,0
42803,1
42804,4
42805,1
42806,3
42807,4
42808,6
42809,4
42810,6
42811,5
42812,0
42813,4
42814,1
42815,2
42816,1
42817,1
42818,2
42819,2
42820,4
42821,2
42822,1
42823,2
42824,4
42825,2
42826,1
42827,1
42828,2
42829,0
42830,3
42831,2
42832,4
42833,2
42834,5
42835,5
42836,3
42837,5
42838,2
42839,3
42840,2
42841,3
42842,2
42843,1
42844,1
42845,3
42846,1
42847,5
42848,0
42849,4
42850,1
42851,6
42852,6
42853,1
42854,6
42855,3
42856,2
42857,3
42858,5
42859,2
42860,1
42861,2
42862,1
42863,6
42864,3
42865,6
42866,3
42867,4
42868,0
42869,1
42870,3
42871,5
42872,0
42873,1
42874,3
42875,2
42876,4
42877,5
42878,5
42879,1
42880,2
42881,1
42882,2
42883,2
42884,0
42885,2
42886,1
42887,1
42888,2
42889,4
42890,6
42891,5
42892,2
42893,0
42894,1
42895,1
42896,1
42897,4
42898,1
42899,1
42900,2
42901,5
42902,2
42903,3
42904,2
42905,5
42906,0
42907,4
42908,2
42909,1
42910,4
42911,2
42912,1
42913,6
42914,5
42915,0
42916,4
42917,1
42918,0
42919,1
42920,4
42921,2
42922,2
42923,1
42924,4
42925,0
42926,0
42927,1
42928,1
42929,5
42930,2
42931,3
42932,0
42933,3
42934,0
42935,2
42936,2
42937,5
42938,6
42939,4
42940,2
42941,1
42942,0
42943,1
42944,2
42945,3
42946,5
42947,5
42948,1
42949,1
42950,6
42951,1
42952,5
42953,0
42954,0
42955,1
42956,2
42957,1
42958,4
42959,3
42960,1
42961,4
42962,2
42963,0
42964,6
42965,0
42966,4
42967,2
42968,6
42969,2
42970,5
42971,2
42972,3
42973,2
42974,0
42975,2
42976,1
42977,1
42978,0
42979,3
42980,5
42981,4
42982,5
42983,2
42984,2
42985,6
42986,2
42987,0
42988,1
42989,0
42990,4
42991,3
42992,0
42993,0
42994,6
42995,2
42996,1
42997,0
42998,2
42999,2
43000,2
43001,0
43002,0
43003,1
43004,2
43005,3
43006,2
43007,1
43008,4
43009,1
43010,2
43011,2
43012,4
43013,5
43014,1
43015,1
43016,1
43017,1
43018,2
43019,4
43020,5
43021,6
43022,0
43023,6
43024,2
43025,2
43026,0
43027,1
43028,3
43029,1
43030,2
43031,3
43032,3
43033,0
43034,6
43035,1
43036,0
43037,4
43038,1
43039,2
43040,1
43041,6
43042,2
43043,1
43044,3
43045,5
43046,4
43047,2
43048,4
43049,2
43050,0
43051,0
43052,3
43053,5
43054,2
43055,0
43056,1
43057,6
43058,1
43059,5
43060,2
43061,2
43062,2
43063,3
43064,5
43065,0
43066,1
43067,2
43068,2
43069,4
43070,1
43071,6
43072,1
43073,5
43074,2
43075,2
43076,0
43077,5
43078,6
43079,1
43080,2
43081,1
43082,1
43083,0
43084,0
43085,0
43086,6
43087,1
43088,1
43089,2
43090,2
43091,1
43092,2
43093,1
43094,1
43095,1
43096,0
43097,0
43098,1
43099,0
43100,3
43101,0
43102,5
43103,4
43104,2
43105,4
43106,5
43107,1
43108,5
43109,5
43110,2
43111,2
43112,3
43113,2
43114,2
43115,2
43116,6
43117,4
43118,1
43119,1
43120,1
43121,6
43122,6
43123,5
43124,4
43125,0
43126,1
43127,2
43128,6
43129,4
43130,2
43131,1
43132,4
43133,0
43134,5
43135,3
43136,5
43137,3
43138,2
43139,6
43140,3
43141,1
43142,5
43143,4
43144,2
43145,1
43146,6
43147,4
43148,1
43149,3
43150,1
43151,1
43152,1
43153,1
43154,1
43155,0
43156,0
43157,0
43158,1
43159,4
43160,1
43161,1
43162,0
43163,2
43164,3
43165,2
43166,1
43167,1
43168,3
43169,1
43170,1
43171,2
43172,1
43173,3
43174,6
43175,2
43176,4
43177,6
43178,3
43179,2
43180,1
43181,1
43182,2
43183,2
43184,3
43185,0
43186,0
43187,0
43188,5
43189,2
43190,5
43191,3
43192,3
43193,4
43194,2
43195,2
43196,4
43197,2
43198,1
43199,1
43200,5
43201,1
43202,1
43203,1
43204,6
43205,2
43206,4
43207,1
43208,6
43209,2
43210,1
43211,2
43212,6
43213,0
43214,4
43215,2
43216,3
43217,1
43218,0
43219,0
43220,1
43221,4
43222,0
43223,1
43224,3
43225,1
43226,2
43227,1
43228,4
43229,0
43230,3
43231,1
43232,1
43233,1
43234,5
43235,5
43236,1
43237,1
43238,3
43239,5
43240,2
43241,3
43242,2
43243,2
43244,3
43245,1
43246,2
43247,2
43248,5
43249,2
43250,5
43251,1
43252,2
43253,1
43254,6
43255,1
43256,2
43257,1
43258,2
43259,1
43260,1
43261,1
43262,1
43263,3
43264,6
43265,3
43266,5
43267,3
43268,2
43269,2
43270,0
43271,3
43272,0
43273,1
43274,5
43275,6
43276,2
43277,1
43278,3
43279,2
43280,5
43281,1
43282,4
43283,3
43284,6
43285,5
43286,4
43287,1
43288,3
43289,2
43290,2
43291,2
43292,4
43293,4
43294,3
43295,5
43296,2
43297,1
43298,2
43299,2
43300,1
43301,1
43302,2
43303,4
43304,5
43305,4
43306,2
43307,2
43308,1
43309,2
43310,1
43311,2
43312,0
43313,1
43314,1
43315,5
43316,3
43317,3
43318,3
43319,1
43320,1
43321,0
43322,2
43323,3
43324,0
43325,3
43326,0
43327,1
43328,2
43329,0
43330,6
43331,2
43332,2
43333,3
43334,1
43335,1
43336,3
43337,1
43338,4
43339,1
43340,4
43341,0
43342,2
43343,1
43344,0
43345,1
43346,2
43347,1
43348,1
43349,5
43350,3
43351,4
43352,1
43353,6
43354,2
43355,2
43356,6
43357,2
43358,6
43359,6
43360,3
43361,1
43362,1
43363,2
43364,6
43365,0
43366,2
43367,3
43368,3
43369,0
43370,3
43371,2
43372,1
43373,2
43374,1
43375,0
43376,0
43377,3
43378,5
43379,4
43380,4
43381,1
43382,0
43383,6
43384,6
43385,4
43386,4
43387,4
43388,2
43389,5
43390,1
43391,4
43392,1
43393,4
43394,2
43395,5
43396,4
43397,1
43398,4
43399,2
43400,4
43401,2
43402,1
43403,1
43404,1
43405,2
43406,1
43407,1
43408,4
43409,2
43410,4
43411,2
43412,6
43413,0
43414,2
43415,1
43416,2
43417,0
43418,3
43419,1
43420,4
43421,3
43422,2
43423,2
43424,0
43425,6
43426,2
43427,6
43428,4
43429,0
43430,2
43431,3
43432,2
43433,2
43434,1
43435,1
43436,2
43437,4
43438,6
43439,5
43440,5
43441,0
43442,5
43443,4
43444,1
43445,4
43446,6
43447,4
43448,1
43449,0
43450,4
43451,6
43452,1
43453,1
43454,3
43455,0
43456,2
43457,1
43458,5
43459,2
43460,1
43461,0
43462,5
43463,4
43464,2
43465,5
43466,2
43467,4
43468,0
43469,0
43470,5
43471,6
43472,2
43473,3
43474,1
43475,1
43476,6
43477,4
43478,6
43479,1
43480,0
43481,3
43482,1
43483,2
43484,4
43485,3
43486,6
43487,0
43488,6
43489,4
43490,1
43491,3
43492,1
43493,1
43494,1
43495,1
43496,2
43497,3
43498,4
43499,0
43500,1
43501,1
43502,5
43503,2
43504,3
43505,6
43506,3
43507,6
43508,0
43509,1
43510,5
43511,3
43512,1
43513,6
43514,3
43515,0
43516,1
43517,6
43518,0
43519,5
43520,1
43521,3
43522,2
43523,3
43524,1
43525,6
43526,1
43527,6
43528,6
43529,2
43530,1
43531,1
43532,6
43533,4
43534,2
43535,3
43536,5
43537,3
43538,5
43539,0
43540,3
43541,1
43542,3
43543,6
43544,1
43545,4
43546,5
43547,6
43548,6
43549,4
43550,2
43551,5
43552,1
43553,0
43554,1
43555,0
43556,6
43557,4
43558,0
43559,6
43560,1
43561,4
43562,6
43563,1
43564,1
43565,4
43566,2
43567,2
43568,2
43569,1
43570,2
43571,3
43572,2
43573,0
43574,1
43575,1
43576,1
43577,3
43578,3
43579,5
43580,1
43581,5
43582,6
43583,0
43584,6
43585,1
43586,1
43587,1
43588,3
43589,3
43590,2
43591,2
43592,2
43593,1
43594,2
43595,4
43596,2
43597,3
43598,0
43599,5
43600,1
43601,3
43602,3
43603,2
43604,0
43605,1
43606,3
43607,1
43608,1
43609,4
43610,5
43611,6
43612,2
43613,1
43614,1
43615,0
43616,0
43617,1
43618,1
43619,2
43620,2
43621,1
43622,2
43623,2
43624,1
43625,6
43626,4
43627,5
43628,3
43629,5
43630,2
43631,2
43632,2
43633,0
43634,6
43635,1
43636,3
43637,1
43638,5
43639,2
43640,4
43641,1
43642,1
43643,0
43644,6
43645,1
43646,3
43647,6
43648,2
43649,2
43650,2
43651,3
43652,4
43653,6
43654,0
43655,0
43656,3
43657,5
43658,2
43659,5
43660,1
43661,1
43662,4
43663,2
43664,6
43665,1
43666,2
43667,2
43668,0
43669,3
43670,3
43671,4
43672,0
43673,3
43674,5
43675,1
43676,6
43677,1
43678,1
43679,1
43680,0
43681,2
43682,1
43683,2
43684,0
43685,0
43686,0
43687,1
43688,2
43689,4
43690,2
43691,2
43692,3
43693,6
43694,5
43695,5
43696,1
43697,2
43698,2
43699,4
43700,2
43701,1
43702,2
43703,1
43704,5
43705,2
43706,3
43707,1
43708,1
43709,6
43710,6
43711,6
43712,3
43713,0
43714,1
43715,4
43716,2
43717,3
43718,1
43719,2
43720,2
43721,5
43722,4
43723,2
43724,1
43725,4
43726,4
43727,3
43728,4
43729,1
43730,5
43731,2
43732,1
43733,1
43734,2
43735,3
43736,1
43737,5
43738,2
43739,6
43740,1
43741,2
43742,4
43743,3
43744,5
43745,1
43746,5
43747,2
43748,6
43749,1
43750,2
43751,6
43752,1
43753,3
43754,2
43755,1
43756,2
43757,4
43758,3
43759,0
43760,1
43761,6
43762,0
43763,5
43764,4
43765,4
43766,1
43767,6
43768,1
43769,2
43770,2
43771,2
43772,1
43773,2
43774,0
43775,1
43776,5
43777,3
43778,2
43779,1
43780,5
43781,3
43782,2
43783,5
43784,6
43785,2
43786,6
43787,2
43788,4
43789,2
43790,0
43791,3
43792,5
43793,1
43794,2
43795,5
43796,4
43797,2
43798,0
43799,0
43800,2
43801,6
43802,6
43803,0
43804,6
43805,3
43806,3
43807,2
43808,6
43809,1
43810,2
43811,5
43812,2
43813,6
43814,0
43815,3
43816,1
43817,6
43818,4
43819,2
43820,4
43821,5
43822,0
43823,2
43824,6
43825,0
43826,5
43827,2
43828,3
43829,2
43830,2
43831,2
43832,5
43833,1
43834,1
43835,5
43836,1
43837,1
43838,2
43839,2
43840,4
43841,2
43842,6
43843,4
43844,4
43845,2
43846,1
43847,4
43848,1
43849,4
43850,6
43851,3
43852,2
43853,3
43854,1
43855,4
43856,0
43857,1
43858,1
43859,3
43860,1
43861,6
43862,2
43863,1
43864,6
43865,6
43866,4
43867,2
43868,2
43869,3
43870,4
43871,2
43872,3
43873,6
43874,2
43875,6
43876,6
43877,2
43878,4
43879,4
43880,1
43881,1
43882,2
43883,0
43884,3
43885,2
43886,0
43887,1
43888,3
43889,1
43890,1
43891,4
43892,2
43893,2
43894,0
43895,2
43896,2
43897,5
43898,6
43899,0
43900,1
43901,3
43902,1
43903,1
43904,2
43905,5
43906,1
43907,1
43908,6
43909,3
43910,4
43911,1
43912,3
43913,2
43914,0
43915,6
43916,6
43917,5
43918,6
43919,1
43920,6
43921,1
43922,1
43923,0
43924,1
43925,0
43926,1
43927,0
43928,2
43929,3
43930,4
43931,1
43932,6
43933,1
43934,6
43935,1
43936,3
43937,5
43938,4
43939,3
43940,5
43941,1
43942,3
43943,0
43944,4
43945,1
43946,0
43947,1
43948,4
43949,0
43950,4
43951,0
43952,1
43953,0
43954,1
43955,2
43956,2
43957,5
43958,2
43959,5
43960,0
43961,3
43962,1
43963,1
43964,2
43965,4
43966,1
43967,2
43968,2
43969,2
43970,5
43971,2
43972,5
43973,1
43974,3
43975,1
43976,2
43977,5
43978,1
43979,5
43980,1
43981,4
43982,2
43983,1
43984,3
43985,1
43986,6
43987,1
43988,6
43989,3
43990,5
43991,3
43992,0
43993,1
43994,5
43995,4
43996,5
43997,3
43998,6
43999,4
44000,6
44001,5
44002,6
44003,1
44004,4
44005,2
44006,1
44007,2
44008,1
44009,1
44010,4
44011,6
44012,1
44013,4
44014,5
44015,1
44016,1
44017,6
44018,2
44019,0
44020,3
44021,0
44022,2
44023,3
44024,0
44025,0
44026,1
44027,1
44028,3
44029,3
44030,2
44031,2
44032,0
44033,5
44034,0
44035,2
44036,1
44037,2
44038,5
44039,6
44040,1
44041,5
44042,3
44043,3
44044,1
44045,1
44046,6
44047,4
44048,4
44049,4
44050,2
44051,5
44052,6
44053,3
44054,5
44055,2
44056,6
44057,2
44058,0
44059,4
44060,2
44061,2
44062,6
44063,1
44064,6
44065,1
44066,1
44067,6
44068,6
44069,5
44070,5
44071,3
44072,2
44073,5
44074,1
44075,0
44076,3
44077,1
44078,4
44079,3
44080,5
44081,2
44082,2
44083,2
44084,3
44085,4
44086,2
44087,1
44088,1
44089,1
44090,0
44091,1
44092,6
44093,4
44094,0
44095,3
44096,4
44097,1
44098,6
44099,6
44100,1
44101,6
44102,2
44103,4
44104,2
44105,2
44106,6
44107,3
44108,0
44109,2
44110,0
44111,5
44112,6
44113,2
44114,2
44115,5
44116,1
44117,1
44118,4
44119,0
44120,2
44121,4
44122,4
44123,6
44124,5
44125,2
44126,2
44127,2
44128,2
44129,4
44130,2
44131,3
44132,1
44133,0
44134,6
44135,0
44136,2
44137,3
44138,3
44139,4
44140,6
44141,2
44142,6
44143,2
44144,2
44145,3
44146,1
44147,0
44148,2
44149,4
44150,3
44151,2
44152,2
44153,3
44154,1
44155,3
44156,4
44157,5
44158,5
44159,2
44160,1
44161,2
44162,3
44163,4
44164,3
44165,5
44166,5
44167,4
44168,1
44169,2
44170,5
44171,2
44172,1
44173,1
44174,5
44175,6
44176,1
44177,0
44178,5
44179,2
44180,1
44181,1
44182,5
44183,1
44184,0
44185,0
44186,2
44187,1
44188,2
44189,1
44190,1
44191,1
44192,1
44193,4
44194,2
44195,4
44196,2
44197,2
44198,1
44199,2
44200,1
44201,1
44202,5
44203,2
44204,5
44205,0
44206,2
44207,5
44208,1
44209,2
44210,0
44211,4
44212,5
44213,5
44214,5
44215,1
44216,2
44217,0
44218,3
44219,4
44220,1
44221,5
44222,2
44223,3
44224,1
44225,1
44226,2
44227,2
44228,6
44229,2
44230,1
44231,5
44232,2
44233,3
44234,3
44235,2
44236,1
44237,2
44238,6
44239,2
44240,1
44241,2
44242,1
44243,4
44244,1
44245,2
44246,0
44247,2
44248,0
44249,0
44250,0
44251,2
44252,5
44253,1
44254,3
44255,4
44256,1
44257,5
44258,4
44259,0
44260,0
44261,0
44262,3
44263,4
44264,5
44265,1
44266,5
44267,5
44268,3
44269,6
44270,2
44271,5
44272,1
44273,3
44274,0
44275,1
44276,5
44277,1
44278,2
44279,5
44280,2
44281,1
44282,4
44283,1
44284,4
44285,5
44286,2
44287,3
44288,6
44289,1
44290,5
44291,0
44292,1
44293,0
44294,1
44295,1
44296,2
44297,2
44298,2
44299,1
44300,6
44301,4
44302,1
44303,2
44304,4
44305,6
44306,0
44307,1
44308,3
44309,0
44310,1
44311,3
44312,4
44313,5
44314,2
44315,0
44316,5
44317,4
44318,3
44319,2
44320,1
44321,1
44322,0
44323,2
44324,0
44325,6
44326,1
44327,4
44328,5
44329,2
44330,1
44331,6
44332,2
44333,1
44334,4
44335,6
44336,2
44337,1
44338,1
44339,4
44340,4
44341,5
44342,6
44343,3
44344,0
44345,4
44346,6
44347,4
44348,3
44349,6
44350,3
44351,5
44352,5
44353,2
44354,2
44355,3
44356,1
44357,1
44358,0
44359,4
44360,2
44361,1
44362,3
44363,3
44364,1
44365,5
44366,4
44367,5
44368,1
44369,2
44370,6
44371,0
44372,6
44373,0
44374,2
44375,1
44376,4
44377,3
44378,1
44379,6
44380,5
44381,1
44382,3
44383,1
44384,4
44385,2
44386,0
44387,0
44388,5
44389,4
44390,1
44391,1
44392,0
44393,1
44394,1
44395,2
44396,5
44397,2
44398,1
44399,3
44400,0
44401,1
44402,3
44403,1
44404,0
44405,5
44406,0
44407,0
44408,3
44409,5
44410,4
44411,1
44412,2
44413,1
44414,5
44415,6
44416,4
44417,1
44418,6
44419,4
44420,0
44421,5
44422,2
44423,1
44424,1
44425,2
44426,5
44427,2
44428,6
44429,1
44430,2
44431,1
44432,1
44433,3
44434,1
44435,1
44436,5
44437,1
44438,6
44439,6
44440,6
44441,1
44442,2
44443,3
44444,3
44445,3
44446,5
44447,0
44448,4
44449,5
44450,4
44451,6
44452,2
44453,0
44454,0
44455,6
44456,2
44457,4
44458,3
44459,6
44460,2
44461,0
44462,6
44463,0
44464,2
44465,4
44466,1
44467,1
44468,5
44469,1
44470,2
44471,3
44472,1
44473,2
44474,6
44475,6
44476,5
44477,5
44478,3
44479,1
44480,2
44481,6
44482,0
44483,2
44484,1
44485,5
44486,5
44487,4
44488,0
44489,1
44490,2
44491,6
44492,1
44493,6
44494,1
44495,2
44496,6
44497,3
44498,0
44499,3
44500,3
44501,2
44502,3
44503,1
44504,0
44505,0
44506,4
44507,4
44508,1
44509,5
44510,6
44511,4
44512,2
44513,1
44514,0
44515,2
44516,1
44517,0
44518,3
44519,1
44520,2
44521,2
44522,5
44523,5
44524,2
44525,4
44526,6
44527,1
44528,1
44529,1
44530,2
44531,3
44532,2
44533,2
44534,2
44535,1
44536,4
44537,1
44538,3
44539,5
44540,4
44541,1
44542,1
44543,2
44544,3
44545,3
44546,5
44547,4
44548,2
44549,1
44550,6
44551,2
44552,2
44553,1
44554,6
44555,6
44556,0
44557,4
44558,1
44559,3
44560,5
44561,1
44562,5
44563,2
44564,3
44565,4
44566,2
44567,2
44568,1
44569,1
44570,5
44571,1
44572,5
44573,6
44574,6
44575,6
44576,0
44577,0
44578,6
44579,1
44580,1
44581,4
44582,5
44583,2
44584,2
44585,5
44586,1
44587,4
44588,4
44589,5
44590,2
44591,2
44592,6
44593,2
44594,4
44595,6
44596,2
44597,5
44598,5
44599,4
44600,2
44601,0
44602,6
44603,2
44604,3
44605,5
44606,1
44607,2
44608,2
44609,6
44610,2
44611,2
44612,2
44613,1
44614,2
44615,1
44616,3
44617,3
44618,3
44619,0
44620,5
44621,1
44622,5
44623,4
44624,3
44625,3
44626,0
44627,1
44628,2
44629,3
44630,2
44631,2
44632,1
44633,0
44634,5
44635,2
44636,5
44637,0
44638,1
44639,2
44640,1
44641,4
44642,2
44643,1
44644,4
44645,1
44646,0
44647,5
44648,5
44649,2
44650,0
44651,4
44652,2
44653,4
44654,2
44655,1
44656,0
44657,5
44658,2
44659,3
44660,0
44661,5
44662,1
44663,2
44664,1
44665,1
44666,2
44667,2
44668,2
44669,4
44670,0
44671,2
44672,6
44673,2
44674,1
44675,3
44676,5
44677,0
44678,1
44679,0
44680,0
44681,1
44682,1
44683,2
44684,2
44685,2
44686,1
44687,4
44688,5
44689,4
44690,3
44691,1
44692,4
44693,2
44694,1
44695,3
44696,2
44697,1
44698,4
44699,6
44700,2
44701,6
44702,2
44703,2
44704,4
44705,1
44706,5
44707,0
44708,6
44709,2
44710,1
44711,1
44712,3
44713,2
44714,3
44715,2
44716,4
44717,1
44718,1
44719,4
44720,3
44721,3
44722,0
44723,1
44724,2
44725,3
44726,1
44727,2
44728,3
44729,3
44730,6
44731,4
44732,0
44733,2
44734,5
44735,1
44736,5
44737,5
44738,3
44739,1
44740,5
44741,2
44742,3
44743,3
44744,4
44745,2
44746,5
44747,2
44748,4
44749,3
44750,0
44751,1
44752,6
44753,2
44754,2
44755,2
44756,2
44757,4
44758,4
44759,4
44760,3
44761,6
44762,6
44763,2
44764,6
44765,6
44766,6
44767,6
44768,1
44769,2
44770,2
44771,2
44772,3
44773,0
44774,1
44775,6
44776,1
44777,0
44778,2
44779,1
44780,2
44781,5
44782,2
44783,2
44784,2
44785,5
44786,2
44787,1
44788,2
44789,1
44790,3
44791,3
44792,5
44793,2
44794,3
44795,1
44796,6
44797,6
44798,1
44799,2
44800,2
44801,5
44802,2
44803,1
44804,1
44805,1
44806,4
44807,2
44808,2
44809,2
44810,0
44811,3
44812,3
44813,6
44814,2
44815,1
44816,0
44817,0
44818,4
44819,2
44820,2
44821,1
44822,1
44823,2
44824,1
44825,0
44826,3
44827,6
44828,6
44829,3
44830,1
44831,0
44832,1
44833,2
44834,4
44835,1
44836,6
44837,5
44838,2
44839,3
44840,2
44841,2
44842,4
44843,6
44844,1
44845,1
44846,2
44847,1
44848,6
44849,1
44850,1
44851,3
44852,0
44853,5
44854,1
44855,5
44856,2
44857,2
44858,5
44859,2
44860,1
44861,2
44862,0
44863,1
44864,2
44865,2
44866,2
44867,2
44868,0
44869,2
44870,2
44871,3
44872,2
44873,1
44874,1
44875,5
44876,1
44877,2
44878,0
44879,5
44880,1
44881,0
44882,2
44883,3
44884,1
44885,5
44886,1
44887,2
44888,0
44889,1
44890,1
44891,4
44892,2
44893,2
44894,3
44895,2
44896,0
44897,5
44898,3
44899,0
44900,1
44901,5
44902,5
44903,6
44904,2
44905,0
44906,1
44907,1
44908,1
44909,1
44910,2
44911,0
44912,2
44913,1
44914,4
44915,2
44916,0
44917,0
44918,2
44919,0
44920,1
44921,1
44922,0
44923,3
44924,6
44925,6
44926,0
44927,5
44928,4
44929,1
44930,1
44931,2
44932,0
44933,0
44934,2
44935,0
44936,3
44937,6
44938,2
44939,2
44940,5
44941,1
44942,1
44943,1
44944,1
44945,0
44946,3
44947,6
44948,0
44949,6
44950,0
44951,2
44952,0
44953,1
44954,1
44955,1
44956,2
44957,0
44958,1
44959,1
44960,1
44961,3
44962,2
44963,0
44964,1
44965,6
44966,3
44967,0
44968,5
44969,4
44970,0
44971,2
44972,1
44973,1
44974,2
44975,0
44976,5
44977,3
44978,5
44979,3
44980,0
44981,4
44982,2
44983,0
44984,2
44985,5
44986,2
44987,6
44988,1
44989,6
44990,1
44991,5
44992,6
44993,1
44994,2
44995,3
44996,3
44997,4
44998,5
44999,2
45000,1
45001,2
45002,0
45003,4
45004,0
45005,6
45006,1
45007,0
45008,1
45009,1
45010,2
45011,1
45012,0
45013,3
45014,1
45015,1
45016,3
45017,1
45018,1
45019,4
45020,3
45021,2
45022,1
45023,4
45024,2
45025,2
45026,2
45027,1
45028,0
45029,4
45030,2
45031,2
45032,1
45033,4
45034,6
45035,1
45036,0
45037,2
45038,1
45039,2
45040,1
45041,2
45042,5
45043,6
45044,6
45045,1
45046,2
45047,1
45048,3
45049,1
45050,2
45051,1
45052,6
45053,4
45054,1
45055,5
45056,2
45057,3
45058,1
45059,2
45060,1
45061,1
45062,0
45063,3
45064,4
45065,3
45066,1
45067,0
45068,0
45069,1
45070,1
45071,1
45072,2
45073,3
45074,2
45075,6
45076,2
45077,1
45078,1
45079,2
45080,2
45081,2
45082,2
45083,6
45084,1
45085,2
45086,2
45087,2
45088,3
45089,0
45090,3
45091,2
45092,0
45093,1
45094,6
45095,2
45096,6
45097,1
45098,2
45099,5
45100,1
45101,1
45102,1
45103,1
45104,0
45105,5
45106,2
45107,5
45108,1
45109,3
45110,0
45111,2
45112,0
45113,0
45114,3
45115,3
45116,1
45117,2
45118,2
45119,6
45120,1
45121,1
45122,3
45123,6
45124,1
45125,5
45126,4
45127,0
45128,2
45129,1
45130,4
45131,0
45132,5
45133,6
45134,2
45135,2
45136,1
45137,1
45138,6
45139,0
45140,4
45141,1
45142,2
45143,6
45144,6
45145,6
45146,1
45147,3
45148,5
45149,6
45150,2
45151,1
45152,5
45153,0
45154,2
45155,3
45156,2
45157,6
45158,1
45159,5
45160,3
45161,1
45162,0
45163,1
45164,3
45165,1
45166,5
45167,0
45168,1
45169,4
45170,1
45171,2
45172,2
45173,2
45174,2
45175,1
45176,3
45177,2
45178,2
45179,1
45180,1
45181,2
45182,6
45183,0
45184,0
45185,1
45186,1
45187,3
45188,2
45189,3
45190,5
45191,1
45192,5
45193,2
45194,3
45195,1
45196,0
45197,1
45198,2
45199,2
45200,2
45201,1
45202,5
45203,0
45204,1
45205,0
45206,5
45207,6
45208,2
45209,1
45210,4
45211,3
45212,2
45213,2
45214,4
45215,1
45216,1
45217,3
45218,1
45219,1
45220,0
45221,5
45222,2
45223,2
45224,4
45225,1
45226,1
45227,4
45228,6
45229,5
45230,2
45231,1
45232,2
45233,3
45234,1
45235,0
45236,1
45237,3
45238,4
45239,5
45240,5
45241,1
45242,1
45243,2
45244,1
45245,2
45246,6
45247,1
45248,6
45249,5
45250,3
45251,1
45252,1
45253,2
45254,4
45255,2
45256,3
45257,1
45258,6
45259,6
45260,0
45261,4
45262,1
45263,1
45264,1
45265,3
45266,1
45267,2
45268,1
45269,1
45270,4
45271,1
45272,4
45273,2
45274,1
45275,1
45276,1
45277,2
45278,3
45279,1
45280,4
45281,2
45282,2
45283,6
45284,3
45285,2
45286,1
45287,6
45288,2
45289,4
45290,2
45291,5
45292,2
45293,3
45294,2
45295,1
45296,1
45297,1
45298,2
45299,5
45300,3
45301,4
45302,6
45303,1
45304,1
45305,6
45306,2
45307,2
45308,0
45309,1
45310,6
45311,2
45312,4
45313,1
45314,0
45315,1
45316,4
45317,1
45318,2
45319,4
45320,1
45321,3
45322,2
45323,1
45324,1
45325,1
45326,2
45327,6
45328,1
45329,6
45330,3
45331,0
45332,2
45333,0
45334,5
45335,0
45336,3
45337,1
45338,6
45339,5
45340,1
45341,5
45342,5
45343,4
45344,5
45345,2
45346,1
45347,5
45348,4
45349,1
45350,0
45351,6
45352,0
45353,4
45354,1
45355,2
45356,4
45357,1
45358,1
45359,1
45360,3
45361,1
45362,2
45363,6
45364,2
45365,2
45366,0
45367,1
45368,0
45369,1
45370,1
45371,6
45372,2
45373,1
45374,1
45375,5
45376,4
45377,3
45378,1
45379,2
45380,2
45381,4
45382,2
45383,5
45384,1
45385,3
45386,5
45387,5
45388,2
45389,6
45390,4
45391,3
45392,2
45393,2
45394,2
45395,3
45396,1
45397,5
45398,5
45399,5
45400,1
45401,4
45402,4
45403,4
45404,1
45405,2
45406,6
45407,3
45408,2
45409,1
45410,0
45411,3
45412,2
45413,4
45414,4
45415,1
45416,5
45417,0
45418,4
45419,0
45420,6
45421,3
45422,2
45423,0
45424,3
45425,2
45426,1
45427,0
45428,4
45429,2
45430,1
45431,2
45432,4
45433,1
45434,3
45435,3
45436,3
45437,1
45438,2
45439,5
45440,2
45441,3
45442,1
45443,6
45444,1
45445,2
45446,6
45447,2
45448,2
45449,5
45450,1
45451,1
45452,6
45453,2
45454,1
45455,2
45456,0
45457,0
45458,2
45459,1
45460,1
45461,1
45462,4
45463,6
45464,0
45465,4
45466,2
45467,1
45468,4
45469,0
45470,1
45471,2
45472,1
45473,5
45474,1
45475,4
45476,3
45477,6
45478,1
45479,6
45480,0
45481,4
45482,2
45483,0
45484,2
45485,1
45486,0
45487,1
45488,6
45489,1
45490,6
45491,0
45492,6
45493,2
45494,0
45495,2
45496,0
45497,5
45498,0
45499,3
45500,4
45501,6
45502,4
45503,0
45504,1
45505,3
45506,6
45507,4
45508,5
45509,1
45510,2
45511,5
45512,2
45513,6
45514,0
45515,6
45516,0
45517,6
45518,6
45519,6
45520,1
45521,1
45522,1
45523,1
45524,4
45525,2
45526,2
45527,3
45528,6
45529,6
45530,0
45531,5
45532,3
45533,1
45534,2
45535,6
45536,2
45537,2
45538,1
45539,0
45540,2
45541,2
45542,3
45543,0
45544,5
45545,1
45546,1
45547,0
45548,1
45549,5
45550,2
45551,5
45552,1
45553,0
45554,3
45555,1
45556,3
45557,4
45558,0
45559,5
45560,3
45561,1
45562,0
45563,6
45564,0
45565,6
45566,6
45567,1
45568,1
45569,4
45570,1
45571,6
45572,1
45573,1
45574,1
45575,5
45576,6
45577,4
45578,0
45579,4
45580,3
45581,0
45582,0
45583,4
45584,2
45585,2
45586,2
45587,1
45588,0
45589,5
45590,1
45591,1
45592,1
45593,2
45594,1
45595,6
45596,5
45597,2
45598,2
45599,2
45600,2
45601,6
45602,4
45603,4
45604,0
45605,1
45606,2
45607,0
45608,5
45609,1
45610,5
45611,2
45612,3
45613,1
45614,5
45615,1
45616,5
45617,6
45618,2
45619,0
45620,3
45621,4
45622,1
45623,1
45624,1
45625,1
45626,3
45627,1
45628,4
45629,2
45630,6
45631,2
45632,2
45633,1
45634,5
45635,1
45636,4
45637,6
45638,1
45639,0
45640,2
45641,0
45642,1
45643,3
45644,2
45645,4
45646,4
45647,0
45648,0
45649,0
45650,1
45651,5
45652,4
45653,2
45654,1
45655,3
45656,2
45657,2
45658,4
45659,2
45660,4
45661,1
45662,1
45663,2
45664,5
45665,5
45666,1
45667,2
45668,1
45669,0
45670,6
45671,1
45672,5
45673,1
45674,1
45675,0
45676,2
45677,1
45678,0
45679,2
45680,2
45681,5
45682,0
45683,1
45684,1
45685,5
45686,2
45687,2
45688,3
45689,5
45690,6
45691,1
45692,2
45693,4
45694,2
45695,0
45696,5
45697,0
45698,4
45699,3
45700,1
45701,3
45702,2
45703,5
45704,1
45705,2
45706,6
45707,2
45708,0
45709,3
45710,0
45711,2
45712,2
45713,2
45714,1
45715,1
45716,4
45717,4
45718,4
45719,6
45720,4
45721,1
45722,6
45723,2
45724,5
45725,0
45726,1
45727,1
45728,5
45729,1
45730,1
45731,1
45732,3
45733,0
45734,2
45735,2
45736,2
45737,1
45738,1
45739,2
45740,5
45741,6
45742,1
45743,2
45744,6
45745,2
45746,3
45747,2
45748,2
45749,3
45750,2
45751,1
45752,0
45753,3
45754,3
45755,2
45756,2
45757,2
45758,2
45759,0
45760,1
45761,3
45762,6
45763,6
45764,5
45765,6
45766,2
45767,2
45768,3
45769,0
45770,1
45771,0
45772,4
45773,5
45774,2
45775,1
45776,0
45777,2
45778,0
45779,2
45780,5
45781,4
45782,6
45783,2
45784,0
45785,4
45786,3
45787,1
45788,0
45789,1
45790,0
45791,0
45792,4
45793,2
45794,1
45795,0
45796,6
45797,1
45798,2
45799,5
45800,2
45801,2
45802,0
45803,1
45804,2
45805,3
45806,2
45807,0
45808,0
45809,4
45810,2
45811,6
45812,4
45813,1
45814,2
45815,5
45816,1
45817,1
45818,4
45819,0
45820,5
45821,5
45822,0
45823,4
45824,1
45825,3
45826,1
45827,1
45828,0
45829,1
45830,1
45831,4
45832,1
45833,2
45834,6
45835,1
45836,4
45837,3
45838,1
45839,6
45840,1
45841,2
45842,4
45843,2
45844,4
45845,5
45846,2
45847,2
45848,2
45849,0
45850,2
45851,3
45852,5
45853,3
45854,2
45855,3
45856,0
45857,2
45858,2
45859,1
45860,2
45861,6
45862,5
45863,1
45864,0
45865,0
45866,2
45867,4
45868,2
45869,1
45870,2
45871,3
45872,6
45873,1
45874,2
45875,6
45876,0
45877,6
45878,1
45879,4
45880,2
45881,0
45882,0
45883,2
45884,1
45885,1
45886,2
45887,1
45888,4
45889,5
45890,5
45891,0
45892,1
45893,4
45894,2
45895,0
45896,3
45897,1
45898,0
45899,1
45900,1
45901,1
45902,2
45903,2
45904,3
45905,6
45906,5
45907,0
45908,0
45909,4
45910,1
45911,3
45912,6
45913,2
45914,6
45915,5
45916,1
45917,5
45918,4
45919,0
45920,2
45921,5
45922,1
45923,3
45924,4
45925,5
45926,4
45927,3
45928,2
45929,0
45930,2
45931,4
45932,0
45933,3
45934,2
45935,3
45936,2
45937,1
45938,2
45939,0
45940,6
45941,0
45942,1
45943,0
45944,2
45945,6
45946,2
45947,6
45948,1
45949,2
45950,1
45951,4
45952,1
45953,2
45954,2
45955,3
45956,5
45957,2
45958,2
45959,2
45960,1
45961,1
45962,4
45963,4
45964,4
45965,0
45966,1
45967,4
45968,2
45969,4
45970,4
45971,2
45972,2
45973,6
45974,2
45975,2
45976,4
45977,0
45978,2
45979,0
45980,1
45981,2
45982,2
45983,5
45984,1
45985,2
45986,4
45987,3
45988,3
45989,1
45990,4
45991,2
45992,2
45993,3
45994,1
45995,2
45996,2
45997,0
45998,1
45999,3
46000,2
46001,0
46002,2
46003,2
46004,3
46005,1
46006,0
46007,6
46008,5
46009,1
46010,0
46011,2
46012,0
46013,1
46014,2
46015,2
46016,2
46017,2
46018,2
46019,1
46020,6
46021,2
46022,0
46023,1
46024,6
46025,5
46026,1
46027,3
46028,1
46029,6
46030,2
46031,6
46032,1
46033,1
46034,0
46035,2
46036,5
46037,2
46038,3
46039,2
46040,5
46041,2
46042,1
46043,1
46044,0
46045,2
46046,1
46047,4
46048,2
46049,3
46050,3
46051,1
46052,1
46053,3
46054,4
46055,2
46056,1
46057,6
46058,1
46059,5
46060,0
46061,5
46062,1
46063,4
46064,6
46065,2
46066,0
46067,1
46068,1
46069,6
46070,1
46071,6
46072,0
46073,2
46074,6
46075,1
46076,1
46077,2
46078,6
46079,6
46080,0
46081,1
46082,1
46083,2
46084,6
46085,2
46086,3
46087,1
46088,1
46089,2
46090,2
46091,2
46092,2
46093,2
46094,4
46095,1
46096,2
46097,2
46098,4
46099,4
46100,6
46101,0
46102,4
46103,2
46104,0
46105,4
46106,2
46107,2
46108,2
46109,2
46110,6
46111,0
46112,2
46113,1
46114,3
46115,2
46116,1
46117,2
46118,6
46119,1
46120,3
46121,2
46122,3
46123,5
46124,2
46125,3
46126,4
46127,2
46128,1
46129,2
46130,3
46131,6
46132,4
46133,3
46134,1
46135,5
46136,0
46137,6
46138,4
46139,6
46140,6
46141,6
46142,2
46143,2
46144,1
46145,6
46146,2
46147,0
46148,1
46149,3
46150,0
46151,2
46152,1
46153,3
46154,5
46155,0
46156,5
46157,3
46158,4
46159,2
46160,6
46161,0
46162,2
46163,1
46164,2
46165,3
46166,2
46167,5
46168,1
46169,0
46170,4
46171,5
46172,0
46173,2
46174,4
46175,0
46176,1
46177,4
46178,3
46179,0
46180,1
46181,0
46182,2
46183,4
46184,2
46185,1
46186,1
46187,1
46188,1
46189,1
46190,6
46191,2
46192,4
46193,1
46194,3
46195,1
46196,2
46197,0
46198,2
46199,5
46200,1
46201,5
46202,5
46203,3
46204,5
46205,3
46206,5
46207,2
46208,6
46209,2
46210,6
46211,2
46212,6
46213,2
46214,1
46215,2
46216,1
46217,4
46218,5
46219,6
46220,1
46221,2
46222,2
46223,1
46224,2
46225,0
46226,4
46227,2
46228,5
46229,0
46230,5
46231,1
46232,6
46233,0
46234,0
46235,4
46236,2
46237,2
46238,5
46239,4
46240,0
46241,2
46242,3
46243,0
46244,2
46245,2
46246,5
46247,6
46248,2
46249,1
46250,4
46251,0
46252,3
46253,2
46254,6
46255,1
46256,1
46257,0
46258,2
46259,4
46260,1
46261,4
46262,2
46263,3
46264,2
46265,4
46266,1
46267,0
46268,6
46269,5
46270,1
46271,2
46272,3
46273,5
46274,1
46275,5
46276,1
46277,4
46278,1
46279,4
46280,2
46281,3
46282,1
46283,0
46284,4
46285,2
46286,3
46287,2
46288,1
46289,1
46290,6
46291,0
46292,0
46293,3
46294,3
46295,1
46296,1
46297,4
46298,4
46299,1
46300,0
46301,2
46302,1
46303,4
46304,2
46305,5
46306,5
46307,2
46308,4
46309,2
46310,3
46311,4
46312,2
46313,6
46314,1
46315,5
46316,2
46317,2
46318,0
46319,4
46320,1
46321,6
46322,1
46323,5
46324,1
46325,5
46326,3
46327,2
46328,1
46329,1
46330,4
46331,4
46332,1
46333,6
46334,4
46335,6
46336,3
46337,1
46338,0
46339,1
46340,3
46341,0
46342,1
46343,6
46344,1
46345,4
46346,1
46347,6
46348,5
46349,6
46350,2
46351,0
46352,3
46353,3
46354,1
46355,3
46356,4
46357,3
46358,4
46359,1
46360,2
46361,3
46362,1
46363,5
46364,4
46365,0
46366,2
46367,1
46368,1
46369,0
46370,1
46371,3
46372,0
46373,2
46374,1
46375,2
46376,1
46377,1
46378,1
46379,2
46380,3
46381,2
46382,4
46383,6
46384,0
46385,0
46386,4
46387,2
46388,3
46389,3
46390,4
46391,0
46392,5
46393,1
46394,0
46395,6
46396,6
46397,2
46398,2
46399,2
46400,2
46401,1
46402,0
46403,1
46404,2
46405,2
46406,6
46407,2
46408,4
46409,6
46410,3
46411,2
46412,2
46413,1
46414,0
46415,6
46416,5
46417,1
46418,0
46419,1
46420,3
46421,2
46422,5
46423,1
46424,1
46425,3
46426,1
46427,4
46428,1
46429,2
46430,0
46431,1
46432,5
46433,3
46434,1
46435,6
46436,4
46437,1
46438,6
46439,6
46440,1
46441,2
46442,5
46443,1
46444,3
46445,0
46446,4
46447,4
46448,6
46449,0
46450,0
46451,2
46452,4
46453,1
46454,3
46455,5
46456,4
46457,1
46458,1
46459,5
46460,5
46461,2
46462,0
46463,2
46464,3
46465,0
46466,0
46467,3
46468,2
46469,1
46470,0
46471,1
46472,6
46473,0
46474,5
46475,1
46476,0
46477,1
46478,5
46479,0
46480,0
46481,1
46482,4
46483,1
46484,4
46485,5
46486,2
46487,1
46488,3
46489,3
46490,3
46491,5
46492,1
46493,0
46494,2
46495,4
46496,5
46497,2
46498,2
46499,4
46500,2
46501,2
46502,1
46503,1
46504,4
46505,2
46506,1
46507,5
46508,3
46509,2
46510,0
46511,4
46512,2
46513,2
46514,1
46515,1
46516,2
46517,4
46518,2
46519,6
46520,1
46521,3
46522,6
46523,0
46524,0
46525,2
46526,1
46527,3
46528,3
46529,1
46530,1
46531,2
46532,2
46533,4
46534,6
46535,4
46536,2
46537,4
46538,3
46539,0
46540,6
46541,4
46542,0
46543,6
46544,1
46545,1
46546,0
46547,2
46548,3
46549,3
46550,3
46551,6
46552,6
46553,0
46554,2
46555,2
46556,4
46557,1
46558,4
46559,1
46560,1
46561,1
46562,1
46563,2
46564,1
46565,2
46566,3
46567,5
46568,2
46569,5
46570,1
46571,2
46572,2
46573,1
46574,6
46575,3
46576,1
46577,5
46578,6
46579,0
46580,1
46581,0
46582,4
46583,1
46584,2
46585,0
46586,1
46587,1
46588,1
46589,4
46590,1
46591,2
46592,4
46593,0
46594,6
46595,2
46596,4
46597,0
46598,1
46599,0
46600,3
46601,4
46602,1
46603,4
46604,2
46605,2
46606,4
46607,2
46608,2
46609,2
46610,3
46611,2
46612,1
46613,3
46614,1
46615,1
46616,6
46617,4
46618,0
46619,3
46620,3
46621,2
46622,1
46623,1
46624,5
46625,4
46626,0
46627,6
46628,6
46629,2
46630,0
46631,1
46632,1
46633,4
46634,1
46635,2
46636,5
46637,5
46638,2
46639,4
46640,1
46641,6
46642,1
46643,2
46644,1
46645,4
46646,0
46647,5
46648,4
46649,6
46650,4
46651,1
46652,1
46653,6
46654,2
46655,1
46656,2
46657,1
46658,1
46659,2
46660,1
46661,4
46662,0
46663,2
46664,1
46665,4
46666,2
46667,5
46668,6
46669,1
46670,1
46671,2
46672,6
46673,4
46674,3
46675,3
46676,6
46677,2
46678,6
46679,0
46680,0
46681,1
46682,1
46683,1
46684,1
46685,1
46686,6
46687,3
46688,4
46689,2
46690,6
46691,6
46692,6
46693,5
46694,2
46695,1
46696,4
46697,0
46698,1
46699,3
46700,1
46701,5
46702,4
46703,0
46704,3
46705,0
46706,5
46707,1
46708,4
46709,3
46710,2
46711,0
46712,1
46713,1
46714,0
46715,4
46716,3
46717,5
46718,1
46719,5
46720,5
46721,4
46722,5
46723,2
46724,2
46725,1
46726,6
46727,3
46728,2
46729,2
46730,1
46731,5
46732,2
46733,4
46734,2
46735,2
46736,4
46737,1
46738,1
46739,2
46740,3
46741,3
46742,2
46743,2
46744,1
46745,4
46746,1
46747,2
46748,3
46749,1
46750,0
46751,1
46752,6
46753,2
46754,1
46755,1
46756,4
46757,4
46758,6
46759,4
46760,0
46761,0
46762,2
46763,3
46764,3
46765,2
46766,0
46767,1
46768,4
46769,2
46770,5
46771,4
46772,4
46773,3
46774,1
46775,4
46776,2
46777,5
46778,6
46779,1
46780,2
46781,1
46782,4
46783,6
46784,3
46785,1
46786,1
46787,1
46788,1
46789,4
46790,1
46791,3
46792,6
46793,6
46794,2
46795,1
46796,1
46797,1
46798,0
46799,1
46800,6
46801,1
46802,2
46803,3
46804,0
46805,2
46806,5
46807,1
46808,2
46809,4
46810,3
46811,0
46812,3
46813,3
46814,6
46815,4
46816,4
46817,4
46818,3
46819,3
46820,3
46821,0
46822,4
46823,6
46824,6
46825,6
46826,1
46827,2
46828,5
46829,0
46830,5
46831,0
46832,1
46833,1
46834,6
46835,2
46836,5
46837,1
46838,2
46839,1
46840,0
46841,5
46842,2
46843,3
46844,3
46845,2
46846,2
46847,2
46848,1
46849,1
46850,1
46851,3
46852,2
46853,2
46854,2
46855,4
46856,3
46857,5
46858,0
46859,3
46860,0
46861,0
46862,6
46863,5
46864,2
46865,1
46866,2
46867,5
46868,4
46869,4
46870,5
46871,4
46872,3
46873,3
46874,6
46875,3
46876,4
46877,1
46878,1
46879,2
46880,1
46881,2
46882,4
46883,5
46884,3
46885,4
46886,5
46887,0
46888,2
46889,2
46890,6
46891,4
46892,0
46893,4
46894,2
46895,4
46896,3
46897,4
46898,4
46899,2
46900,5
46901,3
46902,5
46903,1
46904,3
46905,3
46906,5
46907,1
46908,2
46909,0
46910,2
46911,5
46912,1
46913,0
46914,1
46915,1
46916,5
46917,4
46918,2
46919,1
46920,1
46921,4
46922,2
46923,6
46924,1
46925,3
46926,3
46927,3
46928,2
46929,6
46930,3
46931,1
46932,2
46933,1
46934,2
46935,3
46936,4
46937,1
46938,1
46939,3
46940,3
46941,4
46942,5
46943,4
46944,0
46945,3
46946,0
46947,1
46948,1
46949,0
46950,3
46951,5
46952,2
46953,2
46954,6
46955,5
46956,5
46957,1
46958,2
46959,4
46960,6
46961,2
46962,1
46963,4
46964,2
46965,6
46966,5
46967,1
46968,4
46969,1
46970,1
46971,5
46972,1
46973,0
46974,2
46975,6
46976,5
46977,1
46978,2
46979,2
46980,2
46981,4
46982,4
46983,1
46984,4
46985,0
46986,1
46987,6
46988,4
46989,0
46990,2
46991,5
46992,5
46993,1
46994,1
46995,4
46996,0
46997,6
46998,0
46999,4
47000,2
47001,2
47002,2
47003,2
47004,1
47005,1
47006,2
47007,2
47008,2
47009,1
47010,0
47011,1
47012,4
47013,6
47014,4
47015,1
47016,1
47017,2
47018,0
47019,0
47020,1
47021,1
47022,6
47023,1
47024,6
47025,3
47026,4
47027,1
47028,1
47029,6
47030,3
47031,3
47032,1
47033,5
47034,4
47035,1
47036,1
47037,2
47038,3
47039,6
47040,3
47041,2
47042,2
47043,5
47044,1
47045,1
47046,3
47047,1
47048,5
47049,1
47050,1
47051,1
47052,0
47053,1
47054,4
47055,4
47056,3
47057,2
47058,1
47059,1
47060,1
47061,2
47062,1
47063,5
47064,3
47065,2
47066,2
47067,2
47068,0
47069,2
47070,2
47071,1
47072,4
47073,1
47074,4
47075,1
47076,5
47077,3
47078,3
47079,4
47080,2
47081,3
47082,4
47083,1
47084,1
47085,6
47086,0
47087,2
47088,0
47089,1
47090,2
47091,1
47092,2
47093,2
47094,1
47095,5
47096,6
47097,1
47098,1
47099,3
47100,6
47101,6
47102,3
47103,4
47104,0
47105,5
47106,2
47107,6
47108,4
47109,0
47110,2
47111,2
47112,0
47113,5
47114,1
47115,1
47116,3
47117,6
47118,0
47119,6
47120,6
47121,2
47122,0
47123,2
47124,0
47125,1
47126,5
47127,1
47128,0
47129,1
47130,5
47131,1
47132,3
47133,4
47134,1
47135,6
47136,0
47137,3
47138,2
47139,4
47140,2
47141,1
47142,2
47143,3
47144,6
47145,0
47146,0
47147,0
47148,2
47149,5
47150,1
47151,2
47152,3
47153,5
47154,2
47155,3
47156,6
47157,0
47158,2
47159,2
47160,1
47161,3
47162,2
47163,1
47164,1
47165,6
47166,6
47167,0
47168,2
47169,5
47170,3
47171,1
47172,4
47173,3
47174,1
47175,1
47176,1
47177,5
47178,2
47179,1
47180,1
47181,1
47182,1
47183,2
47184,4
47185,0
47186,2
47187,2
47188,2
47189,2
47190,5
47191,2
47192,2
47193,3
47194,6
47195,2
47196,4
47197,1
47198,6
47199,6
47200,4
47201,0
47202,1
47203,2
47204,6
47205,2
47206,1
47207,3
47208,2
47209,5
47210,0
47211,1
47212,6
47213,4
47214,5
47215,2
47216,2
47217,4
47218,1
47219,2
47220,1
47221,4
47222,2
47223,1
47224,5
47225,3
47226,0
47227,0
47228,3
47229,2
47230,3
47231,6
47232,1
47233,0
47234,6
47235,4
47236,1
47237,3
47238,3
47239,6
47240,6
47241,5
47242,6
47243,3
47244,4
47245,0
47246,1
47247,1
47248,6
47249,5
47250,2
47251,2
47252,4
47253,5
47254,2
47255,0
47256,1
47257,0
47258,0
47259,3
47260,5
47261,6
47262,1
47263,4
47264,2
47265,3
47266,1
47267,1
47268,0
47269,2
47270,2
47271,1
47272,3
47273,1
47274,1
47275,3
47276,2
47277,1
47278,3
47279,2
47280,3
47281,4
47282,3
47283,1
47284,6
47285,4
47286,3
47287,2
47288,4
47289,2
47290,0
47291,0
47292,4
47293,1
47294,4
47295,5
47296,4
47297,4
47298,4
47299,1
47300,2
47301,3
47302,1
47303,1
47304,0
47305,3
47306,0
47307,2
47308,1
47309,1
47310,2
47311,1
47312,6
47313,2
47314,6
47315,5
47316,5
47317,1
47318,4
47319,0
47320,2
47321,1
47322,1
47323,2
47324,2
47325,2
47326,1
47327,2
47328,1
47329,3
47330,3
47331,4
47332,5
47333,0
47334,6
47335,2
47336,0
47337,2
47338,5
47339,1
47340,0
47341,3
47342,3
47343,4
47344,0
47345,3
47346,3
47347,0
47348,0
47349,1
47350,0
47351,6
47352,0
47353,1
47354,5
47355,0
47356,6
47357,0
47358,2
47359,2
47360,3
47361,4
47362,1
47363,1
47364,2
47365,6
47366,1
47367,1
47368,2
47369,3
47370,6
47371,0
47372,2
47373,0
47374,2
47375,1
47376,4
47377,6
47378,1
47379,1
47380,3
47381,3
47382,4
47383,3
47384,0
47385,1
47386,1
47387,1
47388,1
47389,2
47390,4
47391,5
47392,2
47393,4
47394,3
47395,0
47396,1
47397,2
47398,1
47399,2
47400,2
47401,1
47402,1
47403,3
47404,1
47405,3
47406,2
47407,6
47408,1
47409,3
47410,2
47411,1
47412,1
47413,5
47414,5
47415,1
47416,3
47417,1
47418,3
47419,1
47420,4
47421,1
47422,1
47423,6
47424,4
47425,2
47426,4
47427,0
47428,1
47429,0
47430,1
47431,1
47432,3
47433,2
47434,2
47435,1
47436,1
47437,1
47438,2
47439,4
47440,0
47441,3
47442,6
47443,3
47444,0
47445,3
47446,2
47447,0
47448,1
47449,2
47450,6
47451,2
47452,0
47453,2
47454,1
47455,1
47456,6
47457,5
47458,1
47459,3
47460,2
47461,5
47462,4
47463,6
47464,1
47465,2
47466,1
47467,2
47468,2
47469,3
47470,2
47471,2
47472,3
47473,1
47474,5
47475,2
47476,2
47477,0
47478,2
47479,3
47480,1
47481,2
47482,3
47483,2
47484,6
47485,2
47486,3
47487,5
47488,5
47489,2
47490,1
47491,4
47492,3
47493,5
47494,1
47495,3
47496,1
47497,3
47498,1
47499,2
47500,4
47501,0
47502,1
47503,3
47504,0
47505,2
47506,1
47507,1
47508,0
47509,3
47510,0
47511,2
47512,1
47513,3
47514,2
47515,1
47516,5
47517,3
47518,4
47519,5
47520,3
47521,2
47522,5
47523,3
47524,1
47525,3
47526,2
47527,2
47528,1
47529,0
47530,1
47531,5
47532,1
47533,5
47534,5
47535,3
47536,1
47537,4
47538,5
47539,4
47540,1
47541,0
47542,2
47543,2
47544,4
47545,2
47546,4
47547,0
47548,2
47549,5
47550,3
47551,2
47552,5
47553,1
47554,2
47555,0
47556,1
47557,2
47558,4
47559,2
47560,2
47561,1
47562,4
47563,6
47564,6
47565,1
47566,1
47567,5
47568,2
47569,2
47570,5
47571,0
47572,2
47573,5
47574,1
47575,2
47576,0
47577,1
47578,5
47579,5
47580,2
47581,0
47582,5
47583,6
47584,3
47585,5
47586,1
47587,0
47588,2
47589,2
47590,0
47591,1
47592,1
47593,6
47594,2
47595,6
47596,0
47597,2
47598,1
47599,1
47600,3
47601,3
47602,5
47603,2
47604,2
47605,2
47606,6
47607,1
47608,3
47609,4
47610,2
47611,4
47612,2
47613,5
47614,1
47615,6
47616,2
47617,2
47618,2
47619,1
47620,6
47621,3
47622,2
47623,2
47624,3
47625,0
47626,2
47627,5
47628,1
47629,4
47630,2
47631,1
47632,4
47633,2
47634,4
47635,4
47636,0
47637,0
47638,6
47639,0
47640,0
47641,6
47642,2
47643,0
47644,6
47645,3
47646,1
47647,1
47648,2
47649,1
47650,6
47651,0
47652,5
47653,1
47654,0
47655,1
47656,2
47657,3
47658,5
47659,0
47660,2
47661,4
47662,4
47663,2
47664,5
47665,6
47666,2
47667,6
47668,2
47669,5
47670,4
47671,5
47672,4
47673,1
47674,1
47675,1
47676,0
47677,2
47678,2
47679,2
47680,2
47681,2
47682,5
47683,2
47684,0
47685,1
47686,2
47687,1
47688,3
47689,6
47690,1
47691,1
47692,1
47693,1
47694,1
47695,3
47696,4
47697,1
47698,1
47699,0
47700,5
47701,6
47702,2
47703,1
47704,3
47705,0
47706,2
47707,3
47708,1
47709,5
47710,5
47711,1
47712,2
47713,6
47714,0
47715,1
47716,1
47717,3
47718,0
47719,6
47720,0
47721,4
47722,1
47723,2
47724,3
47725,4
47726,1
47727,3
47728,0
47729,3
47730,2
47731,1
47732,6
47733,0
47734,1
47735,3
47736,2
47737,2
47738,1
47739,6
47740,3
47741,0
47742,2
47743,2
47744,5
47745,1
47746,1
47747,0
47748,3
47749,3
47750,2
47751,5
47752,5
47753,0
47754,0
47755,2
47756,0
47757,2
47758,0
47759,4
47760,6
47761,1
47762,1
47763,2
47764,1
47765,3
47766,1
47767,2
47768,2
47769,6
47770,2
47771,2
47772,2
47773,2
47774,6
47775,2
47776,2
47777,3
47778,1
47779,1
47780,2
47781,5
47782,5
47783,4
47784,2
47785,1
47786,2
47787,2
47788,4
47789,4
47790,2
47791,4
47792,1
47793,1
47794,5
47795,0
47796,1
47797,5
47798,1
47799,1
47800,1
47801,3
47802,3
47803,6
47804,5
47805,2
47806,5
47807,2
47808,6
47809,1
47810,1
47811,1
47812,1
47813,3
47814,4
47815,1
47816,4
47817,1
47818,4
47819,5
47820,2
47821,5
47822,1
47823,2
47824,2
47825,2
47826,5
47827,3
47828,2
47829,4
47830,1
47831,0
47832,2
47833,2
47834,1
47835,0
47836,1
47837,3
47838,0
47839,6
47840,3
47841,1
47842,6
47843,2
47844,2
47845,3
47846,0
47847,2
47848,5
47849,5
47850,3
47851,1
47852,2
47853,2
47854,4
47855,4
47856,6
47857,0
47858,1
47859,4
47860,0
47861,2
47862,1
47863,6
47864,2
47865,4
47866,2
47867,2
47868,2
47869,2
47870,2
47871,6
47872,2
47873,2
47874,0
47875,1
47876,1
47877,1
47878,1
47879,5
47880,0
47881,4
47882,3
47883,4
47884,4
47885,1
47886,1
47887,2
47888,1
47889,2
47890,1
47891,0
47892,1
47893,4
47894,6
47895,0
47896,2
47897,4
47898,1
47899,0
47900,1
47901,4
47902,2
47903,0
47904,2
47905,1
47906,3
47907,2
47908,3
47909,3
47910,2
47911,1
47912,1
47913,2
47914,0
47915,1
47916,2
47917,5
47918,4
47919,2
47920,1
47921,2
47922,0
47923,4
47924,0
47925,3
47926,4
47927,2
47928,2
47929,5
47930,5
47931,4
47932,2
47933,2
47934,3
47935,2
47936,2
47937,2
47938,2
47939,4
47940,6
47941,1
47942,3
47943,1
47944,1
47945,1
47946,0
47947,2
47948,6
47949,4
47950,1
47951,0
47952,2
47953,2
47954,2
47955,1
47956,4
47957,2
47958,4
47959,6
47960,4
47961,2
47962,0
47963,2
47964,0
47965,1
47966,2
47967,0
47968,4
47969,2
47970,3
47971,2
47972,0
47973,5
47974,4
47975,1
47976,6
47977,2
47978,1
47979,5
47980,2
47981,1
47982,6
47983,0
47984,2
47985,3
47986,3
47987,4
47988,6
47989,5
47990,1
47991,1
47992,6
47993,0
47994,3
47995,1
47996,5
47997,4
47998,2
47999,3
48000,5
48001,3
48002,3
48003,2
48004,1
48005,4
48006,6
48007,2
48008,4
48009,3
48010,2
48011,1
48012,3
48013,1
48014,1
48015,2
48016,1
48017,4
48018,5
48019,2
48020,2
48021,0
48022,5
48023,1
48024,4
48025,3
48026,1
48027,1
48028,3
48029,3
48030,1
48031,6
48032,2
48033,5
48034,2
48035,0
48036,1
48037,1
48038,1
48039,1
48040,1
48041,1
48042,0
48043,1
48044,2
48045,3
48046,0
48047,1
48048,3
48049,1
48050,3
48051,2
48052,3
48053,2
48054,6
48055,2
48056,3
48057,1
48058,1
48059,2
48060,6
48061,2
48062,3
48063,1
48064,2
48065,0
48066,2
48067,2
48068,0
48069,1
48070,2
48071,1
48072,2
48073,5
48074,3
48075,4
48076,5
48077,1
48078,2
48079,1
48080,0
48081,0
48082,2
48083,1
48084,5
48085,2
48086,3
48087,6
48088,2
48089,4
48090,5
48091,4
48092,4
48093,1
48094,2
48095,1
48096,4
48097,5
48098,3
48099,1
48100,1
48101,3
48102,1
48103,2
48104,3
48105,5
48106,2
48107,4
48108,0
48109,1
48110,6
48111,2
48112,1
48113,2
48114,1
48115,2
48116,3
48117,2
48118,5
48119,6
48120,2
48121,2
48122,3
48123,0
48124,0
48125,4
48126,5
48127,0
48128,1
48129,4
48130,0
48131,2
48132,1
48133,0
48134,1
48135,0
48136,1
48137,2
48138,0
48139,2
48140,6
48141,4
48142,2
48143,2
48144,1
48145,6
48146,2
48147,5
48148,2
48149,0
48150,2
48151,1
48152,5
48153,1
48154,5
48155,0
48156,1
48157,6
48158,2
48159,1
48160,2
48161,0
48162,6
48163,2
48164,4
48165,3
48166,2
48167,6
48168,2
48169,2
48170,2
48171,0
48172,3
48173,1
48174,5
48175,1
48176,2
48177,4
48178,0
48179,1
48180,0
48181,0
48182,1
48183,0
48184,5
48185,6
48186,1
48187,1
48188,5
48189,6
48190,1
48191,6
48192,4
48193,3
48194,3
48195,3
48196,0
48197,1
48198,1
48199,1
48200,6
48201,6
48202,2
48203,2
48204,4
48205,2
48206,3
48207,0
48208,5
48209,5
48210,3
48211,6
48212,1
48213,4
48214,4
48215,1
48216,5
48217,5
48218,0
48219,5
48220,1
48221,2
48222,5
48223,2
48224,2
48225,1
48226,6
48227,6
48228,3
48229,2
48230,3
48231,1
48232,4
48233,2
48234,1
48235,1
48236,5
48237,1
48238,5
48239,5
48240,1
48241,3
48242,6
48243,1
48244,5
48245,2
48246,2
48247,0
48248,6
48249,0
48250,2
48251,6
48252,1
48253,0
48254,2
48255,3
48256,4
48257,4
48258,5
48259,2
48260,0
48261,6
48262,2
48263,1
48264,6
48265,1
48266,0
48267,3
48268,6
48269,6
48270,2
48271,6
48272,5
48273,1
48274,4
48275,1
48276,5
48277,1
48278,1
48279,1
48280,5
48281,2
48282,4
48283,1
48284,1
48285,4
48286,6
48287,3
48288,2
48289,1
48290,2
48291,6
48292,1
48293,5
48294,3
48295,0
48296,5
48297,5
48298,1
48299,1
48300,5
48301,0
48302,5
48303,5
48304,6
48305,3
48306,0
48307,5
48308,2
48309,2
48310,2
48311,1
48312,0
48313,3
48314,1
48315,2
48316,5
48317,1
48318,2
48319,2
48320,0
48321,2
48322,2
48323,3
48324,2
48325,3
48326,6
48327,1
48328,1
48329,1
48330,0
48331,0
48332,1
48333,0
48334,3
48335,2
48336,5
48337,4
48338,1
48339,0
48340,6
48341,2
48342,0
48343,2
48344,2
48345,3
48346,5
48347,2
48348,1
48349,2
48350,2
48351,5
48352,1
48353,1
48354,1
48355,5
48356,2
48357,0
48358,2
48359,1
48360,2
48361,1
48362,2
48363,6
48364,2
48365,5
48366,2
48367,1
48368,6
48369,5
48370,5
48371,1
48372,1
48373,1
48374,0
48375,2
48376,1
48377,1
48378,2
48379,1
48380,2
48381,4
48382,1
48383,0
48384,6
48385,2
48386,2
48387,4
48388,2
48389,3
48390,2
48391,6
48392,2
48393,0
48394,6
48395,2
48396,3
48397,2
48398,1
48399,2
48400,6
48401,6
48402,2
48403,1
48404,4
48405,2
48406,0
48407,6
48408,1
48409,6
48410,5
48411,5
48412,3
48413,1
48414,2
48415,3
48416,4
48417,2
48418,5
48419,1
48420,5
48421,1
48422,1
48423,1
48424,1
48425,5
48426,0
48427,0
48428,4
48429,2
48430,1
48431,4
48432,2
48433,2
48434,0
48435,6
48436,5
48437,4
48438,2
48439,6
48440,0
48441,5
48442,1
48443,4
48444,1
48445,2
48446,2
48447,4
48448,4
48449,0
48450,1
48451,2
48452,4
48453,4
48454,6
48455,0
48456,2
48457,4
48458,2
48459,4
48460,1
48461,2
48462,2
48463,2
48464,6
48465,0
48466,6
48467,1
48468,5
48469,6
48470,1
48471,0
48472,2
48473,1
48474,6
48475,2
48476,4
48477,1
48478,2
48479,4
48480,4
48481,2
48482,5
48483,2
48484,2
48485,0
48486,1
48487,2
48488,1
48489,2
48490,1
48491,3
48492,3
48493,2
48494,2
48495,1
48496,0
48497,1
48498,4
48499,4
48500,1
48501,4
48502,1
48503,0
48504,3
48505,6
48506,3
48507,4
48508,4
48509,1
48510,2
48511,2
48512,6
48513,1
48514,1
48515,1
48516,2
48517,1
48518,2
48519,2
48520,2
48521,2
48522,4
48523,2
48524,0
48525,1
48526,1
48527,2
48528,0
48529,2
48530,3
48531,0
48532,5
48533,6
48534,2
48535,0
48536,5
48537,2
48538,1
48539,5
48540,2
48541,6
48542,2
48543,2
48544,0
48545,2
48546,2
48547,2
48548,4
48549,5
48550,0
48551,2
48552,4
48553,2
48554,0
48555,5
48556,1
48557,3
48558,6
48559,5
48560,1
48561,6
48562,0
48563,2
48564,3
48565,1
48566,2
48567,4
48568,0
48569,5
48570,3
48571,2
48572,2
48573,3
48574,6
48575,6
48576,4
48577,1
48578,4
48579,3
48580,1
48581,0
48582,2
48583,2
48584,2
48585,1
48586,1
48587,5
48588,5
48589,1
48590,2
48591,4
48592,6
48593,1
48594,2
48595,3
48596,6
48597,2
48598,0
48599,1
48600,3
48601,2
48602,5
48603,2
48604,0
48605,2
48606,0
48607,1
48608,2
48609,5
48610,3
48611,2
48612,0
48613,5
48614,2
48615,4
48616,6
48617,1
48618,5
48619,2
48620,2
48621,4
48622,3
48623,2
48624,3
48625,2
48626,2
48627,1
48628,1
48629,2
48630,3
48631,0
48632,2
48633,0
48634,2
48635,4
48636,2
48637,2
48638,1
48639,2
48640,3
48641,2
48642,5
48643,4
48644,2
48645,6
48646,1
48647,1
48648,0
48649,1
48650,5
48651,2
48652,1
48653,1
48654,1
48655,0
48656,0
48657,1
48658,1
48659,2
48660,4
48661,0
48662,2
48663,2
48664,1
48665,5
48666,2
48667,1
48668,0
48669,2
48670,1
48671,3
48672,3
48673,4
48674,2
48675,3
48676,0
48677,0
48678,2
48679,3
48680,2
48681,5
48682,5
48683,4
48684,1
48685,4
48686,2
48687,1
48688,0
48689,3
48690,2
48691,3
48692,1
48693,2
48694,1
48695,6
48696,1
48697,5
48698,2
48699,1
48700,5
48701,1
48702,0
48703,2
48704,1
48705,0
48706,2
48707,1
48708,3
48709,0
48710,4
48711,1
48712,0
48713,1
48714,4
48715,0
48716,0
48717,0
48718,5
48719,1
48720,2
48721,2
48722,0
48723,0
48724,1
48725,1
48726,0
48727,5
48728,3
48729,5
48730,0
48731,3
48732,2
48733,6
48734,0
48735,3
48736,1
48737,2
48738,1
48739,6
48740,1
48741,5
48742,4
48743,5
48744,4
48745,0
48746,2
48747,2
48748,0
48749,0
48750,3
48751,2
48752,4
48753,5
48754,2
48755,2
48756,1
48757,1
48758,2
48759,6
48760,1
48761,4
48762,0
48763,5
48764,0
48765,1
48766,1
48767,4
48768,6
48769,5
48770,6
48771,1
48772,2
48773,6
48774,4
48775,2
48776,5
48777,4
48778,2
48779,1
48780,5
48781,2
48782,1
48783,6
48784,1
48785,5
48786,4
48787,0
48788,6
48789,4
48790,4
48791,1
48792,4
48793,2
48794,2
48795,3
48796,2
48797,0
48798,2
48799,3
48800,4
48801,2
48802,1
48803,0
48804,2
48805,2
48806,4
48807,1
48808,6
48809,3
48810,1
48811,6
48812,0
48813,3
48814,2
48815,3
48816,3
48817,1
48818,6
48819,6
48820,0
48821,2
48822,0
48823,5
48824,2
48825,0
48826,4
48827,1
48828,3
48829,4
48830,2
48831,2
48832,3
48833,1
48834,1
48835,6
48836,3
48837,2
48838,0
48839,5
48840,5
48841,2
48842,1
48843,0
48844,1
48845,6
48846,2
48847,1
48848,0
48849,6
48850,2
48851,1
48852,3
48853,1
48854,2
48855,5
48856,1
48857,1
48858,1
48859,6
48860,6
48861,1
48862,0
48863,6
48864,5
48865,1
48866,4
48867,6
48868,5
48869,3
48870,1
48871,0
48872,6
48873,4
48874,5
48875,3
48876,4
48877,6
48878,2
48879,4
48880,5
48881,6
48882,4
48883,1
48884,2
48885,5
48886,1
48887,4
48888,4
48889,1
48890,2
48891,5
48892,4
48893,1
48894,2
48895,1
48896,2
48897,5
48898,1
48899,2
48900,4
48901,1
48902,1
48903,3
48904,6
48905,1
48906,1
48907,1
48908,0
48909,1
48910,3
48911,1
48912,1
48913,1
48914,0
48915,4
48916,3
48917,6
48918,0
48919,0
48920,1
48921,6
48922,1
48923,2
48924,0
48925,2
48926,4
48927,3
48928,2
48929,0
48930,5
48931,1
48932,5
48933,3
48934,1
48935,1
48936,4
48937,5
48938,2
48939,0
48940,6
48941,1
48942,1
48943,6
48944,3
48945,5
48946,5
48947,1
48948,4
48949,2
48950,5
48951,1
48952,2
48953,1
48954,1
48955,4
48956,5
48957,3
48958,1
48959,2
48960,6
48961,2
48962,1
48963,2
48964,3
48965,1
48966,1
48967,1
48968,2
48969,6
48970,1
48971,1
48972,1
48973,0
48974,1
48975,1
48976,1
48977,2
48978,5
48979,3
48980,1
48981,1
48982,0
48983,6
48984,1
48985,0
48986,4
48987,2
48988,1
48989,3
48990,2
48991,1
48992,0
48993,0
48994,1
48995,0
48996,5
48997,3
48998,1
48999,1
49000,1
49001,1
49002,3
49003,1
49004,1
49005,1
49006,3
49007,3
49008,1
49009,1
49010,2
49011,4
49012,2
49013,6
49014,5
49015,1
49016,2
49017,2
49018,1
49019,2
49020,1
49021,5
49022,1
49023,5
49024,6
49025,2
49026,2
49027,1
49028,2
49029,6
49030,2
49031,0
49032,5
49033,2
49034,1
49035,1
49036,1
49037,4
49038,6
49039,2
49040,4
49041,2
49042,1
49043,3
49044,0
49045,2
49046,2
49047,3
49048,6
49049,1
49050,2
49051,2
49052,1
49053,1
49054,5
49055,1
49056,2
49057,2
49058,1
49059,2
49060,1
49061,0
49062,1
49063,5
49064,2
49065,1
49066,0
49067,1
49068,2
49069,5
49070,2
49071,1
49072,0
49073,6
49074,2
49075,2
49076,6
49077,0
49078,0
49079,5
49080,3
49081,1
49082,0
49083,5
49084,2
49085,5
49086,5
49087,2
49088,5
49089,1
49090,2
49091,6
49092,2
49093,1
49094,2
49095,2
49096,2
49097,1
49098,4
49099,1
49100,0
49101,4
49102,1
49103,2
49104,0
49105,6
49106,1
49107,1
49108,5
49109,4
49110,2
49111,6
49112,1
49113,0
49114,1
49115,3
49116,1
49117,5
49118,1
49119,1
49120,6
49121,5
49122,2
49123,5
49124,0
49125,0
49126,1
49127,1
49128,5
49129,1
49130,1
49131,2
49132,2
49133,6
49134,5
49135,0
49136,4
49137,0
49138,4
49139,5
49140,4
49141,3
49142,2
49143,1
49144,4
49145,1
49146,4
49147,5
49148,0
49149,4
49150,1
49151,2
49152,6
49153,1
49154,0
49155,5
49156,1
49157,4
49158,1
49159,4
49160,1
49161,1
49162,1
49163,5
49164,1
49165,2
49166,1
49167,6
49168,1
49169,2
49170,0
49171,2
49172,6
49173,2
49174,0
49175,0
49176,2
49177,5
49178,6
49179,2
49180,2
49181,2
49182,2
49183,2
49184,2
49185,0
49186,2
49187,5
49188,0
49189,3
49190,2
49191,4
49192,1
49193,2
49194,0
49195,5
49196,6
49197,1
49198,0
49199,1
49200,3
49201,3
49202,5
49203,1
49204,3
49205,4
49206,4
49207,4
49208,1
49209,1
49210,5
49211,1
49212,2
49213,6
49214,4
49215,2
49216,1
49217,3
49218,3
49219,4
49220,3
49221,0
49222,1
49223,1
49224,5
49225,2
49226,1
49227,0
49228,5
49229,2
49230,2
49231,1
49232,0
49233,3
49234,1
49235,5
49236,5
49237,2
49238,5
49239,2
49240,1
49241,3
49242,1
49243,4
49244,0
49245,2
49246,2
49247,1
49248,5
49249,4
49250,5
49251,1
49252,1
49253,3
49254,5
49255,3
49256,6
49257,1
49258,1
49259,3
49260,2
49261,1
49262,0
49263,0
49264,0
49265,5
49266,3
49267,3
49268,6
49269,6
49270,1
49271,4
49272,1
49273,1
49274,0
49275,0
49276,2
49277,6
49278,4
49279,1
49280,1
49281,6
49282,1
49283,4
49284,6
49285,1
49286,1
49287,1
49288,4
49289,0
49290,4
49291,2
49292,2
49293,3
49294,2
49295,0
49296,0
49297,1
49298,2
49299,5
49300,2
49301,1
49302,1
49303,2
49304,5
49305,1
49306,4
49307,6
49308,2
49309,2
49310,4
49311,4
49312,0
49313,0
49314,5
49315,2
49316,1
49317,4
49318,2
49319,4
49320,1
49321,2
49322,3
49323,1
49324,2
49325,3
49326,5
49327,3
49328,1
49329,1
49330,1
49331,2
49332,6
49333,4
49334,5
49335,1
49336,2
49337,4
49338,0
49339,3
49340,2
49341,2
49342,5
49343,4
49344,2
49345,2
49346,5
49347,5
49348,2
49349,6
49350,1
49351,0
49352,4
49353,6
49354,3
49355,4
49356,3
49357,1
49358,6
49359,1
49360,3
49361,0
49362,6
49363,1
49364,6
49365,2
49366,1
49367,3
49368,0
49369,1
49370,0
49371,5
49372,2
49373,2
49374,0
49375,1
49376,2
49377,4
49378,1
49379,2
49380,1
49381,6
49382,0
49383,0
49384,2
49385,3
49386,5
49387,1
49388,1
49389,2
49390,1
49391,4
49392,1
49393,0
49394,6
49395,2
49396,2
49397,2
49398,5
49399,1
49400,2
49401,2
49402,6
49403,1
49404,4
49405,4
49406,3
49407,1
49408,2
49409,6
49410,2
49411,2
49412,6
49413,2
49414,6
49415,4
49416,4
49417,0
49418,5
49419,2
49420,2
49421,1
49422,1
49423,2
49424,3
49425,2
49426,6
49427,2
49428,1
49429,4
49430,2
49431,2
49432,2
49433,1
49434,1
49435,5
49436,4
49437,1
49438,1
49439,4
49440,3
49441,0
49442,1
49443,5
49444,1
49445,4
49446,3
49447,2
49448,6
49449,1
49450,0
49451,2
49452,1
49453,2
49454,5
49455,5
49456,4
49457,2
49458,3
49459,2
49460,1
49461,2
49462,2
49463,2
49464,2
49465,1
49466,1
49467,1
49468,1
49469,5
49470,0
49471,3
49472,3
49473,1
49474,1
49475,3
49476,0
49477,2
49478,6
49479,4
49480,2
49481,0
49482,2
49483,3
49484,2
49485,3
49486,2
49487,1
49488,2
49489,3
49490,3
49491,6
49492,2
49493,1
49494,3
49495,5
49496,1
49497,1
49498,3
49499,1
49500,2
49501,4
49502,5
49503,0
49504,0
49505,1
49506,3
49507,6
49508,3
49509,2
49510,6
49511,2
49512,2
49513,3
49514,4
49515,2
49516,2
49517,3
49518,2
49519,4
49520,4
49521,4
49522,5
49523,1
49524,1
49525,3
49526,1
49527,3
49528,6
49529,1
49530,6
49531,5
49532,5
49533,2
49534,5
49535,6
49536,2
49537,2
49538,1
49539,5
49540,2
49541,4
49542,3
49543,6
49544,1
49545,6
49546,2
49547,5
49548,2
49549,6
49550,6
49551,6
49552,2
49553,2
49554,6
49555,6
49556,2
49557,2
49558,1
49559,6
49560,5
49561,1
49562,0
49563,2
49564,0
49565,5
49566,5
49567,1
49568,0
49569,2
49570,2
49571,3
49572,6
49573,3
49574,2
49575,0
49576,0
49577,4
49578,2
49579,2
49580,2
49581,2
49582,2
49583,4
49584,6
49585,0
49586,5
49587,0
49588,6
49589,1
49590,4
49591,1
49592,1
49593,0
49594,5
49595,2
49596,0
49597,1
49598,1
49599,1
49600,6
49601,3
49602,2
49603,6
49604,3
49605,3
49606,0
49607,6
49608,2
49609,1
49610,5
49611,5
49612,1
49613,0
49614,3
49615,3
49616,1
49617,0
49618,5
49619,2
49620,4
49621,3
49622,2
49623,5
49624,3
49625,0
49626,2
49627,1
49628,2
49629,4
49630,1
49631,2
49632,3
49633,1
49634,5
49635,1
49636,2
49637,1
49638,1
49639,4
49640,3
49641,3
49642,3
49643,2
49644,4
49645,2
49646,2
49647,1
49648,4
49649,2
49650,2
49651,1
49652,1
49653,2
49654,1
49655,3
49656,1
49657,5
49658,0
49659,2
49660,1
49661,0
49662,2
49663,5
49664,3
49665,1
49666,2
49667,2
49668,1
49669,2
49670,6
49671,3
49672,4
49673,0
49674,6
49675,5
49676,1
49677,1
49678,6
49679,3
49680,4
49681,0
49682,0
49683,1
49684,2
49685,1
49686,1
49687,0
49688,3
49689,1
49690,1
49691,0
49692,1
49693,3
49694,2
49695,6
49696,2
49697,2
49698,5
49699,3
49700,2
49701,1
49702,2
49703,2
49704,2
49705,5
49706,6
49707,1
49708,0
49709,5
49710,2
49711,2
49712,1
49713,1
49714,3
49715,4
49716,2
49717,1
49718,5
49719,0
49720,1
49721,1
49722,5
49723,1
49724,3
49725,2
49726,1
49727,2
49728,1
49729,2
49730,1
49731,1
49732,1
49733,5
49734,0
49735,1
49736,3
49737,6
49738,0
49739,3
49740,1
49741,1
49742,2
49743,1
49744,6
49745,4
49746,3
49747,0
49748,2
49749,4
49750,0
49751,0
49752,4
49753,1
49754,1
49755,1
49756,2
49757,1
49758,0
49759,2
49760,0
49761,5
49762,2
49763,2
49764,1
49765,2
49766,3
49767,1
49768,0
49769,4
49770,2
49771,5
49772,3
49773,1
49774,2
49775,1
49776,3
49777,0
49778,2
49779,6
49780,1
49781,0
49782,4
49783,0
49784,4
49785,1
49786,5
49787,3
49788,2
49789,3
49790,6
49791,2
49792,5
49793,4
49794,2
49795,6
49796,2
49797,0
49798,3
49799,0
49800,1
49801,4
49802,2
49803,6
49804,1
49805,1
49806,0
49807,1
49808,3
49809,1
49810,1
49811,5
49812,2
49813,0
49814,2
49815,5
49816,6
49817,1
49818,2
49819,1
49820,1
49821,1
49822,0
49823,4
49824,3
49825,3
49826,1
49827,0
49828,4
49829,0
49830,0
49831,2
49832,0
49833,4
49834,1
49835,2
49836,3
49837,2
49838,4
49839,2
49840,1
49841,1
49842,2
49843,5
49844,1
49845,0
49846,4
49847,2
49848,0
49849,2
49850,1
49851,4
49852,1
49853,6
49854,1
49855,4
49856,2
49857,4
49858,3
49859,0
49860,2
49861,2
49862,4
49863,6
49864,5
49865,4
49866,2
49867,2
49868,1
49869,3
49870,3
49871,3
49872,4
49873,1
49874,6
49875,2
49876,0
49877,0
49878,5
49879,6
49880,5
49881,5
49882,2
49883,3
49884,4
49885,5
49886,4
49887,6
49888,2
49889,3
49890,2
49891,2
49892,1
49893,3
49894,2
49895,3
49896,5
49897,6
49898,1
49899,2
49900,4
49901,4
49902,1
49903,2
49904,0
49905,0
49906,6
49907,2
49908,1
49909,5
49910,2
49911,1
49912,3
49913,0
49914,3
49915,1
49916,1
49917,3
49918,1
49919,0
49920,1
49921,3
49922,4
49923,1
49924,1
49925,1
49926,1
49927,1
49928,2
49929,1
49930,3
49931,0
49932,5
49933,6
49934,1
49935,3
49936,6
49937,3
49938,2
49939,6
49940,1
49941,0
49942,4
49943,3
49944,2
49945,1
49946,3
49947,3
49948,6
49949,5
49950,1
49951,4
49952,0
49953,2
49954,2
49955,2
49956,5
49957,0
49958,0
49959,2
49960,0
49961,6
49962,4
49963,2
49964,3
49965,5
49966,1
49967,1
49968,4
49969,3
49970,3
49971,1
49972,6
49973,5
49974,1
49975,5
49976,1
49977,1
49978,6
49979,2
49980,4
49981,1
49982,0
49983,2
49984,3
49985,1
49986,1
49987,1
49988,3
49989,3
49990,1
49991,1
49992,0
49993,5
49994,5
49995,4
49996,0
49997,1
49998,1
49999,3
50000,5
50001,6
50002,0
50003,3
50004,6
50005,3
50006,2
50007,5
50008,4
50009,3
50010,2
50011,6
50012,2
50013,4
50014,6
50015,4
50016,0
50017,2
50018,1
50019,5
50020,2
50021,4
50022,6
50023,3
50024,1
50025,3
50026,0
50027,2
50028,2
50029,1
50030,1
50031,4
50032,0
50033,3
50034,2
50035,1
50036,0
50037,2
50038,1
50039,4
50040,5
50041,0
50042,4
50043,3
50044,5
50045,0
50046,2
50047,4
50048,5
50049,1
50050,4
50051,2
50052,0
50053,0
50054,2
50055,2
50056,2
50057,2
50058,5
50059,1
50060,2
50061,1
50062,6
50063,1
50064,0
50065,5
50066,1
50067,2
50068,4
50069,1
50070,2
50071,2
50072,4
50073,2
50074,1
50075,4
50076,5
50077,4
50078,2
50079,4
50080,2
50081,2
50082,0
50083,2
50084,0
50085,1
50086,2
50087,2
50088,2
50089,3
50090,4
50091,2
50092,1
50093,3
50094,1
50095,6
50096,5
50097,0
50098,2
50099,3
50100,5
50101,1
50102,6
50103,2
50104,5
50105,6
50106,1
50107,5
50108,6
50109,1
50110,2
50111,1
50112,4
50113,5
50114,2
50115,2
50116,5
50117,6
50118,6
50119,2
50120,2
50121,5
50122,2
50123,1
50124,0
50125,1
50126,3
50127,2
50128,3
50129,1
50130,0
50131,0
50132,1
50133,0
50134,5
50135,1
50136,2
50137,1
50138,5
50139,4
50140,2
50141,1
50142,0
50143,2
50144,3
50145,1
50146,6
50147,1
50148,6
50149,2
50150,1
50151,6
50152,0
50153,3
50154,4
50155,1
50156,3
50157,1
50158,2
50159,1
50160,1
50161,6
50162,1
50163,3
50164,1
50165,1
50166,2
50167,3
50168,4
50169,4
50170,4
50171,2
50172,2
50173,5
50174,4
50175,0
50176,6
50177,0
50178,5
50179,2
50180,0
50181,0
50182,2
50183,1
50184,4
50185,1
50186,1
50187,1
50188,6
50189,1
50190,1
50191,1
50192,6
50193,0
50194,3
50195,2
50196,2
50197,1
50198,3
50199,2
50200,4
50201,4
50202,6
50203,2
50204,0
50205,3
50206,1
50207,3
50208,1
50209,2
50210,6
50211,3
50212,2
50213,0
50214,0
50215,1
50216,0
50217,2
50218,6
50219,3
50220,2
50221,2
50222,3
50223,2
50224,1
50225,2
50226,3
50227,4
50228,4
50229,1
50230,3
50231,6
50232,1
50233,4
50234,1
50235,6
50236,2
50237,4
50238,1
50239,2
50240,4
50241,1
50242,3
50243,1
50244,1
50245,1
50246,5
50247,5
50248,1
50249,0
50250,5
50251,0
50252,3
50253,5
50254,6
50255,1
50256,2
50257,3
50258,1
50259,3
50260,2
50261,2
50262,2
50263,1
50264,2
50265,0
50266,0
50267,2
50268,2
50269,1
50270,1
50271,2
50272,6
50273,1
50274,4
50275,2
50276,5
50277,3
50278,0
50279,4
50280,0
50281,2
50282,2
50283,4
50284,4
50285,3
50286,1
50287,2
50288,3
50289,0
50290,3
50291,4
50292,2
50293,4
50294,5
50295,5
50296,0
50297,2
50298,3
50299,4
50300,2
50301,0
50302,6
50303,2
50304,3
50305,6
50306,2
50307,6
50308,1
50309,1
50310,6
50311,3
50312,4
50313,1
50314,1
50315,1
50316,1
50317,1
50318,0
50319,2
50320,6
50321,2
50322,1
50323,2
50324,3
50325,2
50326,2
50327,4
50328,0
50329,1
50330,2
50331,2
50332,1
50333,4
50334,1
50335,6
50336,3
50337,1
50338,3
50339,0
50340,1
50341,4
50342,6
50343,0
50344,0
50345,4
50346,2
50347,1
50348,0
50349,3
50350,5
50351,3
50352,1
50353,1
50354,2
50355,2
50356,2
50357,3
50358,3
50359,5
50360,6
50361,4
50362,1
50363,1
50364,6
50365,0
50366,3
50367,0
50368,4
50369,0
50370,5
50371,3
50372,1
50373,3
50374,1
50375,1
50376,5
50377,1
50378,2
50379,6
50380,1
50381,2
50382,2
50383,6
50384,2
50385,2
50386,1
50387,2
50388,0
50389,6
50390,2
50391,6
50392,5
50393,2
50394,2
50395,2
50396,6
50397,1
50398,0
50399,6
50400,1
50401,2
50402,4
50403,6
50404,2
50405,2
50406,0
50407,2
50408,2
50409,4
50410,2
50411,2
50412,6
50413,1
50414,5
50415,4
50416,5
50417,2
50418,5
50419,6
50420,4
50421,1
50422,3
50423,6
50424,0
50425,1
50426,1
50427,6
50428,1
50429,6
50430,6
50431,1
50432,1
50433,1
50434,5
50435,5
50436,3
50437,4
50438,6
50439,3
50440,1
50441,0
50442,6
50443,2
50444,2
50445,4
50446,2
50447,3
50448,4
50449,5
50450,6
50451,2
50452,6
50453,6
50454,0
50455,2
50456,0
50457,6
50458,3
50459,4
50460,2
50461,6
50462,4
50463,3
50464,2
50465,5
50466,1
50467,4
50468,6
50469,2
50470,5
50471,0
50472,1
50473,6
50474,2
50475,3
50476,1
50477,4
50478,1
50479,4
50480,0
50481,3
50482,3
50483,3
50484,2
50485,2
50486,1
50487,2
50488,4
50489,0
50490,3
50491,2
50492,0
50493,3
50494,4
50495,3
50496,4
50497,1
50498,6
50499,2
50500,3
50501,1
50502,2
50503,3
50504,1
50505,6
50506,0
50507,0
50508,5
50509,5
50510,3
50511,2
50512,1
50513,5
50514,2
50515,2
50516,2
50517,3
50518,2
50519,3
50520,4
50521,3
50522,1
50523,3
50524,6
50525,1
50526,1
50527,1
50528,1
50529,2
50530,0
50531,1
50532,1
50533,5
50534,6
50535,2
50536,2
50537,1
50538,1
50539,5
50540,6
50541,4
50542,1
50543,4
50544,4
50545,2
50546,3
50547,6
50548,2
50549,2
50550,6
50551,5
50552,1
50553,4
50554,3
50555,1
50556,3
50557,4
50558,2
50559,1
50560,1
50561,1
50562,5
50563,5
50564,0
50565,0
50566,6
50567,2
50568,1
50569,2
50570,1
50571,1
50572,5
50573,5
50574,2
50575,0
50576,2
50577,1
50578,6
50579,1
50580,6
50581,2
50582,1
50583,6
50584,5
50585,6
50586,1
50587,1
50588,0
50589,2
50590,1
50591,3
50592,0
50593,5
50594,2
50595,2
50596,0
50597,2
50598,0
50599,6
50600,5
50601,2
50602,2
50603,6
50604,3
50605,1
50606,4
50607,0
50608,0
50609,2
50610,1
50611,5
50612,2
50613,0
50614,0
50615,0
50616,2
50617,1
50618,1
50619,4
50620,2
50621,3
50622,4
50623,0
50624,1
50625,4
50626,0
50627,6
50628,0
50629,1
50630,1
50631,6
50632,5
50633,4
50634,5
50635,4
50636,2
50637,2
50638,5
50639,2
50640,6
50641,3
50642,2
50643,1
50644,5
50645,3
50646,4
50647,1
50648,1
50649,3
50650,1
50651,4
50652,2
50653,1
50654,5
50655,5
50656,2
50657,2
50658,5
50659,0
50660,4
50661,2
50662,0
50663,2
50664,3
50665,4
50666,5
50667,3
50668,5
50669,0
50670,6
50671,3
50672,2
50673,3
50674,0
50675,1
50676,3
50677,4
50678,4
50679,6
50680,5
50681,1
50682,5
50683,4
50684,6
50685,0
50686,3
50687,2
50688,6
50689,1
50690,0
50691,1
50692,1
50693,1
50694,6
50695,1
50696,4
50697,0
50698,1
50699,2
50700,4
50701,2
50702,5
50703,1
50704,1
50705,1
50706,6
50707,1
50708,4
50709,6
50710,3
50711,5
50712,5
50713,4
50714,1
50715,2
50716,2
50717,2
50718,2
50719,3
50720,5
50721,2
50722,5
50723,5
50724,1
50725,2
50726,4
50727,0
50728,2
50729,1
50730,5
50731,6
50732,1
50733,0
50734,1
50735,1
50736,0
50737,6
50738,1
50739,5
50740,1
50741,4
50742,2
50743,2
50744,6
50745,2
50746,2
50747,4
50748,1
50749,2
50750,1
50751,1
50752,5
50753,4
50754,1
50755,2
50756,3
50757,0
50758,3
50759,0
50760,1
50761,2
50762,2
50763,5
50764,2
50765,1
50766,3
50767,3
50768,3
50769,2
50770,0
50771,0
50772,0
50773,2
50774,4
50775,1
50776,4
50777,6
50778,1
50779,5
50780,2
50781,2
50782,1
50783,0
50784,0
50785,5
50786,6
50787,5
50788,6
50789,3
50790,3
50791,1
50792,4
50793,1
50794,2
50795,1
50796,2
50797,1
50798,0
50799,6
50800,2
50801,6
50802,5
50803,4
50804,0
50805,2
50806,6
50807,4
50808,2
50809,4
50810,3
50811,0
50812,6
50813,3
50814,5
50815,1
50816,1
50817,1
50818,2
50819,0
50820,0
50821,2
50822,5
50823,4
50824,5
50825,3
50826,1
50827,0
50828,0
50829,0
50830,3
50831,6
50832,1
50833,4
50834,1
50835,1
50836,2
50837,2
50838,4
50839,1
50840,4
50841,2
50842,6
50843,4
50844,2
50845,6
50846,2
50847,2
50848,2
50849,0
50850,5
50851,2
50852,2
50853,1
50854,4
50855,1
50856,3
50857,4
50858,6
50859,0
50860,5
50861,2
50862,3
50863,0
50864,1
50865,1
50866,1
50867,0
50868,1
50869,6
50870,1
50871,6
50872,3
50873,3
50874,3
50875,5
50876,2
50877,2
50878,2
50879,1
50880,2
50881,6
50882,0
50883,3
50884,4
50885,1
50886,2
50887,2
50888,0
50889,3
50890,1
50891,1
50892,1
50893,1
50894,2
50895,0
50896,0
50897,3
50898,4
50899,0
50900,5
50901,1
50902,1
50903,2
50904,5
50905,3
50906,1
50907,3
50908,0
50909,6
50910,1
50911,0
50912,6
50913,2
50914,3
50915,4
50916,5
50917,1
50918,6
50919,0
50920,2
50921,4
50922,1
50923,2
50924,1
50925,6
50926,2
50927,2
50928,1
50929,3
50930,2
50931,1
50932,2
50933,1
50934,1
50935,6
50936,3
50937,2
50938,1
50939,6
50940,2
50941,3
50942,5
50943,2
50944,2
50945,1
50946,1
50947,5
50948,2
50949,2
50950,2
50951,6
50952,5
50953,2
50954,1
50955,1
50956,6
50957,4
50958,5
50959,1
50960,5
50961,0
50962,0
50963,3
50964,1
50965,1
50966,3
50967,2
50968,3
50969,1
50970,6
50971,2
50972,6
50973,4
50974,0
50975,5
50976,2
50977,4
50978,5
50979,1
50980,5
50981,3
50982,5
50983,1
50984,4
50985,0
50986,2
50987,2
50988,3
50989,1
50990,6
50991,1
50992,0
50993,2
50994,2
50995,2
50996,5
50997,1
50998,0
50999,5
51000,0
51001,4
51002,3
51003,1
51004,1
51005,4
51006,3
51007,0
51008,2
51009,1
51010,1
51011,3
51012,2
51013,4
51014,2
51015,0
51016,1
51017,2
51018,2
51019,1
51020,0
51021,0
51022,5
51023,5
51024,4
51025,0
51026,1
51027,0
51028,6
51029,4
51030,3
51031,3
51032,2
51033,5
51034,2
51035,1
51036,2
51037,3
51038,6
51039,2
51040,1
51041,0
51042,1
51043,1
51044,0
51045,4
51046,1
51047,0
51048,4
51049,5
51050,1
51051,0
51052,4
51053,0
51054,5
51055,3
51056,2
51057,2
51058,5
51059,1
51060,2
51061,1
51062,1
51063,1
51064,1
51065,2
51066,2
51067,1
51068,5
51069,3
51070,1
51071,3
51072,2
51073,0
51074,1
51075,0
51076,2
51077,1
51078,3
51079,3
51080,6
51081,6
51082,1
51083,5
51084,5
51085,0
51086,2
51087,5
51088,2
51089,2
51090,5
51091,4
51092,4
51093,1
51094,2
51095,2
51096,1
51097,1
51098,2
51099,3
51100,1
51101,6
51102,4
51103,1
51104,1
51105,3
51106,1
51107,2
51108,5
51109,1
51110,3
51111,2
51112,1
51113,3
51114,4
51115,5
51116,6
51117,5
51118,2
51119,6
51120,0
51121,2
51122,1
51123,1
51124,2
51125,0
51126,6
51127,6
51128,2
51129,1
51130,0
51131,4
51132,2
51133,4
51134,1
51135,4
51136,2
51137,2
51138,1
51139,6
51140,2
51141,5
51142,6
51143,0
51144,2
51145,6
51146,1
51147,0
51148,6
51149,4
51150,2
51151,0
51152,5
51153,2
51154,6
51155,1
51156,4
51157,4
51158,4
51159,1
51160,3
51161,3
51162,3
51163,0
51164,1
51165,1
51166,5
51167,2
51168,2
51169,5
51170,2
51171,5
51172,0
51173,0
51174,6
51175,2
51176,0
51177,3
51178,2
51179,1
51180,2
51181,5
51182,2
51183,6
51184,5
51185,2
51186,3
51187,0
51188,2
51189,3
51190,4
51191,1
51192,1
51193,4
51194,6
51195,2
51196,2
51197,3
51198,4
51199,6
51200,3
51201,1
51202,0
51203,4
51204,0
51205,2
51206,5
51207,2
51208,1
51209,5
51210,1
51211,0
51212,3
51213,5
51214,6
51215,0
51216,2
51217,2
51218,2
51219,1
51220,3
51221,5
51222,3
51223,2
51224,2
51225,4
51226,3
51227,1
51228,1
51229,6
51230,0
51231,1
51232,2
51233,2
51234,4
51235,2
51236,4
51237,1
51238,0
51239,0
51240,1
51241,1
51242,0
51243,0
51244,0
51245,1
51246,2
51247,6
51248,2
51249,1
51250,6
51251,1
51252,1
51253,2
51254,5
51255,2
51256,2
51257,6
51258,2
51259,4
51260,4
51261,3
51262,1
51263,5
51264,3
51265,6
51266,0
51267,6
51268,3
51269,6
51270,0
51271,0
51272,0
51273,5
51274,2
51275,2
51276,6
51277,6
51278,2
51279,2
51280,1
51281,1
51282,2
51283,2
51284,1
51285,1
51286,6
51287,4
51288,0
51289,6
51290,4
51291,0
51292,3
51293,4
51294,0
51295,6
51296,5
51297,1
51298,1
51299,0
51300,2
51301,2
51302,1
51303,4
51304,5
51305,3
51306,5
51307,0
51308,6
51309,1
51310,2
51311,3
51312,6
51313,2
51314,4
51315,2
51316,5
51317,4
51318,3
51319,1
51320,1
51321,1
51322,1
51323,5
51324,1
51325,0
51326,2
51327,5
51328,2
51329,2
51330,2
51331,6
51332,1
51333,3
51334,6
51335,6
51336,5
51337,4
51338,2
51339,2
51340,1
51341,4
51342,1
51343,6
51344,3
51345,5
51346,1
51347,2
51348,1
51349,2
51350,1
51351,1
51352,5
51353,5
51354,2
51355,1
51356,2
51357,1
51358,1
51359,0
51360,2
51361,3
51362,1
51363,6
51364,2
51365,6
51366,4
51367,5
51368,1
51369,1
51370,4
51371,6
51372,6
51373,6
51374,1
51375,4
51376,2
51377,3
51378,1
51379,6
51380,3
51381,4
51382,4
51383,6
51384,0
51385,1
51386,2
51387,1
51388,4
51389,6
51390,5
51391,2
51392,2
51393,3
51394,2
51395,0
51396,2
51397,1
51398,4
51399,1
51400,2
51401,2
51402,2
51403,1
51404,0
51405,4
51406,0
51407,2
51408,1
51409,2
51410,2
51411,1
51412,1
51413,0
51414,3
51415,1
51416,3
51417,2
51418,2
51419,1
51420,2
51421,3
51422,1
51423,1
51424,2
51425,4
51426,2
51427,1
51428,1
51429,0
51430,2
51431,1
51432,2
51433,4
51434,2
51435,4
51436,6
51437,1
51438,2
51439,1
51440,1
51441,0
51442,1
51443,1
51444,1
51445,0
51446,4
51447,6
51448,1
51449,5
51450,2
51451,2
51452,6
51453,2
51454,3
51455,2
51456,5
51457,4
51458,0
51459,0
51460,0
51461,1
51462,4
51463,4
51464,6
51465,6
51466,6
51467,5
51468,4
51469,3
51470,1
51471,3
51472,3
51473,3
51474,6
51475,0
51476,2
51477,5
51478,6
51479,1
51480,6
51481,3
51482,0
51483,2
51484,3
51485,5
51486,2
51487,3
51488,0
51489,0
51490,2
51491,4
51492,2
51493,1
51494,4
51495,2
51496,2
51497,4
51498,6
51499,1
51500,1
51501,2
51502,4
51503,3
51504,1
51505,2
51506,6
51507,4
51508,2
51509,3
51510,2
51511,0
51512,5
51513,1
51514,1
51515,2
51516,3
51517,2
51518,1
51519,1
51520,4
51521,1
51522,1
51523,6
51524,1
51525,1
51526,2
51527,2
51528,2
51529,0
51530,2
51531,5
51532,5
51533,2
51534,3
51535,1
51536,2
51537,0
51538,6
51539,5
51540,1
51541,0
51542,2
51543,2
51544,2
51545,6
51546,4
51547,1
51548,1
51549,2
51550,2
51551,1
51552,0
51553,1
51554,3
51555,0
51556,1
51557,1
51558,4
51559,2
51560,2
51561,6
51562,4
51563,3
51564,1
51565,6
51566,6
51567,2
51568,1
51569,1
51570,6
51571,4
51572,1
51573,4
51574,0
51575,0
51576,1
51577,3
51578,2
51579,3
51580,2
51581,2
51582,2
51583,1
51584,2
51585,1
51586,1
51587,0
51588,0
51589,1
51590,3
51591,3
51592,6
51593,4
51594,4
51595,5
51596,1
51597,6
51598,2
51599,0
51600,2
51601,4
51602,1
51603,5
51604,5
51605,4
51606,0
51607,1
51608,1
51609,1
51610,3
51611,6
51612,3
51613,5
51614,4
51615,0
51616,2
51617,5
51618,3
51619,5
51620,1
51621,4
51622,4
51623,1
51624,1
51625,0
51626,4
51627,1
51628,2
51629,2
51630,1
51631,1
51632,1
51633,1
51634,6
51635,5
51636,6
51637,1
51638,0
51639,2
51640,2
51641,6
51642,2
51643,6
51644,3
51645,2
51646,1
51647,1
51648,1
51649,1
51650,5
51651,1
51652,0
51653,2
51654,2
51655,1
51656,0
51657,4
51658,2
51659,1
51660,1
51661,3
51662,0
51663,5
51664,0
51665,5
51666,3
51667,2
51668,6
51669,0
51670,2
51671,5
51672,0
51673,2
51674,2
51675,6
51676,6
51677,1
51678,5
51679,2
51680,5
51681,4
51682,2
51683,0
51684,5
51685,1
51686,0
51687,4
51688,1
51689,1
51690,2
51691,1
51692,2
51693,6
51694,0
51695,2
51696,3
51697,2
51698,4
51699,1
51700,1
51701,2
51702,6
51703,5
51704,1
51705,6
51706,2
51707,5
51708,1
51709,4
51710,6
51711,5
51712,1
51713,3
51714,1
51715,1
51716,2
51717,2
51718,3
51719,5
51720,4
51721,1
51722,2
51723,5
51724,6
51725,2
51726,6
51727,2
51728,1
51729,1
51730,5
51731,2
51732,2
51733,6
51734,2
51735,2
51736,0
51737,1
51738,1
51739,5
51740,5
51741,1
51742,6
51743,1
51744,5
51745,1
51746,6
51747,6
51748,0
51749,0
51750,2
51751,3
51752,1
51753,1
51754,3
51755,1
51756,3
51757,5
51758,2
51759,1
51760,1
51761,5
51762,2
51763,3
51764,3
51765,1
51766,1
51767,6
51768,1
51769,3
51770,1
51771,1
51772,0
51773,5
51774,4
51775,4
51776,1
51777,2
51778,2
51779,1
51780,6
51781,3
51782,3
51783,2
51784,2
51785,1
51786,2
51787,3
51788,3
51789,0
51790,1
51791,6
51792,6
51793,3
51794,4
51795,1
51796,5
51797,6
51798,4
51799,2
51800,6
51801,2
51802,4
51803,3
51804,5
51805,5
51806,4
51807,5
51808,6
51809,3
51810,4
51811,4
51812,0
51813,2
51814,1
51815,5
51816,2
51817,1
51818,2
51819,1
51820,2
51821,1
51822,6
51823,2
51824,2
51825,2
51826,2
51827,1
51828,1
51829,5
51830,6
51831,1
51832,4
51833,0
51834,1
51835,1
51836,5
51837,2
51838,6
51839,3
51840,6
51841,5
51842,6
51843,4
51844,1
51845,4
51846,2
51847,2
51848,3
51849,2
51850,2
51851,1
51852,0
51853,3
51854,3
51855,0
51856,6
51857,6
51858,3
51859,5
51860,4
51861,3
51862,1
51863,1
51864,2
51865,3
51866,2
51867,3
51868,6
51869,1
51870,3
51871,1
51872,0
51873,0
51874,4
51875,1
51876,1
51877,6
51878,0
51879,0
51880,6
51881,0
51882,2
51883,6
51884,3
51885,3
51886,3
51887,1
51888,1
51889,2
51890,2
51891,1
51892,2
51893,1
51894,5
51895,6
51896,4
51897,2
51898,2
51899,2
51900,3
51901,1
51902,2
51903,1
51904,2
51905,3
51906,5
51907,6
51908,6
51909,1
51910,3
51911,6
51912,1
51913,6
51914,4
51915,2
51916,3
51917,1
51918,6
51919,1
51920,0
51921,1
51922,2
51923,3
51924,4
51925,3
51926,6
51927,3
51928,3
51929,1
51930,2
51931,2
51932,2
51933,1
51934,2
51935,1
51936,1
51937,2
51938,5
51939,2
51940,3
51941,6
51942,1
51943,1
51944,6
51945,5
51946,2
51947,2
51948,2
51949,0
51950,2
51951,2
51952,1
51953,2
51954,0
51955,3
51956,4
51957,2
51958,4
51959,3
51960,0
51961,2
51962,5
51963,1
51964,2
51965,1
51966,2
51967,3
51968,4
51969,2
51970,1
51971,2
51972,3
51973,6
51974,3
51975,2
51976,3
51977,1
51978,1
51979,4
51980,6
51981,6
51982,6
51983,3
51984,4
51985,0
51986,5
51987,0
51988,1
51989,2
51990,4
51991,4
51992,3
51993,5
51994,1
51995,1
51996,1
51997,0
51998,1
51999,2
52000,1
52001,5
52002,0
52003,3
52004,0
52005,4
52006,2
52007,2
52008,2
52009,3
52010,0
52011,1
52012,2
52013,1
52014,2
52015,6
52016,5
52017,0
52018,4
52019,0
52020,0
52021,2
52022,3
52023,1
52024,3
52025,2
52026,6
52027,2
52028,2
52029,1
52030,2
52031,5
52032,2
52033,2
52034,2
52035,2
52036,1
52037,4
52038,2
52039,0
52040,6
52041,6
52042,1
52043,2
52044,4
52045,2
52046,6
52047,1
52048,5
52049,1
52050,3
52051,1
52052,1
52053,6
52054,4
52055,0
52056,2
52057,1
52058,6
52059,4
52060,1
52061,4
52062,3
52063,4
52064,2
52065,2
52066,2
52067,1
52068,0
52069,5
52070,1
52071,4
52072,2
52073,2
52074,3
52075,2
52076,2
52077,1
52078,3
52079,3
52080,0
52081,0
52082,4
52083,2
52084,1
52085,1
52086,6
52087,2
52088,1
52089,2
52090,1
52091,0
52092,0
52093,0
52094,1
52095,4
52096,0
52097,2
52098,2
52099,1
52100,2
52101,0
52102,6
52103,1
52104,3
52105,1
52106,6
52107,1
52108,0
52109,2
52110,1
52111,1
52112,6
52113,1
52114,1
52115,6
52116,3
52117,1
52118,1
52119,6
52120,5
52121,1
52122,0
52123,0
52124,1
52125,2
52126,3
52127,3
52128,6
52129,4
52130,3
52131,2
52132,2
52133,1
52134,5
52135,5
52136,4
52137,1
52138,6
52139,3
52140,0
52141,6
52142,4
52143,2
52144,6
52145,5
52146,3
52147,2
52148,2
52149,4
52150,3
52151,4
52152,3
52153,3
52154,3
52155,1
52156,1
52157,2
52158,3
52159,2
52160,0
52161,2
52162,2
52163,1
52164,0
52165,3
52166,1
52167,0
52168,0
52169,6
52170,4
52171,0
52172,3
52173,1
52174,5
52175,0
52176,3
52177,1
52178,4
52179,4
52180,5
52181,1
52182,2
52183,0
52184,2
52185,4
52186,1
52187,1
52188,1
52189,6
52190,2
52191,2
52192,2
52193,5
52194,3
52195,6
52196,2
52197,0
52198,4
52199,1
52200,0
52201,2
52202,1
52203,0
52204,2
52205,2
52206,2
52207,1
52208,3
52209,5
52210,2
52211,6
52212,0
52213,2
52214,0
52215,6
52216,4
52217,6
52218,6
52219,1
52220,2
52221,1
52222,5
52223,6
52224,1
52225,1
52226,6
52227,2
52228,2
52229,0
52230,4
52231,3
52232,0
52233,5
52234,5
52235,2
52236,4
52237,6
52238,2
52239,0
52240,3
52241,1
52242,4
52243,5
52244,5
52245,1
52246,2
52247,1
52248,0
52249,1
52250,2
52251,1
52252,3
52253,0
52254,2
52255,3
52256,2
52257,3
52258,1
52259,1
52260,2
52261,1
52262,3
52263,4
52264,2
52265,1
52266,1
52267,2
52268,1
52269,6
52270,5
52271,2
52272,1
52273,6
52274,1
52275,1
52276,1
52277,0
52278,1
52279,1
52280,4
52281,4
52282,5
52283,6
52284,2
52285,1
52286,2
52287,1
52288,4
52289,2
52290,5
52291,5
52292,0
52293,2
52294,4
52295,6
52296,5
52297,5
52298,0
52299,2
52300,5
52301,6
52302,2
52303,0
52304,4
52305,4
52306,4
52307,0
52308,3
52309,5
52310,2
52311,0
52312,1
52313,1
52314,1
52315,3
52316,6
52317,5
52318,6
52319,3
52320,4
52321,0
52322,3
52323,1
52324,3
52325,5
52326,4
52327,3
52328,6
52329,3
52330,5
52331,2
52332,0
52333,4
52334,1
52335,2
52336,6
52337,6
52338,4
52339,6
52340,6
52341,1
52342,4
52343,5
52344,1
52345,0
52346,6
52347,0
52348,6
52349,1
52350,4
52351,3
52352,4
52353,0
52354,1
52355,2
52356,1
52357,2
52358,0
52359,2
52360,2
52361,3
52362,2
52363,1
52364,2
52365,2
52366,1
52367,2
52368,2
52369,0
52370,2
52371,3
52372,2
52373,1
52374,5
52375,4
52376,1
52377,2
52378,2
52379,2
52380,1
52381,2
52382,6
52383,3
52384,2
52385,2
52386,1
52387,4
52388,2
52389,6
52390,1
52391,4
52392,2
52393,1
52394,2
52395,0
52396,1
52397,3
52398,4
52399,2
52400,2
52401,1
52402,1
52403,1
52404,1
52405,5
52406,2
52407,1
52408,4
52409,0
52410,5
52411,2
52412,1
52413,5
52414,1
52415,5
52416,2
52417,2
52418,5
52419,2
52420,0
52421,5
52422,1
52423,5
52424,6
52425,0
52426,0
52427,3
52428,1
52429,1
52430,3
52431,5
52432,6
52433,1
52434,2
52435,3
52436,1
52437,1
52438,1
52439,2
52440,1
52441,1
52442,2
52443,4
52444,1
52445,2
52446,3
52447,1
52448,6
52449,2
52450,3
52451,3
52452,0
52453,3
52454,5
52455,1
52456,5
52457,0
52458,5
52459,0
52460,5
52461,0
52462,1
52463,0
52464,1
52465,5
52466,2
52467,1
52468,5
52469,6
52470,0
52471,3
52472,5
52473,5
52474,5
52475,2
52476,5
52477,3
52478,5
52479,5
52480,3
52481,0
52482,0
52483,1
52484,1
52485,5
52486,6
52487,1
52488,1
52489,6
52490,6
52491,5
52492,0
52493,5
52494,0
52495,3
52496,5
52497,6
52498,3
52499,2
52500,1
52501,1
52502,4
52503,3
52504,0
52505,4
52506,6
52507,0
52508,4
52509,1
52510,1
52511,4
52512,1
52513,4
52514,5
52515,4
52516,1
52517,2
52518,4
52519,3
52520,2
52521,6
52522,1
52523,2
52524,0
52525,6
52526,3
52527,4
52528,5
52529,3
52530,6
52531,5
52532,0
52533,5
52534,4
52535,0
52536,4
52537,1
52538,1
52539,3
52540,2
52541,2
52542,1
52543,3
52544,5
52545,1
52546,2
52547,3
52548,4
52549,3
52550,1
52551,5
52552,1
52553,4
52554,1
52555,1
52556,0
52557,4
52558,2
52559,4
52560,4
52561,6
52562,0
52563,1
52564,5
52565,2
52566,1
52567,4
52568,5
52569,1
52570,2
52571,0
52572,5
52573,0
52574,5
52575,4
52576,5
52577,0
52578,2
52579,1
52580,0
52581,5
52582,4
52583,4
52584,5
52585,3
52586,2
52587,0
52588,1
52589,3
52590,1
52591,4
52592,0
52593,2
52594,5
52595,4
52596,0
52597,4
52598,6
52599,1
52600,1
52601,6
52602,4
52603,1
52604,1
52605,6
52606,3
52607,0
52608,2
52609,2
52610,2
52611,6
52612,5
52613,2
52614,1
52615,1
52616,1
52617,2
52618,2
52619,3
52620,1
52621,1
52622,2
52623,4
52624,3
52625,4
52626,6
52627,5
52628,5
52629,1
52630,6
52631,0
52632,4
52633,1
52634,2
52635,0
52636,5
52637,1
52638,1
52639,5
52640,5
52641,2
52642,2
52643,1
52644,6
52645,2
52646,0
52647,6
52648,0
52649,4
52650,4
52651,2
52652,1
52653,1
52654,3
52655,4
52656,0
52657,4
52658,2
52659,5
52660,5
52661,6
52662,2
52663,6
52664,5
52665,2
52666,3
52667,2
52668,1
52669,2
52670,0
52671,0
52672,2
52673,5
52674,2
52675,5
52676,5
52677,4
52678,2
52679,6
52680,2
52681,1
52682,2
52683,2
52684,4
52685,1
52686,2
52687,1
52688,4
52689,3
52690,4
52691,0
52692,4
52693,5
52694,1
52695,2
52696,1
52697,5
52698,2
52699,2
52700,5
52701,2
52702,1
52703,4
52704,6
52705,1
52706,1
52707,2
52708,2
52709,6
52710,4
52711,3
52712,1
52713,3
52714,0
52715,2
52716,5
52717,2
52718,4
52719,3
52720,6
52721,2
52722,2
52723,1
52724,6
52725,5
52726,1
52727,4
52728,1
52729,3
52730,5
52731,2
52732,6
52733,2
52734,1
52735,2
52736,2
52737,2
52738,2
52739,1
52740,3
52741,3
52742,1
52743,1
52744,2
52745,2
52746,2
52747,1
52748,4
52749,6
52750,1
52751,6
52752,2
52753,6
52754,4
52755,2
52756,4
52757,0
52758,6
52759,2
52760,1
52761,4
52762,1
52763,5
52764,1
52765,5
52766,3
52767,2
52768,0
52769,2
52770,0
52771,4
52772,5
52773,0
52774,2
52775,5
52776,2
52777,4
52778,2
52779,3
52780,5
52781,0
52782,2
52783,1
52784,2
52785,4
52786,2
52787,2
52788,3
52789,0
52790,5
52791,2
52792,3
52793,4
52794,0
52795,2
52796,3
52797,6
52798,4
52799,4
52800,4
52801,3
52802,2
52803,2
52804,1
52805,1
52806,2
52807,1
52808,1
52809,4
52810,1
52811,1
52812,3
52813,2
52814,5
52815,4
52816,3
52817,3
52818,2
52819,1
52820,5
52821,3
52822,3
52823,2
52824,1
52825,6
52826,3
52827,2
52828,0
52829,0
52830,6
52831,0
52832,0
52833,6
52834,3
52835,4
52836,0
52837,1
52838,5
52839,0
52840,5
52841,6
52842,4
52843,1
52844,5
52845,6
52846,2
52847,1
52848,3
52849,3
52850,1
52851,0
52852,4
52853,2
52854,3
52855,2
52856,5
52857,5
52858,2
52859,1
52860,3
52861,1
52862,6
52863,3
52864,5
52865,4
52866,3
52867,1
52868,1
52869,2
52870,5
52871,6
52872,3
52873,2
52874,5
52875,1
52876,1
52877,2
52878,4
52879,3
52880,5
52881,1
52882,5
52883,2
52884,2
52885,1
52886,4
52887,6
52888,1
52889,1
52890,2
52891,4
52892,1
52893,4
52894,4
52895,4
52896,2
52897,1
52898,4
52899,3
52900,3
52901,3
52902,5
52903,6
52904,6
52905,0
52906,1
52907,0
52908,1
52909,2
52910,6
52911,6
52912,2
52913,6
52914,6
52915,1
52916,0
52917,6
52918,3
52919,2
52920,0
52921,3
52922,5
52923,1
52924,5
52925,2
52926,1
52927,1
52928,1
52929,1
52930,4
52931,2
52932,1
52933,1
52934,5
52935,1
52936,4
52937,1
52938,1
52939,1
52940,1
52941,2
52942,3
52943,1
52944,5
52945,3
52946,1
52947,2
52948,2
52949,2
52950,3
52951,1
52952,3
52953,2
52954,1
52955,6
52956,5
52957,5
52958,1
52959,2
52960,5
52961,6
52962,6
52963,2
52964,6
52965,1
52966,3
52967,0
52968,4
52969,1
52970,2
52971,3
52972,0
52973,4
52974,3
52975,1
52976,2
52977,1
52978,1
52979,2
52980,5
52981,2
52982,2
52983,2
52984,1
52985,3
52986,1
52987,1
52988,2
52989,2
52990,1
52991,4
52992,2
52993,4
52994,6
52995,1
52996,3
52997,0
52998,2
52999,5
53000,2
53001,0
53002,2
53003,6
53004,5
53005,0
53006,1
53007,1
53008,4
53009,1
53010,3
53011,1
53012,2
53013,4
53014,2
53015,0
53016,1
53017,3
53018,1
53019,2
53020,2
53021,1
53022,5
53023,1
53024,4
53025,0
53026,2
53027,1
53028,1
53029,3
53030,0
53031,1
53032,1
53033,3
53034,2
53035,0
53036,2
53037,4
53038,5
53039,1
53040,0
53041,2
53042,3
53043,4
53044,1
53045,4
53046,0
53047,4
53048,5
53049,1
53050,4
53051,2
53052,1
53053,3
53054,3
53055,4
53056,2
53057,3
53058,0
53059,1
53060,4
53061,1
53062,1
53063,6
53064,4
53065,2
53066,1
53067,1
53068,0
53069,1
53070,2
53071,1
53072,4
53073,3
53074,3
53075,1
53076,6
53077,6
53078,2
53079,4
53080,2
53081,2
53082,6
53083,2
53084,1
53085,1
53086,1
53087,2
53088,2
53089,4
53090,1
53091,1
53092,0
53093,6
53094,3
53095,3
53096,2
53097,0
53098,2
53099,6
53100,5
53101,3
53102,2
53103,6
53104,2
53105,4
53106,3
53107,1
53108,5
53109,6
53110,4
53111,2
53112,2
53113,4
53114,2
53115,4
53116,1
53117,2
53118,3
53119,3
53120,4
53121,1
53122,4
53123,3
53124,1
53125,2
53126,0
53127,1
53128,4
53129,2
53130,6
53131,1
53132,4
53133,1
53134,0
53135,4
53136,2
53137,1
53138,2
53139,3
53140,0
53141,6
53142,1
53143,1
53144,1
53145,0
53146,1
53147,4
53148,4
53149,6
53150,3
53151,1
53152,1
53153,2
53154,0
53155,6
53156,2
53157,4
53158,0
53159,1
53160,6
53161,5
53162,1
53163,4
53164,1
53165,3
53166,0
53167,2
53168,5
53169,2
53170,1
53171,0
53172,4
53173,5
53174,3
53175,2
53176,2
53177,1
53178,4
53179,1
53180,2
53181,0
53182,1
53183,2
53184,4
53185,4
53186,4
53187,0
53188,1
53189,1
53190,1
53191,1
53192,4
53193,4
53194,4
53195,5
53196,4
53197,2
53198,1
53199,3
53200,5
53201,1
53202,1
53203,2
53204,2
53205,1
53206,5
53207,1
53208,2
53209,2
53210,2
53211,4
53212,6
53213,2
53214,1
53215,1
53216,5
53217,3
53218,3
53219,2
53220,1
53221,5
53222,3
53223,2
53224,1
53225,5
53226,1
53227,5
53228,4
53229,1
53230,3
53231,1
53232,4
53233,1
53234,5
53235,2
53236,6
53237,3
53238,3
53239,1
53240,1
53241,2
53242,2
53243,5
53244,1
53245,1
53246,2
53247,2
53248,1
53249,5
53250,4
53251,2
53252,0
53253,2
53254,0
53255,2
53256,0
53257,1
53258,4
53259,0
53260,0
53261,1
53262,4
53263,4
53264,1
53265,2
53266,2
53267,5
53268,2
53269,1
53270,6
53271,5
53272,2
53273,5
53274,2
53275,4
53276,1
53277,0
53278,3
53279,4
53280,0
53281,4
53282,0
53283,5
53284,5
53285,0
53286,2
53287,1
53288,4
53289,1
53290,2
53291,1
53292,4
53293,1
53294,5
53295,1
53296,3
53297,1
53298,2
53299,4
53300,4
53301,4
53302,1
53303,0
53304,4
53305,3
53306,1
53307,1
53308,6
53309,2
53310,4
53311,2
53312,2
53313,4
53314,4
53315,4
53316,5
53317,2
53318,2
53319,0
53320,1
53321,0
53322,1
53323,4
53324,2
53325,4
53326,0
53327,1
53328,2
53329,0
53330,5
53331,5
53332,3
53333,1
53334,1
53335,5
53336,2
53337,0
53338,1
53339,0
53340,2
53341,3
53342,6
53343,1
53344,2
53345,2
53346,4
53347,2
53348,6
53349,6
53350,2
53351,1
53352,2
53353,1
53354,5
53355,2
53356,4
53357,4
53358,2
53359,5
53360,0
53361,2
53362,5
53363,6
53364,5
53365,2
53366,6
53367,6
53368,3
53369,3
53370,2
53371,0
53372,0
53373,2
53374,1
53375,5
53376,2
53377,5
53378,2
53379,1
53380,2
53381,4
53382,3
53383,0
53384,4
53385,1
53386,2
53387,2
53388,3
53389,3
53390,1
53391,1
53392,3
53393,0
53394,6
53395,1
53396,2
53397,5
53398,6
53399,4
53400,5
53401,1
53402,3
53403,2
53404,6
53405,6
53406,1
53407,0
53408,0
53409,2
53410,4
53411,0
53412,2
53413,2
53414,5
53415,3
53416,4
53417,0
53418,5
53419,5
53420,1
53421,0
53422,5
53423,2
53424,2
53425,6
53426,1
53427,1
53428,4
53429,3
53430,2
53431,6
53432,2
53433,5
53434,0
53435,6
53436,0
53437,5
53438,2
53439,1
53440,2
53441,3
53442,4
53443,4
53444,3
53445,4
53446,6
53447,1
53448,5
53449,1
53450,5
53451,5
53452,0
53453,0
53454,1
53455,1
53456,1
53457,4
53458,2
53459,1
53460,1
53461,5
53462,3
53463,5
53464,1
53465,0
53466,1
53467,6
53468,1
53469,3
53470,3
53471,6
53472,0
53473,1
53474,3
53475,1
53476,5
53477,0
53478,4
53479,1
53480,1
53481,5
53482,3
53483,5
53484,2
53485,2
53486,0
53487,1
53488,3
53489,2
53490,2
53491,3
53492,2
53493,6
53494,3
53495,2
53496,1
53497,1
53498,0
53499,3
53500,3
53501,2
53502,2
53503,5
53504,4
53505,2
53506,0
53507,1
53508,1
53509,6
53510,2
53511,1
53512,2
53513,1
53514,1
53515,4
53516,2
53517,3
53518,4
53519,1
53520,2
53521,0
53522,1
53523,4
53524,1
53525,4
53526,1
53527,2
53528,2
53529,2
53530,2
53531,5
53532,2
53533,6
53534,4
53535,0
53536,2
53537,1
53538,3
53539,1
53540,1
53541,4
53542,5
53543,4
53544,1
53545,0
53546,2
53547,0
53548,1
53549,6
53550,2
53551,2
53552,2
53553,3
53554,3
53555,2
53556,2
53557,0
53558,2
53559,2
53560,5
53561,5
53562,3
53563,2
53564,0
53565,2
53566,2
53567,6
53568,1
53569,4
53570,2
53571,5
53572,1
53573,6
53574,1
53575,2
53576,1
53577,1
53578,0
53579,2
53580,2
53581,0
53582,1
53583,2
53584,3
53585,1
53586,0
53587,3
53588,4
53589,5
53590,4
53591,0
53592,0
53593,5
53594,3
53595,3
53596,0
53597,4
53598,2
53599,6
53600,1
53601,2
53602,0
53603,5
53604,6
53605,2
53606,6
53607,3
53608,4
53609,6
53610,3
53611,6
53612,0
53613,5
53614,6
53615,6
53616,1
53617,1
53618,2
53619,1
53620,2
53621,0
53622,3
53623,0
53624,0
53625,2
53626,2
53627,0
53628,1
53629,2
53630,6
53631,4
53632,0
53633,1
53634,1
53635,4
53636,1
53637,6
53638,4
53639,1
53640,3
53641,4
53642,1
53643,3
53644,2
53645,1
53646,1
53647,1
53648,1
53649,6
53650,0
53651,6
53652,3
53653,1
53654,2
53655,1
53656,5
53657,3
53658,1
53659,6
53660,0
53661,4
53662,5
53663,6
53664,3
53665,2
53666,2
53667,1
53668,4
53669,0
53670,3
53671,2
53672,6
53673,1
53674,4
53675,4
53676,6
53677,4
53678,1
53679,3
53680,2
53681,3
53682,1
53683,1
53684,4
53685,2
53686,1
53687,2
53688,0
53689,6
53690,5
53691,6
53692,4
53693,5
53694,6
53695,0
53696,6
53697,0
53698,3
53699,2
53700,6
53701,2
53702,1
53703,3
53704,2
53705,1
53706,4
53707,1
53708,6
53709,5
53710,3
53711,6
53712,2
53713,5
53714,2
53715,5
53716,4
53717,5
53718,5
53719,3
53720,4
53721,1
53722,2
53723,1
53724,5
53725,2
53726,1
53727,5
53728,1
53729,5
53730,2
53731,2
53732,0
53733,4
53734,3
53735,1
53736,2
53737,3
53738,1
53739,1
53740,1
53741,2
53742,4
53743,1
53744,1
53745,2
53746,1
53747,6
53748,2
53749,2
53750,5
53751,4
53752,0
53753,1
53754,1
53755,0
53756,6
53757,1
53758,5
53759,6
53760,1
53761,2
53762,2
53763,1
53764,5
53765,1
53766,5
53767,0
53768,2
53769,1
53770,1
53771,4
53772,1
53773,1
53774,2
53775,1
53776,5
53777,0
53778,6
53779,3
53780,1
53781,2
53782,5
53783,2
53784,3
53785,3
53786,0
53787,0
53788,3
53789,0
53790,0
53791,1
53792,4
53793,3
53794,1
53795,3
53796,2
53797,3
53798,2
53799,2
53800,2
53801,5
53802,5
53803,5
53804,2
53805,5
53806,1
53807,2
53808,0
53809,1
53810,1
53811,1
53812,5
53813,5
53814,0
53815,4
53816,2
53817,5
53818,1
53819,3
53820,2
53821,2
53822,0
53823,2
53824,1
53825,5
53826,3
53827,4
53828,1
53829,0
53830,5
53831,0
53832,3
53833,3
53834,0
53835,2
53836,1
53837,4
53838,1
53839,1
53840,0
53841,2
53842,2
53843,5
53844,1
53845,3
53846,3
53847,2
53848,2
53849,0
53850,4
53851,1
53852,6
53853,1
53854,3
53855,3
53856,6
53857,4
53858,3
53859,2
53860,6
53861,6
53862,2
53863,5
53864,2
53865,6
53866,3
53867,0
53868,0
53869,0
53870,2
53871,6
53872,2
53873,6
53874,1
53875,2
53876,0
53877,0
53878,4
53879,6
53880,2
53881,4
53882,4
53883,3
53884,5
53885,2
53886,3
53887,1
53888,3
53889,0
53890,2
53891,1
53892,4
53893,3
53894,4
53895,2
53896,2
53897,1
53898,1
53899,0
53900,3
53901,1
53902,0
53903,2
53904,4
53905,1
53906,0
53907,2
53908,3
53909,2
53910,3
53911,4
53912,5
53913,5
53914,5
53915,3
53916,3
53917,2
53918,6
53919,4
53920,6
53921,3
53922,4
53923,6
53924,4
53925,2
53926,3
53927,5
53928,2
53929,3
53930,0
53931,3
53932,1
53933,0
53934,6
53935,6
53936,5
53937,2
53938,1
53939,2
53940,2
53941,6
53942,0
53943,2
53944,0
53945,5
53946,2
53947,0
53948,1
53949,0
53950,6
53951,5
53952,5
53953,4
53954,6
53955,2
53956,1
53957,0
53958,1
53959,4
53960,5
53961,2
53962,3
53963,1
53964,2
53965,0
53966,2
53967,0
53968,2
53969,6
53970,6
53971,2
53972,6
53973,2
53974,0
53975,1
53976,6
53977,0
53978,4
53979,1
53980,6
53981,1
53982,2
53983,0
53984,6
53985,6
53986,2
53987,5
53988,3
53989,5
53990,1
53991,6
53992,3
53993,1
53994,4
53995,5
53996,2
53997,4
53998,1
53999,4
54000,1
54001,2
54002,3
54003,1
54004,3
54005,3
54006,1
54007,1
54008,2
54009,3
54010,2
54011,3
54012,2
54013,3
54014,1
54015,0
54016,2
54017,1
54018,0
54019,5
54020,2
54021,5
54022,2
54023,1
54024,2
54025,4
54026,5
54027,0
54028,4
54029,5
54030,5
54031,4
54032,2
54033,1
54034,5
54035,5
54036,6
54037,2
54038,0
54039,2
54040,1
54041,1
54042,1
54043,5
54044,2
54045,1
54046,6
54047,2
54048,1
54049,4
54050,4
54051,0
54052,2
54053,1
54054,4
54055,0
54056,0
54057,0
54058,6
54059,3
54060,0
54061,0
54062,0
54063,2
54064,0
54065,0
54066,3
54067,0
54068,0
54069,4
54070,1
54071,0
54072,1
54073,1
54074,0
54075,5
54076,2
54077,3
54078,3
54079,2
54080,0
54081,0
54082,6
54083,1
54084,4
54085,5
54086,2
54087,0
54088,2
54089,1
54090,1
54091,1
54092,2
54093,6
54094,3
54095,2
54096,5
54097,2
54098,0
54099,1
54100,0
54101,5
54102,3
54103,0
54104,1
54105,6
54106,2
54107,1
54108,2
54109,1
54110,6
54111,5
54112,2
54113,3
54114,4
54115,1
54116,0
54117,4
54118,3
54119,1
54120,3
54121,5
54122,6
54123,2
54124,2
54125,2
54126,4
54127,2
54128,3
54129,5
54130,2
54131,1
54132,3
54133,4
54134,1
54135,0
54136,6
54137,3
54138,1
54139,2
54140,2
54141,1
54142,3
54143,0
54144,5
54145,5
54146,1
54147,3
54148,3
54149,1
54150,1
54151,6
54152,1
54153,3
54154,5
54155,3
54156,1
54157,2
54158,3
54159,2
54160,0
54161,1
54162,0
54163,5
54164,3
54165,2
54166,0
54167,1
54168,0
54169,1
54170,6
54171,4
54172,2
54173,3
54174,5
54175,1
54176,1
54177,3
54178,2
54179,5
54180,3
54181,3
54182,1
54183,5
54184,2
54185,4
54186,2
54187,5
54188,3
54189,2
54190,2
54191,2
54192,6
54193,2
54194,5
54195,5
54196,1
54197,1
54198,2
54199,4
54200,3
54201,2
54202,4
54203,0
54204,2
54205,4
54206,2
54207,5
54208,0
54209,4
54210,2
54211,0
54212,6
54213,3
54214,2
54215,5
54216,2
54217,0
54218,2
54219,2
54220,5
54221,6
54222,3
54223,3
54224,1
54225,0
54226,3
54227,1
54228,4
54229,0
54230,2
54231,3
54232,1
54233,2
54234,2
54235,5
54236,1
54237,6
54238,3
54239,6
54240,5
54241,4
54242,4
54243,6
54244,2
54245,1
54246,1
54247,2
54248,5
54249,2
54250,1
54251,6
54252,5
54253,6
54254,3
54255,1
54256,4
54257,2
54258,2
54259,2
54260,3
54261,6
54262,1
54263,5
54264,1
54265,6
54266,3
54267,4
54268,3
54269,1
54270,5
54271,3
54272,4
54273,2
54274,3
54275,2
54276,5
54277,1
54278,2
54279,2
54280,3
54281,1
54282,1
54283,2
54284,4
54285,0
54286,5
54287,0
54288,1
54289,2
54290,1
54291,1
54292,6
54293,1
54294,4
54295,0
54296,2
54297,1
54298,1
54299,1
54300,0
54301,2
54302,5
54303,6
54304,2
54305,5
54306,2
54307,6
54308,2
54309,1
54310,1
54311,3
54312,4
54313,4
54314,2
54315,4
54316,5
54317,0
54318,1
54319,1
54320,2
54321,0
54322,2
54323,0
54324,2
54325,1
54326,3
54327,5
54328,2
54329,6
54330,1
54331,3
54332,1
54333,5
54334,3
54335,0
54336,0
54337,2
54338,2
54339,0
54340,0
54341,2
54342,0
54343,5
54344,2
54345,1
54346,1
54347,4
54348,4
54349,3
54350,2
54351,4
54352,2
54353,5
54354,2
54355,6
54356,6
54357,5
54358,5
54359,4
54360,1
54361,1
54362,1
54363,6
54364,5
54365,1
54366,3
54367,2
54368,5
54369,3
54370,1
54371,2
54372,4
54373,1
54374,2
54375,6
54376,3
54377,2
54378,1
54379,1
54380,1
54381,5
54382,1
54383,6
54384,3
54385,2
54386,6
54387,2
54388,4
54389,1
54390,4
54391,4
54392,2
54393,0
54394,1
54395,5
54396,2
54397,2
54398,6
54399,3
54400,0
54401,4
54402,6
54403,1
54404,6
54405,6
54406,0
54407,3
54408,2
54409,6
54410,2
54411,6
54412,3
54413,2
54414,1
54415,2
54416,4
54417,2
54418,1
54419,0
54420,2
54421,4
54422,0
54423,2
54424,1
54425,0
54426,1
54427,5
54428,1
54429,1
54430,1
54431,1
54432,1
54433,1
54434,3
54435,0
54436,5
54437,3
54438,2
54439,1
54440,3
54441,2
54442,0
54443,1
54444,6
54445,4
54446,2
54447,2
54448,5
54449,0
54450,3
54451,4
54452,5
54453,0
54454,2
54455,1
54456,2
54457,0
54458,5
54459,1
54460,2
54461,1
54462,2
54463,0
54464,2
54465,3
54466,6
54467,3
54468,4
54469,4
54470,2
54471,6
54472,0
54473,4
54474,3
54475,4
54476,1
54477,0
54478,3
54479,1
54480,1
54481,5
54482,2
54483,0
54484,3
54485,6
54486,3
54487,5
54488,4
54489,1
54490,1
54491,5
54492,3
54493,2
54494,6
54495,0
54496,6
54497,2
54498,1
54499,3
54500,1
54501,4
54502,2
54503,1
54504,0
54505,2
54506,4
54507,5
54508,4
54509,1
54510,4
54511,5
54512,6
54513,2
54514,2
54515,2
54516,2
54517,0
54518,5
54519,6
54520,3
54521,1
54522,6
54523,3
54524,2
54525,3
54526,3
54527,6
54528,6
54529,1
54530,5
54531,1
54532,2
54533,2
54534,6
54535,1
54536,3
54537,6
54538,3
54539,3
54540,6
54541,0
54542,1
54543,2
54544,1
54545,2
54546,4
54547,6
54548,2
54549,6
54550,5
54551,1
54552,4
54553,5
54554,2
54555,2
54556,5
54557,6
54558,4
54559,1
54560,6
54561,2
54562,2
54563,5
54564,1
54565,0
54566,0
54567,1
54568,5
54569,0
54570,2
54571,1
54572,2
54573,2
54574,2
54575,4
54576,1
54577,1
54578,2
54579,5
54580,1
54581,1
54582,2
54583,6
54584,2
54585,3
54586,4
54587,1
54588,1
54589,4
54590,2
54591,1
54592,5
54593,6
54594,0
54595,2
54596,1
54597,1
54598,2
54599,1
54600,0
54601,0
54602,0
54603,2
54604,4
54605,5
54606,6
54607,0
54608,1
54609,3
54610,3
54611,1
54612,2
54613,1
54614,1
54615,0
54616,6
54617,4
54618,2
54619,1
54620,2
54621,2
54622,2
54623,2
54624,0
54625,4
54626,2
54627,4
54628,2
54629,6
54630,5
54631,1
54632,0
54633,6
54634,0
54635,6
54636,2
54637,5
54638,2
54639,5
54640,2
54641,6
54642,2
54643,3
54644,0
54645,5
54646,2
54647,1
54648,0
54649,2
54650,5
54651,3
54652,1
54653,2
54654,2
54655,1
54656,3
54657,1
54658,0
54659,3
54660,1
54661,5
54662,1
54663,1
54664,0
54665,2
54666,2
54667,2
54668,5
54669,2
54670,5
54671,5
54672,4
54673,5
54674,2
54675,0
54676,3
54677,6
54678,1
54679,1
54680,1
54681,6
54682,1
54683,6
54684,2
54685,0
54686,1
54687,1
54688,0
54689,1
54690,4
54691,0
54692,4
54693,1
54694,1
54695,1
54696,2
54697,2
54698,2
54699,2
54700,1
54701,1
54702,0
54703,3
54704,1
54705,6
54706,1
54707,6
54708,1
54709,4
54710,2
54711,1
54712,1
54713,0
54714,2
54715,5
54716,2
54717,1
54718,4
54719,1
54720,5
54721,2
54722,0
54723,4
54724,1
54725,4
54726,0
54727,6
54728,2
54729,1
54730,6
54731,5
54732,1
54733,3
54734,0
54735,4
54736,5
54737,2
54738,4
54739,2
54740,1
54741,2
54742,3
54743,1
54744,5
54745,6
54746,1
54747,2
54748,0
54749,6
54750,0
54751,6
54752,2
54753,3
54754,1
54755,1
54756,2
54757,1
54758,6
54759,0
54760,0
54761,1
54762,4
54763,1
54764,6
54765,0
54766,4
54767,1
54768,3
54769,0
54770,4
54771,5
54772,4
54773,2
54774,2
54775,4
54776,6
54777,5
54778,2
54779,0
54780,2
54781,3
54782,0
54783,2
54784,2
54785,1
54786,2
54787,2
54788,2
54789,0
54790,1
54791,1
54792,2
54793,5
54794,1
54795,2
54796,0
54797,2
54798,6
54799,1
54800,2
54801,0
54802,1
54803,4
54804,1
54805,0
54806,4
54807,2
54808,4
54809,1
54810,4
54811,3
54812,2
54813,4
54814,1
54815,5
54816,1
54817,5
54818,2
54819,5
54820,2
54821,4
54822,2
54823,0
54824,2
54825,2
54826,2
54827,3
54828,5
54829,6
54830,0
54831,5
54832,2
54833,2
54834,1
54835,2
54836,3
54837,4
54838,1
54839,1
54840,2
54841,1
54842,2
54843,2
54844,5
54845,5
54846,3
54847,2
54848,2
54849,2
54850,1
54851,1
54852,2
54853,1
54854,0
54855,6
54856,4
54857,2
54858,4
54859,4
54860,5
54861,1
54862,1
54863,5
54864,6
54865,2
54866,6
54867,0
54868,1
54869,1
54870,6
54871,1
54872,2
54873,0
54874,1
54875,0
54876,2
54877,1
54878,5
54879,5
54880,0
54881,3
54882,2
54883,0
54884,6
54885,2
54886,5
54887,6
54888,0
54889,2
54890,2
54891,2
54892,2
54893,4
54894,5
54895,4
54896,3
54897,1
54898,0
54899,3
54900,2
54901,2
54902,5
54903,2
54904,5
54905,1
54906,1
54907,6
54908,3
54909,6
54910,6
54911,2
54912,1
54913,6
54914,2
54915,1
54916,5
54917,2
54918,2
54919,1
54920,3
54921,4
54922,5
54923,3
54924,4
54925,3
54926,1
54927,4
54928,2
54929,6
54930,1
54931,0
54932,0
54933,5
54934,2
54935,1
54936,1
54937,0
54938,6
54939,1
54940,0
54941,2
54942,4
54943,1
54944,1
54945,2
54946,2
54947,0
54948,3
54949,0
54950,2
54951,6
54952,6
54953,0
54954,4
54955,5
54956,5
54957,0
54958,4
54959,2
54960,4
54961,4
54962,2
54963,0
54964,0
54965,5
54966,0
54967,1
54968,0
54969,2
54970,0
54971,4
54972,3
54973,6
54974,1
54975,2
54976,0
54977,0
54978,5
54979,2
54980,1
54981,5
54982,2
54983,1
54984,1
54985,5
54986,3
54987,4
54988,6
54989,0
54990,6
54991,2
54992,6
54993,0
54994,2
54995,2
54996,5
54997,6
54998,4
54999,1
55000,2
55001,6
55002,5
55003,2
55004,3
55005,2
55006,2
55007,4
55008,2
55009,0
55010,1
55011,3
55012,0
55013,2
55014,1
55015,1
55016,1
55017,2
55018,2
55019,3
55020,3
55021,2
55022,1
55023,2
55024,6
55025,6
55026,3
55027,1
55028,6
55029,3
55030,2
55031,6
55032,1
55033,2
55034,1
55035,2
55036,1
55037,5
55038,6
55039,2
55040,4
55041,2
55042,2
55043,1
55044,5
55045,2
55046,2
55047,4
55048,2
55049,2
55050,2
55051,2
55052,1
55053,1
55054,4
55055,1
55056,4
55057,6
55058,1
55059,0
55060,5
55061,4
55062,2
55063,1
55064,1
55065,4
55066,2
55067,0
55068,6
55069,4
55070,0
55071,2
55072,1
55073,2
55074,2
55075,6
55076,2
55077,1
55078,1
55079,3
55080,4
55081,6
55082,2
55083,0
55084,1
55085,1
55086,2
55087,5
55088,0
55089,1
55090,1
55091,2
55092,1
55093,1
55094,4
55095,3
55096,5
55097,3
55098,1
55099,6
55100,0
55101,2
55102,2
55103,5
55104,0
55105,2
55106,3
55107,1
55108,0
55109,2
55110,1
55111,5
55112,2
55113,5
55114,5
55115,2
55116,5
55117,2
55118,5
55119,1
55120,1
55121,5
55122,4
55123,1
55124,2
55125,0
55126,6
55127,2
55128,0
55129,1
55130,1
55131,2
55132,3
55133,6
55134,6
55135,3
55136,4
55137,3
55138,2
55139,3
55140,3
55141,3
55142,4
55143,0
55144,4
55145,0
55146,1
55147,2
55148,2
55149,2
55150,4
55151,4
55152,3
55153,0
55154,4
55155,3
55156,4
55157,4
55158,2
55159,1
55160,1
55161,3
55162,6
55163,5
55164,5
55165,0
55166,1
55167,5
55168,6
55169,3
55170,2
55171,2
55172,1
55173,6
55174,6
55175,4
55176,1
55177,0
55178,0
55179,5
55180,2
55181,2
55182,5
55183,0
55184,1
55185,6
55186,5
55187,6
55188,4
55189,3
55190,3
55191,5
55192,6
55193,0
55194,4
55195,1
55196,4
55197,5
55198,2
55199,2
55200,5
55201,4
55202,2
55203,4
55204,0
55205,6
55206,6
55207,2
55208,2
55209,5
55210,3
55211,2
55212,6
55213,2
55214,2
55215,2
55216,2
55217,4
55218,4
55219,0
55220,1
55221,4
55222,0
55223,5
55224,2
55225,2
55226,1
55227,4
55228,1
55229,6
55230,3
55231,1
55232,2
55233,2
55234,1
55235,2
55236,4
55237,0
55238,1
55239,6
55240,2
55241,1
55242,1
55243,1
55244,5
55245,2
55246,6
55247,1
55248,4
55249,2
55250,4
55251,1
55252,4
55253,3
55254,3
55255,1
55256,3
55257,2
55258,2
55259,0
55260,5
55261,1
55262,1
55263,1
55264,3
55265,1
55266,2
55267,1
55268,3
55269,0
55270,6
55271,3
55272,0
55273,5
55274,6
55275,2
55276,2
55277,2
55278,5
55279,3
55280,3
55281,2
55282,0
55283,0
55284,3
55285,2
55286,6
55287,6
55288,1
55289,1
55290,5
55291,5
55292,5
55293,2
55294,5
55295,1
55296,1
55297,1
55298,2
55299,1
55300,0
55301,5
55302,1
55303,1
55304,3
55305,3
55306,1
55307,0
55308,2
55309,1
55310,4
55311,2
55312,3
55313,1
55314,2
55315,0
55316,2
55317,2
55318,1
55319,1
55320,2
55321,3
55322,6
55323,2
55324,3
55325,4
55326,1
55327,2
55328,3
55329,2
55330,2
55331,4
55332,3
55333,1
55334,1
55335,5
55336,3
55337,1
55338,2
55339,3
55340,5
55341,2
55342,6
55343,3
55344,2
55345,3
55346,2
55347,6
55348,5
55349,0
55350,3
55351,0
55352,1
55353,4
55354,4
55355,0
55356,4
55357,2
55358,3
55359,1
55360,6
55361,1
55362,5
55363,6
55364,0
55365,6
55366,1
55367,5
55368,2
55369,2
55370,6
55371,1
55372,0
55373,3
55374,3
55375,5
55376,2
55377,1
55378,0
55379,2
55380,1
55381,4
55382,3
55383,1
55384,1
55385,0
55386,1
55387,2
55388,6
55389,1
55390,6
55391,2
55392,4
55393,5
55394,6
55395,3
55396,5
55397,6
55398,5
55399,3
55400,6
55401,1
55402,5
55403,4
55404,2
55405,1
55406,1
55407,3
55408,2
55409,1
55410,0
55411,3
55412,4
55413,5
55414,5
55415,1
55416,6
55417,2
55418,0
55419,4
55420,0
55421,1
55422,2
55423,3
55424,2
55425,4
55426,1
55427,0
55428,1
55429,5
55430,1
55431,3
55432,2
55433,1
55434,3
55435,6
55436,0
55437,1
55438,2
55439,2
55440,0
55441,6
55442,0
55443,1
55444,2
55445,2
55446,0
55447,4
55448,6
55449,5
55450,5
55451,1
55452,1
55453,6
55454,5
55455,1
55456,0
55457,2
55458,2
55459,2
55460,2
55461,0
55462,3
55463,2
55464,2
55465,2
55466,2
55467,0
55468,4
55469,4
55470,6
55471,2
55472,1
55473,1
55474,0
55475,2
55476,1
55477,1
55478,0
55479,2
55480,1
55481,3
55482,0
55483,1
55484,0
55485,0
55486,3
55487,3
55488,6
55489,6
55490,0
55491,1
55492,1
55493,2
55494,3
55495,1
55496,1
55497,1
55498,1
55499,1
55500,0
55501,1
55502,2
55503,1
55504,4
55505,2
55506,4
55507,1
55508,1
55509,1
55510,1
55511,3
55512,1
55513,3
55514,6
55515,4
55516,1
55517,5
55518,2
55519,2
55520,5
55521,2
55522,1
55523,4
55524,5
55525,4
55526,4
55527,6
55528,3
55529,1
55530,2
55531,5
55532,5
55533,6
55534,1
55535,2
55536,2
55537,2
55538,0
55539,3
55540,3
55541,5
55542,1
55543,4
55544,6
55545,5
55546,6
55547,4
55548,1
55549,1
55550,1
55551,1
55552,3
55553,4
55554,6
55555,5
55556,2
55557,3
55558,2
55559,1
55560,5
55561,3
55562,3
55563,1
55564,1
55565,1
55566,1
55567,2
55568,0
55569,6
55570,6
55571,1
55572,2
55573,4
55574,1
55575,6
55576,1
55577,4
55578,1
55579,1
55580,2
55581,3
55582,0
55583,2
55584,1
55585,0
55586,0
55587,4
55588,3
55589,1
55590,4
55591,0
55592,2
55593,6
55594,0
55595,5
55596,5
55597,6
55598,3
55599,5
55600,2
55601,2
55602,2
55603,2
55604,1
55605,1
55606,3
55607,5
55608,5
55609,4
55610,1
55611,3
55612,0
55613,6
55614,5
55615,0
55616,2
55617,2
55618,5
55619,4
55620,1
55621,0
55622,4
55623,1
55624,3
55625,3
55626,4
55627,1
55628,1
55629,3
55630,1
55631,3
55632,2
55633,2
55634,5
55635,6
55636,1
55637,0
55638,1
55639,0
55640,1
55641,6
55642,2
55643,1
55644,4
55645,1
55646,1
55647,1
55648,4
55649,2
55650,4
55651,4
55652,2
55653,6
55654,5
55655,1
55656,1
55657,1
55658,1
55659,5
55660,1
55661,3
55662,5
55663,0
55664,5
55665,0
55666,1
55667,4
55668,1
55669,2
55670,4
55671,2
55672,6
55673,2
55674,1
55675,0
55676,0
55677,4
55678,0
55679,5
55680,0
55681,2
55682,3
55683,5
55684,1
55685,6
55686,5
55687,2
55688,3
55689,1
55690,0
55691,1
55692,4
55693,3
55694,0
55695,6
55696,0
55697,5
55698,1
55699,1
55700,3
55701,0
55702,1
55703,5
55704,5
55705,2
55706,2
55707,1
55708,2
55709,2
55710,0
55711,1
55712,1
55713,3
55714,6
55715,0
55716,2
55717,0
55718,0
55719,0
55720,2
55721,4
55722,3
55723,2
55724,1
55725,1
55726,4
55727,2
55728,3
55729,2
55730,2
55731,4
55732,1
55733,2
55734,2
55735,2
55736,6
55737,2
55738,6
55739,0
55740,4
55741,1
55742,2
55743,4
55744,0
55745,6
55746,3
55747,4
55748,4
55749,0
55750,1
55751,6
55752,2
55753,2
55754,2
55755,0
55756,6
55757,3
55758,5
55759,4
55760,2
55761,3
55762,0
55763,5
55764,1
55765,1
55766,4
55767,1
55768,4
55769,2
55770,0
55771,1
55772,4
55773,2
55774,2
55775,1
55776,2
55777,0
55778,4
55779,2
55780,1
55781,6
55782,5
55783,1
55784,2
55785,0
55786,2
55787,1
55788,3
55789,0
55790,1
55791,1
55792,5
55793,6
55794,6
55795,1
55796,6
55797,6
55798,3
55799,2
55800,2
55801,3
55802,1
55803,3
55804,5
55805,3
55806,4
55807,2
55808,4
55809,1
55810,2
55811,4
55812,5
55813,4
55814,3
55815,2
55816,2
55817,5
55818,1
55819,6
55820,0
55821,0
55822,0
55823,0
55824,2
55825,1
55826,1
55827,1
55828,6
55829,2
55830,2
55831,6
55832,2
55833,3
55834,6
55835,5
55836,3
55837,1
55838,6
55839,0
55840,2
55841,0
55842,2
55843,2
55844,4
55845,2
55846,0
55847,0
55848,1
55849,4
55850,0
55851,1
55852,2
55853,1
55854,4
55855,1
55856,2
55857,4
55858,1
55859,1
55860,1
55861,3
55862,2
55863,3
55864,5
55865,1
55866,4
55867,5
55868,1
55869,5
55870,5
55871,0
55872,3
55873,2
55874,6
55875,6
55876,2
55877,1
55878,2
55879,1
55880,2
55881,6
55882,1
55883,2
55884,4
55885,1
55886,2
55887,1
55888,5
55889,2
55890,6
55891,3
55892,4
55893,0
55894,4
55895,4
55896,6
55897,2
55898,6
55899,2
55900,5
55901,6
55902,3
55903,6
55904,2
55905,0
55906,0
55907,0
55908,2
55909,2
55910,0
55911,2
55912,2
55913,2
55914,1
55915,2
55916,2
55917,6
55918,0
55919,6
55920,2
55921,3
55922,0
55923,6
55924,2
55925,3
55926,6
55927,1
55928,3
55929,6
55930,4
55931,2
55932,0
55933,1
55934,1
55935,1
55936,3
55937,6
55938,5
55939,1
55940,1
55941,6
55942,1
55943,1
55944,5
55945,2
55946,2
55947,0
55948,3
55949,4
55950,2
55951,2
55952,2
55953,2
55954,5
55955,2
55956,2
55957,2
55958,3
55959,2
55960,1
55961,0
55962,3
55963,0
55964,3
55965,1
55966,3
55967,1
55968,2
55969,2
55970,2
55971,5
55972,1
55973,3
55974,1
55975,6
55976,5
55977,1
55978,3
55979,2
55980,1
55981,2
55982,2
55983,5
55984,1
55985,0
55986,2
55987,1
55988,3
55989,2
55990,4
55991,0
55992,5
55993,4
55994,3
55995,2
55996,2
55997,2
55998,0
55999,2
56000,2
56001,1
56002,1
56003,4
56004,2
56005,4
56006,0
56007,1
56008,3
56009,5
56010,2
56011,1
56012,1
56013,1
56014,0
56015,0
56016,1
56017,1
56018,1
56019,1
56020,1
56021,2
56022,6
56023,5
56024,1
56025,2
56026,1
56027,5
56028,0
56029,6
56030,2
56031,2
56032,2
56033,1
56034,0
56035,2
56036,3
56037,4
56038,3
56039,3
56040,3
56041,3
56042,4
56043,2
56044,1
56045,3
56046,0
56047,1
56048,1
56049,6
56050,2
56051,6
56052,6
56053,1
56054,3
56055,1
56056,1
56057,1
56058,1
56059,2
56060,0
56061,2
56062,0
56063,4
56064,1
56065,0
56066,2
56067,4
56068,2
56069,0
56070,1
56071,1
56072,1
56073,0
56074,2
56075,2
56076,6
56077,2
56078,1
56079,1
56080,2
56081,3
56082,0
56083,0
56084,1
56085,3
56086,1
56087,4
56088,1
56089,3
56090,0
56091,3
56092,2
56093,1
56094,2
56095,2
56096,1
56097,2
56098,3
56099,2
56100,1
56101,2
56102,2
56103,5
56104,1
56105,4
56106,1
56107,6
56108,2
56109,5
56110,6
56111,1
56112,2
56113,5
56114,3
56115,1
56116,0
56117,1
56118,1
56119,1
56120,0
56121,6
56122,2
56123,1
56124,5
56125,1
56126,1
56127,4
56128,2
56129,1
56130,0
56131,2
56132,1
56133,1
56134,1
56135,2
56136,2
56137,5
56138,1
56139,0
56140,1
56141,6
56142,2
56143,3
56144,1
56145,1
56146,2
56147,2
56148,1
56149,5
56150,3
56151,4
56152,1
56153,1
56154,0
56155,2
56156,1
56157,6
56158,4
56159,2
56160,1
56161,4
56162,2
56163,6
56164,1
56165,6
56166,5
56167,4
56168,2
56169,4
56170,4
56171,1
56172,1
56173,1
56174,1
56175,2
56176,1
56177,0
56178,2
56179,1
56180,2
56181,3
56182,1
56183,1
56184,2
56185,4
56186,1
56187,1
56188,6
56189,4
56190,3
56191,3
56192,0
56193,1
56194,3
56195,4
56196,5
56197,2
56198,2
56199,3
56200,0
56201,5
56202,6
56203,1
56204,4
56205,4
56206,5
56207,3
56208,3
56209,3
56210,3
56211,6
56212,0
56213,1
56214,6
56215,2
56216,0
56217,3
56218,2
56219,2
56220,6
56221,2
56222,1
56223,4
56224,1
56225,4
56226,1
56227,2
56228,0
56229,2
56230,0
56231,4
56232,1
56233,0
56234,1
56235,1
56236,6
56237,3
56238,4
56239,1
56240,2
56241,1
56242,4
56243,2
56244,0
56245,1
56246,2
56247,0
56248,3
56249,3
56250,1
56251,2
56252,3
56253,1
56254,5
56255,0
56256,3
56257,5
56258,1
56259,0
56260,6
56261,5
56262,5
56263,4
56264,2
56265,2
56266,6
56267,2
56268,1
56269,1
56270,1
56271,1
56272,1
56273,0
56274,2
56275,1
56276,2
56277,2
56278,0
56279,1
56280,4
56281,4
56282,2
56283,5
56284,2
56285,1
56286,6
56287,3
56288,1
56289,1
56290,1
56291,1
56292,6
56293,1
56294,6
56295,6
56296,1
56297,0
56298,6
56299,5
56300,3
56301,1
56302,5
56303,2
56304,6
56305,2
56306,2
56307,1
56308,1
56309,6
56310,2
56311,5
56312,4
56313,2
56314,3
56315,4
56316,0
56317,0
56318,0
56319,3
56320,5
56321,1
56322,2
56323,4
56324,3
56325,3
56326,2
56327,1
56328,2
56329,1
56330,1
56331,3
56332,5
56333,6
56334,1
56335,3
56336,4
56337,3
56338,3
56339,5
56340,2
56341,1
56342,2
56343,2
56344,1
56345,2
56346,4
56347,5
56348,0
56349,4
56350,2
56351,4
56352,1
56353,0
56354,2
56355,0
56356,2
56357,3
56358,0
56359,1
56360,2
56361,1
56362,0
56363,1
56364,1
56365,4
56366,1
56367,1
56368,6
56369,1
56370,2
56371,4
56372,0
56373,2
56374,1
56375,2
56376,2
56377,2
56378,6
56379,3
56380,1
56381,5
56382,4
56383,1
56384,2
56385,5
56386,1
56387,3
56388,1
56389,3
56390,6
56391,1
56392,5
56393,3
56394,5
56395,1
56396,0
56397,5
56398,4
56399,2
56400,6
56401,2
56402,0
56403,5
56404,1
56405,2
56406,1
56407,3
56408,2
56409,5
56410,1
56411,0
56412,5
56413,0
56414,4
56415,2
56416,5
56417,0
56418,3
56419,0
56420,5
56421,2
56422,1
56423,6
56424,6
56425,1
56426,1
56427,5
56428,0
56429,6
56430,5
56431,5
56432,3
56433,2
56434,1
56435,1
56436,2
56437,6
56438,4
56439,3
56440,3
56441,3
56442,2
56443,2
56444,1
56445,0
56446,1
56447,5
56448,4
56449,6
56450,3
56451,1
56452,6
56453,1
56454,3
56455,4
56456,5
56457,5
56458,2
56459,3
56460,0
56461,0
56462,1
56463,5
56464,2
56465,2
56466,2
56467,1
56468,1
56469,1
56470,0
56471,2
56472,1
56473,3
56474,4
56475,2
56476,0
56477,2
56478,0
56479,0
56480,1
56481,2
56482,1
56483,6
56484,5
56485,1
56486,2
56487,2
56488,4
56489,6
56490,1
56491,1
56492,5
56493,2
56494,2
56495,4
56496,2
56497,2
56498,3
56499,3
56500,0
56501,3
56502,4
56503,2
56504,6
56505,1
56506,0
56507,4
56508,0
56509,6
56510,3
56511,6
56512,1
56513,5
56514,5
56515,1
56516,1
56517,1
56518,5
56519,2
56520,1
56521,3
56522,1
56523,6
56524,5
56525,2
56526,3
56527,6
56528,4
56529,2
56530,6
56531,5
56532,1
56533,1
56534,5
56535,4
56536,4
56537,1
56538,6
56539,6
56540,1
56541,0
56542,1
56543,6
56544,3
56545,2
56546,1
56547,3
56548,1
56549,4
56550,2
56551,2
56552,6
56553,0
56554,2
56555,6
56556,0
56557,2
56558,2
56559,1
56560,1
56561,4
56562,6
56563,5
56564,1
56565,6
56566,4
56567,3
56568,2
56569,1
56570,4
56571,3
56572,1
56573,2
56574,6
56575,4
56576,0
56577,3
56578,6
56579,1
56580,6
56581,5
56582,2
56583,0
56584,5
56585,2
56586,1
56587,2
56588,4
56589,3
56590,1
56591,1
56592,1
56593,3
56594,6
56595,3
56596,1
56597,6
56598,0
56599,4
56600,2
56601,1
56602,4
56603,6
56604,1
56605,1
56606,4
56607,3
56608,4
56609,2
56610,2
56611,4
56612,1
56613,5
56614,1
56615,5
56616,1
56617,3
56618,1
56619,4
56620,3
56621,2
56622,2
56623,1
56624,0
56625,4
56626,1
56627,2
56628,5
56629,1
56630,2
56631,5
56632,6
56633,3
56634,2
56635,4
56636,6
56637,5
56638,1
56639,3
56640,2
56641,3
56642,1
56643,0
56644,6
56645,2
56646,6
56647,6
56648,5
56649,0
56650,2
56651,5
56652,5
56653,3
56654,1
56655,5
56656,5
56657,0
56658,0
56659,2
56660,1
56661,5
56662,1
56663,2
56664,1
56665,6
56666,5
56667,6
56668,2
56669,4
56670,2
56671,3
56672,2
56673,4
56674,0
56675,2
56676,1
56677,1
56678,1
56679,0
56680,1
56681,5
56682,1
56683,1
56684,2
56685,4
56686,4
56687,1
56688,2
56689,6
56690,2
56691,4
56692,1
56693,1
56694,2
56695,0
56696,5
56697,1
56698,4
56699,0
56700,1
56701,1
56702,0
56703,4
56704,1
56705,4
56706,1
56707,2
56708,2
56709,3
56710,3
56711,1
56712,1
56713,1
56714,6
56715,1
56716,6
56717,5
56718,4
56719,2
56720,2
56721,1
56722,5
56723,0
56724,2
56725,1
56726,0
56727,2
56728,0
56729,0
56730,2
56731,1
56732,4
56733,0
56734,1
56735,3
56736,6
56737,6
56738,2
56739,0
56740,0
56741,1
56742,1
56743,1
56744,3
56745,1
56746,1
56747,2
56748,0
56749,2
56750,2
56751,0
56752,4
56753,3
56754,1
56755,5
56756,1
56757,6
56758,2
56759,2
56760,6
56761,0
56762,2
56763,1
56764,6
56765,0
56766,2
56767,1
56768,2
56769,5
56770,2
56771,6
56772,5
56773,1
56774,2
56775,1
56776,6
56777,2
56778,1
56779,4
56780,2
56781,2
56782,2
56783,4
56784,2
56785,1
56786,1
56787,5
56788,1
56789,5
56790,1
56791,2
56792,5
56793,4
56794,3
56795,2
56796,1
56797,1
56798,1
56799,3
56800,1
56801,1
56802,3
56803,2
56804,4
56805,6
56806,4
56807,1
56808,2
56809,4
56810,1
56811,2
56812,2
56813,2
56814,4
56815,4
56816,2
56817,5
56818,0
56819,1
56820,4
56821,1
56822,5
56823,0
56824,2
56825,1
56826,2
56827,6
56828,1
56829,2
56830,1
56831,1
56832,5
56833,2
56834,4
56835,5
56836,2
56837,6
56838,1
56839,1
56840,2
56841,2
56842,4
56843,3
56844,3
56845,5
56846,2
56847,2
56848,6
56849,4
56850,1
56851,2
56852,1
56853,1
56854,4
56855,2
56856,2
56857,4
56858,2
56859,2
56860,1
56861,6
56862,5
56863,2
56864,3
56865,0
56866,2
56867,4
56868,1
56869,6
56870,1
56871,2
56872,6
56873,6
56874,3
56875,0
56876,5
56877,3
56878,0
56879,3
56880,2
56881,0
56882,0
56883,2
56884,2
56885,2
56886,1
56887,6
56888,1
56889,3
56890,1
56891,2
56892,3
56893,4
56894,1
56895,1
56896,1
56897,6
56898,5
56899,1
56900,1
56901,4
56902,0
56903,2
56904,5
56905,1
56906,2
56907,1
56908,1
56909,3
56910,1
56911,1
56912,1
56913,4
56914,0
56915,3
56916,2
56917,2
56918,1
56919,3
56920,1
56921,6
56922,0
56923,3
56924,2
56925,2
56926,4
56927,2
56928,5
56929,5
56930,1
56931,3
56932,3
56933,4
56934,1
56935,1
56936,1
56937,3
56938,1
56939,2
56940,3
56941,4
56942,1
56943,1
56944,0
56945,5
56946,1
56947,2
56948,2
56949,5
56950,3
56951,2
56952,2
56953,3
56954,2
56955,1
56956,6
56957,4
56958,4
56959,0
56960,3
56961,6
56962,5
56963,1
56964,6
56965,2
56966,0
56967,1
56968,2
56969,0
56970,2
56971,4
56972,4
56973,1
56974,2
56975,1
56976,1
56977,2
56978,6
56979,0
56980,1
56981,1
56982,6
56983,0
56984,2
56985,1
56986,0
56987,3
56988,3
56989,2
56990,2
56991,6
56992,3
56993,0
56994,4
56995,5
56996,2
56997,6
56998,6
56999,0
57000,3
57001,4
57002,0
57003,1
57004,0
57005,3
57006,1
57007,1
57008,2
57009,1
57010,2
57011,0
57012,2
57013,4
57014,2
57015,5
57016,5
57017,1
57018,0
57019,6
57020,4
57021,4
57022,3
57023,0
57024,2
57025,1
57026,0
57027,2
57028,6
57029,5
57030,2
57031,6
57032,1
57033,0
57034,1
57035,5
57036,6
57037,2
57038,6
57039,2
57040,0
57041,2
57042,5
57043,6
57044,6
57045,1
57046,0
57047,4
57048,2
57049,1
57050,1
57051,2
57052,3
57053,4
57054,3
57055,4
57056,3
57057,6
57058,3
57059,0
57060,1
57061,2
57062,1
57063,0
57064,0
57065,1
57066,2
57067,2
57068,0
57069,3
57070,1
57071,1
57072,0
57073,1
57074,1
57075,1
57076,4
57077,5
57078,0
57079,1
57080,1
57081,4
57082,5
57083,1
57084,4
57085,0
57086,1
57087,3
57088,0
57089,3
57090,1
57091,1
57092,1
57093,3
57094,4
57095,2
57096,4
57097,1
57098,3
57099,2
57100,3
57101,5
57102,5
57103,2
57104,1
57105,2
57106,2
57107,2
57108,2
57109,1
57110,2
57111,1
57112,1
57113,1
57114,6
57115,0
57116,5
57117,5
57118,1
57119,1
57120,5
57121,1
57122,0
57123,2
57124,0
57125,2
57126,1
57127,2
57128,2
57129,1
57130,6
57131,1
57132,4
57133,3
57134,6
57135,1
57136,1
57137,4
57138,6
57139,5
57140,6
57141,6
57142,1
57143,1
57144,2
57145,1
57146,0
57147,1
57148,3
57149,1
57150,1
57151,6
57152,2
57153,6
57154,5
57155,1
57156,1
57157,2
57158,1
57159,4
57160,0
57161,0
57162,3
57163,5
57164,1
57165,5
57166,5
57167,2
57168,4
57169,2
57170,3
57171,1
57172,6
57173,4
57174,0
57175,1
57176,2
57177,3
57178,1
57179,0
57180,2
57181,1
57182,1
57183,0
57184,4
57185,1
57186,5
57187,1
57188,3
57189,3
57190,2
57191,2
57192,1
57193,2
57194,1
57195,4
57196,3
57197,1
57198,3
57199,1
57200,1
57201,1
57202,6
57203,1
57204,5
57205,1
57206,4
57207,4
57208,3
57209,1
57210,5
57211,1
57212,0
57213,0
57214,2
57215,3
57216,6
57217,5
57218,3
57219,1
57220,1
57221,2
57222,0
57223,3
57224,4
57225,2
57226,4
57227,1
57228,2
57229,3
57230,2
57231,5
57232,1
57233,5
57234,1
57235,0
57236,1
57237,2
57238,1
57239,6
57240,1
57241,4
57242,4
57243,4
57244,1
57245,3
57246,5
57247,2
57248,2
57249,4
57250,1
57251,2
57252,0
57253,5
57254,4
57255,3
57256,5
57257,1
57258,0
57259,0
57260,0
57261,4
57262,6
57263,6
57264,2
57265,2
57266,1
57267,1
57268,1
57269,3
57270,2
57271,1
57272,2
57273,4
57274,2
57275,2
57276,1
57277,1
57278,3
57279,6
57280,5
57281,1
57282,1
57283,2
57284,1
57285,5
57286,2
57287,2
57288,3
57289,6
57290,1
57291,0
57292,3
57293,1
57294,4
57295,0
57296,2
57297,5
57298,1
57299,0
57300,1
57301,4
57302,2
57303,2
57304,2
57305,1
57306,1
57307,1
57308,3
57309,6
57310,1
57311,4
57312,2
57313,1
57314,0
57315,6
57316,5
57317,2
57318,5
57319,2
57320,5
57321,5
57322,6
57323,1
57324,1
57325,6
57326,3
57327,1
57328,2
57329,1
57330,2
57331,6
57332,3
57333,0
57334,0
57335,4
57336,6
57337,0
57338,3
57339,5
57340,0
57341,2
57342,1
57343,2
57344,4
57345,0
57346,5
57347,0
57348,2
57349,2
57350,4
57351,5
57352,6
57353,3
57354,4
57355,2
57356,2
57357,2
57358,1
57359,2
57360,4
57361,1
57362,2
57363,5
57364,5
57365,2
57366,2
57367,0
57368,0
57369,4
57370,3
57371,1
57372,1
57373,2
57374,1
57375,5
57376,1
57377,1
57378,1
57379,6
57380,1
57381,3
57382,3
57383,0
57384,0
57385,6
57386,1
57387,0
57388,4
57389,2
57390,0
57391,6
57392,4
57393,2
57394,6
57395,4
57396,1
57397,3
57398,2
57399,5
57400,0
57401,0
57402,2
57403,2
57404,0
57405,4
57406,6
57407,0
57408,2
57409,5
57410,5
57411,2
57412,2
57413,6
57414,2
57415,2
57416,2
57417,5
57418,2
57419,3
57420,1
57421,2
57422,3
57423,1
57424,2
57425,5
57426,2
57427,2
57428,0
57429,1
57430,2
57431,0
57432,1
57433,1
57434,0
57435,3
57436,0
57437,3
57438,1
57439,4
57440,2
57441,2
57442,5
57443,2
57444,0
57445,3
57446,2
57447,2
57448,1
57449,6
57450,2
57451,4
57452,5
57453,1
57454,4
57455,1
57456,4
57457,2
57458,1
57459,1
57460,4
57461,5
57462,5
57463,5
57464,3
57465,2
57466,1
57467,5
57468,5
57469,1
57470,0
57471,4
57472,3
57473,2
57474,0
57475,1
57476,0
57477,2
57478,1
57479,1
57480,1
57481,0
57482,1
57483,0
57484,3
57485,2
57486,0
57487,6
57488,1
57489,1
57490,1
57491,4
57492,6
57493,0
57494,2
57495,6
57496,6
57497,2
57498,2
57499,2
57500,1
57501,3
57502,1
57503,2
57504,4
57505,3
57506,6
57507,4
57508,1
57509,1
57510,3
57511,6
57512,0
57513,3
57514,0
57515,5
57516,4
57517,5
57518,1
57519,3
57520,2
57521,6
57522,6
57523,2
57524,1
57525,1
57526,1
57527,5
57528,1
57529,1
57530,1
57531,4
57532,0
57533,4
57534,5
57535,1
57536,4
57537,5
57538,6
57539,6
57540,6
57541,4
57542,2
57543,5
57544,2
57545,1
57546,1
57547,5
57548,0
57549,5
57550,1
57551,2
57552,0
57553,2
57554,3
57555,0
57556,3
57557,2
57558,2
57559,1
57560,1
57561,4
57562,5
57563,1
57564,0
57565,1
57566,1
57567,2
57568,0
57569,4
57570,4
57571,2
57572,2
57573,2
57574,4
57575,0
57576,2
57577,6
57578,4
57579,4
57580,6
57581,1
57582,1
57583,1
57584,1
57585,1
57586,5
57587,6
57588,2
57589,2
57590,1
57591,0
57592,1
57593,5
57594,2
57595,3
57596,1
57597,5
57598,1
57599,0
57600,3
57601,2
57602,6
57603,0
57604,2
57605,1
57606,4
57607,2
57608,2
57609,5
57610,1
57611,0
57612,4
57613,0
57614,6
57615,3
57616,2
57617,5
57618,0
57619,0
57620,6
57621,3
57622,0
57623,1
57624,1
57625,0
57626,6
57627,1
57628,2
57629,1
57630,3
57631,0
57632,2
57633,4
57634,2
57635,1
57636,4
57637,2
57638,2
57639,4
57640,2
57641,6
57642,0
57643,1
57644,5
57645,1
57646,6
57647,6
57648,0
57649,5
57650,3
57651,2
57652,1
57653,4
57654,2
57655,6
57656,1
57657,3
57658,2
57659,5
57660,6
57661,5
57662,1
57663,4
57664,3
57665,1
57666,1
57667,3
57668,3
57669,3
57670,3
57671,2
57672,1
57673,5
57674,3
57675,3
57676,0
57677,4
57678,2
57679,2
57680,1
57681,1
57682,4
57683,5
57684,1
57685,3
57686,1
57687,5
57688,5
57689,4
57690,5
57691,1
57692,1
57693,5
57694,6
57695,5
57696,2
57697,1
57698,2
57699,0
57700,4
57701,2
57702,6
57703,2
57704,0
57705,1
57706,3
57707,0
57708,2
57709,1
57710,1
57711,3
57712,3
57713,1
57714,2
57715,1
57716,0
57717,2
57718,4
57719,1
57720,2
57721,6
57722,1
57723,6
57724,1
57725,1
57726,0
57727,1
57728,6
57729,0
57730,1
57731,3
57732,2
57733,1
57734,2
57735,2
57736,0
57737,5
57738,6
57739,2
57740,1
57741,1
57742,1
57743,2
57744,1
57745,4
57746,0
57747,4
57748,2
57749,5
57750,3
57751,5
57752,4
57753,5
57754,5
57755,4
57756,5
57757,1
57758,0
57759,5
57760,1
57761,0
57762,5
57763,4
57764,0
57765,1
57766,2
57767,3
57768,6
57769,4
57770,4
57771,4
57772,2
57773,1
57774,0
57775,3
57776,3
57777,0
57778,3
57779,3
57780,3
57781,1
57782,3
57783,3
57784,6
57785,3
57786,4
57787,2
57788,6
57789,1
57790,2
57791,0
57792,0
57793,4
57794,3
57795,5
57796,2
57797,1
57798,2
57799,2
57800,4
57801,2
57802,1
57803,5
57804,1
57805,2
57806,0
57807,0
57808,5
57809,5
57810,1
57811,5
57812,1
57813,0
57814,2
57815,2
57816,0
57817,2
57818,2
57819,1
57820,3
57821,2
57822,2
57823,3
57824,1
57825,1
57826,3
57827,4
57828,6
57829,2
57830,2
57831,4
57832,6
57833,4
57834,1
57835,2
57836,4
57837,0
57838,0
57839,1
57840,6
57841,5
57842,1
57843,1
57844,4
57845,2
57846,1
57847,2
57848,1
57849,5
57850,0
57851,2
57852,1
57853,4
57854,1
57855,1
57856,6
57857,6
57858,2
57859,2
57860,4
57861,4
57862,6
57863,2
57864,2
57865,2
57866,4
57867,1
57868,6
57869,4
57870,2
57871,2
57872,1
57873,2
57874,1
57875,0
57876,4
57877,1
57878,3
57879,1
57880,2
57881,5
57882,4
57883,1
57884,2
57885,0
57886,0
57887,2
57888,5
57889,2
57890,5
57891,1
57892,0
57893,5
57894,6
57895,2
57896,6
57897,4
57898,1
57899,0
57900,0
57901,0
57902,5
57903,1
57904,1
57905,6
57906,1
57907,1
57908,1
57909,4
57910,3
57911,0
57912,1
57913,4
57914,1
57915,1
57916,2
57917,3
57918,0
57919,3
57920,4
57921,1
57922,6
57923,1
57924,2
57925,2
57926,3
57927,4
57928,5
57929,2
57930,0
57931,1
57932,5
57933,0
57934,4
57935,2
57936,1
57937,2
57938,1
57939,2
57940,2
57941,0
57942,1
57943,4
57944,6
57945,2
57946,2
57947,6
57948,2
57949,1
57950,0
57951,5
57952,3
57953,2
57954,6
57955,1
57956,2
57957,0
57958,2
57959,2
57960,1
57961,1
57962,1
57963,4
57964,5
57965,1
57966,3
57967,5
57968,5
57969,4
57970,3
57971,0
57972,5
57973,1
57974,2
57975,5
57976,2
57977,2
57978,1
57979,0
57980,6
57981,5
57982,3
57983,2
57984,6
57985,4
57986,3
57987,2
57988,1
57989,1
57990,4
57991,2
57992,5
57993,3
57994,5
57995,0
57996,2
57997,1
57998,2
57999,2
58000,2
58001,3
58002,3
58003,5
58004,2
58005,0
58006,5
58007,6
58008,1
58009,2
58010,2
58011,4
58012,1
58013,2
58014,6
58015,6
58016,5
58017,0
58018,3
58019,6
58020,2
58021,5
58022,0
58023,0
58024,2
58025,4
58026,4
58027,0
58028,0
58029,3
58030,1
58031,2
58032,1
58033,5
58034,1
58035,1
58036,1
58037,2
58038,1
58039,2
58040,2
58041,0
58042,1
58043,2
58044,3
58045,1
58046,1
58047,0
58048,2
58049,1
58050,1
58051,3
58052,2
58053,4
58054,5
58055,3
58056,1
58057,1
58058,3
58059,2
58060,4
58061,0
58062,3
58063,2
58064,2
58065,3
58066,5
58067,5
58068,0
58069,2
58070,2
58071,2
58072,3
58073,4
58074,1
58075,2
58076,0
58077,1
58078,3
58079,4
58080,6
58081,5
58082,1
58083,3
58084,0
58085,3
58086,1
58087,3
58088,5
58089,2
58090,2
58091,1
58092,0
58093,5
58094,2
58095,0
58096,1
58097,1
58098,0
58099,0
58100,1
58101,2
58102,3
58103,1
58104,1
58105,5
58106,1
58107,4
58108,1
58109,2
58110,2
58111,6
58112,4
58113,3
58114,6
58115,0
58116,3
58117,6
58118,1
58119,0
58120,2
58121,0
58122,4
58123,1
58124,5
58125,2
58126,2
58127,0
58128,0
58129,0
58130,1
58131,0
58132,3
58133,2
58134,1
58135,4
58136,4
58137,2
58138,3
58139,4
58140,2
58141,1
58142,4
58143,4
58144,4
58145,5
58146,5
58147,5
58148,4
58149,6
58150,2
58151,0
58152,5
58153,5
58154,2
58155,2
58156,4
58157,4
58158,3
58159,0
58160,5
58161,5
58162,3
58163,3
58164,1
58165,6
58166,1
58167,1
58168,5
58169,0
58170,2
58171,4
58172,4
58173,5
58174,2
58175,4
58176,1
58177,1
58178,1
58179,3
58180,3
58181,2
58182,2
58183,2
58184,0
58185,3
58186,5
58187,1
58188,6
58189,2
58190,2
58191,6
58192,2
58193,5
58194,3
58195,1
58196,1
58197,1
58198,3
58199,5
58200,1
58201,6
58202,2
58203,3
58204,1
58205,3
58206,0
58207,1
58208,6
58209,3
58210,6
58211,3
58212,5
58213,2
58214,4
58215,1
58216,2
58217,1
58218,4
58219,3
58220,1
58221,6
58222,2
58223,5
58224,0
58225,0
58226,5
58227,4
58228,1
58229,2
58230,1
58231,0
58232,0
58233,3
58234,1
58235,4
58236,2
58237,5
58238,6
58239,3
58240,5
58241,1
58242,6
58243,2
58244,2
58245,0
58246,6
58247,1
58248,0
58249,0
58250,5
58251,0
58252,1
58253,5
58254,0
58255,0
58256,6
58257,3
58258,0
58259,1
58260,1
58261,3
58262,0
58263,1
58264,1
58265,6
58266,1
58267,5
58268,4
58269,5
58270,2
58271,1
58272,5
58273,5
58274,1
58275,4
58276,1
58277,4
58278,4
58279,2
58280,1
58281,2
58282,0
58283,3
58284,0
58285,3
58286,0
58287,1
58288,6
58289,6
58290,2
58291,5
58292,3
58293,2
58294,1
58295,2
58296,1
58297,1
58298,1
58299,1
58300,1
58301,3
58302,3
58303,0
58304,6
58305,3
58306,2
58307,0
58308,6
58309,0
58310,1
58311,1
58312,4
58313,1
58314,3
58315,2
58316,1
58317,2
58318,1
58319,3
58320,2
58321,0
58322,1
58323,5
58324,1
58325,1
58326,0
58327,0
58328,5
58329,3
58330,2
58331,1
58332,1
58333,1
58334,1
58335,1
58336,3
58337,2
58338,0
58339,6
58340,2
58341,0
58342,4
58343,2
58344,0
58345,3
58346,0
58347,1
58348,2
58349,2
58350,4
58351,5
58352,2
58353,6
58354,5
58355,2
58356,4
58357,4
58358,3
58359,3
58360,1
58361,2
58362,6
58363,0
58364,1
58365,1
58366,0
58367,4
58368,5
58369,2
58370,2
58371,0
58372,1
58373,1
58374,6
58375,3
58376,1
58377,1
58378,3
58379,1
58380,0
58381,5
58382,6
58383,0
58384,4
58385,3
58386,3
58387,4
58388,1
58389,3
58390,1
58391,1
58392,3
58393,4
58394,6
58395,4
58396,1
58397,4
58398,0
58399,2
58400,2
58401,6
58402,4
58403,4
58404,0
58405,1
58406,5
58407,6
58408,6
58409,3
58410,1
58411,2
58412,1
58413,1
58414,4
58415,0
58416,1
58417,0
58418,0
58419,3
58420,3
58421,5
58422,5
58423,1
58424,6
58425,6
58426,6
58427,6
58428,5
58429,6
58430,5
58431,4
58432,4
58433,1
58434,3
58435,2
58436,0
58437,2
58438,2
58439,5
58440,1
58441,1
58442,2
58443,2
58444,6
58445,5
58446,0
58447,3
58448,4
58449,2
58450,1
58451,6
58452,3
58453,4
58454,2
58455,5
58456,3
58457,0
58458,2
58459,2
58460,0
58461,5
58462,5
58463,1
58464,2
58465,4
58466,3
58467,4
58468,2
58469,2
58470,4
58471,2
58472,2
58473,1
58474,1
58475,2
58476,2
58477,0
58478,2
58479,2
58480,2
58481,1
58482,5
58483,0
58484,5
58485,6
58486,3
58487,0
58488,6
58489,1
58490,1
58491,5
58492,5
58493,1
58494,1
58495,2
58496,0
58497,2
58498,5
58499,2
58500,6
58501,6
58502,3
58503,3
58504,4
58505,1
58506,3
58507,5
58508,0
58509,1
58510,1
58511,0
58512,4
58513,2
58514,1
58515,5
58516,2
58517,0
58518,1
58519,3
58520,2
58521,3
58522,1
58523,2
58524,5
58525,2
58526,0
58527,1
58528,3
58529,3
58530,1
58531,4
58532,3
58533,0
58534,5
58535,0
58536,2
58537,0
58538,1
58539,2
58540,4
58541,5
58542,0
58543,1
58544,6
58545,2
58546,1
58547,1
58548,1
58549,1
58550,1
58551,1
58552,6
58553,5
58554,2
58555,3
58556,0
58557,0
58558,4
58559,4
58560,0
58561,1
58562,1
58563,5
58564,0
58565,2
58566,1
58567,6
58568,6
58569,6
58570,2
58571,0
58572,1
58573,2
58574,4
58575,3
58576,2
58577,4
58578,1
58579,4
58580,2
58581,6
58582,1
58583,6
58584,4
58585,1
58586,2
58587,5
58588,1
58589,5
58590,4
58591,0
58592,3
58593,1
58594,1
58595,3
58596,2
58597,5
58598,2
58599,0
58600,4
58601,3
58602,2
58603,1
58604,6
58605,3
58606,2
58607,0
58608,1
58609,3
58610,2
58611,2
58612,2
58613,1
58614,2
58615,5
58616,1
58617,3
58618,5
58619,1
58620,6
58621,4
58622,0
58623,5
58624,2
58625,2
58626,4
58627,1
58628,0
58629,6
58630,6
58631,2
58632,2
58633,4
58634,2
58635,0
58636,6
58637,4
58638,4
58639,1
58640,2
58641,1
58642,6
58643,3
58644,6
58645,6
58646,1
58647,0
58648,4
58649,1
58650,2
58651,1
58652,4
58653,1
58654,1
58655,6
58656,0
58657,4
58658,2
58659,0
58660,2
58661,3
58662,3
58663,3
58664,1
58665,2
58666,2
58667,1
58668,3
58669,4
58670,2
58671,5
58672,5
58673,4
58674,4
58675,1
58676,5
58677,6
58678,1
58679,5
58680,0
58681,2
58682,1
58683,2
58684,0
58685,4
58686,3
58687,0
58688,3
58689,2
58690,3
58691,2
58692,3
58693,1
58694,1
58695,3
58696,4
58697,5
58698,0
58699,0
58700,2
58701,1
58702,4
58703,1
58704,1
58705,0
58706,5
58707,0
58708,1
58709,1
58710,2
58711,4
58712,3
58713,5
58714,3
58715,1
58716,1
58717,2
58718,5
58719,5
58720,0
58721,3
58722,5
58723,6
58724,5
58725,3
58726,1
58727,1
58728,1
58729,2
58730,4
58731,5
58732,2
58733,1
58734,1
58735,0
58736,1
58737,4
58738,0
58739,3
58740,6
58741,0
58742,1
58743,5
58744,1
58745,3
58746,2
58747,5
58748,1
58749,1
58750,2
58751,1
58752,5
58753,3
58754,1
58755,2
58756,2
58757,1
58758,0
58759,1
58760,2
58761,0
58762,4
58763,1
58764,0
58765,2
58766,4
58767,4
58768,3
58769,1
58770,3
58771,1
58772,2
58773,0
58774,6
58775,5
58776,0
58777,3
58778,4
58779,4
58780,4
58781,4
58782,0
58783,2
58784,3
58785,2
58786,5
58787,1
58788,1
58789,0
58790,4
58791,5
58792,1
58793,1
58794,2
58795,4
58796,2
58797,5
58798,5
58799,0
58800,6
58801,6
58802,6
58803,5
58804,2
58805,3
58806,4
58807,4
58808,3
58809,6
58810,2
58811,1
58812,4
58813,6
58814,2
58815,1
58816,1
58817,1
58818,2
58819,6
58820,6
58821,3
58822,1
58823,5
58824,1
58825,1
58826,5
58827,6
58828,3
58829,0
58830,4
58831,1
58832,2
58833,2
58834,5
58835,1
58836,4
58837,1
58838,6
58839,3
58840,3
58841,2
58842,0
58843,1
58844,4
58845,3
58846,4
58847,5
58848,0
58849,6
58850,1
58851,0
58852,1
58853,5
58854,2
58855,1
58856,2
58857,4
58858,3
58859,6
58860,2
58861,3
58862,1
58863,1
58864,0
58865,2
58866,2
58867,5
58868,1
58869,4
58870,6
58871,1
58872,1
58873,1
58874,6
58875,5
58876,1
58877,1
58878,2
58879,5
58880,3
58881,2
58882,2
58883,1
58884,6
58885,3
58886,1
58887,1
58888,2
58889,2
58890,3
58891,0
58892,0
58893,1
58894,1
58895,5
58896,1
58897,1
58898,3
58899,2
58900,4
58901,0
58902,1
58903,3
58904,1
58905,1
58906,0
58907,6
58908,2
58909,2
58910,3
58911,4
58912,2
58913,1
58914,2
58915,2
58916,0
58917,3
58918,0
58919,6
58920,2
58921,0
58922,0
58923,1
58924,1
58925,0
58926,5
58927,1
58928,0
58929,2
58930,0
58931,2
58932,2
58933,4
58934,0
58935,3
58936,1
58937,6
58938,6
58939,2
58940,2
58941,0
58942,2
58943,4
58944,1
58945,3
58946,2
58947,0
58948,0
58949,6
58950,4
58951,1
58952,2
58953,1
58954,3
58955,3
58956,3
58957,1
58958,5
58959,1
58960,5
58961,2
58962,3
58963,1
58964,0
58965,2
58966,6
58967,1
58968,1
58969,6
58970,1
58971,2
58972,5
58973,4
58974,1
58975,0
58976,4
58977,5
58978,2
58979,5
58980,0
58981,2
58982,1
58983,1
58984,2
58985,1
58986,1
58987,3
58988,2
58989,6
58990,2
58991,3
58992,6
58993,1
58994,3
58995,1
58996,6
58997,1
58998,0
58999,6
59000,6
59001,2
59002,3
59003,0
59004,1
59005,1
59006,1
59007,0
59008,0
59009,1
59010,2
59011,1
59012,6
59013,5
59014,4
59015,6
59016,1
59017,1
59018,5
59019,6
59020,1
59021,4
59022,2
59023,0
59024,1
59025,3
59026,2
59027,3
59028,5
59029,5
59030,2
59031,0
59032,0
59033,0
59034,1
59035,4
59036,2
59037,6
59038,2
59039,4
59040,3
59041,1
59042,0
59043,2
59044,4
59045,5
59046,2
59047,2
59048,1
59049,2
59050,1
59051,2
59052,6
59053,1
59054,6
59055,0
59056,1
59057,5
59058,5
59059,2
59060,6
59061,3
59062,0
59063,1
59064,1
59065,6
59066,1
59067,2
59068,1
59069,5
59070,0
59071,5
59072,6
59073,3
59074,2
59075,1
59076,4
59077,3
59078,2
59079,6
59080,1
59081,5
59082,1
59083,4
59084,2
59085,2
59086,1
59087,4
59088,2
59089,3
59090,4
59091,4
59092,2
59093,0
59094,1
59095,1
59096,6
59097,1
59098,3
59099,0
59100,1
59101,3
59102,1
59103,5
59104,3
59105,6
59106,1
59107,2
59108,3
59109,1
59110,3
59111,2
59112,0
59113,2
59114,5
59115,5
59116,6
59117,2
59118,3
59119,6
59120,5
59121,5
59122,0
59123,1
59124,2
59125,0
59126,2
59127,5
59128,0
59129,6
59130,6
59131,1
59132,3
59133,1
59134,3
59135,1
59136,0
59137,1
59138,1
59139,5
59140,5
59141,1
59142,1
59143,0
59144,2
59145,3
59146,5
59147,5
59148,4
59149,3
59150,2
59151,0
59152,1
59153,3
59154,4
59155,1
59156,6
59157,0
59158,6
59159,2
59160,4
59161,2
59162,1
59163,0
59164,0
59165,4
59166,1
59167,2
59168,6
59169,0
59170,1
59171,2
59172,6
59173,1
59174,0
59175,1
59176,2
59177,1
59178,1
59179,5
59180,6
59181,0
59182,0
59183,0
59184,4
59185,1
59186,1
59187,0
59188,3
59189,6
59190,4
59191,3
59192,3
59193,1
59194,4
59195,2
59196,2
59197,5
59198,5
59199,0
59200,6
59201,6
59202,4
59203,6
59204,2
59205,1
59206,3
59207,1
59208,3
59209,1
59210,6
59211,3
59212,1
59213,2
59214,6
59215,3
59216,1
59217,1
59218,1
59219,2
59220,5
59221,2
59222,6
59223,2
59224,1
59225,2
59226,1
59227,2
59228,2
59229,0
59230,4
59231,2
59232,5
59233,2
59234,1
59235,1
59236,4
59237,4
59238,0
59239,1
59240,2
59241,0
59242,2
59243,3
59244,2
59245,1
59246,5
59247,3
59248,3
59249,2
59250,4
59251,3
59252,1
59253,2
59254,4
59255,5
59256,1
59257,2
59258,4
59259,5
59260,2
59261,1
59262,4
59263,2
59264,1
59265,6
59266,1
59267,5
59268,3
59269,2
59270,2
59271,0
59272,3
59273,1
59274,1
59275,5
59276,1
59277,5
59278,1
59279,2
59280,6
59281,1
59282,1
59283,3
59284,1
59285,3
59286,2
59287,0
59288,1
59289,4
59290,1
59291,6
59292,3
59293,4
59294,2
59295,1
59296,5
59297,0
59298,1
59299,1
59300,4
59301,2
59302,1
59303,0
59304,2
59305,6
59306,1
59307,1
59308,1
59309,2
59310,1
59311,3
59312,0
59313,2
59314,1
59315,0
59316,6
59317,5
59318,2
59319,6
59320,4
59321,5
59322,6
59323,0
59324,6
59325,6
59326,0
59327,2
59328,1
59329,4
59330,5
59331,2
59332,6
59333,2
59334,2
59335,5
59336,3
59337,2
59338,3
59339,1
59340,2
59341,6
59342,5
59343,1
59344,1
59345,6
59346,3
59347,1
59348,5
59349,1
59350,2
59351,2
59352,0
59353,2
59354,6
59355,3
59356,2
59357,2
59358,4
59359,6
59360,0
59361,2
59362,1
59363,3
59364,2
59365,4
59366,1
59367,5
59368,3
59369,0
59370,1
59371,4
59372,1
59373,2
59374,1
59375,5
59376,3
59377,5
59378,2
59379,2
59380,1
59381,1
59382,4
59383,6
59384,1
59385,0
59386,4
59387,5
59388,3
59389,3
59390,6
59391,1
59392,0
59393,0
59394,4
59395,3
59396,1
59397,5
59398,2
59399,2
59400,2
59401,0
59402,6
59403,1
59404,0
59405,2
59406,2
59407,2
59408,6
59409,6
59410,4
59411,4
59412,6
59413,0
59414,2
59415,3
59416,2
59417,2
59418,6
59419,5
59420,2
59421,4
59422,1
59423,1
59424,2
59425,6
59426,1
59427,2
59428,2
59429,0
59430,1
59431,1
59432,2
59433,4
59434,2
59435,1
59436,0
59437,5
59438,0
59439,3
59440,6
59441,2
59442,1
59443,2
59444,3
59445,1
59446,6
59447,4
59448,2
59449,2
59450,5
59451,2
59452,6
59453,5
59454,1
59455,1
59456,4
59457,1
59458,1
59459,3
59460,5
59461,5
59462,3
59463,1
59464,2
59465,3
59466,0
59467,3
59468,2
59469,4
59470,4
59471,0
59472,1
59473,4
59474,2
59475,4
59476,2
59477,1
59478,0
59479,2
59480,0
59481,2
59482,0
59483,1
59484,4
59485,5
59486,2
59487,1
59488,6
59489,1
59490,2
59491,1
59492,1
59493,1
59494,0
59495,2
59496,0
59497,1
59498,3
59499,6
59500,6
59501,0
59502,6
59503,1
59504,6
59505,2
59506,2
59507,0
59508,0
59509,1
59510,0
59511,6
59512,1
59513,2
59514,3
59515,1
59516,1
59517,1
59518,4
59519,5
59520,2
59521,1
59522,2
59523,5
59524,4
59525,1
59526,0
59527,3
59528,3
59529,2
59530,1
59531,2
59532,1
59533,3
59534,3
59535,6
59536,2
59537,2
59538,2
59539,0
59540,2
59541,1
59542,0
59543,1
59544,3
59545,5
59546,1
59547,3
59548,5
59549,2
59550,2
59551,2
59552,1
59553,2
59554,1
59555,1
59556,2
59557,3
59558,2
59559,1
59560,2
59561,5
59562,2
59563,4
59564,1
59565,5
59566,2
59567,4
59568,5
59569,1
59570,2
59571,1
59572,3
59573,2
59574,0
59575,1
59576,0
59577,2
59578,2
59579,2
59580,4
59581,1
59582,2
59583,1
59584,2
59585,3
59586,1
59587,0
59588,4
59589,3
59590,5
59591,6
59592,5
59593,2
59594,2
59595,4
59596,4
59597,3
59598,6
59599,2
59600,1
59601,4
59602,4
59603,6
59604,3
59605,1
59606,1
59607,4
59608,0
59609,1
59610,2
59611,1
59612,0
59613,1
59614,1
59615,2
59616,2
59617,6
59618,2
59619,1
59620,3
59621,1
59622,5
59623,1
59624,1
59625,2
59626,2
59627,1
59628,5
59629,2
59630,6
59631,3
59632,6
59633,0
59634,0
59635,2
59636,1
59637,1
59638,1
59639,1
59640,2
59641,2
59642,2
59643,2
59644,6
59645,2
59646,2
59647,3
59648,1
59649,1
59650,1
59651,0
59652,4
59653,6
59654,2
59655,5
59656,1
59657,3
59658,6
59659,1
59660,3
59661,0
59662,3
59663,1
59664,3
59665,2
59666,6
59667,0
59668,2
59669,2
59670,1
59671,1
59672,5
59673,2
59674,6
59675,0
59676,0
59677,5
59678,0
59679,3
59680,5
59681,1
59682,6
59683,6
59684,3
59685,4
59686,2
59687,3
59688,2
59689,1
59690,4
59691,0
59692,0
59693,1
59694,2
59695,2
59696,1
59697,2
59698,1
59699,1
59700,4
59701,0
59702,4
59703,1
59704,1
59705,2
59706,1
59707,1
59708,2
59709,4
59710,0
59711,6
59712,6
59713,0
59714,1
59715,5
59716,4
59717,4
59718,1
59719,4
59720,1
59721,1
59722,2
59723,0
59724,1
59725,6
59726,1
59727,2
59728,0
59729,0
59730,5
59731,5
59732,2
59733,1
59734,2
59735,4
59736,4
59737,1
59738,3
59739,3
59740,2
59741,2
59742,1
59743,1
59744,1
59745,6
59746,2
59747,1
59748,0
59749,2
59750,3
59751,2
59752,2
59753,1
59754,6
59755,2
59756,1
59757,2
59758,1
59759,1
59760,1
59761,2
59762,0
59763,4
59764,1
59765,1
59766,2
59767,5
59768,5
59769,4
59770,3
59771,5
59772,1
59773,2
59774,0
59775,6
59776,5
59777,2
59778,6
59779,1
59780,6
59781,1
59782,1
59783,2
59784,6
59785,6
59786,1
59787,1
59788,2
59789,2
59790,4
59791,5
59792,3
59793,2
59794,0
59795,4
59796,1
59797,1
59798,4
59799,4
59800,4
59801,2
59802,2
59803,3
59804,4
59805,2
59806,0
59807,2
59808,4
59809,1
59810,3
59811,5
59812,5
59813,1
59814,0
59815,3
59816,3
59817,3
59818,1
59819,3
59820,1
59821,3
59822,0
59823,3
59824,2
59825,2
59826,0
59827,2
59828,1
59829,1
59830,2
59831,0
59832,2
59833,2
59834,5
59835,2
59836,3
59837,6
59838,4
59839,2
59840,1
59841,1
59842,2
59843,6
59844,3
59845,2
59846,6
59847,3
59848,2
59849,5
59850,3
59851,2
59852,0
59853,0
59854,1
59855,4
59856,3
59857,2
59858,2
59859,1
59860,4
59861,2
59862,3
59863,1
59864,2
59865,2
59866,0
59867,2
59868,6
59869,3
59870,6
59871,3
59872,0
59873,3
59874,1
59875,2
59876,2
59877,2
59878,5
59879,4
59880,1
59881,0
59882,3
59883,1
59884,1
59885,5
59886,5
59887,1
59888,1
59889,0
59890,1
59891,2
59892,5
59893,2
59894,1
59895,1
59896,2
59897,4
59898,2
59899,3
59900,6
59901,3
59902,5
59903,1
59904,1
59905,2
59906,3
59907,2
59908,5
59909,4
59910,2
59911,2
59912,2
59913,3
59914,6
59915,1
59916,2
59917,4
59918,3
59919,3
59920,2
59921,2
59922,2
59923,2
59924,3
59925,1
59926,4
59927,1
59928,2
59929,4
59930,2
59931,0
59932,2
59933,5
59934,2
59935,3
59936,2
59937,0
59938,6
59939,2
59940,2
59941,0
59942,2
59943,3
59944,2
59945,1
59946,2
59947,3
59948,0
59949,1
59950,1
59951,1
59952,4
59953,1
59954,1
59955,1
59956,2
59957,2
59958,4
59959,6
59960,3
59961,1
59962,2
59963,0
59964,4
59965,2
59966,1
59967,1
59968,1
59969,1
59970,2
59971,3
59972,2
59973,2
59974,1
59975,1
59976,2
59977,5
59978,1
59979,2
59980,1
59981,0
59982,2
59983,1
59984,2
59985,4
59986,2
59987,6
59988,2
59989,3
59990,2
59991,3
59992,2
59993,4
59994,2
59995,1
59996,2
59997,2
59998,1
59999,3
60000,0
60001,1
60002,5
60003,1
60004,4
60005,1
60006,2
60007,4
60008,6
60009,5
60010,0
60011,4
60012,2
60013,4
60014,2
60015,3
60016,6
60017,2
60018,1
60019,1
60020,1
60021,2
60022,6
60023,0
60024,5
60025,4
60026,2
60027,0
60028,4
60029,2
60030,1
60031,0
60032,4
60033,0
60034,4
60035,1
60036,1
60037,3
60038,1
60039,4
60040,1
60041,5
60042,4
60043,1
60044,4
60045,2
60046,1
60047,5
60048,2
60049,2
60050,0
60051,1
60052,0
60053,4
60054,2
60055,1
60056,4
60057,2
60058,5
60059,1
60060,0
60061,1
60062,1
60063,1
60064,2
60065,3
60066,1
60067,1
60068,1
60069,4
60070,2
60071,4
60072,2
60073,3
60074,4
60075,3
60076,1
60077,2
60078,3
60079,2
60080,0
60081,1
60082,3
60083,6
60084,2
60085,1
60086,5
60087,0
60088,2
60089,1
60090,1
60091,3
60092,0
60093,0
60094,0
60095,2
60096,5
60097,2
60098,1
60099,5
60100,4
60101,2
60102,3
60103,2
60104,0
60105,5
60106,1
60107,6
60108,1
60109,1
60110,5
60111,1
60112,0
60113,6
60114,1
60115,2
60116,4
60117,5
60118,0
60119,4
60120,2
60121,3
60122,6
60123,3
60124,0
60125,6
60126,5
60127,3
60128,5
60129,5
60130,2
60131,3
60132,3
60133,0
60134,2
60135,1
60136,3
60137,6
60138,4
60139,1
60140,4
60141,5
60142,0
60143,2
60144,1
60145,3
60146,1
60147,5
60148,2
60149,5
60150,0
60151,2
60152,4
60153,6
60154,1
60155,3
60156,1
60157,2
60158,1
60159,1
60160,3
60161,1
60162,2
60163,0
60164,4
60165,6
60166,6
60167,5
60168,1
60169,0
60170,1
60171,6
60172,1
60173,3
60174,1
60175,2
60176,0
60177,3
60178,5
60179,0
60180,2
60181,0
60182,2
60183,4
60184,1
60185,2
60186,2
60187,3
60188,2
60189,1
60190,1
60191,1
60192,4
60193,2
60194,2
60195,6
60196,4
60197,5
60198,1
60199,4
60200,2
60201,1
60202,4
60203,2
60204,3
60205,5
60206,0
60207,1
60208,6
60209,5
60210,0
60211,1
60212,2
60213,4
60214,1
60215,1
60216,6
60217,3
60218,4
60219,1
60220,2
60221,4
60222,3
60223,1
60224,4
60225,1
60226,0
60227,0
60228,3
60229,2
60230,1
60231,1
60232,1
60233,4
60234,4
60235,5
60236,0
60237,0
60238,6
60239,1
60240,1
60241,2
60242,4
60243,4
60244,4
60245,0
60246,1
60247,6
60248,4
60249,0
60250,2
60251,2
60252,4
60253,1
60254,0
60255,1
60256,4
60257,3
60258,0
60259,6
60260,3
60261,6
60262,2
60263,1
60264,1
60265,1
60266,1
60267,2
60268,3
60269,0
60270,2
60271,1
60272,0
60273,1
60274,1
60275,0
60276,0
60277,1
60278,2
60279,3
60280,3
60281,5
60282,1
60283,2
60284,1
60285,0
60286,6
60287,0
60288,3
60289,1
60290,2
60291,5
60292,3
60293,1
60294,1
60295,3
60296,0
60297,1
60298,2
60299,1
60300,1
60301,5
60302,3
60303,6
60304,1
60305,1
60306,5
60307,3
60308,1
60309,5
60310,4
60311,6
60312,4
60313,0
60314,4
60315,3
60316,6
60317,1
60318,5
60319,1
60320,2
60321,5
60322,2
60323,5
60324,3
60325,2
60326,1
60327,2
60328,4
60329,1
60330,2
60331,5
60332,0
60333,2
60334,6
60335,5
60336,4
60337,4
60338,2
60339,6
60340,4
60341,1
60342,4
60343,1
60344,4
60345,1
60346,0
60347,2
60348,5
60349,4
60350,5
60351,2
60352,2
60353,5
60354,5
60355,2
60356,1
60357,4
60358,0
60359,1
60360,2
60361,2
60362,2
60363,1
60364,2
60365,5
60366,2
60367,5
60368,0
60369,1
60370,2
60371,5
60372,2
60373,1
60374,4
60375,1
60376,3
60377,3
60378,4
60379,1
60380,2
60381,1
60382,2
60383,3
60384,2
60385,2
60386,4
60387,3
60388,2
60389,3
60390,1
60391,4
60392,6
60393,6
60394,1
60395,4
60396,6
60397,4
60398,1
60399,0
60400,6
60401,3
60402,2
60403,2
60404,1
60405,3
60406,6
60407,1
60408,1
60409,2
60410,0
60411,2
60412,1
60413,0
60414,2
60415,1
60416,0
60417,2
60418,4
60419,1
60420,1
60421,5
60422,6
60423,3
60424,3
60425,0
60426,5
60427,2
60428,2
60429,1
60430,1
60431,5
60432,2
60433,0
60434,1
60435,1
60436,6
60437,1
60438,6
60439,2
60440,6
60441,5
60442,3
60443,0
60444,0
60445,2
60446,1
60447,6
60448,1
60449,4
60450,2
60451,1
60452,1
60453,1
60454,6
60455,2
60456,4
60457,1
60458,1
60459,3
60460,2
60461,1
60462,2
60463,1
60464,1
60465,0
60466,1
60467,1
60468,6
60469,0
60470,1
60471,2
60472,0
60473,5
60474,2
60475,6
60476,4
60477,2
60478,2
60479,2
60480,4
60481,2
60482,2
60483,1
60484,2
60485,4
60486,2
60487,5
60488,4
60489,4
60490,1
60491,2
60492,2
60493,1
60494,2
60495,0
60496,6
60497,1
60498,3
60499,0
60500,1
60501,3
60502,2
60503,2
60504,2
60505,1
60506,2
60507,6
60508,4
60509,1
60510,1
60511,2
60512,1
60513,2
60514,4
60515,2
60516,2
60517,1
60518,2
60519,2
60520,1
60521,2
60522,1
60523,2
60524,2
60525,2
60526,0
60527,0
60528,2
60529,0
60530,2
60531,5
60532,6
60533,2
60534,0
60535,5
60536,2
60537,0
60538,1
60539,6
60540,2
60541,3
60542,5
60543,1
60544,2
60545,4
60546,4
60547,1
60548,2
60549,4
60550,6
60551,0
60552,0
60553,1
60554,6
60555,1
60556,2
60557,2
60558,2
60559,6
60560,0
60561,6
60562,0
60563,1
60564,0
60565,2
60566,6
60567,6
60568,4
60569,6
60570,4
60571,1
60572,1
60573,1
60574,2
60575,5
60576,4
60577,2
60578,0
60579,5
60580,3
60581,4
60582,3
60583,5
60584,4
60585,5
60586,1
60587,0
60588,2
60589,4
60590,3
60591,4
60592,5
60593,5
60594,2
60595,4
60596,0
60597,2
60598,3
60599,2
60600,4
60601,6
60602,4
60603,2
60604,3
60605,4
60606,1
60607,3
60608,4
60609,1
60610,5
60611,1
60612,2
60613,1
60614,1
60615,1
60616,1
60617,1
60618,4
60619,1
60620,3
60621,2
60622,1
60623,5
60624,2
60625,1
60626,5
60627,6
60628,1
60629,0
60630,2
60631,3
60632,1
60633,0
60634,1
60635,1
60636,6
60637,5
60638,0
60639,2
60640,5
60641,2
60642,1
60643,4
60644,4
60645,0
60646,1
60647,2
60648,2
60649,1
60650,4
60651,1
60652,0
60653,1
60654,0
60655,1
60656,0
60657,1
60658,1
60659,1
60660,5
60661,0
60662,1
60663,6
60664,1
60665,0
60666,4
60667,1
60668,2
60669,5
60670,0
60671,3
60672,2
60673,1
60674,0
60675,1
60676,5
60677,0
60678,5
60679,1
60680,0
60681,0
60682,3
60683,1
60684,2
60685,4
60686,1
60687,5
60688,0
60689,3
60690,0
60691,3
60692,3
60693,1
60694,4
60695,6
60696,1
60697,2
60698,4
60699,0
60700,0
60701,3
60702,6
60703,1
60704,6
60705,5
60706,3
60707,6
60708,1
60709,3
60710,3
60711,6
60712,1
60713,2
60714,0
60715,2
60716,2
60717,4
60718,6
60719,6
60720,1
60721,3
60722,1
60723,2
60724,3
60725,5
60726,4
60727,1
60728,1
60729,2
60730,6
60731,2
60732,2
60733,4
60734,1
60735,5
60736,1
60737,0
60738,3
60739,5
60740,1
60741,0
60742,2
60743,6
60744,5
60745,4
60746,0
60747,1
60748,2
60749,4
60750,5
60751,4
60752,2
60753,2
60754,0
60755,3
60756,2
60757,6
60758,1
60759,2
60760,0
60761,0
60762,1
60763,4
60764,5
60765,5
60766,1
60767,2
60768,1
60769,2
60770,1
60771,2
60772,2
60773,6
60774,0
60775,2
60776,1
60777,3
60778,4
60779,1
60780,4
60781,4
60782,3
60783,4
60784,2
60785,1
60786,4
60787,4
60788,3
60789,2
60790,2
60791,3
60792,2
60793,1
60794,1
60795,2
60796,0
60797,4
60798,2
60799,0
60800,4
60801,1
60802,2
60803,6
60804,3
60805,0
60806,6
60807,4
60808,2
60809,2
60810,0
60811,4
60812,1
60813,3
60814,0
60815,0
60816,2
60817,6
60818,0
60819,2
60820,0
60821,1
60822,2
60823,0
60824,4
60825,3
60826,3
60827,2
60828,4
60829,3
60830,5
60831,5
60832,2
60833,5
60834,5
60835,5
60836,2
60837,1
60838,4
60839,2
60840,2
60841,1
60842,6
60843,0
60844,1
60845,2
60846,4
60847,3
60848,1
60849,2
60850,1
60851,0
60852,3
60853,1
60854,4
60855,2
60856,1
60857,0
60858,1
60859,3
60860,4
60861,3
60862,3
60863,2
60864,6
60865,5
60866,6
60867,6
60868,1
60869,5
60870,3
60871,3
60872,3
60873,4
60874,1
60875,4
60876,1
60877,2
60878,4
60879,4
60880,0
60881,0
60882,1
60883,3
60884,0
60885,3
60886,1
60887,2
60888,0
60889,1
60890,1
60891,3
60892,1
60893,1
60894,1
60895,5
60896,0
60897,1
60898,1
60899,3
60900,5
60901,2
60902,6
60903,5
60904,6
60905,2
60906,4
60907,3
60908,4
60909,0
60910,2
60911,4
60912,6
60913,3
60914,0
60915,3
60916,2
60917,2
60918,1
60919,4
60920,2
60921,0
60922,2
60923,4
60924,4
60925,2
60926,5
60927,4
60928,1
60929,3
60930,4
60931,4
60932,2
60933,2
60934,2
60935,3
60936,2
60937,4
60938,5
60939,1
60940,3
60941,4
60942,0
60943,0
60944,1
60945,2
60946,1
60947,4
60948,0
60949,2
60950,3
60951,5
60952,3
60953,2
60954,2
60955,1
60956,4
60957,3
60958,1
60959,5
60960,6
60961,6
60962,1
60963,1
60964,5
60965,2
60966,3
60967,1
60968,2
60969,2
60970,2
60971,1
60972,0
60973,6
60974,1
60975,0
60976,1
60977,2
60978,1
60979,3
60980,4
60981,2
60982,1
60983,1
60984,6
60985,3
60986,4
60987,6
60988,6
60989,1
60990,2
60991,5
60992,6
60993,6
60994,2
60995,1
60996,2
60997,2
60998,5
60999,0
61000,5
61001,4
61002,1
61003,4
61004,2
61005,4
61006,0
61007,3
61008,1
61009,2
61010,3
61011,2
61012,0
61013,6
61014,0
61015,6
61016,6
61017,5
61018,5
61019,3
61020,6
61021,1
61022,2
61023,1
61024,4
61025,3
61026,0
61027,0
61028,4
61029,1
61030,0
61031,6
61032,1
61033,5
61034,2
61035,3
61036,2
61037,0
61038,6
61039,2
61040,2
61041,6
61042,1
61043,4
61044,2
61045,2
61046,2
61047,2
61048,2
61049,2
61050,3
61051,2
61052,3
61053,6
61054,1
61055,1
61056,4
61057,1
61058,2
61059,4
61060,0
61061,0
61062,2
61063,2
61064,0
61065,6
61066,6
61067,1
61068,4
61069,4
61070,1
61071,2
61072,4
61073,1
61074,3
61075,1
61076,1
61077,0
61078,5
61079,1
61080,5
61081,1
61082,4
61083,2
61084,2
61085,2
61086,3
61087,0
61088,2
61089,1
61090,5
61091,0
61092,3
61093,0
61094,2
61095,3
61096,5
61097,1
61098,1
61099,4
61100,1
61101,1
61102,1
61103,5
61104,0
61105,0
61106,1
61107,5
61108,1
61109,4
61110,6
61111,1
61112,6
61113,0
61114,1
61115,0
61116,2
61117,1
61118,1
61119,1
61120,4
61121,4
61122,0
61123,5
61124,1
61125,0
61126,2
61127,4
61128,2
61129,5
61130,6
61131,2
61132,0
61133,6
61134,3
61135,0
61136,4
61137,1
61138,4
61139,0
61140,3
61141,2
61142,2
61143,5
61144,2
61145,6
61146,2
61147,1
61148,4
61149,6
61150,4
61151,5
61152,2
61153,4
61154,3
61155,1
61156,0
61157,5
61158,1
61159,1
61160,1
61161,3
61162,6
61163,3
61164,2
61165,4
61166,2
61167,6
61168,5
61169,1
61170,4
61171,1
61172,6
61173,2
61174,3
61175,2
61176,0
61177,1
61178,2
61179,5
61180,3
61181,4
61182,1
61183,6
61184,6
61185,0
61186,1
61187,2
61188,1
61189,1
61190,5
61191,2
61192,1
61193,0
61194,2
61195,5
61196,1
61197,2
61198,3
61199,5
61200,3
61201,4
61202,2
61203,2
61204,1
61205,6
61206,3
61207,5
61208,2
61209,3
61210,2
61211,1
61212,4
61213,1
61214,3
61215,4
61216,6
61217,5
61218,2
61219,5
61220,0
61221,6
61222,1
61223,5
61224,3
61225,5
61226,2
61227,0
61228,5
61229,2
61230,0
61231,0
61232,6
61233,4
61234,1
61235,1
61236,1
61237,3
61238,1
61239,2
61240,0
61241,2
61242,6
61243,1
61244,2
61245,3
61246,4
61247,2
61248,2
61249,0
61250,1
61251,1
61252,3
61253,1
61254,1
61255,0
61256,5
61257,1
61258,1
61259,6
61260,1
61261,2
61262,0
61263,2
61264,1
61265,1
61266,0
61267,1
61268,2
61269,2
61270,2
61271,5
61272,0
61273,2
61274,1
61275,2
61276,0
61277,5
61278,3
61279,1
61280,4
61281,4
61282,2
61283,4
61284,5
61285,3
61286,6
61287,2
61288,2
61289,6
61290,4
61291,5
61292,5
61293,3
61294,5
61295,0
61296,5
61297,0
61298,0
61299,6
61300,5
61301,2
61302,6
61303,1
61304,2
61305,5
61306,1
61307,0
61308,6
61309,1
61310,2
61311,1
61312,1
61313,3
61314,0
61315,4
61316,4
61317,1
61318,3
61319,0
61320,2
61321,1
61322,0
61323,6
61324,1
61325,2
61326,2
61327,4
61328,0
61329,2
61330,6
61331,5
61332,4
61333,1
61334,2
61335,3
61336,2
61337,1
61338,4
61339,2
61340,2
61341,1
61342,4
61343,1
61344,1
61345,4
61346,0
61347,5
61348,1
61349,2
61350,2
61351,2
61352,3
61353,1
61354,6
61355,0
61356,3
61357,3
61358,1
61359,0
61360,0
61361,1
61362,4
61363,3
61364,2
61365,2
61366,5
61367,3
61368,6
61369,0
61370,0
61371,4
61372,0
61373,0
61374,2
61375,5
61376,5
61377,1
61378,0
61379,0
61380,2
61381,2
61382,1
61383,6
61384,3
61385,1
61386,0
61387,3
61388,4
61389,0
61390,3
61391,2
61392,6
61393,4
61394,2
61395,1
61396,1
61397,5
61398,3
61399,4
61400,5
61401,0
61402,2
61403,4
61404,0
61405,3
61406,3
61407,2
61408,2
61409,2
61410,6
61411,3
61412,2
61413,1
61414,1
61415,0
61416,6
61417,4
61418,3
61419,3
61420,1
61421,4
61422,1
61423,5
61424,0
61425,3
61426,0
61427,4
61428,1
61429,4
61430,2
61431,1
61432,0
61433,2
61434,4
61435,6
61436,2
61437,1
61438,1
61439,4
61440,4
61441,2
61442,1
61443,2
61444,3
61445,6
61446,2
61447,4
61448,0
61449,0
61450,2
61451,2
61452,0
61453,6
61454,2
61455,1
61456,5
61457,2
61458,1
61459,5
61460,4
61461,1
61462,1
61463,2
61464,1
61465,0
61466,5
61467,2
61468,2
61469,2
61470,6
61471,0
61472,2
61473,2
61474,2
61475,4
61476,3
61477,3
61478,2
61479,2
61480,5
61481,2
61482,1
61483,3
61484,2
61485,2
61486,5
61487,5
61488,2
61489,3
61490,2
61491,1
61492,0
61493,3
61494,6
61495,5
61496,3
61497,5
61498,2
61499,1
61500,1
61501,1
61502,1
61503,1
61504,1
61505,1
61506,2
61507,2
61508,1
61509,6
61510,0
61511,1
61512,0
61513,1
61514,1
61515,1
61516,1
61517,0
61518,2
61519,2
61520,0
61521,1
61522,3
61523,1
61524,1
61525,1
61526,4
61527,5
61528,4
61529,2
61530,0
61531,1
61532,5
61533,4
61534,0
61535,5
61536,1
61537,3
61538,3
61539,2
61540,2
61541,2
61542,1
61543,4
61544,1
61545,1
61546,5
61547,2
61548,3
61549,1
61550,6
61551,4
61552,2
61553,6
61554,3
61555,4
61556,4
61557,4
61558,6
61559,6
61560,1
61561,2
61562,6
61563,1
61564,4
61565,1
61566,2
61567,5
61568,0
61569,3
61570,3
61571,0
61572,2
61573,2
61574,4
61575,2
61576,1
61577,6
61578,4
61579,1
61580,5
61581,2
61582,1
61583,0
61584,1
61585,2
61586,3
61587,4
61588,4
61589,5
61590,3
61591,2
61592,1
61593,0
61594,5
61595,5
61596,0
61597,4
61598,2
61599,3
61600,2
61601,6
61602,4
61603,1
61604,1
61605,2
61606,1
61607,4
61608,5
61609,1
61610,4
61611,4
61612,0
61613,0
61614,2
61615,4
61616,3
61617,1
61618,2
61619,5
61620,2
61621,5
61622,0
61623,4
61624,2
61625,3
61626,5
61627,2
61628,5
61629,3
61630,2
61631,2
61632,2
61633,1
61634,6
61635,5
61636,4
61637,1
61638,1
61639,2
61640,4
61641,4
61642,4
61643,0
61644,3
61645,6
61646,4
61647,2
61648,5
61649,1
61650,1
61651,4
61652,4
61653,6
61654,0
61655,0
61656,2
61657,4
61658,1
61659,1
61660,1
61661,1
61662,1
61663,1
61664,0
61665,2
61666,3
61667,2
61668,4
61669,2
61670,5
61671,1
61672,2
61673,1
61674,2
61675,0
61676,1
61677,6
61678,1
61679,0
61680,2
61681,1
61682,6
61683,1
61684,6
61685,1
61686,1
61687,5
61688,1
61689,1
61690,1
61691,5
61692,2
61693,5
61694,2
61695,1
61696,1
61697,3
61698,1
61699,1
61700,1
61701,5
61702,6
61703,6
61704,2
61705,2
61706,2
61707,6
61708,2
61709,4
61710,2
61711,1
61712,4
61713,3
61714,2
61715,2
61716,3
61717,2
61718,3
61719,6
61720,2
61721,2
61722,1
61723,1
61724,0
61725,1
61726,4
61727,0
61728,3
61729,2
61730,0
61731,1
61732,1
61733,4
61734,4
61735,4
61736,4
61737,2
61738,1
61739,3
61740,3
61741,1
61742,1
61743,3
61744,1
61745,4
61746,1
61747,3
61748,2
61749,2
61750,0
61751,1
61752,5
61753,2
61754,2
61755,1
61756,5
61757,1
61758,3
61759,5
61760,1
61761,6
61762,6
61763,3
61764,1
61765,0
61766,6
61767,4
61768,3
61769,2
61770,2
61771,2
61772,4
61773,2
61774,2
61775,6
61776,6
61777,1
61778,5
61779,6
61780,2
61781,1
61782,3
61783,0
61784,6
61785,1
61786,4
61787,2
61788,4
61789,2
61790,1
61791,0
61792,2
61793,1
61794,0
61795,6
61796,1
61797,2
61798,2
61799,1
61800,0
61801,2
61802,3
61803,0
61804,5
61805,5
61806,0
61807,3
61808,1
61809,3
61810,1
61811,3
61812,4
61813,6
61814,2
61815,5
61816,3
61817,1
61818,1
61819,2
61820,2
61821,0
61822,3
61823,0
61824,3
61825,4
61826,1
61827,6
61828,0
61829,1
61830,5
61831,2
61832,0
61833,2
61834,6
61835,2
61836,6
61837,2
61838,0
61839,3
61840,3
61841,1
61842,6
61843,5
61844,1
61845,0
61846,1
61847,3
61848,0
61849,4
61850,3
61851,4
61852,5
61853,2
61854,1
61855,4
61856,5
61857,0
61858,4
61859,5
61860,6
61861,2
61862,0
61863,1
61864,1
61865,3
61866,2
61867,1
61868,2
61869,1
61870,2
61871,1
61872,2
61873,6
61874,2
61875,4
61876,0
61877,1
61878,5
61879,5
61880,4
61881,0
61882,4
61883,2
61884,1
61885,6
61886,0
61887,1
61888,3
61889,3
61890,4
61891,4
61892,1
61893,2
61894,2
61895,1
61896,3
61897,1
61898,3
61899,5
61900,2
61901,2
61902,0
61903,2
61904,0
61905,0
61906,0
61907,0
61908,3
61909,1
61910,2
61911,2
61912,2
61913,4
61914,4
61915,1
61916,2
61917,2
61918,2
61919,1
61920,1
61921,2
61922,6
61923,3
61924,1
61925,1
61926,3
61927,0
61928,1
61929,2
61930,5
61931,0
61932,1
61933,6
61934,0
61935,2
61936,1
61937,6
61938,4
61939,3
61940,2
61941,1
61942,2
61943,1
61944,2
61945,4
61946,4
61947,5
61948,1
61949,0
61950,3
61951,6
61952,4
61953,2
61954,4
61955,2
61956,0
61957,4
61958,0
61959,3
61960,2
61961,0
61962,6
61963,6
61964,4
61965,6
61966,1
61967,5
61968,1
61969,0
61970,1
61971,3
61972,0
61973,1
61974,1
61975,1
61976,4
61977,2
61978,1
61979,3
61980,3
61981,4
61982,1
61983,0
61984,4
61985,2
61986,1
61987,3
61988,4
61989,5
61990,3
61991,3
61992,1
61993,5
61994,0
61995,6
61996,6
61997,2
61998,2
61999,2
62000,2
62001,2
62002,4
62003,1
62004,6
62005,0
62006,2
62007,4
62008,2
62009,1
62010,2
62011,0
62012,2
62013,2
62014,1
62015,6
62016,4
62017,0
62018,1
62019,3
62020,6
62021,0
62022,4
62023,1
62024,5
62025,0
62026,0
62027,1
62028,5
62029,2
62030,1
62031,4
62032,2
62033,2
62034,5
62035,2
62036,5
62037,4
62038,6
62039,0
62040,5
62041,3
62042,2
62043,1
62044,3
62045,2
62046,3
62047,3
62048,3
62049,2
62050,1
62051,2
62052,0
62053,1
62054,1
62055,1
62056,5
62057,1
62058,2
62059,6
62060,2
62061,1
62062,3
62063,6
62064,3
62065,2
62066,0
62067,2
62068,1
62069,2
62070,1
62071,6
62072,2
62073,6
62074,2
62075,2
62076,2
62077,2
62078,1
62079,0
62080,2
62081,0
62082,6
62083,4
62084,6
62085,6
62086,6
62087,4
62088,4
62089,1
62090,2
62091,4
62092,4
62093,5
62094,6
62095,2
62096,2
62097,0
62098,2
62099,3
62100,0
62101,2
62102,2
62103,1
62104,6
62105,1
62106,2
62107,2
62108,6
62109,6
62110,2
62111,6
62112,2
62113,1
62114,4
62115,0
62116,1
62117,4
62118,6
62119,1
62120,2
62121,6
62122,0
62123,1
62124,0
62125,2
62126,1
62127,1
62128,1
62129,2
62130,4
62131,0
62132,2
62133,3
62134,1
62135,1
62136,6
62137,5
62138,1
62139,2
62140,4
62141,6
62142,1
62143,1
62144,1
62145,1
62146,1
62147,3
62148,3
62149,2
62150,1
62151,2
62152,0
62153,3
62154,2
62155,1
62156,1
62157,5
62158,6
62159,6
62160,5
62161,4
62162,2
62163,0
62164,1
62165,2
62166,1
62167,1
62168,2
62169,2
62170,2
62171,2
62172,5
62173,4
62174,1
62175,3
62176,3
62177,1
62178,1
62179,3
62180,5
62181,1
62182,6
62183,2
62184,1
62185,4
62186,3
62187,4
62188,0
62189,1
62190,4
62191,3
62192,6
62193,1
62194,2
62195,4
62196,2
62197,5
62198,2
62199,2
62200,5
62201,2
62202,4
62203,2
62204,6
62205,4
62206,1
62207,3
62208,2
62209,0
62210,4
62211,0
62212,4
62213,4
62214,1
62215,1
62216,6
62217,5
62218,2
62219,5
62220,0
62221,5
62222,1
62223,3
62224,5
62225,0
62226,1
62227,0
62228,4
62229,1
62230,4
62231,6
62232,1
62233,0
62234,0
62235,5
62236,1
62237,6
62238,0
62239,5
62240,1
62241,4
62242,6
62243,4
62244,1
62245,5
62246,6
62247,4
62248,1
62249,4
62250,6
62251,3
62252,1
62253,6
62254,4
62255,2
62256,3
62257,3
62258,0
62259,1
62260,6
62261,4
62262,2
62263,1
62264,1
62265,5
62266,1
62267,4
62268,2
62269,2
62270,0
62271,6
62272,1
62273,1
62274,5
62275,1
62276,1
62277,4
62278,1
62279,1
62280,2
62281,2
62282,6
62283,2
62284,5
62285,3
62286,4
62287,4
62288,6
62289,1
62290,1
62291,0
62292,1
62293,3
62294,2
62295,1
62296,4
62297,1
62298,2
62299,1
62300,1
62301,5
62302,6
62303,5
62304,0
62305,3
62306,3
62307,4
62308,6
62309,6
62310,5
62311,3
62312,2
62313,1
62314,1
62315,2
62316,6
62317,1
62318,2
62319,1
62320,0
62321,0
62322,1
62323,6
62324,6
62325,6
62326,2
62327,3
62328,2
62329,1
62330,1
62331,1
62332,5
62333,1
62334,4
62335,6
62336,1
62337,1
62338,2
62339,2
62340,2
62341,3
62342,2
62343,1
62344,6
62345,6
62346,1
62347,0
62348,1
62349,5
62350,1
62351,2
62352,4
62353,2
62354,4
62355,5
62356,4
62357,0
62358,2
62359,2
62360,3
62361,6
62362,2
62363,6
62364,1
62365,3
62366,4
62367,1
62368,4
62369,5
62370,1
62371,2
62372,2
62373,0
62374,2
62375,3
62376,0
62377,1
62378,2
62379,6
62380,0
62381,6
62382,2
62383,2
62384,1
62385,2
62386,2
62387,1
62388,6
62389,4
62390,4
62391,2
62392,1
62393,1
62394,3
62395,2
62396,2
62397,2
62398,0
62399,2
62400,1
62401,1
62402,2
62403,1
62404,2
62405,0
62406,1
62407,4
62408,1
62409,4
62410,3
62411,5
62412,2
62413,6
62414,1
62415,5
62416,3
62417,2
62418,0
62419,4
62420,3
62421,4
62422,5
62423,2
62424,2
62425,0
62426,2
62427,0
62428,1
62429,0
62430,1
62431,2
62432,4
62433,0
62434,4
62435,5
62436,2
62437,2
62438,3
62439,2
62440,2
62441,5
62442,0
62443,6
62444,6
62445,3
62446,4
62447,2
62448,1
62449,4
62450,2
62451,0
62452,1
62453,2
62454,1
62455,2
62456,1
62457,4
62458,2
62459,5
62460,2
62461,4
62462,2
62463,1
62464,1
62465,0
62466,0
62467,2
62468,5
62469,1
62470,1
62471,4
62472,3
62473,1
62474,1
62475,5
62476,5
62477,3
62478,2
62479,3
62480,2
62481,3
62482,0
62483,1
62484,2
62485,3
62486,2
62487,0
62488,2
62489,1
62490,3
62491,3
62492,4
62493,1
62494,1
62495,2
62496,2
62497,1
62498,1
62499,2
62500,5
62501,2
62502,3
62503,1
62504,0
62505,0
62506,2
62507,2
62508,1
62509,2
62510,2
62511,2
62512,1
62513,1
62514,1
62515,6
62516,3
62517,3
62518,1
62519,4
62520,1
62521,2
62522,1
62523,6
62524,6
62525,2
62526,2
62527,5
62528,1
62529,6
62530,2
62531,3
62532,1
62533,4
62534,0
62535,4
62536,2
62537,3
62538,5
62539,3
62540,6
62541,1
62542,1
62543,1
62544,2
62545,0
62546,1
62547,1
62548,1
62549,1
62550,2
62551,2
62552,5
62553,2
62554,5
62555,2
62556,0
62557,4
62558,3
62559,2
62560,4
62561,3
62562,1
62563,1
62564,1
62565,2
62566,4
62567,1
62568,2
62569,1
62570,1
62571,1
62572,2
62573,1
62574,1
62575,3
62576,1
62577,2
62578,2
62579,2
62580,5
62581,1
62582,1
62583,1
62584,5
62585,1
62586,3
62587,0
62588,0
62589,3
62590,5
62591,0
62592,1
62593,1
62594,4
62595,1
62596,6
62597,2
62598,1
62599,4
62600,0
62601,1
62602,3
62603,6
62604,2
62605,2
62606,1
62607,5
62608,4
62609,5
62610,6
62611,2
62612,1
62613,4
62614,1
62615,2
62616,0
62617,1
62618,5
62619,3
62620,6
62621,3
62622,0
62623,5
62624,1
62625,1
62626,3
62627,4
62628,1
62629,3
62630,2
62631,4
62632,3
62633,1
62634,1
62635,5
62636,1
62637,2
62638,3
62639,5
62640,1
62641,2
62642,6
62643,1
62644,1
62645,2
62646,3
62647,6
62648,2
62649,1
62650,4
62651,3
62652,4
62653,2
62654,6
62655,4
62656,5
62657,2
62658,0
62659,2
62660,6
62661,0
62662,0
62663,2
62664,6
62665,5
62666,2
62667,2
62668,1
62669,1
62670,3
62671,5
62672,5
62673,6
62674,1
62675,1
62676,5
62677,4
62678,0
62679,6
62680,2
62681,2
62682,2
62683,1
62684,1
62685,3
62686,0
62687,2
62688,4
62689,4
62690,2
62691,1
62692,1
62693,2
62694,2
62695,2
62696,1
62697,1
62698,2
62699,2
62700,0
62701,6
62702,2
62703,6
62704,5
62705,5
62706,4
62707,1
62708,1
62709,1
62710,3
62711,1
62712,1
62713,1
62714,4
62715,2
62716,2
62717,4
62718,4
62719,3
62720,0
62721,1
62722,3
62723,1
62724,1
62725,2
62726,1
62727,3
62728,0
62729,1
62730,2
62731,2
62732,3
62733,6
62734,2
62735,5
62736,2
62737,2
62738,3
62739,1
62740,1
62741,1
62742,3
62743,2
62744,4
62745,2
62746,1
62747,1
62748,3
62749,1
62750,3
62751,4
62752,1
62753,4
62754,2
62755,0
62756,1
62757,0
62758,2
62759,0
62760,3
62761,5
62762,5
62763,1
62764,6
62765,3
62766,1
62767,5
62768,5
62769,4
62770,2
62771,4
62772,6
62773,1
62774,6
62775,1
62776,2
62777,1
62778,2
62779,5
62780,3
62781,3
62782,2
62783,6
62784,3
62785,0
62786,0
62787,1
62788,0
62789,5
62790,2
62791,0
62792,2
62793,6
62794,2
62795,1
62796,3
62797,1
62798,0
62799,0
62800,1
62801,1
62802,1
62803,3
62804,1
62805,0
62806,5
62807,5
62808,0
62809,4
62810,0
62811,4
62812,2
62813,1
62814,0
62815,2
62816,4
62817,1
62818,2
62819,2
62820,1
62821,1
62822,1
62823,1
62824,5
62825,3
62826,1
62827,0
62828,2
62829,5
62830,4
62831,2
62832,5
62833,2
62834,0
62835,4
62836,6
62837,5
62838,1
62839,1
62840,6
62841,2
62842,4
62843,1
62844,2
62845,2
62846,6
62847,2
62848,2
62849,1
62850,0
62851,1
62852,4
62853,2
62854,2
62855,2
62856,1
62857,6
62858,0
62859,1
62860,1
62861,6
62862,2
62863,2
62864,3
62865,1
62866,6
62867,0
62868,3
62869,5
62870,4
62871,2
62872,4
62873,1
62874,1
62875,6
62876,6
62877,1
62878,0
62879,2
62880,6
62881,1
62882,1
62883,1
62884,3
62885,2
62886,3
62887,2
62888,2
62889,6
62890,1
62891,2
62892,1
62893,5
62894,4
62895,6
62896,3
62897,4
62898,1
62899,0
62900,1
62901,6
62902,4
62903,1
62904,5
62905,0
62906,6
62907,4
62908,1
62909,6
62910,0
62911,2
62912,3
62913,5
62914,0
62915,3
62916,2
62917,4
62918,5
62919,0
62920,5
62921,3
62922,6
62923,1
62924,1
62925,2
62926,1
62927,2
62928,1
62929,5
62930,3
62931,4
62932,2
62933,2
62934,5
62935,0
62936,4
62937,5
62938,2
62939,5
62940,6
62941,1
62942,4
62943,1
62944,1
62945,0
62946,1
62947,2
62948,0
62949,3
62950,1
62951,1
62952,3
62953,4
62954,3
62955,2
62956,3
62957,1
62958,2
62959,0
62960,0
62961,3
62962,2
62963,1
62964,2
62965,1
62966,1
62967,2
62968,2
62969,4
62970,6
62971,3
62972,5
62973,1
62974,0
62975,5
62976,6
62977,4
62978,6
62979,2
62980,3
62981,1
62982,4
62983,2
62984,2
62985,5
62986,5
62987,2
62988,0
62989,6
62990,3
62991,2
62992,1
62993,2
62994,2
62995,3
62996,1
62997,4
62998,1
62999,1
63000,1
63001,1
63002,6
63003,3
63004,5
63005,0
63006,5
63007,2
63008,2
63009,2
63010,3
63011,2
63012,0
63013,4
63014,1
63015,1
63016,5
63017,2
63018,5
63019,2
63020,5
63021,2
63022,1
63023,2
63024,4
63025,3
63026,6
63027,3
63028,5
63029,3
63030,2
63031,1
63032,1
63033,4
63034,3
63035,2
63036,4
63037,4
63038,3
63039,0
63040,1
63041,1
63042,5
63043,6
63044,2
63045,2
63046,2
63047,4
63048,5
63049,2
63050,5
63051,6
63052,1
63053,5
63054,1
63055,5
63056,2
63057,2
63058,6
63059,0
63060,4
63061,0
63062,5
63063,6
63064,3
63065,4
63066,1
63067,2
63068,5
63069,4
63070,6
63071,2
63072,1
63073,0
63074,0
63075,6
63076,1
63077,5
63078,1
63079,2
63080,1
63081,4
63082,2
63083,1
63084,1
63085,6
63086,2
63087,3
63088,6
63089,0
63090,1
63091,0
63092,1
63093,1
63094,5
63095,1
63096,1
63097,5
63098,5
63099,6
63100,0
63101,0
63102,0
63103,3
63104,2
63105,0
63106,1
63107,1
63108,1
63109,3
63110,1
63111,1
63112,0
63113,0
63114,2
63115,5
63116,1
63117,5
63118,2
63119,2
63120,0
63121,3
63122,1
63123,1
63124,2
63125,1
63126,0
63127,3
63128,5
63129,2
63130,5
63131,5
63132,4
63133,3
63134,5
63135,1
63136,2
63137,2
63138,1
63139,3
63140,1
63141,2
63142,1
63143,3
63144,1
63145,6
63146,6
63147,0
63148,1
63149,5
63150,1
63151,2
63152,6
63153,2
63154,3
63155,3
63156,1
63157,1
63158,1
63159,0
63160,1
63161,0
63162,2
63163,1
63164,2
63165,3
63166,4
63167,1
63168,5
63169,1
63170,1
63171,3
63172,5
63173,2
63174,1
63175,2
63176,4
63177,5
63178,4
63179,2
63180,1
63181,4
63182,3
63183,3
63184,3
63185,3
63186,2
63187,6
63188,6
63189,1
63190,4
63191,4
63192,1
63193,4
63194,0
63195,1
63196,1
63197,2
63198,1
63199,3
63200,6
63201,2
63202,1
63203,1
63204,1
63205,1
63206,1
63207,6
63208,6
63209,1
63210,3
63211,4
63212,6
63213,4
63214,6
63215,0
63216,2
63217,4
63218,2
63219,2
63220,6
63221,1
63222,5
63223,3
63224,2
63225,1
63226,1
63227,3
63228,2
63229,2
63230,4
63231,2
63232,6
63233,2
63234,4
63235,2
63236,0
63237,5
63238,1
63239,1
63240,6
63241,2
63242,1
63243,2
63244,0
63245,2
63246,5
63247,4
63248,6
63249,2
63250,1
63251,5
63252,2
63253,2
63254,2
63255,0
63256,1
63257,0
63258,1
63259,1
63260,0
63261,0
63262,1
63263,5
63264,6
63265,4
63266,2
63267,2
63268,1
63269,2
63270,4
63271,3
63272,5
63273,3
63274,0
63275,1
63276,0
63277,1
63278,0
63279,1
63280,2
63281,3
63282,2
63283,0
63284,6
63285,6
63286,2
63287,4
63288,2
63289,5
63290,2
63291,2
63292,4
63293,4
63294,2
63295,3
63296,5
63297,3
63298,5
63299,0
63300,6
63301,1
63302,2
63303,2
63304,6
63305,0
63306,1
63307,0
63308,4
63309,4
63310,1
63311,0
63312,2
63313,2
63314,6
63315,6
63316,2
63317,2
63318,3
63319,0
63320,5
63321,3
63322,5
63323,2
63324,2
63325,1
63326,2
63327,1
63328,5
63329,1
63330,1
63331,2
63332,2
63333,6
63334,0
63335,1
63336,0
63337,2
63338,3
63339,4
63340,1
63341,3
63342,2
63343,6
63344,0
63345,1
63346,3
63347,6
63348,3
63349,2
63350,1
63351,4
63352,3
63353,6
63354,1
63355,0
63356,1
63357,2
63358,3
63359,3
63360,1
63361,1
63362,1
63363,1
63364,6
63365,0
63366,5
63367,1
63368,2
63369,1
63370,2
63371,6
63372,1
63373,1
63374,3
63375,4
63376,1
63377,2
63378,1
63379,0
63380,2
63381,1
63382,2
63383,1
63384,0
63385,5
63386,1
63387,2
63388,1
63389,5
63390,3
63391,0
63392,3
63393,2
63394,1
63395,5
63396,4
63397,1
63398,0
63399,2
63400,4
63401,2
63402,1
63403,1
63404,6
63405,3
63406,4
63407,3
63408,2
63409,3
63410,2
63411,1
63412,5
63413,6
63414,1
63415,4
63416,1
63417,2
63418,2
63419,6
63420,2
63421,3
63422,1
63423,1
63424,5
63425,6
63426,0
63427,3
63428,4
63429,6
63430,2
63431,3
63432,4
63433,1
63434,0
63435,2
63436,5
63437,2
63438,4
63439,4
63440,2
63441,4
63442,2
63443,2
63444,5
63445,2
63446,6
63447,6
63448,3
63449,1
63450,4
63451,0
63452,3
63453,0
63454,2
63455,1
63456,1
63457,2
63458,2
63459,5
63460,2
63461,2
63462,5
63463,3
63464,2
63465,2
63466,2
63467,1
63468,2
63469,2
63470,5
63471,6
63472,2
63473,3
63474,0
63475,2
63476,2
63477,1
63478,4
63479,6
63480,1
63481,6
63482,0
63483,4
63484,1
63485,2
63486,1
63487,2
63488,2
63489,6
63490,4
63491,3
63492,2
63493,6
63494,6
63495,4
63496,4
63497,5
63498,3
63499,1
63500,1
63501,1
63502,0
63503,3
63504,3
63505,2
63506,3
63507,1
63508,1
63509,4
63510,6
63511,0
63512,0
63513,0
63514,1
63515,0
63516,6
63517,2
63518,2
63519,5
63520,0
63521,0
63522,5
63523,1
63524,2
63525,0
63526,5
63527,0
63528,6
63529,3
63530,1
63531,1
63532,2
63533,5
63534,1
63535,1
63536,3
63537,3
63538,1
63539,6
63540,1
63541,0
63542,1
63543,1
63544,1
63545,1
63546,0
63547,2
63548,1
63549,2
63550,1
63551,3
63552,3
63553,2
63554,2
63555,3
63556,6
63557,2
63558,0
63559,4
63560,2
63561,1
63562,4
63563,2
63564,0
63565,4
63566,2
63567,1
63568,1
63569,0
63570,6
63571,2
63572,2
63573,3
63574,1
63575,4
63576,0
63577,4
63578,1
63579,3
63580,4
63581,4
63582,1
63583,2
63584,4
63585,3
63586,1
63587,1
63588,1
63589,3
63590,6
63591,6
63592,4
63593,5
63594,3
63595,2
63596,3
63597,1
63598,5
63599,1
63600,6
63601,1
63602,5
63603,3
63604,6
63605,3
63606,1
63607,2
63608,5
63609,1
63610,4
63611,2
63612,0
63613,3
63614,1
63615,2
63616,1
63617,2
63618,1
63619,2
63620,6
63621,1
63622,5
63623,6
63624,1
63625,2
63626,4
63627,0
63628,1
63629,0
63630,6
63631,2
63632,4
63633,4
63634,3
63635,1
63636,6
63637,5
63638,1
63639,6
63640,6
63641,1
63642,1
63643,2
63644,2
63645,5
63646,1
63647,5
63648,0
63649,0
63650,3
63651,3
63652,5
63653,5
63654,2
63655,2
63656,1
63657,4
63658,0
63659,1
63660,6
63661,0
63662,1
63663,4
63664,5
63665,2
63666,1
63667,0
63668,3
63669,1
63670,0
63671,2
63672,5
63673,1
63674,3
63675,6
63676,0
63677,6
63678,1
63679,1
63680,6
63681,5
63682,3
63683,3
63684,1
63685,2
63686,0
63687,1
63688,0
63689,1
63690,4
63691,3
63692,2
63693,0
63694,6
63695,5
63696,5
63697,1
63698,1
63699,2
63700,0
63701,2
63702,0
63703,3
63704,3
63705,6
63706,6
63707,2
63708,0
63709,3
63710,5
63711,2
63712,6
63713,6
63714,3
63715,2
63716,0
63717,2
63718,2
63719,2
63720,6
63721,6
63722,0
63723,1
63724,1
63725,5
63726,6
63727,3
63728,2
63729,4
63730,3
63731,0
63732,0
63733,2
63734,4
63735,5
63736,1
63737,0
63738,5
63739,2
63740,2
63741,3
63742,1
63743,5
63744,1
63745,5
63746,3
63747,1
63748,2
63749,6
63750,1
63751,1
63752,5
63753,5
63754,4
63755,3
63756,1
63757,2
63758,2
63759,0
63760,3
63761,5
63762,1
63763,2
63764,6
63765,1
63766,2
63767,3
63768,3
63769,1
63770,2
63771,1
63772,1
63773,6
63774,2
63775,6
63776,3
63777,2
63778,5
63779,1
63780,5
63781,0
63782,2
63783,0
63784,1
63785,2
63786,1
63787,5
63788,1
63789,3
63790,0
63791,1
63792,3
63793,0
63794,6
63795,1
63796,6
63797,3
63798,2
63799,1
63800,1
63801,6
63802,2
63803,2
63804,0
63805,2
63806,2
63807,2
63808,6
63809,2
63810,1
63811,1
63812,2
63813,0
63814,1
63815,5
63816,3
63817,5
63818,5
63819,3
63820,1
63821,4
63822,4
63823,1
63824,1
63825,2
63826,1
63827,4
63828,1
63829,2
63830,1
63831,6
63832,0
63833,2
63834,2
63835,6
63836,6
63837,3
63838,4
63839,2
63840,0
63841,1
63842,3
63843,1
63844,2
63845,5
63846,0
63847,2
63848,2
63849,1
63850,1
63851,1
63852,1
63853,6
63854,6
63855,1
63856,2
63857,0
63858,0
63859,1
63860,1
63861,2
63862,3
63863,0
63864,6
63865,5
63866,6
63867,1
63868,3
63869,5
63870,6
63871,3
63872,1
63873,1
63874,3
63875,6
63876,2
63877,6
63878,6
63879,1
63880,3
63881,0
63882,2
63883,0
63884,3
63885,4
63886,1
63887,1
63888,5
63889,2
63890,1
63891,6
63892,3
63893,3
63894,1
63895,2
63896,5
63897,5
63898,2
63899,3
63900,1
63901,2
63902,2
63903,1
63904,5
63905,4
63906,3
63907,2
63908,0
63909,2
63910,2
63911,2
63912,6
63913,1
63914,2
63915,4
63916,0
63917,4
63918,2
63919,1
63920,5
63921,0
63922,3
63923,5
63924,0
63925,2
63926,2
63927,1
63928,1
63929,1
63930,2
63931,1
63932,5
63933,5
63934,4
63935,0
63936,1
63937,2
63938,2
63939,1
63940,1
63941,2
63942,3
63943,3
63944,2
63945,2
63946,4
63947,3
63948,2
63949,1
63950,6
63951,5
63952,1
63953,3
63954,5
63955,6
63956,2
63957,6
63958,2
63959,1
63960,6
63961,1
63962,2
63963,2
63964,1
63965,3
63966,2
63967,1
63968,1
63969,4
63970,1
63971,2
63972,2
63973,1
63974,3
63975,2
63976,6
63977,3
63978,5
63979,5
63980,0
63981,3
63982,6
63983,1
63984,2
63985,2
63986,3
63987,2
63988,0
63989,1
63990,2
63991,0
63992,5
63993,4
63994,2
63995,1
63996,6
63997,2
63998,3
63999,5
64000,0
64001,3
64002,2
64003,1
64004,1
64005,5
64006,0
64007,5
64008,1
64009,0
64010,3
64011,2
64012,2
64013,0
64014,6
64015,1
64016,2
64017,4
64018,4
64019,5
64020,1
64021,4
64022,6
64023,6
64024,6
64025,2
64026,5
64027,1
64028,1
64029,1
64030,1
64031,1
64032,2
64033,3
64034,6
64035,3
64036,4
64037,3
64038,0
64039,1
64040,2
64041,1
64042,6
64043,3
64044,6
64045,4
64046,5
64047,1
64048,1
64049,6
64050,3
64051,5
64052,5
64053,2
64054,2
64055,0
64056,3
64057,0
64058,4
64059,1
64060,0
64061,1
64062,0
64063,2
64064,0
64065,2
64066,5
64067,2
64068,3
64069,3
64070,0
64071,1
64072,2
64073,0
64074,5
64075,2
64076,2
64077,4
64078,6
64079,5
64080,3
64081,1
64082,6
64083,2
64084,0
64085,6
64086,6
64087,2
64088,1
64089,4
64090,2
64091,1
64092,0
64093,1
64094,0
64095,5
64096,0
64097,1
64098,2
64099,6
64100,4
64101,2
64102,5
64103,3
64104,3
64105,4
64106,2
64107,1
64108,5
64109,1
64110,4
64111,1
64112,5
64113,4
64114,0
64115,5
64116,6
64117,3
64118,2
64119,3
64120,2
64121,2
64122,2
64123,1
64124,2
64125,1
64126,2
64127,1
64128,0
64129,3
64130,1
64131,5
64132,0
64133,2
64134,1
64135,1
64136,3
64137,6
64138,1
64139,0
64140,4
64141,0
64142,1
64143,5
64144,1
64145,1
64146,0
64147,6
64148,2
64149,3
64150,1
64151,3
64152,1
64153,6
64154,2
64155,3
64156,2
64157,3
64158,5
64159,1
64160,5
64161,0
64162,0
64163,4
64164,1
64165,2
64166,0
64167,3
64168,3
64169,2
64170,5
64171,2
64172,5
64173,6
64174,2
64175,1
64176,1
64177,0
64178,3
64179,2
64180,1
64181,5
64182,1
64183,6
64184,2
64185,6
64186,6
64187,3
64188,1
64189,0
64190,6
64191,1
64192,0
64193,1
64194,2
64195,2
64196,2
64197,2
64198,4
64199,3
64200,2
64201,1
64202,1
64203,1
64204,2
64205,2
64206,1
64207,3
64208,1
64209,5
64210,3
64211,1
64212,2
64213,2
64214,5
64215,6
64216,2
64217,1
64218,1
64219,1
64220,0
64221,4
64222,2
64223,5
64224,2
64225,0
64226,2
64227,4
64228,1
64229,1
64230,5
64231,6
64232,1
64233,0
64234,2
64235,5
64236,2
64237,1
64238,1
64239,1
64240,4
64241,2
64242,4
64243,4
64244,2
64245,2
64246,4
64247,2
64248,0
64249,2
64250,2
64251,4
64252,0
64253,0
64254,1
64255,2
64256,0
64257,2
64258,6
64259,5
64260,1
64261,2
64262,6
64263,4
64264,2
64265,2
64266,1
64267,3
64268,2
64269,6
64270,0
64271,3
64272,2
64273,0
64274,1
64275,6
64276,2
64277,4
64278,1
64279,6
64280,1
64281,5
64282,5
64283,1
64284,1
64285,5
64286,4
64287,2
64288,2
64289,2
64290,2
64291,1
64292,1
64293,6
64294,6
64295,6
64296,1
64297,5
64298,6
64299,5
64300,2
64301,6
64302,6
64303,4
64304,1
64305,2
64306,6
64307,1
64308,0
64309,2
64310,2
64311,5
64312,1
64313,4
64314,2
64315,1
64316,3
64317,4
64318,3
64319,4
64320,1
64321,4
64322,1
64323,0
64324,0
64325,1
64326,3
64327,6
64328,2
64329,6
64330,6
64331,0
64332,5
64333,2
64334,3
64335,2
64336,2
64337,1
64338,4
64339,3
64340,1
64341,2
64342,1
64343,2
64344,3
64345,1
64346,3
64347,1
64348,6
64349,2
64350,0
64351,6
64352,3
64353,1
64354,3
64355,2
64356,0
64357,6
64358,2
64359,2
64360,2
64361,1
64362,2
64363,1
64364,4
64365,6
64366,2
64367,1
64368,5
64369,0
64370,4
64371,2
64372,2
64373,2
64374,0
64375,5
64376,3
64377,4
64378,1
64379,2
64380,2
64381,1
64382,0
64383,1
64384,0
64385,2
64386,1
64387,2
64388,0
64389,0
64390,2
64391,1
64392,1
64393,0
64394,1
64395,0
64396,0
64397,2
64398,2
64399,1
64400,1
64401,1
64402,1
64403,0
64404,1
64405,1
64406,6
64407,1
64408,3
64409,2
64410,1
64411,5
64412,6
64413,0
64414,2
64415,3
64416,5
64417,2
64418,5
64419,4
64420,2
64421,0
64422,2
64423,2
64424,4
64425,2
64426,5
64427,1
64428,2
64429,0
64430,2
64431,1
64432,1
64433,1
64434,2
64435,0
64436,0
64437,1
64438,3
64439,5
64440,1
64441,1
64442,0
64443,1
64444,1
64445,1
64446,2
64447,3
64448,2
64449,5
64450,6
64451,3
64452,1
64453,6
64454,3
64455,1
64456,0
64457,5
64458,6
64459,6
64460,2
64461,2
64462,1
64463,1
64464,3
64465,1
64466,2
64467,6
64468,1
64469,0
64470,3
64471,0
64472,0
64473,5
64474,3
64475,6
64476,3
64477,6
64478,3
64479,2
64480,1
64481,3
64482,6
64483,1
64484,3
64485,3
64486,0
64487,2
64488,2
64489,2
64490,6
64491,6
64492,6
64493,4
64494,5
64495,1
64496,2
64497,1
64498,2
64499,1
64500,3
64501,3
64502,1
64503,6
64504,3
64505,2
64506,2
64507,1
64508,0
64509,0
64510,5
64511,1
64512,2
64513,6
64514,0
64515,2
64516,2
64517,4
64518,2
64519,2
64520,5
64521,1
64522,2
64523,0
64524,1
64525,2
64526,5
64527,1
64528,0
64529,3
64530,2
64531,5
64532,6
64533,2
64534,2
64535,6
64536,6
64537,5
64538,2
64539,4
64540,0
64541,0
64542,6
64543,1
64544,3
64545,1
64546,4
64547,2
64548,0
64549,6
64550,1
64551,2
64552,4
64553,0
64554,3
64555,1
64556,1
64557,1
64558,1
64559,5
64560,2
64561,2
64562,0
64563,3
64564,2
64565,1
64566,0
64567,2
64568,4
64569,1
64570,5
64571,4
64572,3
64573,6
64574,4
64575,1
64576,3
64577,1
64578,2
64579,5
64580,6
64581,2
64582,6
64583,0
64584,1
64585,5
64586,4
64587,0
64588,1
64589,5
64590,5
64591,1
64592,3
64593,1
64594,6
64595,2
64596,2
64597,1
64598,1
64599,2
64600,5
64601,0
64602,1
64603,4
64604,4
64605,2
64606,5
64607,1
64608,2
64609,4
64610,1
64611,1
64612,2
64613,3
64614,1
64615,1
64616,1
64617,3
64618,4
64619,2
64620,0
64621,2
64622,4
64623,1
64624,1
64625,2
64626,3
64627,1
64628,5
64629,2
64630,5
64631,5
64632,2
64633,3
64634,0
64635,2
64636,2
64637,2
64638,4
64639,0
64640,4
64641,0
64642,6
64643,2
64644,2
64645,5
64646,4
64647,4
64648,2
64649,3
64650,1
64651,1
64652,2
64653,1
64654,0
64655,3
64656,1
64657,2
64658,2
64659,4
64660,0
64661,1
64662,3
64663,4
64664,3
64665,5
64666,0
64667,4
64668,4
64669,1
64670,1
64671,3
64672,1
64673,1
64674,4
64675,0
64676,4
64677,2
64678,2
64679,1
64680,5
64681,4
64682,4
64683,0
64684,1
64685,0
64686,6
64687,2
64688,0
64689,2
64690,5
64691,4
64692,1
64693,2
64694,1
64695,6
64696,4
64697,5
64698,5
64699,0
64700,3
64701,2
64702,4
64703,4
64704,3
64705,4
64706,1
64707,6
64708,2
64709,3
64710,2
64711,3
64712,1
64713,4
64714,1
64715,5
64716,2
64717,2
64718,1
64719,4
64720,1
64721,2
64722,6
64723,5
64724,3
64725,1
64726,1
64727,1
64728,4
64729,3
64730,2
64731,6
64732,1
64733,5
64734,2
64735,1
64736,3
64737,4
64738,5
64739,2
64740,4
64741,6
64742,2
64743,3
64744,2
64745,6
64746,1
64747,4
64748,3
64749,0
64750,2
64751,2
64752,1
64753,2
64754,3
64755,5
64756,2
64757,5
64758,1
64759,5
64760,2
64761,0
64762,0
64763,1
64764,2
64765,3
64766,1
64767,2
64768,2
64769,1
64770,1
64771,1
64772,6
64773,3
64774,3
64775,1
64776,1
64777,4
64778,1
64779,6
64780,2
64781,6
64782,0
64783,1
64784,5
64785,4
64786,5
64787,6
64788,2
64789,2
64790,1
64791,0
64792,3
64793,2
64794,2
64795,2
64796,6
64797,1
64798,2
64799,4
64800,0
64801,4
64802,1
64803,1
64804,0
64805,5
64806,4
64807,5
64808,2
64809,5
64810,0
64811,5
64812,2
64813,5
64814,1
64815,0
64816,2
64817,3
64818,1
64819,0
64820,1
64821,1
64822,6
64823,1
64824,2
64825,2
64826,3
64827,2
64828,1
64829,3
64830,4
64831,5
64832,2
64833,1
64834,6
64835,5
64836,6
64837,6
64838,2
64839,1
64840,3
64841,1
64842,1
64843,1
64844,5
64845,3
64846,3
64847,5
64848,1
64849,2
64850,0
64851,6
64852,2
64853,0
64854,4
64855,5
64856,1
64857,0
64858,2
64859,1
64860,3
64861,2
64862,1
64863,2
64864,5
64865,4
64866,2
64867,6
64868,2
64869,1
64870,2
64871,4
64872,1
64873,4
64874,0
64875,2
64876,4
64877,2
64878,5
64879,2
64880,3
64881,4
64882,5
64883,6
64884,2
64885,5
64886,0
64887,2
64888,2
64889,1
64890,2
64891,1
64892,3
64893,4
64894,3
64895,2
64896,1
64897,0
64898,6
64899,6
64900,5
64901,0
64902,1
64903,2
64904,0
64905,2
64906,6
64907,2
64908,6
64909,1
64910,2
64911,1
64912,2
64913,2
64914,0
64915,1
64916,0
64917,4
64918,5
64919,5
64920,0
64921,1
64922,5
64923,4
64924,1
64925,4
64926,1
64927,6
64928,2
64929,2
64930,6
64931,2
64932,2
64933,2
64934,0
64935,0
64936,1
64937,0
64938,2
64939,0
64940,1
64941,3
64942,2
64943,6
64944,3
64945,4
64946,1
64947,2
64948,0
64949,5
64950,2
64951,1
64952,1
64953,0
64954,4
64955,5
64956,4
64957,1
64958,0
64959,3
64960,1
64961,3
64962,4
64963,1
64964,1
64965,3
64966,1
64967,4
64968,4
64969,0
64970,2
64971,1
64972,2
64973,1
64974,1
64975,1
64976,0
64977,0
64978,3
64979,4
64980,0
64981,6
64982,0
64983,2
64984,5
64985,4
64986,4
64987,2
64988,6
64989,2
64990,1
64991,3
64992,1
64993,1
64994,2
64995,3
64996,0
64997,2
64998,3
64999,6
65000,0
65001,1
65002,5
65003,1
65004,1
65005,1
65006,3
65007,4
65008,2
65009,6
65010,1
65011,2
65012,5
65013,1
65014,1
65015,3
65016,4
65017,3
65018,0
65019,2
65020,2
65021,4
65022,2
65023,1
65024,1
65025,3
65026,4
65027,2
65028,0
65029,4
65030,4
65031,1
65032,2
65033,2
65034,1
65035,1
65036,1
65037,2
65038,0
65039,6
65040,2
65041,5
65042,4
65043,2
65044,2
65045,2
65046,0
65047,1
65048,3
65049,0
65050,0
65051,2
65052,5
65053,5
65054,5
65055,0
65056,4
65057,2
65058,1
65059,0
65060,1
65061,5
65062,1
65063,6
65064,5
65065,0
65066,1
65067,2
65068,3
65069,0
65070,4
65071,1
65072,2
65073,5
65074,6
65075,3
65076,2
65077,1
65078,1
65079,4
65080,0
65081,2
65082,6
65083,0
65084,1
65085,0
65086,5
65087,0
65088,1
65089,3
65090,4
65091,1
65092,1
65093,3
65094,6
65095,2
65096,0
65097,0
65098,5
65099,1
65100,0
65101,1
65102,1
65103,4
65104,3
65105,2
65106,4
65107,1
65108,1
65109,5
65110,1
65111,0
65112,2
65113,2
65114,0
65115,2
65116,5
65117,2
65118,2
65119,2
65120,6
65121,0
65122,0
65123,0
65124,2
65125,0
65126,3
65127,5
65128,2
65129,5
65130,3
65131,4
65132,1
65133,2
65134,3
65135,6
65136,3
65137,0
65138,3
65139,0
65140,4
65141,0
65142,4
65143,1
65144,4
65145,2
65146,3
65147,1
65148,1
65149,2
65150,0
65151,2
65152,5
65153,1
65154,0
65155,1
65156,2
65157,2
65158,6
65159,2
65160,6
65161,2
65162,2
65163,0
65164,1
65165,4
65166,2
65167,4
65168,2
65169,3
65170,1
65171,2
65172,6
65173,2
65174,2
65175,5
65176,1
65177,4
65178,2
65179,1
65180,4
65181,1
65182,4
65183,2
65184,2
65185,4
65186,6
65187,1
65188,1
65189,1
65190,5
65191,3
65192,1
65193,1
65194,0
65195,1
65196,1
65197,2
65198,2
65199,6
65200,2
65201,1
65202,0
65203,1
65204,1
65205,1
65206,0
65207,0
65208,5
65209,5
65210,1
65211,1
65212,4
65213,3
65214,6
65215,1
65216,5
65217,3
65218,3
65219,1
65220,2
65221,4
65222,0
65223,1
65224,4
65225,5
65226,1
65227,1
65228,4
65229,3
65230,3
65231,6
65232,1
65233,2
65234,0
65235,1
65236,2
65237,2
65238,6
65239,2
65240,1
65241,2
65242,0
65243,2
65244,5
65245,1
65246,2
65247,2
65248,4
65249,6
65250,5
65251,6
65252,1
65253,6
65254,0
65255,2
65256,1
65257,0
65258,3
65259,6
65260,3
65261,0
65262,2
65263,1
65264,2
65265,4
65266,3
65267,2
65268,1
65269,3
65270,1
65271,1
65272,3
65273,2
65274,4
65275,4
65276,3
65277,2
65278,4
65279,1
65280,5
65281,2
65282,3
65283,3
65284,1
65285,3
65286,3
65287,2
65288,5
65289,0
65290,0
65291,5
65292,1
65293,1
65294,4
65295,2
65296,2
65297,3
65298,1
65299,1
65300,6
65301,5
65302,1
65303,3
65304,0
65305,0
65306,3
65307,0
65308,0
65309,2
65310,2
65311,1
65312,2
65313,1
65314,4
65315,5
65316,4
65317,0
65318,5
65319,1
65320,1
65321,6
65322,3
65323,2
65324,3
65325,3
65326,0
65327,6
65328,4
65329,2
65330,5
65331,1
65332,2
65333,4
65334,1
65335,1
65336,6
65337,4
65338,1
65339,4
65340,1
65341,4
65342,5
65343,3
65344,0
65345,3
65346,2
65347,5
65348,4
65349,2
65350,2
65351,0
65352,0
65353,0
65354,4
65355,1
65356,6
65357,4
65358,3
65359,1
65360,1
65361,0
65362,2
65363,1
65364,2
65365,3
65366,1
65367,1
65368,5
65369,2
65370,2
65371,2
65372,0
65373,2
65374,0
65375,3
65376,1
65377,2
65378,4
65379,4
65380,0
65381,0
65382,3
65383,5
65384,1
65385,1
65386,1
65387,5
65388,2
65389,0
65390,0
65391,3
65392,5
65393,2
65394,1
65395,1
65396,2
65397,2
65398,5
65399,3
65400,1
65401,1
65402,2
65403,1
65404,4
65405,6
65406,1
65407,5
65408,1
65409,2
65410,4
65411,3
65412,0
65413,2
65414,1
65415,0
65416,4
65417,4
65418,4
65419,2
65420,0
65421,1
65422,0
65423,1
65424,1
65425,6
65426,6
65427,1
65428,6
65429,6
65430,2
65431,4
65432,3
65433,1
65434,4
65435,1
65436,4
65437,4
65438,2
65439,6
65440,3
65441,1
65442,6
65443,3
65444,4
65445,1
65446,3
65447,6
65448,6
65449,4
65450,4
65451,1
65452,1
65453,5
65454,2
65455,5
65456,1
65457,5
65458,3
65459,4
65460,0
65461,1
65462,2
65463,2
65464,0
65465,6
65466,4
65467,1
65468,2
65469,4
65470,1
65471,4
65472,6
65473,2
65474,5
65475,2
65476,1
65477,3
65478,6
65479,5
65480,0
65481,0
65482,1
65483,6
65484,3
65485,4
65486,2
65487,6
65488,5
65489,1
65490,2
65491,2
65492,4
65493,4
65494,4
65495,0
65496,3
65497,1
65498,0
65499,1
65500,6
65501,0
65502,5
65503,3
65504,2
65505,4
65506,2
65507,1
65508,2
65509,0
65510,2
65511,2
65512,2
65513,0
65514,5
65515,2
65516,3
65517,6
65518,2
65519,2
65520,2
65521,6
65522,5
65523,0
65524,2
65525,2
65526,4
65527,5
65528,1
65529,1
65530,6
65531,0
65532,6
65533,0
65534,6
65535,4
65536,1
65537,5
65538,5
65539,2
65540,2
65541,1
65542,5
65543,2
65544,1
65545,1
65546,1
65547,1
65548,3
65549,2
65550,0
65551,4
65552,5
65553,3
65554,3
65555,1
65556,5
65557,3
65558,2
65559,0
65560,6
65561,5
65562,6
65563,2
65564,3
65565,2
65566,4
65567,1
65568,2
65569,2
65570,1
65571,2
65572,4
65573,5
65574,3
65575,3
65576,2
65577,3
65578,4
65579,6
65580,1
65581,2
65582,0
65583,2
65584,3
65585,5
65586,6
65587,1
65588,3
65589,1
65590,1
65591,2
65592,3
65593,1
65594,6
65595,4
65596,2
65597,6
65598,1
65599,1
65600,1
65601,3
65602,3
65603,1
65604,4
65605,5
65606,4
65607,2
65608,1
65609,2
65610,5
65611,5
65612,2
65613,1
65614,3
65615,2
65616,4
65617,5
65618,1
65619,1
65620,5
65621,2
65622,2
65623,5
65624,3
65625,1
65626,1
65627,4
65628,1
65629,1
65630,4
65631,1
65632,1
65633,2
65634,0
65635,1
65636,4
65637,1
65638,6
65639,1
65640,5
65641,1
65642,4
65643,3
65644,1
65645,3
65646,4
65647,2
65648,1
65649,6
65650,1
65651,4
65652,5
65653,6
65654,3
65655,0
65656,4
65657,3
65658,5
65659,0
65660,3
65661,4
65662,2
65663,0
65664,2
65665,3
65666,0
65667,0
65668,2
65669,5
65670,3
65671,1
65672,2
65673,2
65674,6
65675,3
65676,4
65677,4
65678,0
65679,2
65680,5
65681,2
65682,6
65683,6
65684,1
65685,1
65686,2
65687,1
65688,0
65689,1
65690,6
65691,5
65692,1
65693,1
65694,0
65695,2
65696,6
65697,3
65698,1
65699,4
65700,0
65701,1
65702,2
65703,3
65704,4
65705,2
65706,2
65707,0
65708,4
65709,4
65710,1
65711,2
65712,2
65713,1
65714,2
65715,1
65716,2
65717,1
65718,1
65719,6
65720,3
65721,2
65722,4
65723,2
65724,1
65725,1
65726,0
65727,4
65728,6
65729,2
65730,1
65731,3
65732,6
65733,3
65734,3
65735,2
65736,4
65737,3
65738,1
65739,0
65740,6
65741,6
65742,3
65743,1
65744,6
65745,5
65746,6
65747,1
65748,1
65749,1
65750,6
65751,2
65752,6
65753,5
65754,2
65755,0
65756,6
65757,1
65758,2
65759,3
65760,1
65761,5
65762,0
65763,5
65764,0
65765,4
65766,1
65767,6
65768,2
65769,1
65770,2
65771,1
65772,0
65773,1
65774,3
65775,0
65776,4
65777,0
65778,2
65779,2
65780,0
65781,6
65782,3
65783,1
65784,6
65785,5
65786,2
65787,2
65788,6
65789,4
65790,2
65791,2
65792,1
65793,5
65794,1
65795,4
65796,4
65797,3
65798,6
65799,1
65800,3
65801,3
65802,5
65803,0
65804,1
65805,1
65806,6
65807,6
65808,4
65809,2
65810,1
65811,1
65812,5
65813,0
65814,1
65815,6
65816,5
65817,2
65818,2
65819,6
65820,2
65821,5
65822,1
65823,6
65824,1
65825,2
65826,5
65827,1
65828,0
65829,3
65830,3
65831,1
65832,4
65833,2
65834,1
65835,1
65836,4
65837,6
65838,2
65839,2
65840,3
65841,0
65842,6
65843,5
65844,3
65845,2
65846,1
65847,1
65848,1
65849,2
65850,6
65851,1
65852,0
65853,2
65854,1
65855,4
65856,6
65857,5
65858,3
65859,1
65860,4
65861,2
65862,3
65863,1
65864,1
65865,5
65866,0
65867,6
65868,2
65869,4
65870,6
65871,4
65872,5
65873,4
65874,0
65875,6
65876,1
65877,6
65878,3
65879,2
65880,1
65881,1
65882,6
65883,2
65884,1
65885,3
65886,2
65887,5
65888,5
65889,2
65890,3
65891,5
65892,0
65893,1
65894,2
65895,4
65896,1
65897,2
65898,0
65899,6
65900,1
65901,2
65902,2
65903,1
65904,0
65905,1
65906,2
65907,1
65908,1
65909,1
65910,0
65911,3
65912,1
65913,5
65914,1
65915,3
65916,0
65917,3
65918,0
65919,6
65920,1
65921,0
65922,0
65923,2
65924,4
65925,2
65926,5
65927,3
65928,4
65929,1
65930,1
65931,3
65932,0
65933,2
65934,1
65935,2
65936,1
65937,4
65938,1
65939,5
65940,0
65941,1
65942,1
65943,1
65944,0
65945,2
65946,1
65947,1
65948,2
65949,1
65950,2
65951,1
65952,0
65953,3
65954,2
65955,2
65956,6
65957,1
65958,0
65959,0
65960,6
65961,1
65962,2
65963,3
65964,2
65965,0
65966,3
65967,1
65968,2
65969,6
65970,1
65971,4
65972,2
65973,5
65974,0
65975,0
65976,1
65977,2
65978,0
65979,2
65980,4
65981,2
65982,2
65983,1
65984,2
65985,2
65986,4
65987,4
65988,1
65989,4
65990,2
65991,6
65992,2
65993,6
65994,2
65995,2
65996,6
65997,2
65998,1
65999,2
66000,1
66001,2
66002,4
66003,6
66004,4
66005,3
66006,2
66007,1
66008,6
66009,4
66010,6
66011,0
66012,1
66013,1
66014,0
66015,6
66016,2
66017,3
66018,1
66019,5
66020,2
66021,4
66022,2
66023,6
66024,1
66025,4
66026,4
66027,4
66028,6
66029,2
66030,1
66031,2
66032,2
66033,5
66034,0
66035,4
66036,5
66037,5
66038,5
66039,4
66040,2
66041,6
66042,3
66043,0
66044,4
66045,2
66046,2
66047,4
66048,0
66049,2
66050,1
66051,3
66052,5
66053,0
66054,1
66055,6
66056,0
66057,6
66058,2
66059,6
66060,6
66061,3
66062,0
66063,6
66064,5
66065,1
66066,5
66067,1
66068,6
66069,0
66070,2
66071,2
66072,4
66073,1
66074,2
66075,2
66076,5
66077,1
66078,5
66079,3
66080,1
66081,6
66082,4
66083,3
66084,6
66085,2
66086,0
66087,2
66088,4
66089,3
66090,0
66091,1
66092,1
66093,3
66094,6
66095,3
66096,4
66097,0
66098,2
66099,2
66100,4
66101,3
66102,5
66103,6
66104,1
66105,2
66106,5
66107,1
66108,1
66109,0
66110,0
66111,5
66112,0
66113,5
66114,6
66115,0
66116,4
66117,0
66118,4
66119,1
66120,1
66121,0
66122,0
66123,1
66124,2
66125,2
66126,3
66127,2
66128,5
66129,2
66130,3
66131,1
66132,2
66133,1
66134,1
66135,4
66136,4
66137,4
66138,5
66139,3
66140,2
66141,0
66142,4
66143,2
66144,5
66145,2
66146,2
66147,2
66148,3
66149,1
66150,1
66151,0
66152,1
66153,6
66154,2
66155,0
66156,3
66157,5
66158,2
66159,4
66160,6
66161,4
66162,1
66163,2
66164,0
66165,2
66166,1
66167,4
66168,0
66169,1
66170,3
66171,5
66172,1
66173,2
66174,1
66175,3
66176,3
66177,6
66178,2
66179,6
66180,1
66181,1
66182,2
66183,2
66184,1
66185,1
66186,1
66187,4
66188,1
66189,2
66190,1
66191,2
66192,0
66193,2
66194,4
66195,2
66196,2
66197,1
66198,5
66199,2
66200,6
66201,4
66202,4
66203,0
66204,1
66205,6
66206,2
66207,2
66208,0
66209,2
66210,2
66211,2
66212,2
66213,0
66214,2
66215,4
66216,1
66217,1
66218,1
66219,5
66220,2
66221,2
66222,6
66223,0
66224,1
66225,5
66226,2
66227,2
66228,1
66229,1
66230,6
66231,2
66232,1
66233,1
66234,4
66235,1
66236,1
66237,3
66238,2
66239,1
66240,2
66241,6
66242,3
66243,3
66244,1
66245,3
66246,5
66247,6
66248,1
66249,3
66250,1
66251,2
66252,6
66253,1
66254,6
66255,4
66256,4
66257,0
66258,0
66259,5
66260,2
66261,1
66262,4
66263,3
66264,5
66265,1
66266,2
66267,4
66268,3
66269,5
66270,4
66271,6
66272,4
66273,2
66274,3
66275,1
66276,5
66277,5
66278,1
66279,1
66280,2
66281,4
66282,6
66283,5
66284,2
66285,1
66286,1
66287,1
66288,2
66289,0
66290,1
66291,4
66292,1
66293,0
66294,1
66295,2
66296,6
66297,2
66298,3
66299,2
66300,3
66301,1
66302,1
66303,5
66304,2
66305,1
66306,4
66307,1
66308,4
66309,0
66310,1
66311,2
66312,1
66313,2
66314,6
66315,2
66316,5
66317,1
66318,4
66319,1
66320,2
66321,4
66322,2
66323,3
66324,1
66325,1
66326,2
66327,4
66328,2
66329,3
66330,2
66331,6
66332,1
66333,2
66334,2
66335,0
66336,2
66337,2
66338,1
66339,6
66340,2
66341,2
66342,1
66343,1
66344,1
66345,0
66346,6
66347,2
66348,1
66349,6
66350,2
66351,4
66352,4
66353,4
66354,6
66355,1
66356,0
66357,2
66358,1
66359,0
66360,1
66361,2
66362,4
66363,6
66364,0
66365,2
66366,0
66367,6
66368,3
66369,1
66370,6
66371,2
66372,2
66373,1
66374,3
66375,6
66376,4
66377,1
66378,2
66379,0
66380,2
66381,0
66382,1
66383,2
66384,1
66385,6
66386,1
66387,4
66388,2
66389,6
66390,1
66391,4
66392,0
66393,2
66394,5
66395,0
66396,0
66397,2
66398,0
66399,1
66400,5
66401,2
66402,1
66403,0
66404,1
66405,4
66406,2
66407,3
66408,1
66409,2
66410,2
66411,1
66412,5
66413,1
66414,5
66415,5
66416,1
66417,1
66418,5
66419,5
66420,2
66421,4
66422,0
66423,5
66424,0
66425,2
66426,0
66427,6
66428,2
66429,3
66430,4
66431,4
66432,1
66433,1
66434,0
66435,1
66436,4
66437,1
66438,1
66439,5
66440,4
66441,1
66442,5
66443,0
66444,2
66445,2
66446,5
66447,2
66448,2
66449,1
66450,2
66451,5
66452,2
66453,1
66454,2
66455,2
66456,2
66457,3
66458,5
66459,2
66460,3
66461,0
66462,2
66463,2
66464,6
66465,1
66466,0
66467,1
66468,1
66469,2
66470,5
66471,2
66472,2
66473,6
66474,4
66475,0
66476,0
66477,1
66478,4
66479,2
66480,4
66481,6
66482,1
66483,1
66484,1
66485,3
66486,1
66487,1
66488,2
66489,2
66490,6
66491,2
66492,1
66493,0
66494,2
66495,2
66496,2
66497,4
66498,6
66499,3
66500,2
66501,0
66502,1
66503,2
66504,6
66505,1
66506,2
66507,2
66508,1
66509,2
66510,1
66511,2
66512,5
66513,6
66514,4
66515,2
66516,1
66517,1
66518,1
66519,5
66520,2
66521,1
66522,4
66523,4
66524,1
66525,3
66526,1
66527,1
66528,2
66529,4
66530,1
66531,2
66532,4
66533,5
66534,1
66535,0
66536,6
66537,2
66538,5
66539,2
66540,2
66541,1
66542,3
66543,2
66544,6
66545,5
66546,1
66547,5
66548,6
66549,4
66550,0
66551,5
66552,1
66553,2
66554,0
66555,4
66556,4
66557,1
66558,2
66559,2
66560,0
66561,1
66562,2
66563,4
66564,6
66565,2
66566,3
66567,6
66568,6
66569,2
66570,5
66571,4
66572,5
66573,6
66574,2
66575,4
66576,1
66577,1
66578,2
66579,1
66580,2
66581,1
66582,1
66583,4
66584,2
66585,2
66586,0
66587,1
66588,3
66589,2
66590,2
66591,4
66592,2
66593,2
66594,3
66595,1
66596,1
66597,3
66598,0
66599,1
66600,5
66601,1
66602,4
66603,1
66604,1
66605,0
66606,6
66607,5
66608,5
66609,1
66610,3
66611,5
66612,2
66613,2
66614,4
66615,1
66616,1
66617,0
66618,4
66619,1
66620,2
66621,3
66622,1
66623,2
66624,2
66625,1
66626,4
66627,3
66628,2
66629,2
66630,1
66631,1
66632,6
66633,0
66634,6
66635,1
66636,0
66637,0
66638,0
66639,2
66640,2
66641,4
66642,3
66643,5
66644,1
66645,2
66646,4
66647,1
66648,0
66649,1
66650,2
66651,5
66652,0
66653,1
66654,1
66655,5
66656,2
66657,6
66658,0
66659,2
66660,5
66661,3
66662,4
66663,5
66664,4
66665,2
66666,5
66667,4
66668,1
66669,0
66670,1
66671,2
66672,6
66673,2
66674,2
66675,3
66676,6
66677,0
66678,6
66679,0
66680,1
66681,1
66682,5
66683,6
66684,2
66685,0
66686,2
66687,4
66688,1
66689,6
66690,1
66691,2
66692,0
66693,1
66694,1
66695,1
66696,2
66697,0
66698,0
66699,2
66700,0
66701,3
66702,4
66703,5
66704,1
66705,6
66706,1
66707,3
66708,1
66709,3
66710,1
66711,6
66712,2
66713,2
66714,5
66715,1
66716,6
66717,2
66718,6
66719,6
66720,2
66721,4
66722,5
66723,6
66724,1
66725,2
66726,1
66727,0
66728,0
66729,5
66730,3
66731,1
66732,3
66733,2
66734,6
66735,2
66736,0
66737,0
66738,6
66739,0
66740,1
66741,2
66742,5
66743,1
66744,6
66745,4
66746,2
66747,0
66748,0
66749,1
66750,2
66751,1
66752,2
66753,5
66754,5
66755,4
66756,6
66757,5
66758,4
66759,1
66760,6
66761,6
66762,3
66763,2
66764,0
66765,1
66766,3
66767,2
66768,2
66769,3
66770,3
66771,2
66772,4
66773,4
66774,0
66775,1
66776,1
66777,5
66778,4
66779,5
66780,2
66781,4
66782,1
66783,1
66784,1
66785,2
66786,5
66787,2
66788,2
66789,5
66790,2
66791,4
66792,2
66793,3
66794,5
66795,1
66796,2
66797,0
66798,3
66799,0
66800,5
66801,0
66802,2
66803,1
66804,4
66805,4
66806,1
66807,2
66808,2
66809,3
66810,2
66811,5
66812,1
66813,1
66814,1
66815,0
66816,1
66817,5
66818,1
66819,2
66820,0
66821,4
66822,5
66823,5
66824,1
66825,3
66826,2
66827,0
66828,2
66829,1
66830,1
66831,1
66832,2
66833,6
66834,0
66835,1
66836,2
66837,2
66838,5
66839,2
66840,4
66841,5
66842,1
66843,5
66844,3
66845,1
66846,1
66847,1
66848,1
66849,1
66850,0
66851,1
66852,2
66853,0
66854,3
66855,0
66856,2
66857,1
66858,2
66859,6
66860,1
66861,2
66862,1
66863,2
66864,2
66865,1
66866,4
66867,3
66868,5
66869,2
66870,2
66871,6
66872,1
66873,1
66874,1
66875,1
66876,6
66877,1
66878,4
66879,6
66880,2
66881,0
66882,6
66883,1
66884,2
66885,0
66886,5
66887,0
66888,0
66889,1
66890,1
66891,1
66892,0
66893,6
66894,2
66895,3
66896,1
66897,6
66898,3
66899,1
66900,4
66901,6
66902,2
66903,1
66904,2
66905,2
66906,2
66907,1
66908,2
66909,2
66910,6
66911,6
66912,6
66913,5
66914,1
66915,0
66916,1
66917,6
66918,4
66919,3
66920,6
66921,2
66922,3
66923,1
66924,2
66925,1
66926,5
66927,3
66928,2
66929,1
66930,4
66931,0
66932,4
66933,0
66934,1
66935,2
66936,1
66937,2
66938,4
66939,1
66940,1
66941,4
66942,1
66943,1
66944,6
66945,2
66946,2
66947,5
66948,1
66949,2
66950,1
66951,4
66952,0
66953,1
66954,0
66955,6
66956,2
66957,5
66958,2
66959,3
66960,2
66961,1
66962,5
66963,5
66964,1
66965,4
66966,5
66967,6
66968,5
66969,5
66970,6
66971,1
66972,1
66973,2
66974,1
66975,2
66976,4
66977,6
66978,2
66979,2
66980,0
66981,6
66982,0
66983,2
66984,4
66985,1
66986,5
66987,6
66988,0
66989,1
66990,6
66991,2
66992,1
66993,1
66994,6
66995,6
66996,2
66997,1
66998,0
66999,3
67000,3
67001,2
67002,3
67003,1
67004,2
67005,2
67006,2
67007,5
67008,1
67009,2
67010,0
67011,5
67012,1
67013,0
67014,2
67015,0
67016,5
67017,3
67018,3
67019,2
67020,2
67021,1
67022,1
67023,3
67024,3
67025,6
67026,2
67027,3
67028,4
67029,4
67030,6
67031,2
67032,2
67033,1
67034,2
67035,1
67036,1
67037,6
67038,5
67039,6
67040,3
67041,4
67042,2
67043,6
67044,2
67045,4
67046,0
67047,6
67048,6
67049,5
67050,2
67051,1
67052,1
67053,4
67054,2
67055,2
67056,2
67057,5
67058,3
67059,2
67060,1
67061,4
67062,2
67063,2
67064,1
67065,0
67066,2
67067,1
67068,1
67069,0
67070,2
67071,4
67072,0
67073,0
67074,0
67075,2
67076,3
67077,1
67078,2
67079,0
67080,6
67081,0
67082,1
67083,1
67084,4
67085,1
67086,4
67087,4
67088,1
67089,2
67090,2
67091,2
67092,2
67093,6
67094,1
67095,2
67096,2
67097,1
67098,6
67099,6
67100,1
67101,4
67102,1
67103,5
67104,1
67105,5
67106,1
67107,4
67108,2
67109,0
67110,6
67111,3
67112,5
67113,3
67114,3
67115,3
67116,0
67117,4
67118,4
67119,0
67120,3
67121,1
67122,2
67123,1
67124,3
67125,2
67126,2
67127,3
67128,0
67129,1
67130,1
67131,4
67132,3
67133,6
67134,1
67135,1
67136,6
67137,6
67138,6
67139,2
67140,2
67141,0
67142,5
67143,1
67144,4
67145,1
67146,1
67147,4
67148,2
67149,1
67150,2
67151,1
67152,4
67153,2
67154,3
67155,2
67156,0
67157,1
67158,1
67159,4
67160,1
67161,1
67162,1
67163,3
67164,2
67165,2
67166,0
67167,6
67168,1
67169,3
67170,6
67171,2
67172,4
67173,6
67174,2
67175,2
67176,1
67177,2
67178,0
67179,0
67180,2
67181,2
67182,5
67183,3
67184,1
67185,6
67186,2
67187,3
67188,3
67189,5
67190,2
67191,2
67192,4
67193,0
67194,1
67195,3
67196,1
67197,1
67198,2
67199,1
67200,2
67201,5
67202,0
67203,5
67204,0
67205,4
67206,4
67207,2
67208,0
67209,1
67210,2
67211,4
67212,4
67213,6
67214,3
67215,4
67216,1
67217,1
67218,0
67219,2
67220,0
67221,2
67222,1
67223,3
67224,2
67225,5
67226,0
67227,4
67228,5
67229,1
67230,6
67231,0
67232,0
67233,5
67234,1
67235,4
67236,1
67237,4
67238,0
67239,5
67240,3
67241,1
67242,2
67243,3
67244,2
67245,2
67246,6
67247,2
67248,5
67249,0
67250,3
67251,3
67252,3
67253,5
67254,4
67255,6
67256,2
67257,2
67258,5
67259,6
67260,1
67261,5
67262,2
67263,3
67264,1
67265,3
67266,3
67267,5
67268,5
67269,1
67270,5
67271,0
67272,1
67273,0
67274,0
67275,0
67276,0
67277,1
67278,1
67279,3
67280,3
67281,1
67282,6
67283,0
67284,0
67285,4
67286,1
67287,4
67288,1
67289,4
67290,4
67291,2
67292,2
67293,2
67294,2
67295,4
67296,2
67297,1
67298,1
67299,0
67300,2
67301,3
67302,2
67303,2
67304,5
67305,2
67306,2
67307,1
67308,2
67309,2
67310,2
67311,4
67312,5
67313,2
67314,4
67315,2
67316,2
67317,2
67318,2
67319,0
67320,6
67321,3
67322,2
67323,6
67324,2
67325,5
67326,2
67327,0
67328,5
67329,4
67330,3
67331,5
67332,3
67333,2
67334,2
67335,5
67336,5
67337,2
67338,3
67339,0
67340,4
67341,3
67342,1
67343,1
67344,6
67345,4
67346,5
67347,3
67348,0
67349,2
67350,4
67351,2
67352,1
67353,0
67354,1
67355,5
67356,5
67357,1
67358,2
67359,1
67360,4
67361,2
67362,2
67363,5
67364,1
67365,1
67366,2
67367,1
67368,4
67369,1
67370,1
67371,5
67372,2
67373,1
67374,6
67375,6
67376,2
67377,5
67378,2
67379,2
67380,1
67381,1
67382,5
67383,0
67384,2
67385,1
67386,5
67387,2
67388,2
67389,0
67390,6
67391,0
67392,2
67393,4
67394,1
67395,2
67396,1
67397,2
67398,2
67399,2
67400,3
67401,4
67402,2
67403,5
67404,4
67405,0
67406,1
67407,1
67408,6
67409,5
67410,4
67411,1
67412,5
67413,2
67414,2
67415,1
67416,0
67417,1
67418,3
67419,2
67420,4
67421,6
67422,1
67423,6
67424,5
67425,3
67426,2
67427,4
67428,6
67429,2
67430,2
67431,6
67432,1
67433,5
67434,2
67435,1
67436,4
67437,4
67438,4
67439,1
67440,4
67441,1
67442,5
67443,1
67444,6
67445,1
67446,3
67447,0
67448,2
67449,0
67450,4
67451,2
67452,1
67453,1
67454,2
67455,3
67456,1
67457,3
67458,2
67459,1
67460,0
67461,4
67462,2
67463,3
67464,2
67465,5
67466,6
67467,2
67468,5
67469,2
67470,5
67471,1
67472,2
67473,2
67474,1
67475,4
67476,1
67477,3
67478,3
67479,1
67480,0
67481,2
67482,1
67483,3
67484,2
67485,3
67486,6
67487,4
67488,3
67489,2
67490,5
67491,2
67492,3
67493,6
67494,1
67495,3
67496,4
67497,1
67498,1
67499,2
67500,2
67501,2
67502,2
67503,4
67504,0
67505,1
67506,6
67507,1
67508,1
67509,4
67510,5
67511,4
67512,1
67513,4
67514,0
67515,5
67516,0
67517,1
67518,3
67519,5
67520,6
67521,3
67522,6
67523,4
67524,6
67525,5
67526,3
67527,2
67528,4
67529,1
67530,4
67531,6
67532,2
67533,1
67534,2
67535,2
67536,3
67537,2
67538,2
67539,2
67540,1
67541,4
67542,3
67543,5
67544,2
67545,2
67546,0
67547,2
67548,4
67549,1
67550,1
67551,2
67552,1
67553,1
67554,1
67555,2
67556,0
67557,6
67558,4
67559,3
67560,6
67561,4
67562,4
67563,1
67564,2
67565,1
67566,5
67567,6
67568,2
67569,4
67570,2
67571,4
67572,5
67573,2
67574,2
67575,6
67576,1
67577,5
67578,1
67579,0
67580,5
67581,1
67582,4
67583,2
67584,6
67585,4
67586,2
67587,2
67588,0
67589,3
67590,5
67591,5
67592,2
67593,0
67594,5
67595,5
67596,0
67597,6
67598,4
67599,5
67600,3
67601,0
67602,2
67603,6
67604,3
67605,6
67606,2
67607,2
67608,4
67609,1
67610,2
67611,3
67612,5
67613,1
67614,3
67615,2
67616,1
67617,0
67618,4
67619,1
67620,1
67621,2
67622,1
67623,1
67624,2
67625,3
67626,1
67627,5
67628,5
67629,2
67630,2
67631,1
67632,1
67633,0
67634,4
67635,3
67636,1
67637,2
67638,1
67639,6
67640,3
67641,1
67642,2
67643,5
67644,1
67645,2
67646,2
67647,2
67648,1
67649,2
67650,3
67651,1
67652,5
67653,5
67654,1
67655,2
67656,4
67657,0
67658,3
67659,2
67660,2
67661,3
67662,4
67663,4
67664,2
67665,3
67666,3
67667,1
67668,4
67669,3
67670,5
67671,2
67672,4
67673,0
67674,4
67675,2
67676,1
67677,1
67678,1
67679,1
67680,1
67681,1
67682,2
67683,2
67684,0
67685,0
67686,2
67687,1
67688,1
67689,2
67690,3
67691,1
67692,1
67693,5
67694,0
67695,3
67696,5
67697,2
67698,0
67699,0
67700,0
67701,1
67702,0
67703,3
67704,4
67705,6
67706,4
67707,2
67708,3
67709,0
67710,4
67711,5
67712,3
67713,1
67714,1
67715,3
67716,2
67717,1
67718,5
67719,1
67720,4
67721,4
67722,1
67723,2
67724,0
67725,0
67726,2
67727,2
67728,1
67729,2
67730,1
67731,2
67732,2
67733,5
67734,3
67735,5
67736,1
67737,2
67738,2
67739,0
67740,4
67741,2
67742,1
67743,2
67744,1
67745,3
67746,1
67747,4
67748,6
67749,4
67750,5
67751,1
67752,2
67753,2
67754,3
67755,3
67756,0
67757,0
67758,3
67759,0
67760,1
67761,1
67762,2
67763,2
67764,4
67765,4
67766,5
67767,1
67768,3
67769,1
67770,5
67771,4
67772,0
67773,0
67774,0
67775,0
67776,0
67777,2
67778,2
67779,6
67780,3
67781,1
67782,4
67783,0
67784,4
67785,5
67786,4
67787,6
67788,0
67789,2
67790,3
67791,6
67792,6
67793,1
67794,5
67795,1
67796,0
67797,1
67798,3
67799,2
67800,1
67801,5
67802,3
67803,5
67804,1
67805,6
67806,3
67807,4
67808,1
67809,2
67810,6
67811,4
67812,4
67813,5
67814,2
67815,2
67816,0
67817,3
67818,1
67819,2
67820,6
67821,2
67822,1
67823,3
67824,4
67825,1
67826,2
67827,2
67828,4
67829,5
67830,5
67831,6
67832,0
67833,4
67834,1
67835,0
67836,5
67837,1
67838,3
67839,1
67840,0
67841,1
67842,1
67843,3
67844,1
67845,5
67846,3
67847,2
67848,2
67849,5
67850,2
67851,2
67852,3
67853,5
67854,2
67855,1
67856,0
67857,4
67858,3
67859,3
67860,6
67861,2
67862,4
67863,6
67864,2
67865,6
67866,0
67867,4
67868,1
67869,4
67870,2
67871,0
67872,2
67873,1
67874,1
67875,4
67876,2
67877,1
67878,6
67879,6
67880,2
67881,1
67882,6
67883,3
67884,0
67885,5
67886,0
67887,2
67888,1
67889,3
67890,0
67891,0
67892,1
67893,6
67894,2
67895,2
67896,1
67897,2
67898,1
67899,4
67900,3
67901,1
67902,1
67903,4
67904,6
67905,2
67906,1
67907,1
67908,6
67909,1
67910,0
67911,2
67912,4
67913,1
67914,1
67915,3
67916,1
67917,2
67918,4
67919,1
67920,2
67921,2
67922,4
67923,1
67924,3
67925,3
67926,2
67927,4
67928,4
67929,2
67930,3
67931,2
67932,1
67933,3
67934,1
67935,2
67936,0
67937,1
67938,1
67939,2
67940,5
67941,1
67942,1
67943,1
67944,4
67945,1
67946,2
67947,1
67948,2
67949,1
67950,1
67951,1
67952,4
67953,3
67954,0
67955,2
67956,5
67957,1
67958,1
67959,1
67960,3
67961,3
67962,3
67963,4
67964,6
67965,1
67966,1
67967,1
67968,2
67969,1
67970,6
67971,5
67972,5
67973,0
67974,5
67975,0
67976,2
67977,0
67978,1
67979,2
67980,5
67981,3
67982,5
67983,2
67984,4
67985,1
67986,2
67987,1
67988,2
67989,2
67990,3
67991,3
67992,6
67993,1
67994,2
67995,3
67996,1
67997,2
67998,0
67999,3
68000,3
68001,5
68002,2
68003,6
68004,1
68005,4
68006,1
68007,1
68008,1
68009,5
68010,3
68011,2
68012,0
68013,4
68014,3
68015,1
68016,1
68017,4
68018,1
68019,1
68020,3
68021,4
68022,0
68023,3
68024,2
68025,1
68026,6
68027,2
68028,2
68029,2
68030,6
68031,3
68032,4
68033,4
68034,4
68035,1
68036,3
68037,1
68038,2
68039,0
68040,2
68041,2
68042,1
68043,3
68044,1
68045,2
68046,2
68047,3
68048,0
68049,1
68050,3
68051,1
68052,4
68053,0
68054,3
68055,1
68056,2
68057,0
68058,4
68059,2
68060,4
68061,4
68062,6
68063,4
68064,2
68065,6
68066,1
68067,0
68068,2
68069,1
68070,3
68071,4
68072,4
68073,5
68074,1
68075,5
68076,2
68077,2
68078,2
68079,2
68080,5
68081,3
68082,2
68083,6
68084,1
68085,4
68086,1
68087,2
68088,1
68089,1
68090,6
68091,2
68092,0
68093,0
68094,1
68095,2
68096,1
68097,0
68098,4
68099,5
68100,2
68101,2
68102,4
68103,4
68104,5
68105,5
68106,1
68107,2
68108,5
68109,2
68110,2
68111,0
68112,6
68113,1
68114,1
68115,1
68116,1
68117,5
68118,6
68119,4
68120,1
68121,1
68122,1
68123,1
68124,2
68125,6
68126,3
68127,0
68128,1
68129,1
68130,3
68131,0
68132,4
68133,3
68134,6
68135,0
68136,2
68137,0
68138,0
68139,4
68140,2
68141,1
68142,5
68143,3
68144,1
68145,2
68146,0
68147,6
68148,0
68149,1
68150,2
68151,5
68152,3
68153,2
68154,4
68155,1
68156,2
68157,2
68158,3
68159,2
68160,1
68161,4
68162,4
68163,2
68164,2
68165,2
68166,3
68167,0
68168,0
68169,5
68170,5
68171,3
68172,1
68173,1
68174,2
68175,4
68176,2
68177,3
68178,1
68179,0
68180,3
68181,3
68182,1
68183,3
68184,4
68185,3
68186,0
68187,2
68188,0
68189,5
68190,6
68191,1
68192,4
68193,6
68194,0
68195,1
68196,6
68197,1
68198,6
68199,2
68200,2
68201,4
68202,2
68203,1
68204,6
68205,1
68206,5
68207,1
68208,1
68209,4
68210,5
68211,5
68212,1
68213,0
68214,0
68215,3
68216,0
68217,1
68218,5
68219,3
68220,3
68221,3
68222,5
68223,1
68224,1
68225,2
68226,2
68227,3
68228,4
68229,4
68230,2
68231,3
68232,2
68233,1
68234,2
68235,2
68236,2
68237,1
68238,4
68239,1
68240,2
68241,4
68242,2
68243,3
68244,1
68245,2
68246,1
68247,4
68248,1
68249,3
68250,0
68251,1
68252,6
68253,3
68254,2
68255,0
68256,5
68257,6
68258,6
68259,2
68260,1
68261,2
68262,6
68263,2
68264,1
68265,1
68266,0
68267,3
68268,6
68269,6
68270,2
68271,1
68272,2
68273,2
68274,3
68275,1
68276,1
68277,4
68278,2
68279,1
68280,5
68281,2
68282,2
68283,6
68284,6
68285,2
68286,2
68287,2
68288,1
68289,1
68290,2
68291,1
68292,2
68293,2
68294,5
68295,5
68296,4
68297,1
68298,3
68299,3
68300,3
68301,4
68302,1
68303,1
68304,5
68305,5
68306,4
68307,1
68308,2
68309,2
68310,4
68311,2
68312,0
68313,0
68314,1
68315,1
68316,1
68317,2
68318,1
68319,2
68320,3
68321,0
68322,5
68323,1
68324,2
68325,1
68326,0
68327,5
68328,1
68329,4
68330,2
68331,1
68332,0
68333,3
68334,0
68335,0
68336,3
68337,3
68338,4
68339,6
68340,3
68341,2
68342,3
68343,3
68344,2
68345,0
68346,2
68347,0
68348,2
68349,0
68350,2
68351,2
68352,2
68353,1
68354,3
68355,6
68356,0
68357,2
68358,4
68359,4
68360,0
68361,6
68362,1
68363,0
68364,6
68365,2
68366,5
68367,3
68368,5
68369,4
68370,6
68371,3
68372,2
68373,3
68374,1
68375,2
68376,4
68377,6
68378,3
68379,6
68380,0
68381,2
68382,1
68383,1
68384,1
68385,2
68386,1
68387,1
68388,5
68389,3
68390,2
68391,1
68392,4
68393,0
68394,3
68395,6
68396,1
68397,0
68398,2
68399,1
68400,3
68401,6
68402,6
68403,5
68404,4
68405,3
68406,2
68407,3
68408,1
68409,5
68410,3
68411,1
68412,2
68413,1
68414,1
68415,1
68416,0
68417,3
68418,2
68419,3
68420,6
68421,0
68422,5
68423,1
68424,2
68425,1
68426,6
68427,4
68428,1
68429,4
68430,1
68431,6
68432,1
68433,1
68434,5
68435,5
68436,2
68437,3
68438,0
68439,4
68440,1
68441,5
68442,1
68443,1
68444,5
68445,2
68446,0
68447,1
68448,1
68449,1
68450,4
68451,2
68452,2
68453,6
68454,3
68455,5
68456,3
68457,2
68458,1
68459,5
68460,5
68461,2
68462,5
68463,0
68464,4
68465,1
68466,1
68467,5
68468,4
68469,2
68470,4
68471,1
68472,5
68473,3
68474,0
68475,1
68476,1
68477,1
68478,0
68479,1
68480,5
68481,2
68482,2
68483,1
68484,1
68485,1
68486,1
68487,4
68488,6
68489,6
68490,0
68491,2
68492,3
68493,0
68494,5
68495,3
68496,4
68497,6
68498,2
68499,3
68500,2
68501,4
68502,6
68503,2
68504,5
68505,6
68506,3
68507,3
68508,1
68509,3
68510,1
68511,2
68512,6
68513,5
68514,1
68515,0
68516,6
68517,3
68518,1
68519,3
68520,1
68521,2
68522,3
68523,2
68524,6
68525,5
68526,1
68527,4
68528,1
68529,5
68530,5
68531,2
68532,2
68533,2
68534,0
68535,1
68536,3
68537,1
68538,3
68539,1
68540,2
68541,2
68542,3
68543,0
68544,3
68545,2
68546,2
68547,5
68548,1
68549,2
68550,4
68551,2
68552,2
68553,6
68554,3
68555,5
68556,6
68557,0
68558,2
68559,3
68560,5
68561,5
68562,2
68563,5
68564,1
68565,1
68566,6
68567,2
68568,1
68569,2
68570,5
68571,1
68572,2
68573,2
68574,6
68575,0
68576,5
68577,2
68578,4
68579,5
68580,0
68581,5
68582,2
68583,2
68584,1
68585,1
68586,3
68587,2
68588,3
68589,3
68590,5
68591,3
68592,1
68593,1
68594,4
68595,1
68596,1
68597,2
68598,6
68599,1
68600,3
68601,5
68602,1
68603,0
68604,6
68605,1
68606,4
68607,5
68608,2
68609,4
68610,5
68611,5
68612,3
68613,3
68614,0
68615,5
68616,6
68617,2
68618,0
68619,1
68620,1
68621,2
68622,3
68623,1
68624,2
68625,3
68626,2
68627,1
68628,1
68629,5
68630,3
68631,0
68632,2
68633,6
68634,1
68635,3
68636,6
68637,5
68638,1
68639,1
68640,5
68641,6
68642,2
68643,2
68644,4
68645,4
68646,2
68647,6
68648,1
68649,1
68650,1
68651,0
68652,3
68653,6
68654,3
68655,2
68656,2
68657,1
68658,2
68659,6
68660,6
68661,2
68662,0
68663,4
68664,1
68665,3
68666,5
68667,1
68668,0
68669,2
68670,3
68671,1
68672,1
68673,0
68674,2
68675,3
68676,2
68677,1
68678,1
68679,2
68680,1
68681,6
68682,4
68683,0
68684,6
68685,3
68686,1
68687,0
68688,1
68689,5
68690,1
68691,1
68692,2
68693,0
68694,2
68695,0
68696,3
68697,2
68698,3
68699,2
68700,1
68701,1
68702,4
68703,3
68704,2
68705,2
68706,5
68707,5
68708,4
68709,5
68710,3
68711,1
68712,5
68713,3
68714,4
68715,4
68716,1
68717,5
68718,2
68719,1
68720,1
68721,3
68722,6
68723,6
68724,1
68725,6
68726,1
68727,0
68728,6
68729,1
68730,1
68731,6
68732,2
68733,3
68734,1
68735,2
68736,1
68737,1
68738,0
68739,6
68740,2
68741,1
68742,1
68743,1
68744,0
68745,1
68746,2
68747,3
68748,6
68749,6
68750,1
68751,6
68752,1
68753,2
68754,3
68755,0
68756,4
68757,1
68758,0
68759,1
68760,1
68761,6
68762,2
68763,6
68764,2
68765,2
68766,3
68767,0
68768,0
68769,1
68770,1
68771,2
68772,0
68773,5
68774,6
68775,2
68776,6
68777,1
68778,3
68779,1
68780,1
68781,5
68782,2
68783,6
68784,2
68785,1
68786,6
68787,5
68788,3
68789,5
68790,1
68791,1
68792,2
68793,1
68794,2
68795,5
68796,6
68797,4
68798,2
68799,3
68800,2
68801,6
68802,0
68803,0
68804,1
68805,1
68806,2
68807,1
68808,2
68809,2
68810,0
68811,1
68812,6
68813,3
68814,1
68815,6
68816,2
68817,1
68818,1
68819,2
68820,3
68821,1
68822,6
68823,6
68824,3
68825,6
68826,1
68827,1
68828,6
68829,0
68830,4
68831,4
68832,0
68833,4
68834,3
68835,6
68836,3
68837,2
68838,4
68839,1
68840,1
68841,4
68842,0
68843,1
68844,5
68845,1
68846,0
68847,1
68848,1
68849,4
68850,6
68851,1
68852,2
68853,2
68854,1
68855,5
68856,0
68857,6
68858,2
68859,0
68860,0
68861,2
68862,6
68863,6
68864,1
68865,1
68866,2
68867,5
68868,2
68869,4
68870,2
68871,2
68872,2
68873,3
68874,3
68875,2
68876,0
68877,6
68878,2
68879,3
68880,2
68881,6
68882,0
68883,4
68884,1
68885,1
68886,0
68887,6
68888,0
68889,6
68890,1
68891,2
68892,1
68893,5
68894,4
68895,1
68896,2
68897,6
68898,4
68899,2
68900,0
68901,3
68902,6
68903,6
68904,6
68905,5
68906,1
68907,1
68908,2
68909,2
68910,1
68911,0
68912,6
68913,1
68914,2
68915,3
68916,6
68917,2
68918,4
68919,1
68920,1
68921,0
68922,1
68923,0
68924,2
68925,1
68926,5
68927,6
68928,5
68929,4
68930,0
68931,3
68932,5
68933,3
68934,5
68935,2
68936,4
68937,2
68938,1
68939,2
68940,2
68941,1
68942,1
68943,1
68944,1
68945,2
68946,1
68947,1
68948,5
68949,2
68950,4
68951,2
68952,1
68953,6
68954,1
68955,1
68956,1
68957,1
68958,2
68959,0
68960,2
68961,2
68962,1
68963,5
68964,1
68965,2
68966,1
68967,2
68968,1
68969,2
68970,2
68971,0
68972,2
68973,1
68974,2
68975,3
68976,5
68977,2
68978,2
68979,6
68980,1
68981,3
68982,5
68983,2
68984,1
68985,3
68986,5
68987,1
68988,2
68989,4
68990,1
68991,2
68992,1
68993,2
68994,4
68995,0
68996,1
68997,3
68998,6
68999,1
69000,0
69001,4
69002,1
69003,0
69004,3
69005,3
69006,6
69007,1
69008,1
69009,3
69010,2
69011,4
69012,1
69013,3
69014,0
69015,1
69016,3
69017,4
69018,0
69019,0
69020,4
69021,2
69022,3
69023,1
69024,3
69025,3
69026,0
69027,0
69028,1
69029,6
69030,1
69031,2
69032,5
69033,3
69034,6
69035,3
69036,2
69037,5
69038,4
69039,2
69040,0
69041,4
69042,1
69043,4
69044,1
69045,3
69046,0
69047,1
69048,0
69049,0
69050,6
69051,2
69052,6
69053,1
69054,1
69055,2
69056,4
69057,2
69058,5
69059,4
69060,5
69061,1
69062,6
69063,4
69064,1
69065,1
69066,6
69067,1
69068,0
69069,1
69070,1
69071,4
69072,1
69073,4
69074,1
69075,2
69076,5
69077,4
69078,5
69079,1
69080,2
69081,6
69082,1
69083,2
69084,3
69085,2
69086,1
69087,4
69088,2
69089,5
69090,4
69091,3
69092,4
69093,4
69094,4
69095,1
69096,3
69097,1
69098,2
69099,3
69100,5
69101,1
69102,2
69103,4
69104,0
69105,2
69106,1
69107,4
69108,3
69109,3
69110,1
69111,3
69112,2
69113,3
69114,6
69115,3
69116,1
69117,1
69118,1
69119,5
69120,1
69121,1
69122,0
69123,5
69124,2
69125,2
69126,0
69127,1
69128,4
69129,1
69130,4
69131,0
69132,4
69133,0
69134,2
69135,2
69136,6
69137,1
69138,2
69139,2
69140,0
69141,1
69142,2
69143,2
69144,2
69145,6
69146,5
69147,2
69148,0
69149,6
69150,3
69151,2
69152,1
69153,5
69154,4
69155,4
69156,4
69157,1
69158,1
69159,1
69160,0
69161,1
69162,5
69163,0
69164,2
69165,3
69166,4
69167,1
69168,5
69169,6
69170,0
69171,6
69172,1
69173,2
69174,0
69175,1
69176,4
69177,1
69178,2
69179,5
69180,4
69181,1
69182,2
69183,2
69184,5
69185,2
69186,4
69187,1
69188,2
69189,1
69190,2
69191,2
69192,1
69193,2
69194,5
69195,1
69196,3
69197,2
69198,2
69199,2
69200,2
69201,2
69202,2
69203,6
69204,2
69205,2
69206,5
69207,4
69208,0
69209,4
69210,1
69211,0
69212,1
69213,3
69214,0
69215,5
69216,0
69217,2
69218,5
69219,1
69220,2
69221,6
69222,2
69223,1
69224,5
69225,0
69226,4
69227,1
69228,2
69229,2
69230,3
69231,2
69232,1
69233,6
69234,3
69235,1
69236,5
69237,6
69238,3
69239,1
69240,5
69241,0
69242,0
69243,4
69244,1
69245,5
69246,4
69247,3
69248,1
69249,6
69250,1
69251,1
69252,0
69253,5
69254,1
69255,2
69256,1
69257,1
69258,3
69259,0
69260,1
69261,2
69262,5
69263,6
69264,4
69265,4
69266,2
69267,1
69268,1
69269,5
69270,1
69271,1
69272,6
69273,5
69274,1
69275,3
69276,3
69277,2
69278,2
69279,1
69280,6
69281,6
69282,4
69283,5
69284,2
69285,3
69286,1
69287,2
69288,4
69289,6
69290,6
69291,2
69292,2
69293,2
69294,2
69295,1
69296,2
69297,2
69298,3
69299,1
69300,5
69301,5
69302,1
69303,4
69304,1
69305,0
69306,2
69307,2
69308,2
69309,1
69310,2
69311,2
69312,1
69313,6
69314,1
69315,1
69316,5
69317,1
69318,1
69319,2
69320,5
69321,2
69322,1
69323,5
69324,4
69325,6
69326,2
69327,6
69328,6
69329,3
69330,1
69331,4
69332,1
69333,6
69334,5
69335,6
69336,1
69337,0
69338,4
69339,2
69340,2
69341,1
69342,0
69343,0
69344,1
69345,1
69346,3
69347,3
69348,1
69349,1
69350,1
69351,1
69352,1
69353,3
69354,1
69355,1
69356,2
69357,2
69358,1
69359,5
69360,6
69361,5
69362,5
69363,2
69364,3
69365,6
69366,0
69367,2
69368,1
69369,3
69370,4
69371,0
69372,6
69373,4
69374,1
69375,1
69376,2
69377,5
69378,0
69379,4
69380,1
69381,1
69382,4
69383,2
69384,0
69385,2
69386,1
69387,6
69388,2
69389,5
69390,4
69391,3
69392,6
69393,5
69394,0
69395,2
69396,2
69397,5
69398,2
69399,4
69400,2
69401,5
69402,4
69403,1
69404,3
69405,6
69406,1
69407,1
69408,3
69409,1
69410,3
69411,1
69412,1
69413,2
69414,1
69415,1
69416,1
69417,3
69418,5
69419,3
69420,2
69421,2
69422,4
69423,1
69424,5
69425,3
69426,2
69427,0
69428,6
69429,6
69430,2
69431,0
69432,5
69433,2
69434,5
69435,4
69436,6
69437,1
69438,6
69439,4
69440,0
69441,6
69442,1
69443,4
69444,4
69445,2
69446,1
69447,1
69448,2
69449,4
69450,0
69451,3
69452,1
69453,2
69454,4
69455,3
69456,1
69457,4
69458,1
69459,1
69460,2
69461,0
69462,5
69463,2
69464,0
69465,6
69466,2
69467,5
69468,5
69469,1
69470,4
69471,2
69472,2
69473,2
69474,3
69475,2
69476,2
69477,1
69478,2
69479,4
69480,5
69481,6
69482,1
69483,5
69484,2
69485,1
69486,3
69487,3
69488,1
69489,2
69490,1
69491,1
69492,6
69493,2
69494,1
69495,2
69496,1
69497,2
69498,4
69499,6
69500,2
69501,0
69502,3
69503,3
69504,1
69505,4
69506,2
69507,1
69508,0
69509,2
69510,6
69511,3
69512,4
69513,2
69514,0
69515,3
69516,6
69517,4
69518,6
69519,6
69520,4
69521,2
69522,2
69523,1
69524,2
69525,5
69526,1
69527,1
69528,2
69529,2
69530,1
69531,1
69532,0
69533,2
69534,1
69535,6
69536,4
69537,3
69538,2
69539,6
69540,4
69541,1
69542,1
69543,1
69544,4
69545,4
69546,4
69547,5
69548,0
69549,1
69550,1
69551,6
69552,2
69553,1
69554,3
69555,2
69556,1
69557,3
69558,2
69559,2
69560,5
69561,6
69562,1
69563,0
69564,2
69565,4
69566,2
69567,4
69568,2
69569,0
69570,4
69571,1
69572,2
69573,1
69574,1
69575,1
69576,0
69577,1
69578,2
69579,1
69580,6
69581,3
69582,2
69583,4
69584,5
69585,4
69586,1
69587,5
69588,2
69589,6
69590,5
69591,4
69592,1
69593,6
69594,0
69595,5
69596,6
69597,0
69598,5
69599,1
69600,2
69601,0
69602,1
69603,1
69604,1
69605,2
69606,3
69607,3
69608,1
69609,2
69610,2
69611,0
69612,2
69613,0
69614,3
69615,0
69616,0
69617,3
69618,5
69619,1
69620,1
69621,2
69622,3
69623,2
69624,6
69625,1
69626,1
69627,4
69628,2
69629,4
69630,0
69631,1
69632,0
69633,2
69634,1
69635,4
69636,1
69637,1
69638,1
69639,5
69640,1
69641,1
69642,2
69643,1
69644,2
69645,3
69646,2
69647,1
69648,4
69649,6
69650,2
69651,1
69652,1
69653,2
69654,1
69655,6
69656,4
69657,3
69658,4
69659,3
69660,4
69661,3
69662,1
69663,2
69664,1
69665,0
69666,3
69667,1
69668,6
69669,2
69670,3
69671,6
69672,4
69673,1
69674,1
69675,5
69676,0
69677,3
69678,5
69679,3
69680,4
69681,0
69682,0
69683,2
69684,2
69685,3
69686,2
69687,6
69688,3
69689,6
69690,0
69691,1
69692,0
69693,1
69694,3
69695,1
69696,5
69697,2
69698,2
69699,1
69700,1
69701,0
69702,5
69703,6
69704,1
69705,2
69706,4
69707,6
69708,2
69709,1
69710,3
69711,4
69712,6
69713,1
69714,1
69715,1
69716,2
69717,1
69718,0
69719,1
69720,1
69721,5
69722,6
69723,0
69724,4
69725,1
69726,2
69727,4
69728,4
69729,1
69730,2
69731,2
69732,2
69733,0
69734,1
69735,4
69736,6
69737,4
69738,0
69739,4
69740,2
69741,1
69742,1
69743,6
69744,1
69745,1
69746,5
69747,4
69748,1
69749,3
69750,3
69751,0
69752,0
69753,1
69754,1
69755,2
69756,2
69757,5
69758,6
69759,1
69760,1
69761,0
69762,3
69763,3
69764,4
69765,1
69766,2
69767,4
69768,3
69769,2
69770,2
69771,1
69772,5
69773,4
69774,2
69775,5
69776,6
69777,5
69778,0
69779,2
69780,6
69781,6
69782,4
69783,1
69784,1
69785,1
69786,1
69787,2
69788,0
69789,1
69790,1
69791,0
69792,2
69793,0
69794,1
69795,4
69796,2
69797,6
69798,2
69799,4
69800,0
69801,2
69802,2
69803,4
69804,4
69805,5
69806,0
69807,1
69808,3
69809,3
69810,3
69811,1
69812,5
69813,2
69814,2
69815,1
69816,0
69817,2
69818,5
69819,2
69820,1
69821,0
69822,5
69823,1
69824,2
69825,1
69826,3
69827,5
69828,5
69829,1
69830,2
69831,3
69832,3
69833,4
69834,0
69835,0
69836,5
69837,5
69838,5
69839,1
69840,0
69841,3
69842,5
69843,2
69844,6
69845,2
69846,0
69847,6
69848,0
69849,2
69850,6
69851,2
69852,4
69853,2
69854,0
69855,0
69856,5
69857,1
69858,6
69859,2
69860,2
69861,2
69862,6
69863,1
69864,1
69865,5
69866,4
69867,2
69868,1
69869,3
69870,3
69871,1
69872,2
69873,1
69874,1
69875,0
69876,4
69877,0
69878,0
69879,6
69880,1
69881,5
69882,3
69883,4
69884,2
69885,0
69886,4
69887,3
69888,1
69889,1
69890,2
69891,1
69892,2
69893,6
69894,1
69895,1
69896,0
69897,2
69898,5
69899,6
69900,6
69901,1
69902,5
69903,0
69904,0
69905,3
69906,0
69907,2
69908,3
69909,2
69910,2
69911,0
69912,0
69913,4
69914,2
69915,0
69916,5
69917,2
69918,2
69919,1
69920,2
69921,3
69922,3
69923,2
69924,2
69925,0
69926,1
69927,1
69928,1
69929,6
69930,0
69931,5
69932,1
69933,5
69934,1
69935,1
69936,2
69937,1
69938,6
69939,2
69940,2
69941,1
69942,5
69943,1
69944,1
69945,1
69946,0
69947,0
69948,0
69949,1
69950,5
69951,2
69952,4
69953,3
69954,5
69955,1
69956,3
69957,2
69958,6
69959,0
69960,1
69961,1
69962,2
69963,6
69964,2
69965,4
69966,5
69967,4
69968,3
69969,3
69970,3
69971,2
69972,5
69973,1
69974,6
69975,2
69976,6
69977,2
69978,6
69979,1
69980,2
69981,0
69982,4
69983,6
69984,2
69985,4
69986,4
69987,0
69988,1
69989,3
69990,4
69991,2
69992,4
69993,1
69994,1
69995,2
69996,1
69997,1
69998,2
69999,2
70000,6
70001,3
70002,5
70003,1
70004,2
70005,2
70006,2
70007,1
70008,6
70009,1
70010,4
70011,1
70012,4
70013,6
70014,4
70015,0
70016,1
70017,2
70018,5
70019,1
70020,3
70021,1
70022,2
70023,3
70024,1
70025,5
70026,1
70027,2
70028,1
70029,1
70030,2
70031,1
70032,2
70033,1
70034,2
70035,5
70036,3
70037,1
70038,3
70039,2
70040,5
70041,2
70042,2
70043,5
70044,0
70045,1
70046,5
70047,2
70048,3
70049,3
70050,2
70051,0
70052,2
70053,3
70054,4
70055,5
70056,2
70057,1
70058,1
70059,4
70060,4
70061,1
70062,6
70063,4
70064,0
70065,5
70066,5
70067,2
70068,3
70069,3
70070,3
70071,1
70072,5
70073,3
70074,1
70075,1
70076,1
70077,3
70078,0
70079,0
70080,2
70081,1
70082,6
70083,4
70084,4
70085,1
70086,6
70087,2
70088,5
70089,3
70090,4
70091,2
70092,4
70093,1
70094,1
70095,2
70096,3
70097,0
70098,6
70099,3
70100,4
70101,5
70102,2
70103,4
70104,5
70105,3
70106,5
70107,2
70108,4
70109,6
70110,4
70111,3
70112,0
70113,2
70114,2
70115,3
70116,6
70117,4
70118,2
70119,2
70120,6
70121,4
70122,0
70123,2
70124,1
70125,3
70126,5
70127,5
70128,2
70129,1
70130,0
70131,5
70132,2
70133,4
70134,2
70135,4
70136,1
70137,2
70138,2
70139,1
70140,6
70141,1
70142,3
70143,3
70144,1
70145,3
70146,4
70147,1
70148,1
70149,3
70150,1
70151,4
70152,5
70153,1
70154,4
70155,1
70156,1
70157,1
70158,1
70159,2
70160,2
70161,1
70162,2
70163,2
70164,1
70165,1
70166,0
70167,4
70168,0
70169,4
70170,3
70171,2
70172,2
70173,6
70174,2
70175,3
70176,4
70177,2
70178,1
70179,6
70180,2
70181,3
70182,6
70183,2
70184,5
70185,1
70186,2
70187,2
70188,2
70189,1
70190,2
70191,1
70192,0
70193,3
70194,5
70195,1
70196,3
70197,6
70198,4
70199,0
70200,1
70201,4
70202,2
70203,6
70204,0
70205,1
70206,0
70207,0
70208,5
70209,4
70210,1
70211,4
70212,5
70213,0
70214,6
70215,0
70216,1
70217,5
70218,2
70219,1
70220,0
70221,1
70222,5
70223,2
70224,5
70225,1
70226,5
70227,5
70228,2
70229,4
70230,1
70231,2
70232,0
70233,1
70234,5
70235,2
70236,3
70237,4
70238,4
70239,1
70240,0
70241,6
70242,4
70243,1
70244,2
70245,2
70246,0
70247,1
70248,5
70249,3
70250,0
70251,2
70252,2
70253,6
70254,6
70255,5
70256,1
70257,6
70258,2
70259,1
70260,6
70261,4
70262,2
70263,4
70264,2
70265,2
70266,1
70267,4
70268,1
70269,3
70270,5
70271,2
70272,1
70273,5
70274,2
70275,1
70276,2
70277,3
70278,0
70279,1
70280,0
70281,1
70282,2
70283,1
70284,1
70285,1
70286,0
70287,6
70288,3
70289,1
70290,2
70291,1
70292,2
70293,3
70294,1
70295,1
70296,3
70297,3
70298,1
70299,6
70300,6
70301,2
70302,1
70303,2
70304,1
70305,1
70306,2
70307,5
70308,1
70309,2
70310,1
70311,1
70312,4
70313,3
70314,1
70315,3
70316,4
70317,1
70318,5
70319,6
70320,3
70321,0
70322,2
70323,1
70324,0
70325,2
70326,6
70327,3
70328,2
70329,1
70330,6
70331,1
70332,0
70333,5
70334,5
70335,6
70336,4
70337,6
70338,3
70339,5
70340,6
70341,0
70342,1
70343,3
70344,2
70345,0
70346,0
70347,5
70348,4
70349,2
70350,0
70351,6
70352,3
70353,6
70354,1
70355,1
70356,0
70357,2
70358,1
70359,3
70360,1
70361,4
70362,4
70363,1
70364,2
70365,2
70366,0
70367,1
70368,6
70369,6
70370,5
70371,1
70372,1
70373,1
70374,1
70375,4
70376,2
70377,5
70378,2
70379,6
70380,5
70381,3
70382,2
70383,1
70384,0
70385,6
70386,1
70387,2
70388,0
70389,1
70390,6
70391,5
70392,5
70393,1
70394,1
70395,4
70396,0
70397,6
70398,2
70399,1
70400,1
70401,0
70402,5
70403,3
70404,2
70405,5
70406,2
70407,3
70408,3
70409,5
70410,2
70411,5
70412,3
70413,4
70414,4
70415,0
70416,0
70417,6
70418,6
70419,5
70420,0
70421,5
70422,4
70423,3
70424,6
70425,2
70426,5
70427,5
70428,2
70429,2
70430,3
70431,2
70432,1
70433,1
70434,2
70435,4
70436,0
70437,0
70438,4
70439,3
70440,0
70441,1
70442,3
70443,0
70444,1
70445,2
70446,2
70447,2
70448,0
70449,2
70450,3
70451,6
70452,1
70453,2
70454,3
70455,0
70456,0
70457,0
70458,0
70459,5
70460,0
70461,6
70462,2
70463,2
70464,5
70465,2
70466,3
70467,0
70468,4
70469,2
70470,3
70471,4
70472,4
70473,0
70474,0
70475,1
70476,6
70477,2
70478,2
70479,5
70480,4
70481,2
70482,0
70483,4
70484,1
70485,1
70486,0
70487,4
70488,3
70489,4
70490,2
70491,3
70492,2
70493,6
70494,1
70495,0
70496,0
70497,6
70498,6
70499,6
70500,1
70501,3
70502,4
70503,0
70504,6
70505,5
70506,0
70507,0
70508,2
70509,6
70510,2
70511,3
70512,1
70513,6
70514,2
70515,1
70516,2
70517,4
70518,1
70519,3
70520,6
70521,3
70522,1
70523,4
70524,2
70525,0
70526,1
70527,5
70528,1
70529,1
70530,0
70531,1
70532,1
70533,2
70534,1
70535,2
70536,4
70537,2
70538,1
70539,2
70540,1
70541,1
70542,6
70543,1
70544,6
70545,4
70546,1
70547,3
70548,2
70549,0
70550,1
70551,1
70552,6
70553,6
70554,1
70555,1
70556,5
70557,2
70558,0
70559,5
70560,1
70561,1
70562,0
70563,0
70564,3
70565,5
70566,2
70567,6
70568,3
70569,3
70570,2
70571,4
70572,3
70573,1
70574,1
70575,6
70576,1
70577,1
70578,6
70579,5
70580,0
70581,2
70582,4
70583,3
70584,0
70585,2
70586,4
70587,2
70588,6
70589,2
70590,2
70591,2
70592,1
70593,4
70594,1
70595,2
70596,0
70597,4
70598,5
70599,6
70600,5
70601,2
70602,2
70603,1
70604,2
70605,6
70606,2
70607,6
70608,1
70609,2
70610,6
70611,0
70612,5
70613,0
70614,2
70615,1
70616,5
70617,2
70618,0
70619,3
70620,5
70621,5
70622,2
70623,1
70624,3
70625,2
70626,5
70627,3
70628,4
70629,5
70630,0
70631,0
70632,5
70633,3
70634,0
70635,6
70636,5
70637,2
70638,2
70639,2
70640,6
70641,0
70642,1
70643,2
70644,0
70645,2
70646,1
70647,1
70648,4
70649,0
70650,5
70651,0
70652,2
70653,3
70654,0
70655,6
70656,1
70657,1
70658,2
70659,3
70660,4
70661,0
70662,2
70663,1
70664,6
70665,1
70666,2
70667,5
70668,2
70669,0
70670,6
70671,4
70672,1
70673,2
70674,2
70675,2
70676,2
70677,5
70678,1
70679,2
70680,2
70681,1
70682,3
70683,2
70684,3
70685,6
70686,2
70687,1
70688,5
70689,1
70690,1
70691,2
70692,2
70693,3
70694,0
70695,3
70696,1
70697,0
70698,1
70699,2
70700,4
70701,6
70702,5
70703,2
70704,6
70705,2
70706,3
70707,5
70708,2
70709,2
70710,2
70711,1
70712,3
70713,1
70714,4
70715,0
70716,3
70717,5
70718,5
70719,2
70720,1
70721,1
70722,0
70723,3
70724,0
70725,2
70726,2
70727,2
70728,1
70729,2
70730,4
70731,0
70732,2
70733,6
70734,6
70735,1
70736,1
70737,2
70738,3
70739,2
70740,0
70741,4
70742,6
70743,5
70744,6
70745,2
70746,1
70747,5
70748,2
70749,6
70750,6
70751,6
70752,4
70753,4
70754,2
70755,4
70756,2
70757,1
70758,1
70759,3
70760,3
70761,5
70762,1
70763,3
70764,2
70765,4
70766,2
70767,0
70768,4
70769,2
70770,1
70771,4
70772,0
70773,0
70774,4
70775,0
70776,2
70777,3
70778,1
70779,3
70780,1
70781,6
70782,1
70783,1
70784,1
70785,1
70786,1
70787,0
70788,1
70789,1
70790,2
70791,2
70792,2
70793,5
70794,3
70795,3
70796,6
70797,0
70798,4
70799,4
70800,0
70801,2
70802,4
70803,1
70804,4
70805,3
70806,2
70807,5
70808,6
70809,3
70810,1
70811,3
70812,1
70813,5
70814,2
70815,3
70816,0
70817,0
70818,0
70819,2
70820,0
70821,2
70822,1
70823,1
70824,1
70825,2
70826,0
70827,3
70828,2
70829,6
70830,5
70831,4
70832,6
70833,0
70834,3
70835,1
70836,3
70837,5
70838,2
70839,6
70840,6
70841,1
70842,3
70843,0
70844,2
70845,2
70846,5
70847,3
70848,1
70849,2
70850,1
70851,1
70852,4
70853,2
70854,2
70855,1
70856,0
70857,3
70858,2
70859,1
70860,1
70861,1
70862,4
70863,2
70864,3
70865,5
70866,2
70867,4
70868,2
70869,2
70870,6
70871,5
70872,5
70873,4
70874,4
70875,0
70876,6
70877,5
70878,2
70879,5
70880,5
70881,6
70882,4
70883,2
70884,2
70885,1
70886,1
70887,1
70888,1
70889,1
70890,2
70891,0
70892,2
70893,4
70894,5
70895,6
70896,2
70897,4
70898,1
70899,1
70900,0
70901,1
70902,6
70903,4
70904,5
70905,3
70906,4
70907,5
70908,1
70909,6
70910,0
70911,1
70912,2
70913,1
70914,6
70915,1
70916,0
70917,1
70918,5
70919,2
70920,2
70921,2
70922,4
70923,2
70924,1
70925,6
70926,0
70927,5
70928,1
70929,6
70930,0
70931,5
70932,4
70933,6
70934,0
70935,1
70936,6
70937,4
70938,1
70939,4
70940,6
70941,3
70942,1
70943,2
70944,1
70945,1
70946,0
70947,3
70948,3
70949,6
70950,1
70951,1
70952,3
70953,1
70954,1
70955,0
70956,3
70957,5
70958,2
70959,6
70960,3
70961,2
70962,4
70963,3
70964,4
70965,4
70966,2
70967,4
70968,2
70969,5
70970,1
70971,1
70972,0
70973,0
70974,1
70975,6
70976,6
70977,2
70978,1
70979,1
70980,0
70981,5
70982,3
70983,5
70984,1
70985,4
70986,1
70987,2
70988,2
70989,2
70990,2
70991,3
70992,1
70993,2
70994,0
70995,1
70996,2
70997,6
70998,2
70999,1
71000,4
71001,0
71002,2
71003,2
71004,6
71005,5
71006,2
71007,3
71008,0
71009,5
71010,2
71011,1
71012,3
71013,1
71014,0
71015,2
71016,1
71017,6
71018,4
71019,0
71020,0
71021,6
71022,3
71023,4
71024,0
71025,6
71026,1
71027,1
71028,2
71029,1
71030,6
71031,1
71032,2
71033,2
71034,6
71035,4
71036,2
71037,1
71038,2
71039,3
71040,2
71041,1
71042,0
71043,3
71044,1
71045,3
71046,1
71047,2
71048,6
71049,3
71050,3
71051,6
71052,1
71053,2
71054,2
71055,4
71056,1
71057,2
71058,1
71059,6
71060,2
71061,6
71062,1
71063,2
71064,1
71065,4
71066,2
71067,6
71068,6
71069,6
71070,0
71071,1
71072,6
71073,3
71074,1
71075,1
71076,4
71077,6
71078,3
71079,2
71080,2
71081,5
71082,5
71083,1
71084,0
71085,6
71086,1
71087,4
71088,0
71089,4
71090,2
71091,6
71092,0
71093,2
71094,1
71095,1
71096,0
71097,4
71098,4
71099,1
71100,2
71101,1
71102,5
71103,1
71104,6
71105,1
71106,5
71107,1
71108,1
71109,2
71110,1
71111,3
71112,1
71113,5
71114,4
71115,1
71116,0
71117,1
71118,6
71119,2
71120,4
71121,1
71122,1
71123,0
71124,1
71125,0
71126,6
71127,4
71128,4
71129,6
71130,2
71131,1
71132,1
71133,0
71134,2
71135,2
71136,2
71137,2
71138,0
71139,4
71140,1
71141,2
71142,1
71143,2
71144,2
71145,0
71146,5
71147,2
71148,0
71149,2
71150,1
71151,1
71152,0
71153,0
71154,3
71155,2
71156,1
71157,4
71158,4
71159,2
71160,3
71161,0
71162,1
71163,3
71164,6
71165,6
71166,0
71167,1
71168,4
71169,1
71170,6
71171,2
71172,1
71173,5
71174,1
71175,1
71176,1
71177,0
71178,4
71179,3
71180,0
71181,4
71182,4
71183,2
71184,5
71185,1
71186,2
71187,5
71188,4
71189,3
71190,3
71191,2
71192,2
71193,2
71194,0
71195,6
71196,2
71197,3
71198,0
71199,3
71200,2
71201,1
71202,4
71203,6
71204,4
71205,4
71206,2
71207,6
71208,1
71209,0
71210,2
71211,1
71212,3
71213,5
71214,4
71215,3
71216,3
71217,2
71218,0
71219,5
71220,1
71221,1
71222,6
71223,4
71224,1
71225,2
71226,2
71227,2
71228,4
71229,2
71230,5
71231,2
71232,1
71233,3
71234,3
71235,1
71236,0
71237,2
71238,3
71239,1
71240,6
71241,2
71242,1
71243,5
71244,4
71245,6
71246,4
71247,1
71248,1
71249,4
71250,6
71251,4
71252,3
71253,3
71254,2
71255,4
71256,2
71257,1
71258,4
71259,1
71260,2
71261,1
71262,2
71263,0
71264,6
71265,3
71266,3
71267,2
71268,2
71269,4
71270,1
71271,1
71272,1
71273,5
71274,1
71275,1
71276,3
71277,4
71278,1
71279,2
71280,5
71281,2
71282,1
71283,0
71284,4
71285,0
71286,1
71287,0
71288,1
71289,3
71290,1
71291,5
71292,0
71293,2
71294,2
71295,2
71296,1
71297,1
71298,3
71299,1
71300,2
71301,3
71302,1
71303,0
71304,1
71305,1
71306,2
71307,1
71308,3
71309,5
71310,1
71311,0
71312,1
71313,4
71314,2
71315,1
71316,1
71317,5
71318,0
71319,5
71320,6
71321,6
71322,1
71323,1
71324,1
71325,1
71326,4
71327,4
71328,1
71329,0
71330,3
71331,5
71332,6
71333,2
71334,6
71335,5
71336,3
71337,2
71338,6
71339,2
71340,4
71341,2
71342,0
71343,0
71344,5
71345,0
71346,2
71347,1
71348,2
71349,1
71350,5
71351,5
71352,4
71353,4
71354,5
71355,2
71356,4
71357,2
71358,2
71359,3
71360,6
71361,1
71362,2
71363,1
71364,2
71365,3
71366,3
71367,1
71368,6
71369,1
71370,2
71371,2
71372,0
71373,1
71374,5
71375,0
71376,2
71377,0
71378,3
71379,4
71380,0
71381,2
71382,2
71383,5
71384,3
71385,5
71386,3
71387,1
71388,0
71389,1
71390,4
71391,4
71392,2
71393,6
71394,5
71395,3
71396,3
71397,1
71398,6
71399,1
71400,2
71401,1
71402,1
71403,1
71404,4
71405,3
71406,2
71407,0
71408,5
71409,2
71410,3
71411,2
71412,2
71413,6
71414,2
71415,2
71416,5
71417,2
71418,5
71419,2
71420,4
71421,2
71422,0
71423,5
71424,6
71425,0
71426,2
71427,2
71428,1
71429,0
71430,1
71431,0
71432,5
71433,2
71434,1
71435,1
71436,1
71437,3
71438,1
71439,5
71440,3
71441,6
71442,2
71443,5
71444,5
71445,2
71446,1
71447,6
71448,6
71449,2
71450,2
71451,2
71452,0
71453,1
71454,0
71455,2
71456,2
71457,1
71458,5
71459,4
71460,2
71461,0
71462,4
71463,2
71464,0
71465,6
71466,6
71467,1
71468,1
71469,0
71470,0
71471,0
71472,1
71473,5
71474,2
71475,1
71476,5
71477,5
71478,4
71479,6
71480,6
71481,1
71482,2
71483,1
71484,0
71485,3
71486,4
71487,2
71488,3
71489,1
71490,2
71491,4
71492,4
71493,2
71494,0
71495,1
71496,2
71497,4
71498,6
71499,1
71500,5
71501,4
71502,1
71503,3
71504,0
71505,1
71506,6
71507,2
71508,0
71509,2
71510,5
71511,0
71512,1
71513,5
71514,0
71515,1
71516,6
71517,2
71518,6
71519,2
71520,1
71521,3
71522,6
71523,4
71524,3
71525,2
71526,0
71527,3
71528,4
71529,3
71530,1
71531,1
71532,2
71533,4
71534,5
71535,2
71536,6
71537,2
71538,2
71539,1
71540,5
71541,3
71542,4
71543,2
71544,6
71545,4
71546,1
71547,3
71548,0
71549,4
71550,1
71551,5
71552,4
71553,2
71554,0
71555,1
71556,4
71557,4
71558,2
71559,0
71560,5
71561,4
71562,2
71563,6
71564,1
71565,5
71566,0
71567,4
71568,0
71569,5
71570,0
71571,5
71572,2
71573,3
71574,2
71575,4
71576,6
71577,4
71578,5
71579,0
71580,1
71581,1
71582,1
71583,1
71584,4
71585,3
71586,5
71587,6
71588,4
71589,6
71590,1
71591,4
71592,6
71593,3
71594,3
71595,1
71596,3
71597,2
71598,2
71599,4
71600,2
71601,0
71602,3
71603,1
71604,4
71605,3
71606,1
71607,4
71608,2
71609,5
71610,6
71611,2
71612,3
71613,0
71614,1
71615,3
71616,3
71617,2
71618,0
71619,1
71620,1
71621,4
71622,6
71623,1
71624,6
71625,1
71626,0
71627,4
71628,5
71629,2
71630,0
71631,0
71632,1
71633,2
71634,2
71635,0
71636,5
71637,4
71638,4
71639,5
71640,1
71641,4
71642,2
71643,3
71644,0
71645,3
71646,5
71647,5
71648,1
71649,1
71650,1
71651,0
71652,0
71653,0
71654,2
71655,2
71656,1
71657,4
71658,2
71659,2
71660,2
71661,5
71662,0
71663,0
71664,2
71665,4
71666,3
71667,3
71668,2
71669,0
71670,0
71671,1
71672,3
71673,0
71674,1
71675,1
71676,3
71677,5
71678,4
71679,3
71680,1
71681,6
71682,2
71683,4
71684,1
71685,5
71686,2
71687,2
71688,0
71689,1
71690,5
71691,2
71692,0
71693,5
71694,2
71695,5
71696,6
71697,1
71698,4
71699,1
71700,1
71701,4
71702,5
71703,2
71704,2
71705,1
71706,1
71707,3
71708,2
71709,4
71710,1
71711,1
71712,1
71713,3
71714,1
71715,4
71716,3
71717,3
71718,2
71719,2
71720,4
71721,2
71722,0
71723,4
71724,1
71725,1
71726,1
71727,4
71728,0
71729,0
71730,2
71731,2
71732,1
71733,4
71734,1
71735,2
71736,1
71737,0
71738,6
71739,5
71740,3
71741,5
71742,6
71743,0
71744,4
71745,2
71746,4
71747,2
71748,5
71749,2
71750,5
71751,2
71752,3
71753,2
71754,3
71755,2
71756,2
71757,3
71758,4
71759,1
71760,2
71761,1
71762,2
71763,1
71764,1
71765,4
71766,2
71767,2
71768,3
71769,2
71770,1
71771,2
71772,4
71773,2
71774,1
71775,6
71776,2
71777,3
71778,2
71779,2
71780,2
71781,3
71782,0
71783,0
71784,2
71785,6
71786,0
71787,6
71788,4
71789,2
71790,4
71791,6
71792,2
71793,0
71794,3
71795,5
71796,6
71797,4
71798,5
71799,2
71800,1
71801,5
71802,4
71803,0
71804,4
71805,0
71806,6
71807,0
71808,2
71809,2
71810,2
71811,2
71812,3
71813,5
71814,4
71815,3
71816,2
71817,4
71818,1
71819,6
71820,1
71821,2
71822,5
71823,3
71824,1
71825,2
71826,0
71827,6
71828,1
71829,3
71830,6
71831,2
71832,3
71833,1
71834,2
71835,2
71836,5
71837,2
71838,2
71839,2
71840,4
71841,2
71842,5
71843,0
71844,2
71845,2
71846,0
71847,2
71848,2
71849,5
71850,1
71851,6
71852,4
71853,2
71854,3
71855,5
71856,1
71857,0
71858,2
71859,5
71860,5
71861,1
71862,0
71863,5
71864,0
71865,1
71866,1
71867,4
71868,3
71869,2
71870,2
71871,0
71872,1
71873,3
71874,4
71875,3
71876,2
71877,1
71878,2
71879,2
71880,2
71881,1
71882,5
71883,4
71884,1
71885,4
71886,2
71887,2
71888,1
71889,5
71890,2
71891,2
71892,3
71893,4
71894,2
71895,2
71896,5
71897,2
71898,2
71899,1
71900,1
71901,1
71902,6
71903,2
71904,5
71905,5
71906,3
71907,4
71908,0
71909,6
71910,2
71911,5
71912,6
71913,2
71914,2
71915,2
71916,1
71917,1
71918,2
71919,5
71920,1
71921,6
71922,3
71923,4
71924,1
71925,2
71926,3
71927,6
71928,1
71929,0
71930,0
71931,1
71932,2
71933,1
71934,6
71935,3
71936,1
71937,6
71938,3
71939,1
71940,1
71941,2
71942,3
71943,4
71944,2
71945,0
71946,0
71947,6
71948,0
71949,4
71950,0
71951,4
71952,0
71953,6
71954,2
71955,1
71956,2
71957,6
71958,2
71959,4
71960,1
71961,0
71962,5
71963,1
71964,1
71965,2
71966,6
71967,5
71968,6
71969,0
71970,3
71971,1
71972,2
71973,3
71974,1
71975,2
71976,2
71977,6
71978,4
71979,3
71980,2
71981,3
71982,5
71983,2
71984,4
71985,1
71986,1
71987,6
71988,3
71989,1
71990,2
71991,1
71992,1
71993,3
71994,1
71995,2
71996,1
71997,1
71998,4
71999,3
72000,2
72001,5
72002,0
72003,4
72004,0
72005,1
72006,2
72007,6
72008,4
72009,2
72010,4
72011,1
72012,2
72013,5
72014,1
72015,1
72016,2
72017,3
72018,5
72019,3
72020,0
72021,1
72022,3
72023,4
72024,2
72025,4
72026,1
72027,0
72028,2
72029,6
72030,2
72031,2
72032,1
72033,3
72034,2
72035,1
72036,2
72037,3
72038,5
72039,1
72040,5
72041,0
72042,1
72043,6
72044,1
72045,0
72046,3
72047,1
72048,0
72049,0
72050,6
72051,1
72052,1
72053,5
72054,1
72055,3
72056,6
72057,0
72058,0
72059,6
72060,3
72061,1
72062,2
72063,1
72064,2
72065,4
72066,1
72067,6
72068,1
72069,4
72070,2
72071,4
72072,6
72073,1
72074,4
72075,1
72076,6
72077,4
72078,4
72079,1
72080,6
72081,1
72082,1
72083,2
72084,2
72085,3
72086,6
72087,2
72088,5
72089,4
72090,0
72091,1
72092,5
72093,6
72094,3
72095,6
72096,2
72097,2
72098,1
72099,0
72100,5
72101,1
72102,1
72103,4
72104,1
72105,1
72106,1
72107,6
72108,0
72109,1
72110,4
72111,3
72112,2
72113,1
72114,4
72115,4
72116,2
72117,4
72118,2
72119,3
72120,1
72121,4
72122,5
72123,1
72124,3
72125,6
72126,4
72127,1
72128,2
72129,1
72130,1
72131,3
72132,3
72133,5
72134,1
72135,4
72136,2
72137,1
72138,5
72139,4
72140,2
72141,3
72142,2
72143,0
72144,2
72145,2
72146,0
72147,2
72148,5
72149,0
72150,3
72151,0
72152,1
72153,3
72154,3
72155,3
72156,4
72157,6
72158,4
72159,2
72160,0
72161,0
72162,0
72163,5
72164,4
72165,5
72166,2
72167,2
72168,1
72169,5
72170,2
72171,4
72172,3
72173,1
72174,5
72175,2
72176,6
72177,2
72178,5
72179,0
72180,2
72181,2
72182,2
72183,1
72184,4
72185,3
72186,4
72187,6
72188,4
72189,4
72190,0
72191,5
72192,5
72193,2
72194,0
72195,5
72196,4
72197,2
72198,6
72199,2
72200,0
72201,2
72202,6
72203,4
72204,2
72205,2
72206,1
72207,1
72208,5
72209,1
72210,1
72211,3
72212,6
72213,0
72214,5
72215,1
72216,6
72217,1
72218,0
72219,6
72220,2
72221,0
72222,2
72223,4
72224,3
72225,3
72226,2
72227,1
72228,5
72229,5
72230,2
72231,3
72232,1
72233,1
72234,2
72235,5
72236,0
72237,3
72238,3
72239,0
72240,1
72241,0
72242,2
72243,2
72244,6
72245,1
72246,3
72247,1
72248,0
72249,1
72250,1
72251,2
72252,2
72253,5
72254,0
72255,1
72256,1
72257,4
72258,2
72259,2
72260,1
72261,4
72262,2
72263,1
72264,2
72265,2
72266,3
72267,0
72268,2
72269,6
72270,0
72271,6
72272,1
72273,1
72274,0
72275,3
72276,3
72277,1
72278,1
72279,0
72280,1
72281,6
72282,3
72283,2
72284,3
72285,0
72286,2
72287,5
72288,4
72289,4
72290,2
72291,2
72292,3
72293,3
72294,0
72295,6
72296,1
72297,6
72298,6
72299,3
72300,3
72301,4
72302,6
72303,2
72304,4
72305,3
72306,6
72307,1
72308,0
72309,2
72310,0
72311,4
72312,0
72313,4
72314,0
72315,2
72316,6
72317,2
72318,3
72319,2
72320,2
72321,1
72322,3
72323,3
72324,2
72325,1
72326,4
72327,1
72328,2
72329,1
72330,6
72331,1
72332,2
72333,0
72334,4
72335,2
72336,1
72337,0
72338,0
72339,0
72340,2
72341,1
72342,1
72343,2
72344,1
72345,1
72346,0
72347,1
72348,4
72349,3
72350,2
72351,1
72352,3
72353,5
72354,1
72355,2
72356,1
72357,6
72358,5
72359,5
72360,3
72361,0
72362,3
72363,6
72364,5
72365,5
72366,3
72367,5
72368,4
72369,3
72370,5
72371,3
72372,5
72373,1
72374,3
72375,3
72376,4
72377,1
72378,3
72379,0
72380,3
72381,2
72382,6
72383,1
72384,3
72385,1
72386,2
72387,1
72388,6
72389,0
72390,2
72391,5
72392,4
72393,1
72394,1
72395,1
72396,5
72397,1
72398,0
72399,2
72400,2
72401,1
72402,1
72403,1
72404,1
72405,1
72406,3
72407,1
72408,4
72409,1
72410,4
72411,2
72412,0
72413,3
72414,2
72415,0
72416,2
72417,3
72418,2
72419,3
72420,1
72421,1
72422,0
72423,6
72424,2
72425,0
72426,2
72427,1
72428,1
72429,6
72430,3
72431,1
72432,3
72433,2
72434,2
72435,5
72436,0
72437,3
72438,3
72439,2
72440,4
72441,2
72442,0
72443,2
72444,1
72445,6
72446,0
72447,1
72448,3
72449,0
72450,1
72451,0
72452,3
72453,3
72454,0
72455,3
72456,2
72457,1
72458,4
72459,1
72460,4
72461,4
72462,4
72463,1
72464,6
72465,0
72466,3
72467,0
72468,1
72469,1
72470,4
72471,5
72472,6
72473,6
72474,1
72475,1
72476,1
72477,1
72478,5
72479,5
72480,3
72481,5
72482,3
72483,1
72484,2
72485,1
72486,2
72487,2
72488,1
72489,2
72490,1
72491,0
72492,2
72493,6
72494,0
72495,3
72496,2
72497,0
72498,2
72499,2
72500,1
72501,3
72502,3
72503,1
72504,1
72505,5
72506,1
72507,2
72508,3
72509,6
72510,6
72511,4
72512,2
72513,1
72514,4
72515,1
72516,3
72517,3
72518,2
72519,2
72520,3
72521,2
72522,1
72523,2
72524,1
72525,1
72526,0
72527,2
72528,1
72529,5
72530,4
72531,1
72532,0
72533,1
72534,5
72535,3
72536,1
72537,3
72538,3
72539,2
72540,2
72541,0
72542,1
72543,4
72544,2
72545,2
72546,2
72547,2
72548,2
72549,4
72550,0
72551,6
72552,1
72553,2
72554,4
72555,6
72556,5
72557,1
72558,2
72559,0
72560,2
72561,2
72562,5
72563,2
72564,4
72565,5
72566,1
72567,1
72568,5
72569,1
72570,4
72571,0
72572,2
72573,1
72574,3
72575,2
72576,1
72577,1
72578,3
72579,3
72580,6
72581,2
72582,6
72583,5
72584,5
72585,1
72586,4
72587,6
72588,3
72589,0
72590,1
72591,2
72592,2
72593,1
72594,2
72595,0
72596,2
72597,3
72598,1
72599,5
72600,0
72601,1
72602,1
72603,1
72604,1
72605,5
72606,2
72607,2
72608,0
72609,2
72610,6
72611,1
72612,2
72613,6
72614,2
72615,3
72616,1
72617,6
72618,2
72619,3
72620,0
72621,2
72622,0
72623,3
72624,1
72625,1
72626,2
72627,5
72628,4
72629,1
72630,6
72631,2
72632,1
72633,5
72634,3
72635,6
72636,3
72637,4
72638,6
72639,2
72640,1
72641,3
72642,2
72643,1
72644,5
72645,1
72646,3
72647,1
72648,2
72649,1
72650,6
72651,0
72652,2
72653,1
72654,2
72655,2
72656,5
72657,3
72658,4
72659,2
72660,6
72661,3
72662,5
72663,1
72664,4
72665,4
72666,5
72667,1
72668,1
72669,1
72670,0
72671,0
72672,1
72673,5
72674,3
72675,1
72676,0
72677,1
72678,4
72679,2
72680,4
72681,6
72682,3
72683,5
72684,2
72685,1
72686,2
72687,4
72688,1
72689,2
72690,1
72691,0
72692,1
72693,2
72694,4
72695,2
72696,3
72697,3
72698,1
72699,2
72700,0
72701,2
72702,6
72703,1
72704,1
72705,2
72706,1
72707,1
72708,2
72709,2
72710,3
72711,6
72712,0
72713,2
72714,3
72715,0
72716,2
72717,4
72718,0
72719,0
72720,2
72721,2
72722,0
72723,3
72724,1
72725,0
72726,2
72727,0
72728,4
72729,5
72730,3
72731,4
72732,0
72733,1
72734,5
72735,4
72736,4
72737,5
72738,1
72739,0
72740,2
72741,5
72742,2
72743,2
72744,1
72745,2
72746,1
72747,2
72748,3
72749,3
72750,1
72751,0
72752,0
72753,2
72754,3
72755,1
72756,2
72757,4
72758,2
72759,0
72760,6
72761,3
72762,3
72763,6
72764,5
72765,1
72766,2
72767,2
72768,3
72769,3
72770,0
72771,6
72772,6
72773,1
72774,3
72775,6
72776,5
72777,5
72778,0
72779,5
72780,6
72781,1
72782,2
72783,5
72784,1
72785,2
72786,1
72787,5
72788,2
72789,0
72790,0
72791,0
72792,1
72793,6
72794,2
72795,2
72796,0
72797,5
72798,0
72799,6
72800,2
72801,2
72802,5
72803,4
72804,2
72805,1
72806,3
72807,5
72808,1
72809,6
72810,0
72811,0
72812,1
72813,2
72814,2
72815,4
72816,3
72817,5
72818,3
72819,5
72820,4
72821,0
72822,3
72823,0
72824,2
72825,2
72826,6
72827,3
72828,2
72829,2
72830,1
72831,1
72832,3
72833,6
72834,0
72835,6
72836,2
72837,0
72838,2
72839,2
72840,2
72841,6
72842,1
72843,3
72844,2
72845,4
72846,1
72847,1
72848,1
72849,1
72850,0
72851,6
72852,2
72853,5
72854,0
72855,1
72856,1
72857,2
72858,2
72859,2
72860,4
72861,1
72862,0
72863,4
72864,1
72865,5
72866,6
72867,4
72868,1
72869,3
72870,1
72871,0
72872,4
72873,6
72874,2
72875,0
72876,2
72877,4
72878,1
72879,4
72880,1
72881,5
72882,6
72883,2
72884,2
72885,0
72886,2
72887,1
72888,2
72889,6
72890,2
72891,2
72892,2
72893,5
72894,0
72895,4
72896,6
72897,3
72898,4
72899,3
72900,1
72901,3
72902,1
72903,2
72904,5
72905,2
72906,0
72907,3
72908,2
72909,1
72910,4
72911,1
72912,6
72913,4
72914,0
72915,1
72916,0
72917,1
72918,1
72919,5
72920,5
72921,1
72922,2
72923,2
72924,3
72925,2
72926,6
72927,1
72928,5
72929,1
72930,1
72931,2
72932,2
72933,4
72934,2
72935,0
72936,0
72937,4
72938,1
72939,1
72940,4
72941,1
72942,3
72943,1
72944,2
72945,2
72946,1
72947,4
72948,1
72949,3
72950,4
72951,2
72952,6
72953,2
72954,4
72955,1
72956,2
72957,0
72958,2
72959,6
72960,6
72961,1
72962,1
72963,5
72964,3
72965,1
72966,5
72967,0
72968,2
72969,2
72970,4
72971,3
72972,2
72973,4
72974,2
72975,0
72976,4
72977,1
72978,4
72979,5
72980,2
72981,4
72982,3
72983,1
72984,2
72985,6
72986,1
72987,5
72988,1
72989,2
72990,2
72991,2
72992,1
72993,5
72994,1
72995,6
72996,2
72997,6
72998,2
72999,3
73000,2
73001,2
73002,5
73003,5
73004,5
73005,1
73006,0
73007,3
73008,3
73009,1
73010,3
73011,4
73012,5
73013,5
73014,1
73015,4
73016,3
73017,6
73018,1
73019,2
73020,5
73021,2
73022,3
73023,1
73024,6
73025,2
73026,3
73027,2
73028,2
73029,3
73030,4
73031,2
73032,1
73033,2
73034,2
73035,3
73036,2
73037,2
73038,2
73039,6
73040,1
73041,0
73042,0
73043,1
73044,1
73045,0
73046,6
73047,5
73048,1
73049,3
73050,2
73051,3
73052,0
73053,1
73054,2
73055,1
73056,4
73057,3
73058,6
73059,6
73060,3
73061,1
73062,2
73063,2
73064,6
73065,3
73066,3
73067,5
73068,6
73069,1
73070,1
73071,3
73072,2
73073,3
73074,2
73075,3
73076,0
73077,2
73078,4
73079,4
73080,2
73081,0
73082,1
73083,6
73084,3
73085,6
73086,2
73087,6
73088,1
73089,6
73090,0
73091,4
73092,0
73093,5
73094,6
73095,2
73096,3
73097,1
73098,5
73099,2
73100,5
73101,6
73102,1
73103,1
73104,2
73105,1
73106,2
73107,3
73108,3
73109,3
73110,3
73111,3
73112,1
73113,4
73114,6
73115,5
73116,4
73117,5
73118,0
73119,4
73120,6
73121,2
73122,0
73123,6
73124,3
73125,5
73126,0
73127,4
73128,4
73129,3
73130,4
73131,5
73132,1
73133,6
73134,2
73135,1
73136,5
73137,3
73138,1
73139,3
73140,0
73141,1
73142,0
73143,1
73144,4
73145,6
73146,2
73147,4
73148,2
73149,4
73150,6
73151,2
73152,1
73153,2
73154,4
73155,2
73156,1
73157,4
73158,2
73159,0
73160,2
73161,4
73162,4
73163,3
73164,2
73165,4
73166,1
73167,2
73168,5
73169,4
73170,4
73171,3
73172,2
73173,1
73174,1
73175,3
73176,0
73177,6
73178,4
73179,2
73180,1
73181,6
73182,2
73183,2
73184,2
73185,2
73186,2
73187,1
73188,1
73189,2
73190,1
73191,6
73192,1
73193,1
73194,6
73195,1
73196,1
73197,1
73198,0
73199,5
73200,2
73201,6
73202,3
73203,2
73204,6
73205,5
73206,3
73207,2
73208,6
73209,5
73210,2
73211,2
73212,5
73213,1
73214,4
73215,2
73216,3
73217,6
73218,1
73219,2
73220,0
73221,2
73222,5
73223,0
73224,2
73225,1
73226,0
73227,2
73228,6
73229,3
73230,5
73231,1
73232,1
73233,6
73234,1
73235,4
73236,2
73237,1
73238,2
73239,2
73240,4
73241,6
73242,1
73243,6
73244,6
73245,6
73246,2
73247,2
73248,2
73249,3
73250,4
73251,6
73252,4
73253,5
73254,1
73255,1
73256,4
73257,5
73258,2
73259,2
73260,2
73261,1
73262,6
73263,3
73264,1
73265,1
73266,2
73267,4
73268,5
73269,1
73270,1
73271,0
73272,1
73273,0
73274,1
73275,0
73276,2
73277,1
73278,1
73279,1
73280,1
73281,2
73282,6
73283,0
73284,1
73285,3
73286,6
73287,1
73288,1
73289,1
73290,5
73291,5
73292,3
73293,4
73294,6
73295,3
73296,2
73297,2
73298,1
73299,6
73300,5
73301,4
73302,2
73303,2
73304,2
73305,6
73306,4
73307,2
73308,2
73309,1
73310,3
73311,3
73312,1
73313,5
73314,2
73315,1
73316,0
73317,1
73318,1
73319,6
73320,2
73321,1
73322,1
73323,3
73324,3
73325,5
73326,6
73327,4
73328,1
73329,1
73330,2
73331,6
73332,4
73333,4
73334,4
73335,5
73336,1
73337,4
73338,3
73339,2
73340,1
73341,2
73342,0
73343,1
73344,1
73345,1
73346,2
73347,3
73348,4
73349,6
73350,2
73351,0
73352,6
73353,0
73354,4
73355,6
73356,1
73357,1
73358,6
73359,5
73360,6
73361,1
73362,2
73363,3
73364,2
73365,2
73366,5
73367,1
73368,0
73369,1
73370,4
73371,1
73372,2
73373,4
73374,3
73375,2
73376,5
73377,0
73378,5
73379,1
73380,5
73381,1
73382,1
73383,3
73384,4
73385,1
73386,0
73387,1
73388,0
73389,3
73390,3
73391,4
73392,0
73393,2
73394,4
73395,1
73396,0
73397,4
73398,2
73399,0
73400,2
73401,1
73402,1
73403,1
73404,2
73405,2
73406,5
73407,2
73408,1
73409,2
73410,0
73411,4
73412,4
73413,6
73414,5
73415,2
73416,3
73417,5
73418,5
73419,0
73420,2
73421,4
73422,1
73423,2
73424,1
73425,2
73426,1
73427,0
73428,1
73429,2
73430,2
73431,3
73432,1
73433,4
73434,1
73435,5
73436,6
73437,1
73438,0
73439,3
73440,0
73441,1
73442,4
73443,1
73444,2
73445,0
73446,2
73447,0
73448,0
73449,1
73450,0
73451,1
73452,2
73453,6
73454,5
73455,3
73456,5
73457,2
73458,1
73459,6
73460,0
73461,6
73462,2
73463,4
73464,1
73465,2
73466,5
73467,3
73468,2
73469,1
73470,6
73471,1
73472,1
73473,2
73474,1
73475,4
73476,0
73477,3
73478,4
73479,2
73480,1
73481,5
73482,1
73483,6
73484,4
73485,1
73486,6
73487,2
73488,2
73489,2
73490,2
73491,1
73492,3
73493,0
73494,2
73495,2
73496,0
73497,1
73498,0
73499,2
73500,2
73501,1
73502,3
73503,0
73504,2
73505,5
73506,2
73507,1
73508,0
73509,1
73510,6
73511,3
73512,2
73513,2
73514,1
73515,1
73516,0
73517,6
73518,2
73519,2
73520,4
73521,5
73522,1
73523,2
73524,0
73525,2
73526,6
73527,5
73528,2
73529,2
73530,4
73531,6
73532,1
73533,2
73534,3
73535,3
73536,6
73537,0
73538,2
73539,3
73540,1
73541,5
73542,6
73543,2
73544,2
73545,2
73546,6
73547,2
73548,2
73549,4
73550,2
73551,2
73552,1
73553,3
73554,1
73555,1
73556,6
73557,6
73558,4
73559,1
73560,0
73561,2
73562,1
73563,1
73564,1
73565,2
73566,1
73567,0
73568,2
73569,3
73570,2
73571,1
73572,2
73573,5
73574,5
73575,1
73576,6
73577,1
73578,1
73579,6
73580,2
73581,6
73582,6
73583,5
73584,5
73585,6
73586,0
73587,0
73588,1
73589,3
73590,0
73591,0
73592,2
73593,5
73594,4
73595,1
73596,6
73597,2
73598,4
73599,3
73600,5
73601,5
73602,5
73603,2
73604,0
73605,1
73606,1
73607,0
73608,2
73609,2
73610,2
73611,6
73612,0
73613,2
73614,1
73615,2
73616,1
73617,6
73618,5
73619,2
73620,4
73621,1
73622,6
73623,2
73624,1
73625,1
73626,5
73627,0
73628,1
73629,2
73630,1
73631,2
73632,5
73633,2
73634,1
73635,4
73636,6
73637,3
73638,4
73639,3
73640,3
73641,6
73642,1
73643,5
73644,2
73645,1
73646,5
73647,4
73648,5
73649,2
73650,0
73651,6
73652,1
73653,0
73654,1
73655,6
73656,1
73657,1
73658,4
73659,5
73660,4
73661,1
73662,3
73663,4
73664,2
73665,2
73666,2
73667,1
73668,5
73669,1
73670,6
73671,2
73672,5
73673,5
73674,6
73675,1
73676,0
73677,0
73678,6
73679,0
73680,2
73681,1
73682,1
73683,4
73684,4
73685,4
73686,2
73687,3
73688,1
73689,2
73690,5
73691,6
73692,0
73693,4
73694,5
73695,2
73696,2
73697,1
73698,5
73699,0
73700,1
73701,5
73702,2
73703,6
73704,3
73705,2
73706,3
73707,1
73708,1
73709,6
73710,6
73711,2
73712,2
73713,1
73714,0
73715,6
73716,2
73717,2
73718,2
73719,1
73720,2
73721,1
73722,1
73723,1
73724,1
73725,1
73726,6
73727,3
73728,0
73729,1
73730,0
73731,0
73732,1
73733,2
73734,3
73735,4
73736,3
73737,1
73738,4
73739,6
73740,4
73741,2
73742,1
73743,1
73744,3
73745,4
73746,1
73747,2
73748,1
73749,5
73750,5
73751,1
73752,2
73753,1
73754,1
73755,0
73756,0
73757,2
73758,0
73759,6
73760,5
73761,2
73762,1
73763,4
73764,5
73765,1
73766,2
73767,1
73768,5
73769,2
73770,5
73771,2
73772,5
73773,0
73774,5
73775,2
73776,0
73777,2
73778,2
73779,2
73780,1
73781,0
73782,4
73783,0
73784,5
73785,6
73786,2
73787,1
73788,6
73789,2
73790,4
73791,5
73792,2
73793,0
73794,5
73795,6
73796,2
73797,0
73798,1
73799,1
73800,5
73801,2
73802,6
73803,0
73804,3
73805,5
73806,0
73807,0
73808,2
73809,2
73810,1
73811,0
73812,1
73813,4
73814,0
73815,5
73816,6
73817,0
73818,5
73819,3
73820,4
73821,1
73822,1
73823,3
73824,0
73825,6
73826,1
73827,1
73828,1
73829,3
73830,2
73831,5
73832,1
73833,2
73834,1
73835,2
73836,2
73837,1
73838,0
73839,6
73840,1
73841,6
73842,3
73843,2
73844,2
73845,1
73846,1
73847,1
73848,3
73849,1
73850,1
73851,2
73852,5
73853,4
73854,2
73855,2
73856,1
73857,4
73858,0
73859,2
73860,2
73861,4
73862,1
73863,2
73864,2
73865,6
73866,0
73867,5
73868,5
73869,5
73870,2
73871,0
73872,5
73873,6
73874,3
73875,4
73876,5
73877,0
73878,1
73879,1
73880,6
73881,0
73882,5
73883,1
73884,3
73885,1
73886,4
73887,1
73888,3
73889,0
73890,1
73891,5
73892,1
73893,3
73894,2
73895,1
73896,1
73897,0
73898,2
73899,4
73900,0
73901,4
73902,5
73903,0
73904,1
73905,1
73906,1
73907,1
73908,4
73909,2
73910,4
73911,3
73912,1
73913,5
73914,2
73915,6
73916,2
73917,3
73918,1
73919,1
73920,2
73921,1
73922,1
73923,0
73924,5
73925,0
73926,3
73927,0
73928,0
73929,5
73930,1
73931,1
73932,1
73933,3
73934,3
73935,2
73936,4
73937,1
73938,6
73939,1
73940,2
73941,1
73942,5
73943,2
73944,1
73945,1
73946,2
73947,1
73948,0
73949,2
73950,1
73951,2
73952,2
73953,6
73954,1
73955,2
73956,2
73957,3
73958,1
73959,3
73960,1
73961,2
73962,4
73963,5
73964,6
73965,0
73966,4
73967,5
73968,2
73969,2
73970,4
73971,2
73972,0
73973,5
73974,2
73975,2
73976,0
73977,6
73978,0
73979,2
73980,3
73981,2
73982,6
73983,1
73984,3
73985,6
73986,0
73987,0
73988,3
73989,4
73990,1
73991,6
73992,1
73993,2
73994,1
73995,2
73996,2
73997,0
73998,6
73999,3
74000,3
74001,1
74002,0
74003,6
74004,6
74005,2
74006,4
74007,0
74008,1
74009,6
74010,2
74011,2
74012,2
74013,1
74014,1
74015,1
74016,1
74017,0
74018,2
74019,5
74020,1
74021,1
74022,1
74023,2
74024,0
74025,5
74026,4
74027,2
74028,5
74029,4
74030,1
74031,2
74032,1
74033,1
74034,1
74035,3
74036,0
74037,5
74038,1
74039,0
74040,2
74041,2
74042,4
74043,0
74044,6
74045,0
74046,3
74047,5
74048,4
74049,6
74050,1
74051,1
74052,2
74053,0
74054,6
74055,1
74056,2
74057,0
74058,3
74059,6
74060,2
74061,2
74062,2
74063,2
74064,1
74065,4
74066,1
74067,6
74068,5
74069,1
74070,3
74071,3
74072,2
74073,6
74074,1
74075,3
74076,4
74077,2
74078,3
74079,2
74080,4
74081,0
74082,2
74083,6
74084,3
74085,0
74086,2
74087,0
74088,2
74089,1
74090,2
74091,5
74092,0
74093,4
74094,2
74095,6
74096,1
74097,2
74098,1
74099,1
74100,4
74101,1
74102,6
74103,4
74104,4
74105,2
74106,5
74107,5
74108,2
74109,6
74110,2
74111,5
74112,2
74113,1
74114,6
74115,5
74116,0
74117,0
74118,6
74119,2
74120,0
74121,0
74122,2
74123,1
74124,3
74125,1
74126,1
74127,6
74128,5
74129,2
74130,2
74131,2
74132,5
74133,4
74134,1
74135,1
74136,3
74137,0
74138,1
74139,6
74140,1
74141,4
74142,6
74143,1
74144,2
74145,4
74146,2
74147,2
74148,2
74149,6
74150,0
74151,0
74152,0
74153,4
74154,4
74155,1
74156,5
74157,1
74158,3
74159,6
74160,2
74161,1
74162,3
74163,1
74164,6
74165,2
74166,1
74167,1
74168,0
74169,2
74170,1
74171,1
74172,2
74173,3
74174,1
74175,6
74176,1
74177,2
74178,3
74179,2
74180,6
74181,6
74182,3
74183,1
74184,1
74185,4
74186,1
74187,3
74188,4
74189,2
74190,6
74191,0
74192,3
74193,5
74194,2
74195,5
74196,2
74197,2
74198,2
74199,2
74200,6
74201,1
74202,1
74203,1
74204,1
74205,6
74206,4
74207,2
74208,2
74209,1
74210,4
74211,1
74212,3
74213,3
74214,0
74215,5
74216,5
74217,0
74218,4
74219,2
74220,2
74221,2
74222,4
74223,4
74224,2
74225,0
74226,1
74227,1
74228,3
74229,6
74230,0
74231,4
74232,0
74233,6
74234,0
74235,5
74236,1
74237,2
74238,1
74239,3
74240,4
74241,1
74242,4
74243,2
74244,5
74245,0
74246,2
74247,1
74248,1
74249,1
74250,2
74251,2
74252,1
74253,2
74254,2
74255,5
74256,2
74257,4
74258,2
74259,0
74260,4
74261,3
74262,3
74263,2
74264,6
74265,3
74266,0
74267,2
74268,3
74269,4
74270,5
74271,2
74272,2
74273,0
74274,6
74275,2
74276,4
74277,6
74278,2
74279,6
74280,0
74281,3
74282,1
74283,2
74284,2
74285,2
74286,1
74287,4
74288,2
74289,0
74290,1
74291,6
74292,2
74293,2
74294,2
74295,0
74296,1
74297,1
74298,1
74299,5
74300,1
74301,3
74302,6
74303,6
74304,0
74305,3
74306,3
74307,4
74308,5
74309,6
74310,2
74311,6
74312,4
74313,2
74314,2
74315,4
74316,4
74317,0
74318,2
74319,1
74320,1
74321,1
74322,5
74323,0
74324,1
74325,4
74326,2
74327,0
74328,2
74329,3
74330,1
74331,3
74332,2
74333,4
74334,1
74335,1
74336,2
74337,5
74338,0
74339,4
74340,5
74341,4
74342,4
74343,5
74344,5
74345,2
74346,0
74347,0
74348,3
74349,2
74350,1
74351,3
74352,1
74353,3
74354,1
74355,4
74356,4
74357,0
74358,2
74359,4
74360,3
74361,1
74362,2
74363,1
74364,6
74365,3
74366,1
74367,2
74368,2
74369,0
74370,1
74371,0
74372,5
74373,0
74374,4
74375,2
74376,5
74377,5
74378,1
74379,2
74380,1
74381,3
74382,0
74383,1
74384,6
74385,4
74386,5
74387,4
74388,1
74389,3
74390,4
74391,2
74392,4
74393,0
74394,1
74395,0
74396,1
74397,0
74398,1
74399,6
74400,5
74401,4
74402,0
74403,0
74404,2
74405,3
74406,6
74407,1
74408,1
74409,1
74410,1
74411,5
74412,4
74413,3
74414,2
74415,1
74416,5
74417,4
74418,4
74419,6
74420,1
74421,3
74422,5
74423,4
74424,0
74425,6
74426,2
74427,6
74428,1
74429,0
74430,1
74431,2
74432,5
74433,6
74434,3
74435,1
74436,5
74437,1
74438,0
74439,1
74440,6
74441,1
74442,1
74443,4
74444,2
74445,5
74446,4
74447,6
74448,3
74449,4
74450,1
74451,1
74452,5
74453,2
74454,2
74455,5
74456,2
74457,2
74458,5
74459,2
74460,3
74461,4
74462,5
74463,3
74464,0
74465,0
74466,1
74467,2
74468,1
74469,1
74470,1
74471,1
74472,0
74473,3
74474,2
74475,1
74476,1
74477,1
74478,2
74479,2
74480,2
74481,3
74482,1
74483,2
74484,3
74485,0
74486,2
74487,0
74488,4
74489,2
74490,2
74491,2
74492,3
74493,0
74494,1
74495,2
74496,1
74497,2
74498,5
74499,2
74500,6
74501,3
74502,4
74503,2
74504,6
74505,6
74506,3
74507,3
74508,2
74509,1
74510,6
74511,2
74512,6
74513,2
74514,1
74515,4
74516,1
74517,6
74518,2
74519,0
74520,2
74521,5
74522,1
74523,0
74524,3
74525,5
74526,0
74527,1
74528,6
74529,4
74530,1
74531,1
74532,5
74533,6
74534,6
74535,1
74536,5
74537,0
74538,6
74539,3
74540,1
74541,0
74542,3
74543,3
74544,3
74545,6
74546,0
74547,0
74548,5
74549,2
74550,6
74551,1
74552,2
74553,3
74554,1
74555,1
74556,1
74557,1
74558,1
74559,0
74560,0
74561,1
74562,2
74563,2
74564,6
74565,1
74566,6
74567,2
74568,2
74569,1
74570,2
74571,4
74572,3
74573,2
74574,1
74575,1
74576,3
74577,5
74578,3
74579,4
74580,1
74581,5
74582,1
74583,1
74584,2
74585,0
74586,1
74587,1
74588,5
74589,1
74590,0
74591,2
74592,1
74593,1
74594,2
74595,6
74596,1
74597,2
74598,2
74599,6
74600,1
74601,1
74602,5
74603,3
74604,0
74605,2
74606,1
74607,0
74608,1
74609,4
74610,5
74611,6
74612,6
74613,0
74614,1
74615,1
74616,0
74617,3
74618,1
74619,5
74620,1
74621,1
74622,1
74623,3
74624,1
74625,0
74626,1
74627,3
74628,1
74629,4
74630,4
74631,2
74632,1
74633,0
74634,3
74635,4
74636,3
74637,0
74638,1
74639,3
74640,1
74641,6
74642,2
74643,2
74644,2
74645,1
74646,1
74647,3
74648,1
74649,5
74650,2
74651,2
74652,1
74653,3
74654,2
74655,1
74656,1
74657,6
74658,2
74659,4
74660,1
74661,4
74662,2
74663,6
74664,6
74665,6
74666,1
74667,0
74668,3
74669,2
74670,6
74671,0
74672,6
74673,5
74674,5
74675,2
74676,2
74677,1
74678,1
74679,3
74680,5
74681,1
74682,1
74683,6
74684,4
74685,4
74686,2
74687,1
74688,5
74689,4
74690,1
74691,4
74692,6
74693,4
74694,2
74695,1
74696,2
74697,1
74698,3
74699,1
74700,1
74701,3
74702,6
74703,6
74704,6
74705,2
74706,1
74707,4
74708,3
74709,5
74710,4
74711,2
74712,2
74713,0
74714,1
74715,4
74716,6
74717,5
74718,0
74719,4
74720,2
74721,0
74722,2
74723,1
74724,6
74725,3
74726,1
74727,4
74728,2
74729,2
74730,3
74731,3
74732,1
74733,3
74734,1
74735,1
74736,6
74737,0
74738,5
74739,4
74740,3
74741,0
74742,2
74743,3
74744,1
74745,0
74746,3
74747,5
74748,1
74749,5
74750,2
74751,4
74752,1
74753,3
74754,2
74755,1
74756,0
74757,2
74758,6
74759,1
74760,1
74761,0
74762,2
74763,2
74764,2
74765,5
74766,2
74767,2
74768,2
74769,4
74770,1
74771,4
74772,3
74773,2
74774,0
74775,2
74776,2
74777,2
74778,6
74779,1
74780,6
74781,6
74782,2
74783,6
74784,6
74785,6
74786,0
74787,5
74788,4
74789,2
74790,2
74791,6
74792,3
74793,5
74794,6
74795,1
74796,2
74797,2
74798,0
74799,1
74800,0
74801,6
74802,5
74803,4
74804,0
74805,1
74806,6
74807,5
74808,5
74809,2
74810,0
74811,1
74812,1
74813,4
74814,0
74815,4
74816,5
74817,4
74818,4
74819,1
74820,2
74821,1
74822,1
74823,1
74824,1
74825,0
74826,1
74827,0
74828,2
74829,2
74830,0
74831,2
74832,0
74833,3
74834,1
74835,6
74836,2
74837,1
74838,3
74839,1
74840,0
74841,3
74842,6
74843,2
74844,1
74845,1
74846,1
74847,2
74848,5
74849,1
74850,0
74851,1
74852,2
74853,1
74854,0
74855,1
74856,1
74857,0
74858,6
74859,0
74860,2
74861,1
74862,3
74863,2
74864,3
74865,0
74866,1
74867,1
74868,4
74869,2
74870,2
74871,1
74872,2
74873,0
74874,4
74875,1
74876,6
74877,0
74878,0
74879,0
74880,1
74881,1
74882,2
74883,5
74884,2
74885,6
74886,1
74887,0
74888,1
74889,0
74890,6
74891,1
74892,5
74893,6
74894,2
74895,4
74896,2
74897,1
74898,1
74899,6
74900,0
74901,3
74902,6
74903,2
74904,6
74905,4
74906,1
74907,2
74908,2
74909,6
74910,5
74911,2
74912,1
74913,2
74914,0
74915,1
74916,1
74917,1
74918,4
74919,4
74920,0
74921,0
74922,2
74923,1
74924,6
74925,5
74926,2
74927,0
74928,1
74929,0
74930,2
74931,4
74932,1
74933,3
74934,1
74935,6
74936,2
74937,2
74938,2
74939,0
74940,2
74941,3
74942,4
74943,1
74944,2
74945,1
74946,2
74947,1
74948,6
74949,2
74950,3
74951,1
74952,6
74953,3
74954,1
74955,1
74956,4
74957,5
74958,5
74959,4
74960,2
74961,1
74962,0
74963,3
74964,4
74965,6
74966,2
74967,4
74968,6
74969,1
74970,1
74971,2
74972,2
74973,3
74974,0
74975,1
74976,1
74977,2
74978,2
74979,0
74980,2
74981,0
74982,2
74983,2
74984,5
74985,2
74986,2
74987,5
74988,1
74989,5
74990,5
74991,2
74992,0
74993,4
74994,0
74995,5
74996,1
74997,1
74998,2
74999,0
75000,1
75001,2
75002,6
75003,2
75004,1
75005,0
75006,1
75007,5
75008,1
75009,2
75010,6
75011,2
75012,5
75013,0
75014,6
75015,3
75016,6
75017,4
75018,5
75019,3
75020,2
75021,1
75022,0
75023,2
75024,5
75025,2
75026,5
75027,2
75028,2
75029,1
75030,1
75031,1
75032,3
75033,2
75034,6
75035,3
75036,1
75037,4
75038,6
75039,1
75040,2
75041,2
75042,0
75043,2
75044,3
75045,1
75046,0
75047,0
75048,5
75049,2
75050,6
75051,2
75052,3
75053,1
75054,6
75055,2
75056,4
75057,1
75058,1
75059,3
75060,1
75061,6
75062,1
75063,2
75064,2
75065,6
75066,3
75067,6
75068,1
75069,4
75070,6
75071,3
75072,6
75073,3
75074,1
75075,2
75076,6
75077,3
75078,2
75079,0
75080,3
75081,0
75082,1
75083,2
75084,5
75085,2
75086,2
75087,2
75088,6
75089,3
75090,4
75091,6
75092,1
75093,4
75094,2
75095,6
75096,1
75097,1
75098,1
75099,1
75100,3
75101,0
75102,3
75103,2
75104,2
75105,1
75106,1
75107,1
75108,5
75109,6
75110,0
75111,6
75112,1
75113,2
75114,2
75115,2
75116,0
75117,4
75118,0
75119,0
75120,2
75121,3
75122,2
75123,5
75124,1
75125,2
75126,1
75127,4
75128,6
75129,2
75130,3
75131,2
75132,4
75133,0
75134,1
75135,2
75136,2
75137,1
75138,5
75139,1
75140,1
75141,1
75142,2
75143,6
75144,1
75145,1
75146,3
75147,4
75148,1
75149,0
75150,2
75151,0
75152,5
75153,6
75154,5
75155,2
75156,3
75157,3
75158,3
75159,3
75160,5
75161,2
75162,0
75163,3
75164,4
75165,2
75166,6
75167,3
75168,3
75169,5
75170,1
75171,1
75172,5
75173,6
75174,3
75175,0
75176,2
75177,5
75178,5
75179,2
75180,4
75181,1
75182,6
75183,2
75184,4
75185,0
75186,1
75187,3
75188,1
75189,3
75190,1
75191,3
75192,1
75193,1
75194,4
75195,2
75196,1
75197,6
75198,5
75199,4
75200,5
75201,0
75202,0
75203,2
75204,5
75205,1
75206,0
75207,4
75208,4
75209,2
75210,5
75211,1
75212,6
75213,6
75214,3
75215,2
75216,3
75217,2
75218,6
75219,6
75220,5
75221,2
75222,2
75223,3
75224,2
75225,3
75226,6
75227,3
75228,5
75229,2
75230,4
75231,5
75232,2
75233,2
75234,3
75235,1
75236,0
75237,2
75238,1
75239,4
75240,2
75241,0
75242,1
75243,2
75244,0
75245,1
75246,2
75247,5
75248,4
75249,0
75250,1
75251,2
75252,1
75253,4
75254,1
75255,5
75256,4
75257,0
75258,2
75259,1
75260,3
75261,0
75262,1
75263,4
75264,0
75265,4
75266,1
75267,1
75268,2
75269,3
75270,2
75271,2
75272,2
75273,0
75274,1
75275,1
75276,0
75277,4
75278,1
75279,5
75280,6
75281,2
75282,1
75283,6
75284,4
75285,5
75286,2
75287,1
75288,6
75289,5
75290,4
75291,1
75292,1
75293,4
75294,4
75295,5
75296,1
75297,1
75298,0
75299,2
75300,1
75301,1
75302,0
75303,1
75304,2
75305,5
75306,2
75307,1
75308,1
75309,1
75310,0
75311,2
75312,0
75313,1
75314,0
75315,1
75316,2
75317,3
75318,4
75319,5
75320,6
75321,4
75322,0
75323,5
75324,1
75325,2
75326,2
75327,4
75328,4
75329,5
75330,0
75331,1
75332,0
75333,6
75334,1
75335,6
75336,6
75337,2
75338,2
75339,1
75340,6
75341,4
75342,4
75343,1
75344,1
75345,2
75346,4
75347,4
75348,2
75349,0
75350,2
75351,5
75352,1
75353,3
75354,2
75355,2
75356,1
75357,1
75358,6
75359,1
75360,1
75361,2
75362,2
75363,6
75364,3
75365,2
75366,1
75367,1
75368,1
75369,2
75370,6
75371,6
75372,2
75373,6
75374,1
75375,0
75376,3
75377,1
75378,5
75379,2
75380,0
75381,4
75382,3
75383,4
75384,2
75385,5
75386,2
75387,1
75388,1
75389,3
75390,2
75391,1
75392,2
75393,1
75394,3
75395,4
75396,1
75397,3
75398,4
75399,5
75400,5
75401,0
75402,5
75403,1
75404,3
75405,2
75406,4
75407,6
75408,2
75409,1
75410,1
75411,1
75412,2
75413,1
75414,6
75415,1
75416,4
75417,2
75418,2
75419,2
75420,2
75421,2
75422,1
75423,1
75424,3
75425,2
75426,2
75427,0
75428,5
75429,1
75430,4
75431,1
75432,6
75433,3
75434,1
75435,1
75436,1
75437,5
75438,3
75439,6
75440,0
75441,0
75442,1
75443,2
75444,2
75445,2
75446,2
75447,1
75448,4
75449,1
75450,6
75451,1
75452,1
75453,2
75454,5
75455,0
75456,5
75457,6
75458,4
75459,1
75460,6
75461,2
75462,1
75463,2
75464,0
75465,1
75466,2
75467,4
75468,5
75469,5
75470,2
75471,6
75472,6
75473,1
75474,1
75475,4
75476,0
75477,1
75478,1
75479,6
75480,3
75481,6
75482,6
75483,0
75484,0
75485,2
75486,6
75487,1
75488,1
75489,2
75490,1
75491,0
75492,1
75493,1
75494,1
75495,1
75496,0
75497,6
75498,1
75499,4
75500,5
75501,2
75502,2
75503,6
75504,1
75505,1
75506,1
75507,0
75508,5
75509,4
75510,1
75511,3
75512,5
75513,0
75514,2
75515,2
75516,1
75517,2
75518,6
75519,4
75520,1
75521,4
75522,1
75523,2
75524,2
75525,5
75526,3
75527,1
75528,1
75529,3
75530,5
75531,1
75532,3
75533,1
75534,4
75535,1
75536,0
75537,5
75538,2
75539,1
75540,2
75541,1
75542,1
75543,1
75544,1
75545,0
75546,1
75547,4
75548,1
75549,5
75550,3
75551,3
75552,1
75553,2
75554,6
75555,4
75556,1
75557,5
75558,3
75559,2
75560,3
75561,4
75562,3
75563,3
75564,5
75565,1
75566,1
75567,2
75568,2
75569,1
75570,1
75571,0
75572,4
75573,1
75574,4
75575,3
75576,4
75577,1
75578,5
75579,2
75580,5
75581,2
75582,5
75583,1
75584,2
75585,1
75586,6
75587,2
75588,2
75589,2
75590,2
75591,3
75592,3
75593,6
75594,3
75595,2
75596,1
75597,4
75598,1
75599,2
75600,0
75601,3
75602,2
75603,3
75604,1
75605,6
75606,1
75607,5
75608,2
75609,0
75610,5
75611,5
75612,1
75613,6
75614,5
75615,2
75616,3
75617,1
75618,2
75619,1
75620,5
75621,1
75622,2
75623,6
75624,2
75625,0
75626,2
75627,0
75628,4
75629,2
75630,2
75631,2
75632,2
75633,1
75634,1
75635,6
75636,2
75637,2
75638,3
75639,5
75640,4
75641,1
75642,4
75643,4
75644,2
75645,0
75646,0
75647,1
75648,1
75649,1
75650,4
75651,2
75652,2
75653,2
75654,5
75655,5
75656,5
75657,5
75658,6
75659,2
75660,1
75661,2
75662,4
75663,1
75664,6
75665,4
75666,4
75667,4
75668,4
75669,6
75670,2
75671,0
75672,2
75673,1
75674,6
75675,1
75676,2
75677,1
75678,3
75679,4
75680,4
75681,1
75682,1
75683,0
75684,4
75685,1
75686,4
75687,1
75688,1
75689,4
75690,0
75691,2
75692,3
75693,4
75694,0
75695,2
75696,6
75697,1
75698,4
75699,4
75700,0
75701,5
75702,5
75703,1
75704,1
75705,1
75706,0
75707,3
75708,1
75709,2
75710,2
75711,0
75712,2
75713,3
75714,4
75715,4
75716,1
75717,1
75718,2
75719,1
75720,4
75721,5
75722,2
75723,1
75724,2
75725,2
75726,3
75727,1
75728,4
75729,6
75730,1
75731,2
75732,1
75733,6
75734,1
75735,0
75736,0
75737,1
75738,0
75739,5
75740,0
75741,4
75742,2
75743,6
75744,6
75745,2
75746,2
75747,4
75748,2
75749,1
75750,2
75751,0
75752,3
75753,5
75754,0
75755,2
75756,2
75757,1
75758,1
75759,1
75760,0
75761,2
75762,2
75763,0
75764,3
75765,4
75766,0
75767,2
75768,6
75769,3
75770,4
75771,0
75772,3
75773,5
75774,1
75775,0
75776,2
75777,6
75778,2
75779,0
75780,6
75781,2
75782,2
75783,1
75784,2
75785,0
75786,0
75787,2
75788,6
75789,1
75790,4
75791,4
75792,1
75793,1
75794,4
75795,4
75796,2
75797,1
75798,1
75799,3
75800,1
75801,1
75802,1
75803,4
75804,6
75805,1
75806,2
75807,5
75808,6
75809,2
75810,1
75811,1
75812,2
75813,4
75814,2
75815,5
75816,2
75817,1
75818,1
75819,2
75820,3
75821,6
75822,2
75823,1
75824,0
75825,3
75826,2
75827,2
75828,2
75829,3
75830,5
75831,1
75832,3
75833,3
75834,1
75835,5
75836,2
75837,1
75838,3
75839,1
75840,0
75841,1
75842,1
75843,2
75844,2
75845,3
75846,6
75847,2
75848,3
75849,0
75850,2
75851,1
75852,5
75853,2
75854,6
75855,5
75856,2
75857,0
75858,4
75859,4
75860,0
75861,1
75862,1
75863,6
75864,1
75865,1
75866,1
75867,4
75868,1
75869,5
75870,5
75871,3
75872,3
75873,0
75874,5
75875,1
75876,3
75877,2
75878,4
75879,2
75880,3
75881,1
75882,0
75883,4
75884,0
75885,2
75886,2
75887,0
75888,3
75889,5
75890,0
75891,3
75892,3
75893,5
75894,4
75895,1
75896,0
75897,0
75898,0
75899,5
75900,4
75901,2
75902,2
75903,0
75904,2
75905,3
75906,1
75907,5
75908,2
75909,2
75910,0
75911,2
75912,4
75913,3
75914,6
75915,3
75916,5
75917,3
75918,0
75919,6
75920,1
75921,2
75922,5
75923,3
75924,4
75925,4
75926,3
75927,2
75928,5
75929,0
75930,4
75931,3
75932,0
75933,5
75934,4
75935,6
75936,1
75937,3
75938,5
75939,0
75940,2
75941,0
75942,1
75943,2
75944,6
75945,2
75946,6
75947,3
75948,3
75949,3
75950,1
75951,5
75952,1
75953,5
75954,4
75955,2
75956,5
75957,4
75958,3
75959,3
75960,6
75961,5
75962,1
75963,2
75964,6
75965,5
75966,1
75967,6
75968,1
75969,4
75970,0
75971,3
75972,1
75973,0
75974,0
75975,2
75976,4
75977,5
75978,2
75979,1
75980,4
75981,2
75982,2
75983,2
75984,2
75985,1
75986,2
75987,3
75988,4
75989,1
75990,2
75991,1
75992,2
75993,0
75994,5
75995,1
75996,4
75997,4
75998,2
75999,2
76000,3
76001,0
76002,2
76003,2
76004,2
76005,1
76006,1
76007,6
76008,3
76009,3
76010,2
76011,5
76012,2
76013,0
76014,1
76015,0
76016,6
76017,3
76018,1
76019,2
76020,1
76021,0
76022,2
76023,0
76024,4
76025,1
76026,5
76027,1
76028,0
76029,4
76030,2
76031,1
76032,2
76033,1
76034,5
76035,6
76036,4
76037,4
76038,5
76039,0
76040,0
76041,0
76042,0
76043,2
76044,1
76045,2
76046,5
76047,1
76048,2
76049,3
76050,1
76051,1
76052,0
76053,1
76054,0
76055,2
76056,4
76057,2
76058,6
76059,4
76060,2
76061,4
76062,4
76063,2
76064,0
76065,1
76066,2
76067,4
76068,4
76069,0
76070,6
76071,1
76072,2
76073,3
76074,3
76075,0
76076,0
76077,1
76078,6
76079,1
76080,1
76081,4
76082,2
76083,5
76084,2
76085,5
76086,5
76087,1
76088,1
76089,2
76090,6
76091,1
76092,3
76093,2
76094,1
76095,0
76096,5
76097,1
76098,1
76099,6
76100,0
76101,4
76102,1
76103,3
76104,3
76105,4
76106,1
76107,2
76108,1
76109,1
76110,2
76111,3
76112,2
76113,1
76114,1
76115,4
76116,2
76117,5
76118,1
76119,6
76120,5
76121,4
76122,1
76123,0
76124,5
76125,3
76126,0
76127,6
76128,1
76129,0
76130,1
76131,0
76132,2
76133,2
76134,1
76135,6
76136,3
76137,6
76138,1
76139,6
76140,4
76141,0
76142,0
76143,6
76144,1
76145,4
76146,5
76147,1
76148,2
76149,2
76150,2
76151,2
76152,2
76153,6
76154,4
76155,3
76156,4
76157,2
76158,4
76159,4
76160,5
76161,2
76162,0
76163,1
76164,1
76165,2
76166,2
76167,1
76168,0
76169,2
76170,4
76171,2
76172,1
76173,2
76174,3
76175,1
76176,2
76177,4
76178,2
76179,3
76180,1
76181,0
76182,2
76183,4
76184,0
76185,1
76186,3
76187,2
76188,1
76189,1
76190,6
76191,2
76192,1
76193,3
76194,4
76195,4
76196,4
76197,6
76198,5
76199,0
76200,1
76201,4
76202,4
76203,2
76204,0
76205,5
76206,0
76207,1
76208,3
76209,1
76210,6
76211,0
76212,5
76213,2
76214,2
76215,4
76216,0
76217,1
76218,0
76219,4
76220,1
76221,5
76222,2
76223,5
76224,5
76225,5
76226,0
76227,1
76228,6
76229,0
76230,4
76231,5
76232,1
76233,0
76234,4
76235,3
76236,3
76237,4
76238,5
76239,2
76240,3
76241,4
76242,2
76243,1
76244,1
76245,2
76246,2
76247,0
76248,2
76249,3
76250,5
76251,2
76252,4
76253,3
76254,2
76255,1
76256,6
76257,2
76258,1
76259,2
76260,0
76261,3
76262,5
76263,0
76264,4
76265,1
76266,4
76267,2
76268,2
76269,2
76270,2
76271,2
76272,5
76273,0
76274,2
76275,0
76276,1
76277,3
76278,0
76279,1
76280,1
76281,0
76282,0
76283,0
76284,0
76285,4
76286,0
76287,1
76288,2
76289,2
76290,2
76291,4
76292,3
76293,4
76294,4
76295,1
76296,3
76297,1
76298,1
76299,2
76300,1
76301,4
76302,1
76303,2
76304,2
76305,1
76306,1
76307,1
76308,4
76309,4
76310,4
76311,0
76312,1
76313,4
76314,2
76315,5
76316,1
76317,2
76318,2
76319,1
76320,1
76321,6
76322,1
76323,1
76324,3
76325,2
76326,3
76327,5
76328,1
76329,1
76330,1
76331,1
76332,6
76333,1
76334,2
76335,0
76336,4
76337,0
76338,1
76339,2
76340,2
76341,3
76342,1
76343,2
76344,1
76345,1
76346,1
76347,6
76348,0
76349,3
76350,1
76351,2
76352,2
76353,1
76354,2
76355,3
76356,1
76357,0
76358,2
76359,3
76360,2
76361,6
76362,0
76363,3
76364,0
76365,1
76366,1
76367,3
76368,2
76369,2
76370,5
76371,4
76372,2
76373,1
76374,1
76375,5
76376,4
76377,4
76378,1
76379,1
76380,1
76381,4
76382,0
76383,2
76384,4
76385,0
76386,2
76387,1
76388,5
76389,2
76390,2
76391,3
76392,2
76393,6
76394,5
76395,2
76396,0
76397,4
76398,2
76399,6
76400,2
76401,1
76402,3
76403,2
76404,0
76405,3
76406,6
76407,3
76408,3
76409,1
76410,1
76411,0
76412,4
76413,1
76414,2
76415,1
76416,2
76417,1
76418,2
76419,1
76420,3
76421,2
76422,0
76423,0
76424,2
76425,2
76426,2
76427,2
76428,2
76429,1
76430,2
76431,2
76432,2
76433,0
76434,0
76435,1
76436,0
76437,4
76438,6
76439,4
76440,1
76441,4
76442,5
76443,0
76444,0
76445,2
76446,0
76447,1
76448,1
76449,3
76450,1
76451,1
76452,6
76453,2
76454,2
76455,5
76456,3
76457,0
76458,1
76459,2
76460,1
76461,5
76462,3
76463,2
76464,4
76465,4
76466,2
76467,0
76468,2
76469,3
76470,5
76471,1
76472,4
76473,2
76474,3
76475,1
76476,2
76477,3
76478,5
76479,4
76480,2
76481,1
76482,6
76483,0
76484,1
76485,5
76486,3
76487,6
76488,3
76489,4
76490,6
76491,6
76492,0
76493,6
76494,2
76495,0
76496,2
76497,4
76498,2
76499,1
76500,4
76501,1
76502,0
76503,1
76504,3
76505,3
76506,1
76507,4
76508,3
76509,4
76510,5
76511,4
76512,2
76513,1
76514,2
76515,0
76516,5
76517,2
76518,1
76519,5
76520,0
76521,2
76522,0
76523,2
76524,2
76525,1
76526,1
76527,6
76528,3
76529,0
76530,5
76531,2
76532,1
76533,1
76534,0
76535,4
76536,1
76537,1
76538,2
76539,2
76540,2
76541,4
76542,5
76543,2
76544,2
76545,1
76546,1
76547,2
76548,3
76549,1
76550,5
76551,3
76552,1
76553,6
76554,2
76555,2
76556,4
76557,2
76558,0
76559,3
76560,2
76561,3
76562,4
76563,1
76564,1
76565,2
76566,1
76567,1
76568,1
76569,0
76570,1
76571,6
76572,3
76573,4
76574,2
76575,3
76576,2
76577,2
76578,2
76579,0
76580,0
76581,2
76582,2
76583,6
76584,6
76585,1
76586,5
76587,2
76588,1
76589,5
76590,2
76591,2
76592,3
76593,1
76594,0
76595,5
76596,0
76597,2
76598,1
76599,4
76600,1
76601,2
76602,1
76603,3
76604,2
76605,6
76606,6
76607,4
76608,1
76609,1
76610,3
76611,6
76612,2
76613,2
76614,1
76615,4
76616,2
76617,4
76618,2
76619,4
76620,2
76621,0
76622,1
76623,6
76624,1
76625,4
76626,3
76627,1
76628,0
76629,1
76630,5
76631,3
76632,0
76633,5
76634,4
76635,0
76636,2
76637,0
76638,1
76639,2
76640,6
76641,1
76642,3
76643,1
76644,6
76645,5
76646,1
76647,1
76648,2
76649,4
76650,1
76651,6
76652,1
76653,3
76654,4
76655,6
76656,1
76657,3
76658,5
76659,2
76660,6
76661,0
76662,0
76663,5
76664,1
76665,2
76666,6
76667,2
76668,2
76669,3
76670,6
76671,0
76672,2
76673,0
76674,4
76675,2
76676,5
76677,6
76678,2
76679,4
76680,3
76681,5
76682,1
76683,1
76684,6
76685,2
76686,0
76687,2
76688,2
76689,2
76690,4
76691,1
76692,1
76693,2
76694,3
76695,3
76696,6
76697,1
76698,5
76699,3
76700,0
76701,3
76702,2
76703,1
76704,0
76705,2
76706,2
76707,0
76708,5
76709,1
76710,4
76711,4
76712,2
76713,2
76714,1
76715,5
76716,2
76717,4
76718,1
76719,2
76720,3
76721,1
76722,3
76723,5
76724,1
76725,6
76726,6
76727,2
76728,1
76729,3
76730,4
76731,0
76732,1
76733,1
76734,1
76735,2
76736,4
76737,6
76738,4
76739,3
76740,1
76741,3
76742,2
76743,5
76744,3
76745,5
76746,6
76747,2
76748,1
76749,0
76750,0
76751,3
76752,2
76753,4
76754,3
76755,1
76756,2
76757,0
76758,1
76759,1
76760,1
76761,5
76762,3
76763,3
76764,1
76765,0
76766,3
76767,2
76768,1
76769,2
76770,0
76771,3
76772,1
76773,1
76774,5
76775,0
76776,4
76777,4
76778,1
76779,1
76780,3
76781,2
76782,3
76783,0
76784,2
76785,2
76786,1
76787,6
76788,4
76789,2
76790,5
76791,4
76792,1
76793,2
76794,2
76795,5
76796,6
76797,2
76798,6
76799,5
76800,1
76801,2
76802,1
76803,1
76804,1
76805,5
76806,2
76807,0
76808,0
76809,3
76810,3
76811,0
76812,4
76813,0
76814,4
76815,2
76816,3
76817,2
76818,1
76819,0
76820,2
76821,1
76822,4
76823,1
76824,1
76825,0
76826,1
76827,1
76828,6
76829,6
76830,2
76831,1
76832,4
76833,4
76834,3
76835,6
76836,1
76837,2
76838,1
76839,2
76840,6
76841,4
76842,0
76843,2
76844,2
76845,1
76846,0
76847,4
76848,1
76849,1
76850,2
76851,1
76852,2
76853,3
76854,1
76855,6
76856,4
76857,5
76858,5
76859,1
76860,1
76861,4
76862,0
76863,1
76864,5
76865,1
76866,0
76867,3
76868,1
76869,0
76870,1
76871,0
76872,2
76873,1
76874,1
76875,0
76876,2
76877,6
76878,1
76879,5
76880,3
76881,1
76882,2
76883,3
76884,4
76885,5
76886,2
76887,1
76888,6
76889,4
76890,5
76891,0
76892,4
76893,1
76894,1
76895,5
76896,3
76897,2
76898,3
76899,2
76900,2
76901,6
76902,1
76903,1
76904,2
76905,2
76906,1
76907,1
76908,3
76909,6
76910,2
76911,0
76912,0
76913,1
76914,1
76915,1
76916,1
76917,6
76918,1
76919,6
76920,0
76921,0
76922,3
76923,1
76924,4
76925,3
76926,5
76927,2
76928,1
76929,2
76930,3
76931,1
76932,0
76933,4
76934,3
76935,2
76936,5
76937,2
76938,1
76939,5
76940,2
76941,0
76942,2
76943,5
76944,1
76945,1
76946,0
76947,2
76948,4
76949,5
76950,6
76951,2
76952,1
76953,1
76954,6
76955,2
76956,4
76957,5
76958,6
76959,2
76960,0
76961,0
76962,5
76963,2
76964,2
76965,4
76966,2
76967,6
76968,4
76969,2
76970,1
76971,2
76972,0
76973,5
76974,1
76975,1
76976,3
76977,0
76978,4
76979,4
76980,6
76981,5
76982,1
76983,4
76984,4
76985,1
76986,5
76987,2
76988,2
76989,0
76990,2
76991,2
76992,3
76993,3
76994,3
76995,2
76996,5
76997,2
76998,1
76999,6
77000,1
77001,5
77002,0
77003,6
77004,0
77005,0
77006,0
77007,1
77008,4
77009,3
77010,1
77011,2
77012,3
77013,5
77014,2
77015,5
77016,0
77017,4
77018,1
77019,2
77020,0
77021,3
77022,2
77023,4
77024,4
77025,2
77026,3
77027,5
77028,4
77029,1
77030,2
77031,1
77032,6
77033,3
77034,2
77035,6
77036,0
77037,4
77038,5
77039,1
77040,2
77041,1
77042,3
77043,4
77044,3
77045,5
77046,1
77047,0
77048,2
77049,2
77050,2
77051,5
77052,2
77053,4
77054,1
77055,4
77056,2
77057,3
77058,2
77059,1
77060,1
77061,2
77062,6
77063,4
77064,5
77065,2
77066,2
77067,0
77068,1
77069,1
77070,2
77071,1
77072,1
77073,4
77074,5
77075,1
77076,2
77077,4
77078,0
77079,5
77080,1
77081,5
77082,2
77083,5
77084,2
77085,3
77086,6
77087,2
77088,1
77089,6
77090,4
77091,0
77092,4
77093,2
77094,2
77095,0
77096,6
77097,5
77098,3
77099,2
77100,0
77101,5
77102,2
77103,2
77104,0
77105,1
77106,1
77107,2
77108,1
77109,1
77110,1
77111,1
77112,3
77113,2
77114,3
77115,2
77116,1
77117,2
77118,2
77119,1
77120,6
77121,0
77122,6
77123,1
77124,3
77125,2
77126,4
77127,0
77128,6
77129,2
77130,1
77131,5
77132,5
77133,3
77134,2
77135,5
77136,1
77137,2
77138,1
77139,2
77140,1
77141,4
77142,2
77143,3
77144,2
77145,2
77146,1
77147,6
77148,2
77149,5
77150,1
77151,1
77152,5
77153,6
77154,0
77155,1
77156,5
77157,6
77158,5
77159,1
77160,5
77161,2
77162,2
77163,3
77164,3
77165,1
77166,1
77167,1
77168,0
77169,1
77170,1
77171,6
77172,0
77173,3
77174,0
77175,5
77176,1
77177,6
77178,6
77179,0
77180,3
77181,0
77182,0
77183,0
77184,4
77185,2
77186,2
77187,1
77188,5
77189,1
77190,1
77191,1
77192,1
77193,0
77194,1
77195,1
77196,1
77197,3
77198,5
77199,2
77200,2
77201,2
77202,1
77203,2
77204,3
77205,4
77206,6
77207,0
77208,3
77209,0
77210,4
77211,1
77212,2
77213,5
77214,2
77215,6
77216,1
77217,5
77218,2
77219,4
77220,4
77221,4
77222,1
77223,3
77224,2
77225,5
77226,3
77227,1
77228,2
77229,6
77230,6
77231,2
77232,2
77233,4
77234,4
77235,0
77236,5
77237,1
77238,1
77239,1
77240,2
77241,3
77242,0
77243,2
77244,1
77245,1
77246,2
77247,5
77248,5
77249,0
77250,1
77251,1
77252,5
77253,0
77254,2
77255,2
77256,2
77257,6
77258,5
77259,4
77260,3
77261,0
77262,5
77263,1
77264,6
77265,1
77266,3
77267,6
77268,1
77269,1
77270,2
77271,4
77272,4
77273,5
77274,1
77275,4
77276,5
77277,4
77278,5
77279,1
77280,5
77281,2
77282,2
77283,4
77284,2
77285,0
77286,2
77287,1
77288,1
77289,4
77290,5
77291,4
77292,1
77293,3
77294,4
77295,1
77296,0
77297,6
77298,2
77299,0
77300,1
77301,1
77302,1
77303,3
77304,6
77305,6
77306,1
77307,6
77308,5
77309,2
77310,3
77311,5
77312,2
77313,1
77314,3
77315,6
77316,3
77317,6
77318,1
77319,6
77320,1
77321,2
77322,1
77323,0
77324,5
77325,4
77326,2
77327,2
77328,2
77329,2
77330,4
77331,0
77332,2
77333,2
77334,5
77335,0
77336,2
77337,6
77338,6
77339,1
77340,1
77341,6
77342,2
77343,6
77344,4
77345,6
77346,0
77347,2
77348,5
77349,0
77350,2
77351,2
77352,2
77353,0
77354,0
77355,2
77356,0
77357,6
77358,4
77359,0
77360,5
77361,6
77362,4
77363,0
77364,2
77365,0
77366,1
77367,6
77368,6
77369,2
77370,1
77371,1
77372,2
77373,4
77374,5
77375,1
77376,5
77377,4
77378,6
77379,5
77380,0
77381,0
77382,3
77383,1
77384,1
77385,0
77386,4
77387,6
77388,6
77389,0
77390,0
77391,3
77392,5
77393,0
77394,1
77395,1
77396,1
77397,3
77398,0
77399,3
77400,4
77401,2
77402,2
77403,2
77404,5
77405,6
77406,3
77407,2
77408,6
77409,1
77410,2
77411,1
77412,5
77413,6
77414,2
77415,2
77416,1
77417,4
77418,2
77419,2
77420,3
77421,1
77422,2
77423,4
77424,2
77425,5
77426,5
77427,1
77428,0
77429,0
77430,3
77431,3
77432,0
77433,2
77434,4
77435,1
77436,0
77437,2
77438,2
77439,3
77440,2
77441,0
77442,3
77443,2
77444,1
77445,5
77446,1
77447,1
77448,4
77449,5
77450,4
77451,5
77452,2
77453,1
77454,3
77455,3
77456,0
77457,2
77458,5
77459,2
77460,2
77461,3
77462,2
77463,5
77464,5
77465,6
77466,2
77467,1
77468,5
77469,4
77470,5
77471,6
77472,4
77473,6
77474,2
77475,1
77476,1
77477,2
77478,5
77479,1
77480,2
77481,6
77482,0
77483,5
77484,0
77485,6
77486,6
77487,1
77488,2
77489,2
77490,1
77491,2
77492,1
77493,2
77494,3
77495,2
77496,3
77497,0
77498,3
77499,6
77500,1
77501,2
77502,1
77503,5
77504,3
77505,2
77506,6
77507,5
77508,2
77509,6
77510,1
77511,6
77512,2
77513,0
77514,0
77515,2
77516,1
77517,4
77518,3
77519,2
77520,3
77521,1
77522,1
77523,5
77524,1
77525,0
77526,1
77527,2
77528,4
77529,6
77530,1
77531,2
77532,1
77533,2
77534,1
77535,3
77536,5
77537,0
77538,0
77539,0
77540,5
77541,4
77542,2
77543,2
77544,3
77545,6
77546,2
77547,6
77548,4
77549,1
77550,1
77551,0
77552,1
77553,5
77554,1
77555,2
77556,3
77557,3
77558,1
77559,0
77560,0
77561,1
77562,1
77563,0
77564,0
77565,2
77566,0
77567,5
77568,3
77569,6
77570,0
77571,5
77572,0
77573,4
77574,6
77575,4
77576,0
77577,3
77578,5
77579,2
77580,1
77581,5
77582,0
77583,1
77584,1
77585,3
77586,0
77587,3
77588,4
77589,3
77590,4
77591,2
77592,3
77593,3
77594,1
77595,2
77596,2
77597,1
77598,5
77599,0
77600,1
77601,4
77602,0
77603,1
77604,0
77605,4
77606,3
77607,6
77608,2
77609,5
77610,1
77611,3
77612,4
77613,5
77614,6
77615,6
77616,2
77617,5
77618,0
77619,1
77620,6
77621,1
77622,5
77623,1
77624,4
77625,0
77626,5
77627,1
77628,1
77629,1
77630,3
77631,0
77632,4
77633,1
77634,1
77635,5
77636,1
77637,5
77638,4
77639,5
77640,0
77641,3
77642,1
77643,0
77644,4
77645,6
77646,1
77647,3
77648,1
77649,3
77650,1
77651,1
77652,6
77653,2
77654,2
77655,1
77656,3
77657,2
77658,0
77659,5
77660,2
77661,1
77662,1
77663,4
77664,2
77665,3
77666,1
77667,0
77668,2
77669,3
77670,1
77671,1
77672,2
77673,4
77674,2
77675,0
77676,1
77677,3
77678,5
77679,1
77680,2
77681,5
77682,1
77683,2
77684,5
77685,2
77686,1
77687,5
77688,5
77689,4
77690,2
77691,1
77692,2
77693,0
77694,6
77695,2
77696,6
77697,0
77698,1
77699,2
77700,2
77701,1
77702,1
77703,2
77704,2
77705,1
77706,5
77707,1
77708,2
77709,1
77710,4
77711,1
77712,4
77713,2
77714,2
77715,1
77716,5
77717,6
77718,4
77719,0
77720,3
77721,2
77722,2
77723,4
77724,1
77725,2
77726,3
77727,6
77728,5
77729,1
77730,1
77731,1
77732,1
77733,5
77734,1
77735,2
77736,2
77737,4
77738,0
77739,1
77740,3
77741,2
77742,3
77743,2
77744,4
77745,6
77746,5
77747,0
77748,6
77749,2
77750,0
77751,1
77752,1
77753,2
77754,4
77755,2
77756,5
77757,1
77758,2
77759,1
77760,1
77761,1
77762,3
77763,0
77764,2
77765,3
77766,0
77767,1
77768,1
77769,5
77770,1
77771,5
77772,3
77773,3
77774,5
77775,1
77776,6
77777,0
77778,1
77779,6
77780,0
77781,6
77782,2
77783,2
77784,2
77785,1
77786,1
77787,5
77788,6
77789,1
77790,2
77791,3
77792,4
77793,2
77794,2
77795,2
77796,5
77797,2
77798,2
77799,3
77800,1
77801,1
77802,2
77803,1
77804,0
77805,4
77806,6
77807,0
77808,1
77809,4
77810,1
77811,3
77812,5
77813,1
77814,3
77815,5
77816,0
77817,3
77818,5
77819,1
77820,5
77821,2
77822,2
77823,6
77824,5
77825,6
77826,1
77827,1
77828,0
77829,4
77830,1
77831,3
77832,1
77833,3
77834,5
77835,5
77836,3
77837,2
77838,0
77839,3
77840,1
77841,1
77842,4
77843,4
77844,5
77845,1
77846,3
77847,1
77848,3
77849,6
77850,6
77851,6
77852,5
77853,3
77854,3
77855,3
77856,4
77857,4
77858,1
77859,3
77860,4
77861,3
77862,3
77863,4
77864,0
77865,6
77866,5
77867,1
77868,0
77869,2
77870,0
77871,6
77872,0
77873,2
77874,3
77875,6
77876,3
77877,2
77878,4
77879,0
77880,2
77881,4
77882,6
77883,5
77884,2
77885,4
77886,3
77887,2
77888,1
77889,2
77890,1
77891,3
77892,1
77893,6
77894,1
77895,6
77896,2
77897,1
77898,6
77899,2
77900,2
77901,4
77902,0
77903,1
77904,1
77905,1
77906,1
77907,3
77908,5
77909,1
77910,0
77911,4
77912,1
77913,3
77914,3
77915,2
77916,2
77917,1
77918,2
77919,1
77920,2
77921,4
77922,6
77923,6
77924,1
77925,3
77926,4
77927,0
77928,2
77929,1
77930,4
77931,1
77932,3
77933,1
77934,2
77935,0
77936,2
77937,2
77938,0
77939,1
77940,6
77941,5
77942,1
77943,0
77944,6
77945,5
77946,6
77947,6
77948,1
77949,1
77950,1
77951,2
77952,2
77953,5
77954,1
77955,1
77956,0
77957,6
77958,6
77959,1
77960,2
77961,2
77962,3
77963,3
77964,4
77965,1
77966,3
77967,1
77968,4
77969,2
77970,6
77971,4
77972,6
77973,3
77974,1
77975,2
77976,4
77977,1
77978,0
77979,2
77980,6
77981,0
77982,1
77983,1
77984,2
77985,4
77986,2
77987,1
77988,5
77989,3
77990,2
77991,6
77992,2
77993,5
77994,2
77995,0
77996,1
77997,2
77998,1
77999,2
78000,5
78001,0
78002,2
78003,1
78004,2
78005,2
78006,3
78007,2
78008,2
78009,2
78010,6
78011,1
78012,6
78013,3
78014,6
78015,1
78016,1
78017,2
78018,5
78019,4
78020,2
78021,1
78022,1
78023,4
78024,1
78025,2
78026,2
78027,0
78028,2
78029,4
78030,0
78031,0
78032,3
78033,2
78034,5
78035,1
78036,2
78037,0
78038,0
78039,1
78040,4
78041,3
78042,0
78043,4
78044,1
78045,2
78046,5
78047,4
78048,5
78049,5
78050,6
78051,6
78052,6
78053,6
78054,0
78055,3
78056,0
78057,1
78058,1
78059,6
78060,6
78061,6
78062,4
78063,6
78064,4
78065,0
78066,1
78067,2
78068,1
78069,0
78070,1
78071,2
78072,2
78073,0
78074,1
78075,2
78076,1
78077,6
78078,2
78079,3
78080,3
78081,3
78082,3
78083,2
78084,0
78085,1
78086,2
78087,6
78088,6
78089,4
78090,2
78091,1
78092,4
78093,2
78094,5
78095,2
78096,3
78097,0
78098,2
78099,5
78100,1
78101,0
78102,1
78103,1
78104,2
78105,2
78106,2
78107,5
78108,4
78109,6
78110,2
78111,4
78112,0
78113,4
78114,1
78115,5
78116,1
78117,6
78118,4
78119,0
78120,6
78121,5
78122,2
78123,4
78124,5
78125,1
78126,4
78127,1
78128,2
78129,6
78130,0
78131,1
78132,5
78133,5
78134,2
78135,2
78136,6
78137,6
78138,6
78139,5
78140,2
78141,1
78142,1
78143,2
78144,0
78145,1
78146,0
78147,0
78148,3
78149,5
78150,6
78151,5
78152,1
78153,2
78154,1
78155,6
78156,1
78157,1
78158,4
78159,6
78160,0
78161,2
78162,0
78163,2
78164,2
78165,1
78166,4
78167,1
78168,3
78169,6
78170,1
78171,3
78172,0
78173,0
78174,2
78175,1
78176,3
78177,3
78178,1
78179,2
78180,4
78181,5
78182,4
78183,1
78184,1
78185,6
78186,1
78187,2
78188,2
78189,1
78190,1
78191,1
78192,0
78193,1
78194,3
78195,4
78196,2
78197,1
78198,1
78199,0
78200,1
78201,2
78202,6
78203,2
78204,1
78205,1
78206,3
78207,0
78208,5
78209,5
78210,2
78211,3
78212,4
78213,2
78214,6
78215,1
78216,6
78217,0
78218,3
78219,3
78220,2
78221,3
78222,2
78223,0
78224,5
78225,1
78226,6
78227,2
78228,3
78229,2
78230,2
78231,3
78232,6
78233,0
78234,2
78235,3
78236,2
78237,0
78238,2
78239,3
78240,2
78241,3
78242,3
78243,2
78244,2
78245,1
78246,1
78247,3
78248,0
78249,2
78250,5
78251,4
78252,2
78253,2
78254,4
78255,3
78256,5
78257,2
78258,2
78259,2
78260,0
78261,1
78262,6
78263,3
78264,0
78265,3
78266,1
78267,4
78268,2
78269,2
78270,1
78271,2
78272,2
78273,0
78274,2
78275,6
78276,3
78277,4
78278,3
78279,1
78280,2
78281,1
78282,5
78283,0
78284,0
78285,6
78286,3
78287,3
78288,4
78289,4
78290,0
78291,0
78292,0
78293,2
78294,0
78295,1
78296,3
78297,2
78298,3
78299,5
78300,0
78301,1
78302,2
78303,2
78304,5
78305,5
78306,0
78307,3
78308,5
78309,0
78310,6
78311,3
78312,2
78313,4
78314,2
78315,1
78316,1
78317,2
78318,1
78319,3
78320,6
78321,5
78322,4
78323,6
78324,2
78325,2
78326,4
78327,2
78328,1
78329,1
78330,1
78331,4
78332,2
78333,1
78334,2
78335,4
78336,5
78337,1
78338,2
78339,3
78340,6
78341,4
78342,5
78343,0
78344,4
78345,5
78346,6
78347,0
78348,6
78349,2
78350,2
78351,1
78352,4
78353,1
78354,2
78355,2
78356,3
78357,2
78358,4
78359,1
78360,6
78361,2
78362,2
78363,2
78364,4
78365,6
78366,6
78367,0
78368,2
78369,0
78370,1
78371,2
78372,5
78373,0
78374,2
78375,1
78376,2
78377,3
78378,2
78379,0
78380,1
78381,1
78382,1
78383,4
78384,6
78385,4
78386,1
78387,1
78388,1
78389,6
78390,1
78391,4
78392,6
78393,4
78394,1
78395,3
78396,6
78397,0
78398,5
78399,0
78400,5
78401,2
78402,2
78403,0
78404,1
78405,1
78406,2
78407,1
78408,5
78409,4
78410,3
78411,6
78412,5
78413,5
78414,5
78415,1
78416,6
78417,1
78418,0
78419,2
78420,6
78421,2
78422,1
78423,0
78424,6
78425,6
78426,3
78427,6
78428,6
78429,5
78430,5
78431,1
78432,1
78433,3
78434,6
78435,2
78436,3
78437,2
78438,2
78439,0
78440,2
78441,5
78442,1
78443,1
78444,1
78445,1
78446,1
78447,2
78448,1
78449,1
78450,5
78451,2
78452,6
78453,2
78454,2
78455,1
78456,2
78457,1
78458,2
78459,3
78460,2
78461,1
78462,6
78463,1
78464,3
78465,2
78466,6
78467,5
78468,2
78469,1
78470,6
78471,1
78472,4
78473,3
78474,6
78475,1
78476,5
78477,3
78478,5
78479,1
78480,6
78481,1
78482,2
78483,6
78484,1
78485,3
78486,3
78487,5
78488,5
78489,1
78490,1
78491,4
78492,2
78493,1
78494,2
78495,2
78496,0
78497,1
78498,1
78499,2
78500,1
78501,6
78502,0
78503,2
78504,0
78505,1
78506,1
78507,2
78508,4
78509,1
78510,6
78511,6
78512,1
78513,5
78514,0
78515,1
78516,2
78517,2
78518,0
78519,6
78520,2
78521,2
78522,3
78523,1
78524,3
78525,2
78526,2
78527,2
78528,0
78529,2
78530,1
78531,1
78532,2
78533,3
78534,0
78535,1
78536,1
78537,2
78538,3
78539,1
78540,5
78541,2
78542,6
78543,2
78544,1
78545,4
78546,6
78547,5
78548,2
78549,2
78550,2
78551,6
78552,4
78553,2
78554,1
78555,3
78556,0
78557,6
78558,6
78559,3
78560,2
78561,1
78562,3
78563,1
78564,1
78565,2
78566,1
78567,1
78568,5
78569,1
78570,5
78571,2
78572,1
78573,2
78574,2
78575,0
78576,6
78577,5
78578,3
78579,4
78580,1
78581,1
78582,6
78583,2
78584,2
78585,2
78586,6
78587,6
78588,1
78589,2
78590,2
78591,2
78592,6
78593,2
78594,2
78595,1
78596,2
78597,0
78598,3
78599,4
78600,1
78601,2
78602,0
78603,5
78604,2
78605,4
78606,0
78607,2
78608,6
78609,2
78610,1
78611,2
78612,0
78613,0
78614,2
78615,1
78616,3
78617,1
78618,0
78619,2
78620,2
78621,5
78622,2
78623,1
78624,1
78625,1
78626,2
78627,0
78628,4
78629,6
78630,2
78631,5
78632,1
78633,6
78634,6
78635,2
78636,2
78637,6
78638,1
78639,1
78640,5
78641,1
78642,2
78643,2
78644,0
78645,4
78646,6
78647,1
78648,3
78649,6
78650,0
78651,1
78652,5
78653,2
78654,4
78655,1
78656,5
78657,2
78658,0
78659,2
78660,1
78661,1
78662,2
78663,5
78664,2
78665,3
78666,5
78667,5
78668,2
78669,0
78670,2
78671,5
78672,2
78673,6
78674,2
78675,0
78676,3
78677,1
78678,2
78679,6
78680,5
78681,3
78682,5
78683,6
78684,2
78685,2
78686,2
78687,3
78688,6
78689,5
78690,4
78691,1
78692,1
78693,5
78694,5
78695,2
78696,4
78697,5
78698,1
78699,6
78700,2
78701,2
78702,5
78703,4
78704,2
78705,2
78706,5
78707,6
78708,3
78709,2
78710,4
78711,2
78712,2
78713,6
78714,0
78715,2
78716,2
78717,4
78718,3
78719,2
78720,1
78721,0
78722,5
78723,3
78724,6
78725,5
78726,1
78727,1
78728,6
78729,1
78730,1
78731,0
78732,1
78733,4
78734,1
78735,4
78736,0
78737,2
78738,6
78739,3
78740,2
78741,5
78742,4
78743,2
78744,2
78745,4
78746,1
78747,2
78748,1
78749,1
78750,3
78751,2
78752,2
78753,4
78754,5
78755,3
78756,2
78757,0
78758,1
78759,2
78760,0
78761,4
78762,2
78763,6
78764,0
78765,6
78766,1
78767,2
78768,3
78769,1
78770,1
78771,5
78772,1
78773,6
78774,1
78775,2
78776,6
78777,2
78778,4
78779,5
78780,2
78781,2
78782,1
78783,1
78784,2
78785,1
78786,5
78787,0
78788,1
78789,1
78790,1
78791,2
78792,2
78793,2
78794,1
78795,2
78796,5
78797,1
78798,2
78799,1
78800,1
78801,2
78802,6
78803,4
78804,3
78805,3
78806,5
78807,2
78808,2
78809,3
78810,5
78811,2
78812,6
78813,2
78814,1
78815,6
78816,2
78817,4
78818,6
78819,1
78820,0
78821,4
78822,4
78823,1
78824,0
78825,4
78826,0
78827,2
78828,0
78829,0
78830,1
78831,6
78832,6
78833,4
78834,5
78835,1
78836,1
78837,1
78838,1
78839,3
78840,2
78841,0
78842,2
78843,2
78844,4
78845,4
78846,4
78847,4
78848,2
78849,1
78850,1
78851,4
78852,5
78853,6
78854,1
78855,4
78856,0
78857,4
78858,1
78859,3
78860,2
78861,1
78862,2
78863,3
78864,5
78865,1
78866,4
78867,0
78868,1
78869,2
78870,4
78871,6
78872,5
78873,5
78874,2
78875,1
78876,3
78877,5
78878,1
78879,4
78880,3
78881,3
78882,1
78883,6
78884,1
78885,0
78886,2
78887,1
78888,3
78889,0
78890,1
78891,2
78892,0
78893,6
78894,1
78895,6
78896,6
78897,3
78898,3
78899,1
78900,1
78901,3
78902,0
78903,4
78904,2
78905,6
78906,3
78907,4
78908,1
78909,4
78910,5
78911,1
78912,2
78913,3
78914,5
78915,0
78916,2
78917,1
78918,0
78919,4
78920,4
78921,3
78922,2
78923,4
78924,5
78925,1
78926,5
78927,2
78928,3
78929,1
78930,1
78931,2
78932,6
78933,2
78934,3
78935,1
78936,6
78937,2
78938,3
78939,6
78940,0
78941,2
78942,0
78943,2
78944,4
78945,0
78946,4
78947,2
78948,6
78949,0
78950,1
78951,6
78952,4
78953,2
78954,1
78955,6
78956,1
78957,2
78958,4
78959,6
78960,0
78961,0
78962,2
78963,6
78964,2
78965,2
78966,6
78967,2
78968,5
78969,2
78970,2
78971,1
78972,2
78973,2
78974,4
78975,2
78976,2
78977,0
78978,2
78979,4
78980,0
78981,4
78982,1
78983,3
78984,1
78985,4
78986,1
78987,4
78988,2
78989,2
78990,1
78991,2
78992,4
78993,6
78994,5
78995,1
78996,2
78997,5
78998,2
78999,1
79000,4
79001,0
79002,1
79003,2
79004,2
79005,6
79006,2
79007,3
79008,3
79009,2
79010,2
79011,2
79012,4
79013,0
79014,1
79015,2
79016,2
79017,4
79018,0
79019,3
79020,6
79021,6
79022,2
79023,1
79024,1
79025,3
79026,3
79027,0
79028,2
79029,1
79030,1
79031,3
79032,0
79033,0
79034,2
79035,4
79036,0
79037,0
79038,2
79039,2
79040,6
79041,3
79042,2
79043,2
79044,1
79045,2
79046,5
79047,2
79048,2
79049,2
79050,6
79051,2
79052,0
79053,4
79054,4
79055,1
79056,1
79057,4
79058,1
79059,1
79060,2
79061,2
79062,3
79063,4
79064,4
79065,0
79066,1
79067,6
79068,3
79069,4
79070,3
79071,1
79072,2
79073,5
79074,2
79075,1
79076,3
79077,4
79078,3
79079,1
79080,1
79081,1
79082,1
79083,1
79084,2
79085,1
79086,0
79087,5
79088,3
79089,6
79090,1
79091,5
79092,6
79093,2
79094,5
79095,1
79096,2
79097,6
79098,0
79099,3
79100,5
79101,5
79102,5
79103,0
79104,4
79105,5
79106,5
79107,1
79108,1
79109,3
79110,6
79111,1
79112,5
79113,4
79114,1
79115,1
79116,1
79117,0
79118,2
79119,6
79120,1
79121,1
79122,6
79123,3
79124,2
79125,1
79126,0
79127,2
79128,3
79129,0
79130,1
79131,1
79132,2
79133,6
79134,0
79135,2
79136,2
79137,1
79138,5
79139,2
79140,2
79141,2
79142,1
79143,2
79144,5
79145,1
79146,5
79147,6
79148,1
79149,1
79150,5
79151,2
79152,2
79153,2
79154,3
79155,1
79156,6
79157,2
79158,0
79159,5
79160,3
79161,1
79162,0
79163,3
79164,2
79165,0
79166,1
79167,3
79168,5
79169,2
79170,0
79171,2
79172,4
79173,3
79174,2
79175,5
79176,3
79177,6
79178,5
79179,1
79180,0
79181,1
79182,0
79183,2
79184,2
79185,4
79186,2
79187,2
79188,2
79189,0
79190,1
79191,4
79192,0
79193,2
79194,5
79195,4
79196,2
79197,1
79198,1
79199,1
79200,2
79201,1
79202,5
79203,1
79204,3
79205,6
79206,4
79207,4
79208,6
79209,2
79210,5
79211,0
79212,2
79213,2
79214,0
79215,3
79216,1
79217,1
79218,1
79219,2
79220,1
79221,2
79222,2
79223,3
79224,3
79225,2
79226,3
79227,1
79228,1
79229,4
79230,4
79231,4
79232,5
79233,1
79234,1
79235,4
79236,6
79237,4
79238,1
79239,0
79240,6
79241,3
79242,2
79243,2
79244,1
79245,0
79246,1
79247,1
79248,0
79249,2
79250,1
79251,2
79252,2
79253,6
79254,4
79255,0
79256,2
79257,5
79258,0
79259,0
79260,1
79261,2
79262,5
79263,2
79264,0
79265,5
79266,1
79267,2
79268,4
79269,2
79270,1
79271,4
79272,6
79273,1
79274,5
79275,3
79276,5
79277,4
79278,5
79279,2
79280,6
79281,5
79282,1
79283,4
79284,3
79285,6
79286,1
79287,2
79288,2
79289,0
79290,1
79291,3
79292,2
79293,5
79294,3
79295,3
79296,1
79297,2
79298,2
79299,2
79300,1
79301,2
79302,0
79303,4
79304,1
79305,4
79306,0
79307,1
79308,2
79309,6
79310,5
79311,5
79312,2
79313,1
79314,1
79315,1
79316,2
79317,2
79318,3
79319,6
79320,2
79321,5
79322,1
79323,1
79324,4
79325,5
79326,1
79327,2
79328,2
79329,2
79330,0
79331,1
79332,4
79333,0
79334,1
79335,3
79336,6
79337,2
79338,4
79339,2
79340,5
79341,1
79342,1
79343,2
79344,5
79345,3
79346,1
79347,1
79348,2
79349,6
79350,2
79351,5
79352,5
79353,0
79354,5
79355,6
79356,2
79357,2
79358,0
79359,2
79360,1
79361,3
79362,0
79363,4
79364,2
79365,1
79366,2
79367,6
79368,3
79369,6
79370,6
79371,6
79372,5
79373,1
79374,4
79375,1
79376,6
79377,5
79378,4
79379,0
79380,1
79381,6
79382,4
79383,2
79384,5
79385,1
79386,2
79387,0
79388,1
79389,4
79390,2
79391,1
79392,2
79393,5
79394,2
79395,2
79396,3
79397,2
79398,6
79399,6
79400,1
79401,3
79402,6
79403,2
79404,1
79405,1
79406,3
79407,6
79408,4
79409,5
79410,5
79411,3
79412,1
79413,2
79414,1
79415,2
79416,5
79417,3
79418,1
79419,0
79420,5
79421,1
79422,1
79423,0
79424,4
79425,0
79426,3
79427,2
79428,2
79429,6
79430,0
79431,4
79432,6
79433,0
79434,3
79435,2
79436,5
79437,5
79438,5
79439,2
79440,2
79441,0
79442,1
79443,4
79444,4
79445,6
79446,2
79447,0
79448,1
79449,2
79450,1
79451,1
79452,1
79453,5
79454,0
79455,6
79456,2
79457,6
79458,3
79459,6
79460,5
79461,6
79462,6
79463,1
79464,2
79465,2
79466,2
79467,5
79468,1
79469,1
79470,4
79471,3
79472,3
79473,1
79474,2
79475,6
79476,2
79477,2
79478,2
79479,3
79480,1
79481,2
79482,5
79483,2
79484,1
79485,3
79486,2
79487,5
79488,3
79489,4
79490,6
79491,3
79492,1
79493,1
79494,6
79495,2
79496,1
79497,1
79498,0
79499,0
79500,1
79501,5
79502,3
79503,4
79504,0
79505,1
79506,1
79507,1
79508,2
79509,5
79510,1
79511,6
79512,3
79513,2
79514,2
79515,6
79516,4
79517,2
79518,3
79519,3
79520,2
79521,4
79522,1
79523,5
79524,1
79525,0
79526,4
79527,1
79528,1
79529,5
79530,1
79531,4
79532,0
79533,0
79534,0
79535,1
79536,1
79537,4
79538,1
79539,2
79540,3
79541,1
79542,0
79543,5
79544,1
79545,0
79546,2
79547,1
79548,1
79549,2
79550,0
79551,2
79552,0
79553,2
79554,2
79555,2
79556,1
79557,1
79558,3
79559,1
79560,0
79561,1
79562,4
79563,3
79564,3
79565,2
79566,6
79567,0
79568,6
79569,6
79570,6
79571,1
79572,2
79573,6
79574,1
79575,1
79576,2
79577,1
79578,2
79579,6
79580,3
79581,3
79582,1
79583,3
79584,2
79585,6
79586,4
79587,2
79588,4
79589,0
79590,0
79591,1
79592,2
79593,2
79594,3
79595,1
79596,0
79597,2
79598,1
79599,6
79600,2
79601,2
79602,0
79603,3
79604,2
79605,6
79606,1
79607,1
79608,6
79609,5
79610,2
79611,4
79612,2
79613,2
79614,5
79615,4
79616,2
79617,1
79618,1
79619,2
79620,2
79621,6
79622,0
79623,0
79624,3
79625,1
79626,2
79627,3
79628,6
79629,1
79630,2
79631,0
79632,2
79633,4
79634,5
79635,1
79636,6
79637,1
79638,5
79639,2
79640,5
79641,3
79642,1
79643,3
79644,5
79645,0
79646,0
79647,1
79648,1
79649,1
79650,5
79651,2
79652,1
79653,3
79654,2
79655,6
79656,2
79657,1
79658,1
79659,3
79660,1
79661,0
79662,4
79663,5
79664,4
79665,2
79666,4
79667,1
79668,2
79669,0
79670,3
79671,6
79672,0
79673,5
79674,1
79675,1
79676,2
79677,0
79678,0
79679,1
79680,3
79681,2
79682,0
79683,2
79684,2
79685,0
79686,3
79687,1
79688,2
79689,2
79690,5
79691,4
79692,1
79693,1
79694,1
79695,5
79696,4
79697,6
79698,2
79699,2
79700,1
79701,2
79702,0
79703,4
79704,1
79705,0
79706,0
79707,0
79708,0
79709,1
79710,1
79711,5
79712,1
79713,4
79714,1
79715,2
79716,2
79717,2
79718,5
79719,2
79720,0
79721,5
79722,3
79723,1
79724,4
79725,2
79726,2
79727,3
79728,0
79729,2
79730,1
79731,6
79732,0
79733,1
79734,5
79735,2
79736,2
79737,0
79738,5
79739,1
79740,2
79741,4
79742,2
79743,1
79744,2
79745,1
79746,6
79747,3
79748,0
79749,2
79750,3
79751,0
79752,1
79753,1
79754,6
79755,3
79756,1
79757,2
79758,6
79759,5
79760,1
79761,5
79762,2
79763,5
79764,1
79765,6
79766,6
79767,1
79768,2
79769,3
79770,1
79771,3
79772,4
79773,0
79774,2
79775,2
79776,3
79777,1
79778,4
79779,2
79780,2
79781,1
79782,3
79783,3
79784,0
79785,2
79786,2
79787,0
79788,0
79789,1
79790,6
79791,2
79792,2
79793,1
79794,0
79795,5
79796,6
79797,2
79798,3
79799,1
79800,2
79801,4
79802,3
79803,5
79804,4
79805,6
79806,5
79807,2
79808,1
79809,4
79810,1
79811,1
79812,2
79813,1
79814,3
79815,5
79816,0
79817,2
79818,6
79819,2
79820,4
79821,0
79822,1
79823,6
79824,4
79825,1
79826,2
79827,2
79828,5
79829,2
79830,1
79831,6
79832,2
79833,1
79834,0
79835,3
79836,6
79837,6
79838,3
79839,4
79840,2
79841,4
79842,2
79843,2
79844,1
79845,0
79846,3
79847,1
79848,0
79849,5
79850,3
79851,1
79852,2
79853,4
79854,3
79855,2
79856,1
79857,2
79858,0
79859,2
79860,0
79861,1
79862,3
79863,3
79864,5
79865,0
79866,2
79867,1
79868,2
79869,2
79870,2
79871,0
79872,2
79873,4
79874,4
79875,3
79876,1
79877,2
79878,1
79879,4
79880,1
79881,0
79882,1
79883,1
79884,1
79885,1
79886,1
79887,1
79888,0
79889,3
79890,3
79891,0
79892,2
79893,3
79894,2
79895,6
79896,4
79897,4
79898,1
79899,1
79900,0
79901,6
79902,1
79903,4
79904,2
79905,6
79906,6
79907,0
79908,2
79909,5
79910,0
79911,1
79912,3
79913,2
79914,5
79915,4
79916,1
79917,6
79918,3
79919,3
79920,2
79921,6
79922,0
79923,2
79924,5
79925,1
79926,2
79927,4
79928,1
79929,1
79930,5
79931,6
79932,0
79933,6
79934,2
79935,5
79936,2
79937,4
79938,0
79939,1
79940,0
79941,2
79942,5
79943,1
79944,1
79945,2
79946,4
79947,4
79948,5
79949,2
79950,6
79951,2
79952,2
79953,2
79954,2
79955,5
79956,2
79957,5
79958,1
79959,3
79960,2
79961,2
79962,2
79963,1
79964,2
79965,0
79966,1
79967,2
79968,3
79969,3
79970,4
79971,1
79972,0
79973,3
79974,0
79975,1
79976,5
79977,1
79978,5
79979,1
79980,4
79981,4
79982,1
79983,5
79984,5
79985,4
79986,1
79987,2
79988,5
79989,2
79990,6
79991,2
79992,1
79993,5
79994,5
79995,4
79996,1
79997,1
79998,5
79999,2
80000,6
80001,0
80002,5
80003,4
80004,1
80005,2
80006,4
80007,0
80008,4
80009,6
80010,6
80011,1
80012,0
80013,4
80014,4
80015,1
80016,5
80017,4
80018,0
80019,2
80020,0
80021,2
80022,1
80023,1
80024,0
80025,1
80026,4
80027,1
80028,3
80029,5
80030,4
80031,0
80032,1
80033,6
80034,1
80035,1
80036,2
80037,2
80038,3
80039,2
80040,2
80041,2
80042,1
80043,2
80044,1
80045,1
80046,2
80047,2
80048,0
80049,3
80050,3
80051,4
80052,2
80053,1
80054,5
80055,2
80056,3
80057,6
80058,2
80059,6
80060,4
80061,0
80062,3
80063,3
80064,6
80065,4
80066,5
80067,2
80068,6
80069,0
80070,4
80071,4
80072,1
80073,1
80074,1
80075,2
80076,1
80077,2
80078,1
80079,1
80080,1
80081,1
80082,4
80083,3
80084,3
80085,4
80086,3
80087,2
80088,1
80089,5
80090,1
80091,1
80092,6
80093,3
80094,5
80095,5
80096,4
80097,3
80098,4
80099,3
80100,2
80101,4
80102,1
80103,2
80104,2
80105,1
80106,0
80107,1
80108,1
80109,4
80110,1
80111,0
80112,1
80113,3
80114,4
80115,0
80116,1
80117,0
80118,2
80119,1
80120,6
80121,1
80122,0
80123,6
80124,5
80125,6
80126,1
80127,2
80128,1
80129,4
80130,2
80131,2
80132,2
80133,0
80134,2
80135,6
80136,1
80137,2
80138,4
80139,2
80140,2
80141,2
80142,5
80143,2
80144,2
80145,1
80146,4
80147,0
80148,1
80149,0
80150,0
80151,0
80152,1
80153,3
80154,6
80155,0
80156,0
80157,0
80158,5
80159,5
80160,2
80161,4
80162,6
80163,3
80164,2
80165,3
80166,4
80167,1
80168,1
80169,2
80170,6
80171,4
80172,1
80173,2
80174,3
80175,2
80176,1
80177,3
80178,2
80179,0
80180,0
80181,2
80182,3
80183,1
80184,3
80185,2
80186,0
80187,3
80188,2
80189,2
80190,2
80191,1
80192,2
80193,4
80194,1
80195,2
80196,1
80197,6
80198,3
80199,2
80200,3
80201,3
80202,3
80203,5
80204,3
80205,0
80206,0
80207,5
80208,1
80209,1
80210,1
80211,2
80212,1
80213,4
80214,4
80215,1
80216,5
80217,2
80218,2
80219,1
80220,5
80221,6
80222,3
80223,1
80224,1
80225,5
80226,2
80227,6
80228,2
80229,4
80230,3
80231,5
80232,0
80233,1
80234,3
80235,1
80236,2
80237,5
80238,2
80239,1
80240,4
80241,0
80242,2
80243,4
80244,4
80245,1
80246,6
80247,2
80248,5
80249,0
80250,6
80251,2
80252,0
80253,4
80254,1
80255,3
80256,2
80257,2
80258,1
80259,2
80260,3
80261,1
80262,6
80263,4
80264,6
80265,1
80266,2
80267,1
80268,1
80269,0
80270,1
80271,3
80272,2
80273,2
80274,5
80275,0
80276,2
80277,2
80278,6
80279,1
80280,4
80281,1
80282,1
80283,0
80284,3
80285,1
80286,4
80287,2
80288,1
80289,2
80290,2
80291,1
80292,0
80293,1
80294,0
80295,3
80296,6
80297,2
80298,5
80299,4
80300,5
80301,5
80302,6
80303,5
80304,5
80305,4
80306,4
80307,0
80308,0
80309,2
80310,2
80311,1
80312,2
80313,1
80314,2
80315,1
80316,2
80317,5
80318,0
80319,3
80320,2
80321,2
80322,5
80323,1
80324,6
80325,5
80326,5
80327,1
80328,0
80329,4
80330,2
80331,6
80332,5
80333,1
80334,1
80335,6
80336,1
80337,6
80338,1
80339,5
80340,2
80341,6
80342,1
80343,1
80344,3
80345,6
80346,6
80347,0
80348,6
80349,3
80350,5
80351,6
80352,0
80353,1
80354,1
80355,2
80356,6
80357,3
80358,1
80359,6
80360,0
80361,4
80362,1
80363,2
80364,4
80365,3
80366,2
80367,4
80368,1
80369,1
80370,1
80371,4
80372,2
80373,2
80374,1
80375,2
80376,2
80377,2
80378,6
80379,3
80380,1
80381,6
80382,4
80383,0
80384,1
80385,1
80386,1
80387,2
80388,2
80389,1
80390,0
80391,2
80392,0
80393,2
80394,1
80395,2
80396,1
80397,0
80398,1
80399,1
80400,1
80401,1
80402,2
80403,2
80404,2
80405,6
80406,0
80407,1
80408,0
80409,2
80410,5
80411,3
80412,5
80413,0
80414,1
80415,0
80416,6
80417,2
80418,1
80419,2
80420,2
80421,6
80422,1
80423,2
80424,1
80425,2
80426,4
80427,0
80428,2
80429,1
80430,0
80431,5
80432,1
80433,6
80434,1
80435,4
80436,0
80437,2
80438,2
80439,6
80440,1
80441,4
80442,1
80443,4
80444,2
80445,0
80446,3
80447,6
80448,2
80449,1
80450,0
80451,5
80452,5
80453,0
80454,2
80455,1
80456,4
80457,4
80458,3
80459,4
80460,2
80461,2
80462,1
80463,4
80464,1
80465,6
80466,1
80467,1
80468,3
80469,2
80470,2
80471,1
80472,3
80473,5
80474,3
80475,2
80476,4
80477,2
80478,1
80479,6
80480,4
80481,4
80482,4
80483,2
80484,1
80485,1
80486,4
80487,0
80488,2
80489,1
80490,3
80491,0
80492,6
80493,3
80494,2
80495,4
80496,1
80497,1
80498,1
80499,2
80500,1
80501,0
80502,2
80503,1
80504,3
80505,2
80506,3
80507,0
80508,5
80509,5
80510,6
80511,0
80512,2
80513,5
80514,1
80515,1
80516,1
80517,0
80518,2
80519,2
80520,6
80521,0
80522,2
80523,4
80524,1
80525,2
80526,1
80527,6
80528,3
80529,1
80530,4
80531,6
80532,2
80533,1
80534,3
80535,2
80536,1
80537,2
80538,1
80539,1
80540,1
80541,1
80542,5
80543,1
80544,5
80545,1
80546,1
80547,0
80548,2
80549,1
80550,3
80551,1
80552,2
80553,2
80554,0
80555,1
80556,1
80557,0
80558,1
80559,5
80560,0
80561,6
80562,0
80563,4
80564,2
80565,1
80566,2
80567,2
80568,1
80569,1
80570,1
80571,6
80572,4
80573,3
80574,2
80575,2
80576,6
80577,0
80578,1
80579,2
80580,1
80581,2
80582,1
80583,2
80584,0
80585,2
80586,3
80587,1
80588,4
80589,3
80590,5
80591,3
80592,6
80593,1
80594,1
80595,2
80596,2
80597,1
80598,5
80599,2
80600,5
80601,2
80602,2
80603,5
80604,6
80605,0
80606,4
80607,1
80608,1
80609,1
80610,6
80611,0
80612,2
80613,5
80614,0
80615,2
80616,2
80617,6
80618,0
80619,1
80620,6
80621,1
80622,4
80623,3
80624,2
80625,0
80626,6
80627,0
80628,3
80629,3
80630,6
80631,1
80632,5
80633,1
80634,0
80635,4
80636,2
80637,5
80638,1
80639,0
80640,3
80641,2
80642,2
80643,1
80644,1
80645,5
80646,3
80647,5
80648,1
80649,1
80650,6
80651,3
80652,1
80653,1
80654,4
80655,3
80656,3
80657,0
80658,5
80659,1
80660,6
80661,2
80662,6
80663,2
80664,1
80665,0
80666,2
80667,1
80668,6
80669,2
80670,1
80671,5
80672,1
80673,2
80674,5
80675,2
80676,2
80677,4
80678,1
80679,2
80680,1
80681,2
80682,2
80683,2
80684,1
80685,4
80686,4
80687,4
80688,1
80689,0
80690,0
80691,4
80692,2
80693,2
80694,2
80695,5
80696,0
80697,1
80698,0
80699,1
80700,5
80701,1
80702,3
80703,0
80704,3
80705,5
80706,1
80707,0
80708,1
80709,1
80710,3
80711,1
80712,2
80713,4
80714,3
80715,3
80716,1
80717,0
80718,1
80719,4
80720,5
80721,3
80722,0
80723,3
80724,2
80725,6
80726,3
80727,1
80728,1
80729,2
80730,1
80731,1
80732,0
80733,2
80734,2
80735,1
80736,5
80737,2
80738,3
80739,2
80740,3
80741,3
80742,2
80743,2
80744,2
80745,5
80746,0
80747,5
80748,1
80749,0
80750,2
80751,4
80752,3
80753,2
80754,1
80755,2
80756,3
80757,0
80758,1
80759,5
80760,3
80761,3
80762,6
80763,3
80764,2
80765,2
80766,2
80767,0
80768,2
80769,2
80770,0
80771,2
80772,2
80773,6
80774,6
80775,2
80776,1
80777,1
80778,2
80779,3
80780,1
80781,2
80782,3
80783,6
80784,2
80785,2
80786,6
80787,3
80788,4
80789,3
80790,6
80791,3
80792,3
80793,1
80794,1
80795,1
80796,4
80797,2
80798,2
80799,4
80800,2
80801,2
80802,4
80803,1
80804,2
80805,1
80806,3
80807,6
80808,0
80809,2
80810,5
80811,3
80812,5
80813,0
80814,1
80815,3
80816,4
80817,1
80818,3
80819,5
80820,1
80821,6
80822,5
80823,6
80824,2
80825,5
80826,1
80827,1
80828,1
80829,1
80830,3
80831,2
80832,4
80833,5
80834,5
80835,1
80836,4
80837,6
80838,1
80839,1
80840,0
80841,0
80842,2
80843,2
80844,2
80845,6
80846,6
80847,2
80848,0
80849,3
80850,4
80851,2
80852,2
80853,3
80854,3
80855,1
80856,1
80857,5
80858,3
80859,6
80860,4
80861,1
80862,2
80863,3
80864,3
80865,6
80866,1
80867,2
80868,0
80869,0
80870,2
80871,1
80872,1
80873,5
80874,3
80875,4
80876,0
80877,4
80878,3
80879,2
80880,2
80881,2
80882,6
80883,2
80884,4
80885,3
80886,3
80887,5
80888,1
80889,2
80890,1
80891,4
80892,4
80893,2
80894,6
80895,2
80896,4
80897,6
80898,1
80899,2
80900,2
80901,1
80902,1
80903,6
80904,3
80905,2
80906,5
80907,5
80908,2
80909,3
80910,2
80911,4
80912,3
80913,1
80914,2
80915,4
80916,3
80917,5
80918,2
80919,2
80920,5
80921,3
80922,6
80923,4
80924,6
80925,1
80926,6
80927,2
80928,4
80929,5
80930,2
80931,5
80932,4
80933,5
80934,2
80935,5
80936,3
80937,0
80938,6
80939,4
80940,3
80941,1
80942,3
80943,1
80944,6
80945,5
80946,6
80947,2
80948,1
80949,1
80950,2
80951,6
80952,1
80953,1
80954,2
80955,0
80956,4
80957,2
80958,2
80959,4
80960,4
80961,0
80962,0
80963,3
80964,2
80965,3
80966,2
80967,1
80968,3
80969,0
80970,2
80971,1
80972,0
80973,4
80974,2
80975,5
80976,1
80977,0
80978,2
80979,1
80980,4
80981,2
80982,1
80983,3
80984,1
80985,1
80986,2
80987,5
80988,2
80989,0
80990,3
80991,2
80992,2
80993,4
80994,6
80995,2
80996,6
80997,3
80998,3
80999,5
81000,3
81001,2
81002,2
81003,6
81004,0
81005,1
81006,2
81007,0
81008,2
81009,3
81010,4
81011,1
81012,2
81013,2
81014,1
81015,6
81016,5
81017,5
81018,5
81019,1
81020,3
81021,4
81022,4
81023,1
81024,3
81025,0
81026,5
81027,0
81028,2
81029,3
81030,5
81031,2
81032,1
81033,2
81034,1
81035,0
81036,6
81037,4
81038,2
81039,5
81040,2
81041,0
81042,2
81043,5
81044,2
81045,1
81046,1
81047,1
81048,0
81049,1
81050,0
81051,0
81052,2
81053,2
81054,3
81055,2
81056,4
81057,0
81058,2
81059,5
81060,1
81061,1
81062,4
81063,2
81064,6
81065,2
81066,5
81067,1
81068,2
81069,3
81070,2
81071,4
81072,5
81073,5
81074,4
81075,1
81076,4
81077,6
81078,3
81079,4
81080,2
81081,2
81082,1
81083,6
81084,4
81085,4
81086,1
81087,3
81088,6
81089,6
81090,3
81091,2
81092,0
81093,0
81094,2
81095,6
81096,0
81097,0
81098,3
81099,2
81100,1
81101,4
81102,6
81103,2
81104,1
81105,6
81106,6
81107,1
81108,6
81109,1
81110,6
81111,4
81112,1
81113,4
81114,2
81115,2
81116,0
81117,4
81118,2
81119,3
81120,2
81121,3
81122,2
81123,1
81124,3
81125,0
81126,1
81127,4
81128,5
81129,5
81130,1
81131,2
81132,4
81133,1
81134,1
81135,5
81136,4
81137,2
81138,0
81139,0
81140,2
81141,0
81142,4
81143,2
81144,2
81145,5
81146,1
81147,2
81148,4
81149,4
81150,2
81151,2
81152,1
81153,2
81154,1
81155,3
81156,2
81157,3
81158,2
81159,1
81160,1
81161,4
81162,6
81163,2
81164,5
81165,2
81166,3
81167,1
81168,5
81169,3
81170,4
81171,1
81172,2
81173,0
81174,2
81175,2
81176,5
81177,6
81178,1
81179,3
81180,5
81181,3
81182,1
81183,6
81184,1
81185,1
81186,2
81187,2
81188,3
81189,1
81190,1
81191,1
81192,6
81193,2
81194,3
81195,0
81196,0
81197,0
81198,2
81199,4
81200,6
81201,6
81202,6
81203,2
81204,1
81205,6
81206,1
81207,3
81208,5
81209,2
81210,1
81211,4
81212,3
81213,4
81214,2
81215,3
81216,4
81217,5
81218,1
81219,1
81220,1
81221,6
81222,0
81223,5
81224,1
81225,3
81226,3
81227,4
81228,3
81229,0
81230,3
81231,0
81232,1
81233,4
81234,1
81235,2
81236,5
81237,1
81238,5
81239,0
81240,5
81241,0
81242,1
81243,1
81244,1
81245,3
81246,5
81247,5
81248,3
81249,1
81250,1
81251,3
81252,3
81253,6
81254,2
81255,1
81256,2
81257,0
81258,2
81259,1
81260,2
81261,0
81262,2
81263,6
81264,2
81265,3
81266,2
81267,2
81268,0
81269,4
81270,2
81271,5
81272,0
81273,1
81274,1
81275,1
81276,3
81277,1
81278,5
81279,6
81280,5
81281,6
81282,4
81283,0
81284,2
81285,2
81286,5
81287,2
81288,1
81289,1
81290,2
81291,6
81292,2
81293,6
81294,2
81295,1
81296,2
81297,4
81298,5
81299,4
81300,2
81301,2
81302,2
81303,6
81304,1
81305,6
81306,6
81307,1
81308,2
81309,1
81310,3
81311,1
81312,1
81313,2
81314,2
81315,4
81316,3
81317,5
81318,4
81319,0
81320,3
81321,2
81322,0
81323,5
81324,2
81325,4
81326,4
81327,1
81328,3
81329,2
81330,0
81331,5
81332,1
81333,3
81334,6
81335,1
81336,3
81337,3
81338,2
81339,3
81340,5
81341,1
81342,0
81343,4
81344,6
81345,6
81346,4
81347,5
81348,1
81349,0
81350,4
81351,2
81352,0
81353,1
81354,0
81355,5
81356,0
81357,0
81358,2
81359,0
81360,2
81361,2
81362,0
81363,5
81364,4
81365,2
81366,6
81367,2
81368,2
81369,2
81370,2
81371,2
81372,3
81373,3
81374,2
81375,2
81376,6
81377,4
81378,1
81379,0
81380,1
81381,2
81382,0
81383,2
81384,0
81385,0
81386,5
81387,0
81388,2
81389,3
81390,4
81391,5
81392,1
81393,3
81394,2
81395,0
81396,4
81397,0
81398,2
81399,5
81400,5
81401,1
81402,4
81403,5
81404,4
81405,6
81406,6
81407,4
81408,6
81409,0
81410,3
81411,3
81412,2
81413,0
81414,1
81415,1
81416,2
81417,5
81418,4
81419,2
81420,2
81421,6
81422,4
81423,5
81424,2
81425,1
81426,2
81427,3
81428,1
81429,2
81430,4
81431,6
81432,4
81433,5
81434,1
81435,1
81436,4
81437,3
81438,0
81439,5
81440,1
81441,2
81442,4
81443,2
81444,2
81445,0
81446,1
81447,0
81448,5
81449,0
81450,1
81451,6
81452,2
81453,6
81454,6
81455,2
81456,2
81457,2
81458,2
81459,3
81460,2
81461,3
81462,4
81463,2
81464,0
81465,6
81466,2
81467,0
81468,4
81469,2
81470,5
81471,2
81472,4
81473,6
81474,6
81475,3
81476,0
81477,5
81478,2
81479,1
81480,2
81481,3
81482,3
81483,1
81484,0
81485,1
81486,1
81487,5
81488,6
81489,4
81490,6
81491,1
81492,2
81493,4
81494,5
81495,1
81496,2
81497,2
81498,1
81499,3
81500,2
81501,1
81502,1
81503,1
81504,6
81505,6
81506,0
81507,5
81508,3
81509,1
81510,1
81511,3
81512,0
81513,0
81514,2
81515,0
81516,6
81517,6
81518,1
81519,1
81520,1
81521,2
81522,0
81523,2
81524,1
81525,2
81526,1
81527,6
81528,1
81529,2
81530,1
81531,1
81532,5
81533,3
81534,6
81535,6
81536,2
81537,5
81538,2
81539,3
81540,1
81541,2
81542,6
81543,1
81544,1
81545,3
81546,6
81547,4
81548,3
81549,2
81550,4
81551,4
81552,6
81553,2
81554,4
81555,6
81556,1
81557,3
81558,4
81559,1
81560,2
81561,0
81562,4
81563,2
81564,2
81565,6
81566,4
81567,4
81568,2
81569,5
81570,0
81571,5
81572,1
81573,0
81574,3
81575,0
81576,3
81577,1
81578,1
81579,0
81580,1
81581,0
81582,1
81583,1
81584,3
81585,3
81586,2
81587,6
81588,1
81589,6
81590,2
81591,2
81592,6
81593,1
81594,3
81595,4
81596,3
81597,6
81598,0
81599,1
81600,2
81601,4
81602,2
81603,3
81604,0
81605,1
81606,2
81607,1
81608,5
81609,1
81610,6
81611,4
81612,2
81613,4
81614,2
81615,0
81616,2
81617,0
81618,3
81619,1
81620,3
81621,3
81622,2
81623,3
81624,1
81625,3
81626,1
81627,1
81628,1
81629,4
81630,2
81631,0
81632,1
81633,4
81634,5
81635,1
81636,2
81637,2
81638,0
81639,0
81640,3
81641,6
81642,2
81643,0
81644,1
81645,2
81646,6
81647,1
81648,4
81649,6
81650,0
81651,0
81652,1
81653,1
81654,6
81655,3
81656,3
81657,6
81658,4
81659,1
81660,1
81661,0
81662,1
81663,2
81664,1
81665,3
81666,2
81667,3
81668,1
81669,2
81670,1
81671,3
81672,2
81673,3
81674,2
81675,5
81676,2
81677,5
81678,2
81679,1
81680,4
81681,5
81682,5
81683,2
81684,2
81685,2
81686,4
81687,1
81688,0
81689,0
81690,4
81691,0
81692,1
81693,3
81694,6
81695,5
81696,0
81697,4
81698,2
81699,2
81700,2
81701,6
81702,5
81703,6
81704,2
81705,0
81706,0
81707,0
81708,0
81709,5
81710,1
81711,1
81712,4
81713,2
81714,1
81715,0
81716,0
81717,1
81718,5
81719,2
81720,2
81721,4
81722,2
81723,5
81724,2
81725,5
81726,2
81727,4
81728,0
81729,1
81730,6
81731,6
81732,1
81733,5
81734,5
81735,5
81736,1
81737,4
81738,2
81739,1
81740,1
81741,3
81742,6
81743,5
81744,3
81745,1
81746,5
81747,2
81748,1
81749,0
81750,4
81751,0
81752,0
81753,6
81754,0
81755,1
81756,1
81757,5
81758,1
81759,3
81760,1
81761,3
81762,0
81763,1
81764,0
81765,5
81766,4
81767,3
81768,6
81769,2
81770,1
81771,1
81772,1
81773,2
81774,1
81775,5
81776,1
81777,2
81778,5
81779,0
81780,0
81781,5
81782,0
81783,0
81784,6
81785,2
81786,6
81787,6
81788,2
81789,4
81790,0
81791,2
81792,1
81793,5
81794,4
81795,0
81796,3
81797,5
81798,0
81799,6
81800,2
81801,2
81802,5
81803,3
81804,2
81805,2
81806,6
81807,5
81808,1
81809,3
81810,6
81811,3
81812,0
81813,2
81814,5
81815,6
81816,2
81817,1
81818,4
81819,2
81820,0
81821,1
81822,1
81823,1
81824,2
81825,0
81826,3
81827,4
81828,2
81829,3
81830,3
81831,1
81832,4
81833,0
81834,0
81835,3
81836,3
81837,0
81838,2
81839,1
81840,3
81841,6
81842,0
81843,3
81844,1
81845,1
81846,2
81847,0
81848,0
81849,5
81850,0
81851,4
81852,1
81853,6
81854,0
81855,2
81856,1
81857,4
81858,2
81859,2
81860,1
81861,1
81862,2
81863,2
81864,2
81865,6
81866,5
81867,6
81868,6
81869,1
81870,2
81871,4
81872,4
81873,1
81874,0
81875,1
81876,0
81877,1
81878,0
81879,2
81880,6
81881,6
81882,0
81883,6
81884,2
81885,2
81886,6
81887,2
81888,1
81889,5
81890,3
81891,5
81892,3
81893,1
81894,0
81895,4
81896,0
81897,1
81898,2
81899,2
81900,4
81901,3
81902,4
81903,5
81904,5
81905,6
81906,3
81907,1
81908,1
81909,1
81910,1
81911,2
81912,0
81913,6
81914,3
81915,2
81916,4
81917,1
81918,4
81919,4
81920,1
81921,2
81922,3
81923,4
81924,1
81925,1
81926,2
81927,3
81928,6
81929,5
81930,1
81931,2
81932,3
81933,3
81934,3
81935,0
81936,3
81937,2
81938,3
81939,1
81940,1
81941,6
81942,2
81943,4
81944,4
81945,3
81946,1
81947,5
81948,3
81949,5
81950,1
81951,2
81952,4
81953,0
81954,5
81955,6
81956,5
81957,1
81958,6
81959,1
81960,2
81961,2
81962,1
81963,2
81964,1
81965,6
81966,2
81967,5
81968,4
81969,6
81970,4
81971,2
81972,5
81973,1
81974,3
81975,4
81976,3
81977,0
81978,2
81979,5
81980,4
81981,0
81982,2
81983,2
81984,4
81985,0
81986,2
81987,3
81988,4
81989,6
81990,0
81991,5
81992,4
81993,6
81994,1
81995,1
81996,0
81997,2
81998,5
81999,0
82000,1
82001,1
82002,1
82003,6
82004,3
82005,2
82006,6
82007,4
82008,2
82009,6
82010,3
82011,4
82012,0
82013,0
82014,5
82015,0
82016,2
82017,1
82018,1
82019,2
82020,2
82021,1
82022,4
82023,0
82024,5
82025,6
82026,6
82027,1
82028,3
82029,2
82030,0
82031,5
82032,0
82033,6
82034,1
82035,0
82036,2
82037,1
82038,5
82039,1
82040,1
82041,0
82042,2
82043,3
82044,3
82045,4
82046,6
82047,1
82048,3
82049,2
82050,6
82051,4
82052,1
82053,6
82054,1
82055,0
82056,2
82057,2
82058,2
82059,0
82060,1
82061,4
82062,5
82063,0
82064,3
82065,1
82066,4
82067,6
82068,6
82069,1
82070,1
82071,1
82072,3
82073,6
82074,4
82075,1
82076,2
82077,3
82078,4
82079,2
82080,2
82081,2
82082,1
82083,2
82084,1
82085,2
82086,0
82087,1
82088,5
82089,1
82090,5
82091,5
82092,1
82093,2
82094,1
82095,2
82096,1
82097,4
82098,1
82099,6
82100,1
82101,2
82102,0
82103,3
82104,3
82105,4
82106,1
82107,2
82108,1
82109,5
82110,2
82111,4
82112,6
82113,2
82114,4
82115,0
82116,2
82117,4
82118,1
82119,4
82120,0
82121,2
82122,2
82123,4
82124,5
82125,0
82126,1
82127,0
82128,1
82129,1
82130,1
82131,6
82132,3
82133,4
82134,6
82135,2
82136,6
82137,2
82138,0
82139,1
82140,6
82141,5
82142,1
82143,0
82144,4
82145,4
82146,2
82147,3
82148,0
82149,6
82150,2
82151,4
82152,1
82153,2
82154,6
82155,1
82156,1
82157,0
82158,1
82159,2
82160,0
82161,0
82162,2
82163,2
82164,1
82165,3
82166,0
82167,6
82168,5
82169,5
82170,5
82171,6
82172,0
82173,0
82174,5
82175,2
82176,1
82177,1
82178,6
82179,1
82180,4
82181,1
82182,4
82183,3
82184,5
82185,3
82186,5
82187,0
82188,1
82189,2
82190,5
82191,2
82192,2
82193,2
82194,2
82195,6
82196,3
82197,3
82198,3
82199,1
82200,5
82201,6
82202,1
82203,2
82204,0
82205,5
82206,1
82207,2
82208,2
82209,2
82210,5
82211,2
82212,3
82213,4
82214,1
82215,5
82216,3
82217,4
82218,3
82219,3
82220,1
82221,1
82222,1
82223,2
82224,4
82225,1
82226,0
82227,1
82228,0
82229,2
82230,1
82231,2
82232,3
82233,5
82234,5
82235,3
82236,0
82237,6
82238,0
82239,5
82240,1
82241,3
82242,1
82243,2
82244,3
82245,5
82246,0
82247,5
82248,4
82249,2
82250,4
82251,3
82252,4
82253,2
82254,1
82255,4
82256,0
82257,6
82258,1
82259,4
82260,3
82261,3
82262,2
82263,3
82264,2
82265,1
82266,1
82267,1
82268,6
82269,0
82270,1
82271,1
82272,4
82273,2
82274,5
82275,6
82276,1
82277,6
82278,6
82279,2
82280,5
82281,0
82282,0
82283,2
82284,1
82285,2
82286,5
82287,2
82288,1
82289,4
82290,6
82291,4
82292,2
82293,0
82294,5
82295,1
82296,6
82297,6
82298,3
82299,3
82300,5
82301,5
82302,2
82303,6
82304,1
82305,4
82306,0
82307,2
82308,2
82309,6
82310,0
82311,1
82312,2
82313,6
82314,0
82315,3
82316,2
82317,6
82318,4
82319,6
82320,0
82321,0
82322,1
82323,6
82324,1
82325,3
82326,2
82327,3
82328,1
82329,2
82330,1
82331,1
82332,3
82333,5
82334,5
82335,0
82336,3
82337,1
82338,3
82339,2
82340,3
82341,0
82342,4
82343,0
82344,0
82345,3
82346,6
82347,5
82348,2
82349,0
82350,0
82351,2
82352,1
82353,6
82354,3
82355,2
82356,0
82357,6
82358,2
82359,0
82360,0
82361,1
82362,6
82363,5
82364,3
82365,5
82366,2
82367,1
82368,1
82369,4
82370,5
82371,1
82372,2
82373,0
82374,5
82375,0
82376,1
82377,6
82378,4
82379,0
82380,3
82381,4
82382,0
82383,2
82384,6
82385,1
82386,6
82387,3
82388,4
82389,3
82390,1
82391,3
82392,2
82393,4
82394,1
82395,1
82396,2
82397,4
82398,2
82399,3
82400,1
82401,5
82402,1
82403,4
82404,1
82405,2
82406,5
82407,3
82408,4
82409,1
82410,5
82411,6
82412,0
82413,3
82414,2
82415,3
82416,3
82417,2
82418,4
82419,2
82420,2
82421,1
82422,0
82423,2
82424,0
82425,1
82426,1
82427,4
82428,2
82429,2
82430,1
82431,2
82432,1
82433,2
82434,4
82435,1
82436,6
82437,2
82438,2
82439,0
82440,5
82441,5
82442,2
82443,1
82444,1
82445,1
82446,2
82447,1
82448,3
82449,6
82450,0
82451,2
82452,1
82453,1
82454,1
82455,0
82456,5
82457,2
82458,6
82459,2
82460,3
82461,2
82462,5
82463,6
82464,2
82465,1
82466,6
82467,0
82468,3
82469,2
82470,0
82471,2
82472,5
82473,3
82474,2
82475,2
82476,3
82477,1
82478,0
82479,0
82480,2
82481,4
82482,3
82483,1
82484,2
82485,1
82486,4
82487,3
82488,3
82489,3
82490,2
82491,1
82492,4
82493,2
82494,0
82495,3
82496,1
82497,2
82498,2
82499,6
82500,6
82501,3
82502,2
82503,1
82504,5
82505,4
82506,1
82507,6
82508,4
82509,3
82510,2
82511,1
82512,2
82513,1
82514,1
82515,5
82516,2
82517,5
82518,1
82519,2
82520,4
82521,6
82522,2
82523,2
82524,1
82525,5
82526,5
82527,4
82528,3
82529,3
82530,2
82531,5
82532,3
82533,1
82534,3
82535,3
82536,1
82537,6
82538,3
82539,6
82540,0
82541,1
82542,2
82543,1
82544,3
82545,2
82546,3
82547,2
82548,6
82549,3
82550,2
82551,6
82552,6
82553,1
82554,0
82555,2
82556,2
82557,2
82558,2
82559,4
82560,6
82561,6
82562,4
82563,5
82564,5
82565,1
82566,1
82567,0
82568,4
82569,1
82570,1
82571,2
82572,4
82573,6
82574,4
82575,4
82576,1
82577,4
82578,1
82579,5
82580,0
82581,2
82582,3
82583,6
82584,4
82585,2
82586,2
82587,6
82588,1
82589,2
82590,4
82591,4
82592,5
82593,6
82594,1
82595,2
82596,6
82597,2
82598,1
82599,4
82600,0
82601,6
82602,1
82603,3
82604,1
82605,2
82606,1
82607,4
82608,2
82609,1
82610,6
82611,1
82612,1
82613,2
82614,1
82615,1
82616,5
82617,2
82618,3
82619,6
82620,0
82621,1
82622,4
82623,5
82624,4
82625,1
82626,3
82627,5
82628,2
82629,1
82630,1
82631,0
82632,2
82633,6
82634,1
82635,2
82636,2
82637,4
82638,2
82639,4
82640,0
82641,2
82642,1
82643,2
82644,3
82645,4
82646,1
82647,0
82648,1
82649,4
82650,1
82651,6
82652,1
82653,1
82654,1
82655,4
82656,1
82657,2
82658,1
82659,6
82660,3
82661,5
82662,0
82663,0
82664,1
82665,3
82666,0
82667,6
82668,2
82669,2
82670,1
82671,0
82672,4
82673,0
82674,1
82675,2
82676,6
82677,0
82678,5
82679,0
82680,1
82681,3
82682,6
82683,6
82684,2
82685,3
82686,1
82687,6
82688,5
82689,2
82690,1
82691,4
82692,1
82693,6
82694,4
82695,3
82696,1
82697,0
82698,1
82699,3
82700,2
82701,0
82702,3
82703,4
82704,3
82705,1
82706,0
82707,1
82708,5
82709,1
82710,0
82711,1
82712,2
82713,1
82714,2
82715,2
82716,1
82717,3
82718,2
82719,1
82720,2
82721,1
82722,1
82723,1
82724,5
82725,4
82726,0
82727,2
82728,2
82729,2
82730,1
82731,0
82732,2
82733,0
82734,1
82735,0
82736,3
82737,0
82738,3
82739,1
82740,2
82741,1
82742,2
82743,1
82744,2
82745,0
82746,2
82747,3
82748,2
82749,3
82750,0
82751,1
82752,0
82753,1
82754,6
82755,2
82756,5
82757,0
82758,0
82759,3
82760,5
82761,4
82762,3
82763,3
82764,2
82765,4
82766,2
82767,4
82768,4
82769,1
82770,1
82771,6
82772,5
82773,2
82774,2
82775,2
82776,5
82777,1
82778,3
82779,1
82780,0
82781,5
82782,0
82783,3
82784,6
82785,4
82786,2
82787,6
82788,4
82789,1
82790,4
82791,2
82792,4
82793,2
82794,1
82795,3
82796,1
82797,2
82798,1
82799,1
82800,3
82801,2
82802,1
82803,0
82804,4
82805,6
82806,0
82807,2
82808,2
82809,1
82810,2
82811,6
82812,4
82813,3
82814,2
82815,3
82816,0
82817,2
82818,1
82819,0
82820,4
82821,1
82822,0
82823,0
82824,2
82825,3
82826,5
82827,0
82828,3
82829,1
82830,0
82831,3
82832,1
82833,5
82834,1
82835,3
82836,2
82837,2
82838,0
82839,1
82840,1
82841,2
82842,2
82843,6
82844,6
82845,1
82846,3
82847,4
82848,3
82849,4
82850,2
82851,2
82852,4
82853,1
82854,6
82855,5
82856,3
82857,1
82858,5
82859,5
82860,5
82861,5
82862,2
82863,5
82864,2
82865,4
82866,0
82867,0
82868,5
82869,5
82870,4
82871,5
82872,3
82873,3
82874,3
82875,2
82876,1
82877,2
82878,2
82879,6
82880,0
82881,2
82882,6
82883,1
82884,6
82885,0
82886,4
82887,3
82888,1
82889,5
82890,1
82891,1
82892,5
82893,0
82894,0
82895,1
82896,3
82897,3
82898,0
82899,1
82900,2
82901,3
82902,0
82903,1
82904,1
82905,2
82906,2
82907,2
82908,1
82909,0
82910,1
82911,6
82912,2
82913,1
82914,4
82915,3
82916,2
82917,5
82918,6
82919,0
82920,2
82921,1
82922,2
82923,1
82924,2
82925,2
82926,2
82927,4
82928,2
82929,3
82930,1
82931,2
82932,0
82933,6
82934,5
82935,2
82936,0
82937,2
82938,1
82939,3
82940,1
82941,4
82942,0
82943,1
82944,5
82945,6
82946,0
82947,5
82948,1
82949,2
82950,6
82951,6
82952,6
82953,2
82954,2
82955,4
82956,3
82957,4
82958,3
82959,1
82960,5
82961,1
82962,5
82963,5
82964,2
82965,5
82966,3
82967,2
82968,2
82969,3
82970,2
82971,2
82972,6
82973,3
82974,1
82975,2
82976,2
82977,5
82978,0
82979,0
82980,0
82981,3
82982,2
82983,4
82984,1
82985,2
82986,2
82987,6
82988,2
82989,3
82990,0
82991,3
82992,2
82993,4
82994,1
82995,2
82996,1
82997,1
82998,4
82999,1
83000,0
83001,0
83002,5
83003,1
83004,1
83005,2
83006,1
83007,2
83008,1
83009,2
83010,3
83011,1
83012,1
83013,1
83014,6
83015,5
83016,2
83017,1
83018,1
83019,5
83020,1
83021,1
83022,3
83023,2
83024,1
83025,2
83026,1
83027,1
83028,6
83029,0
83030,3
83031,6
83032,1
83033,2
83034,2
83035,2
83036,2
83037,3
83038,1
83039,2
83040,0
83041,4
83042,2
83043,2
83044,0
83045,5
83046,6
83047,2
83048,1
83049,1
83050,1
83051,6
83052,1
83053,4
83054,1
83055,4
83056,2
83057,0
83058,0
83059,5
83060,5
83061,1
83062,2
83063,1
83064,3
83065,6
83066,3
83067,1
83068,5
83069,1
83070,2
83071,2
83072,2
83073,5
83074,0
83075,0
83076,3
83077,1
83078,2
83079,0
83080,3
83081,0
83082,1
83083,2
83084,2
83085,1
83086,2
83087,4
83088,1
83089,5
83090,3
83091,2
83092,2
83093,0
83094,5
83095,2
83096,4
83097,1
83098,1
83099,1
83100,4
83101,5
83102,4
83103,1
83104,6
83105,1
83106,2
83107,4
83108,0
83109,2
83110,2
83111,6
83112,5
83113,2
83114,3
83115,1
83116,4
83117,1
83118,1
83119,1
83120,2
83121,0
83122,2
83123,0
83124,2
83125,1
83126,5
83127,1
83128,5
83129,3
83130,1
83131,4
83132,1
83133,5
83134,4
83135,2
83136,6
83137,1
83138,1
83139,1
83140,2
83141,2
83142,6
83143,0
83144,2
83145,5
83146,3
83147,5
83148,3
83149,0
83150,6
83151,1
83152,2
83153,3
83154,3
83155,3
83156,0
83157,2
83158,2
83159,6
83160,1
83161,1
83162,1
83163,3
83164,3
83165,4
83166,1
83167,1
83168,2
83169,1
83170,3
83171,6
83172,1
83173,1
83174,1
83175,1
83176,5
83177,2
83178,4
83179,2
83180,2
83181,4
83182,2
83183,2
83184,6
83185,6
83186,2
83187,3
83188,6
83189,1
83190,0
83191,2
83192,2
83193,1
83194,1
83195,6
83196,6
83197,2
83198,4
83199,3
83200,4
83201,1
83202,1
83203,1
83204,3
83205,0
83206,3
83207,5
83208,2
83209,4
83210,0
83211,0
83212,2
83213,2
83214,0
83215,6
83216,5
83217,3
83218,5
83219,3
83220,3
83221,0
83222,0
83223,0
83224,1
83225,1
83226,1
83227,1
83228,3
83229,0
83230,2
83231,2
83232,2
83233,2
83234,0
83235,2
83236,4
83237,3
83238,5
83239,3
83240,2
83241,2
83242,4
83243,0
83244,2
83245,1
83246,2
83247,5
83248,4
83249,2
83250,2
83251,1
83252,5
83253,1
83254,2
83255,1
83256,6
83257,0
83258,0
83259,2
83260,0
83261,2
83262,1
83263,4
83264,3
83265,0
83266,1
83267,1
83268,1
83269,3
83270,3
83271,0
83272,2
83273,0
83274,0
83275,4
83276,1
83277,6
83278,2
83279,3
83280,6
83281,4
83282,0
83283,3
83284,5
83285,3
83286,2
83287,3
83288,1
83289,1
83290,2
83291,5
83292,1
83293,1
83294,0
83295,2
83296,1
83297,2
83298,6
83299,3
83300,2
83301,1
83302,4
83303,2
83304,1
83305,2
83306,3
83307,0
83308,3
83309,1
83310,1
83311,2
83312,2
83313,4
83314,6
83315,4
83316,6
83317,4
83318,2
83319,2
83320,5
83321,3
83322,5
83323,2
83324,5
83325,5
83326,5
83327,4
83328,2
83329,3
83330,2
83331,2
83332,4
83333,6
83334,2
83335,3
83336,5
83337,3
83338,0
83339,1
83340,1
83341,5
83342,3
83343,6
83344,0
83345,3
83346,6
83347,1
83348,2
83349,2
83350,2
83351,3
83352,2
83353,0
83354,3
83355,4
83356,1
83357,2
83358,3
83359,6
83360,4
83361,4
83362,0
83363,5
83364,2
83365,2
83366,2
83367,0
83368,0
83369,1
83370,4
83371,2
83372,3
83373,1
83374,2
83375,1
83376,3
83377,0
83378,2
83379,5
83380,3
83381,6
83382,0
83383,1
83384,1
83385,1
83386,1
83387,0
83388,3
83389,2
83390,5
83391,2
83392,0
83393,5
83394,3
83395,5
83396,2
83397,4
83398,1
83399,2
83400,6
83401,1
83402,6
83403,2
83404,3
83405,1
83406,5
83407,0
83408,2
83409,4
83410,5
83411,1
83412,4
83413,1
83414,4
83415,1
83416,4
83417,3
83418,1
83419,1
83420,6
83421,1
83422,3
83423,0
83424,6
83425,1
83426,4
83427,3
83428,2
83429,5
83430,1
83431,1
83432,3
83433,4
83434,4
83435,1
83436,4
83437,1
83438,2
83439,1
83440,4
83441,4
83442,1
83443,4
83444,2
83445,1
83446,0
83447,0
83448,0
83449,3
83450,6
83451,1
83452,1
83453,2
83454,1
83455,4
83456,5
83457,5
83458,4
83459,4
83460,2
83461,1
83462,1
83463,2
83464,4
83465,2
83466,2
83467,6
83468,1
83469,1
83470,4
83471,4
83472,6
83473,1
83474,5
83475,2
83476,2
83477,2
83478,5
83479,3
83480,5
83481,0
83482,2
83483,2
83484,2
83485,1
83486,4
83487,5
83488,2
83489,1
83490,2
83491,5
83492,1
83493,4
83494,1
83495,0
83496,1
83497,6
83498,4
83499,2
83500,0
83501,2
83502,3
83503,1
83504,1
83505,5
83506,5
83507,6
83508,2
83509,2
83510,2
83511,3
83512,4
83513,4
83514,4
83515,2
83516,2
83517,0
83518,1
83519,5
83520,0
83521,5
83522,0
83523,6
83524,2
83525,1
83526,6
83527,0
83528,2
83529,2
83530,1
83531,5
83532,5
83533,0
83534,4
83535,0
83536,2
83537,2
83538,1
83539,5
83540,0
83541,4
83542,3
83543,5
83544,3
83545,2
83546,2
83547,5
83548,5
83549,1
83550,1
83551,6
83552,4
83553,1
83554,6
83555,1
83556,1
83557,2
83558,1
83559,6
83560,0
83561,5
83562,1
83563,3
83564,1
83565,1
83566,1
83567,2
83568,1
83569,3
83570,1
83571,0
83572,1
83573,3
83574,5
83575,5
83576,3
83577,1
83578,1
83579,3
83580,4
83581,0
83582,4
83583,1
83584,1
83585,2
83586,1
83587,6
83588,5
83589,0
83590,1
83591,5
83592,5
83593,2
83594,3
83595,1
83596,5
83597,1
83598,3
83599,4
83600,0
83601,1
83602,2
83603,2
83604,6
83605,3
83606,0
83607,2
83608,1
83609,2
83610,3
83611,3
83612,5
83613,1
83614,0
83615,1
83616,1
83617,6
83618,2
83619,6
83620,1
83621,6
83622,0
83623,1
83624,0
83625,1
83626,4
83627,0
83628,5
83629,1
83630,0
83631,2
83632,3
83633,0
83634,1
83635,6
83636,0
83637,5
83638,0
83639,0
83640,2
83641,2
83642,4
83643,3
83644,2
83645,6
83646,5
83647,5
83648,1
83649,4
83650,6
83651,3
83652,5
83653,5
83654,4
83655,2
83656,2
83657,6
83658,0
83659,3
83660,0
83661,1
83662,1
83663,2
83664,0
83665,0
83666,2
83667,2
83668,3
83669,2
83670,0
83671,1
83672,2
83673,2
83674,6
83675,4
83676,2
83677,4
83678,6
83679,2
83680,1
83681,5
83682,4
83683,1
83684,0
83685,5
83686,6
83687,3
83688,4
83689,6
83690,1
83691,4
83692,4
83693,1
83694,1
83695,0
83696,6
83697,0
83698,1
83699,5
83700,1
83701,0
83702,4
83703,6
83704,1
83705,4
83706,1
83707,1
83708,1
83709,3
83710,3
83711,4
83712,2
83713,2
83714,2
83715,3
83716,1
83717,2
83718,1
83719,6
83720,4
83721,1
83722,0
83723,2
83724,1
83725,2
83726,1
83727,3
83728,6
83729,3
83730,1
83731,6
83732,1
83733,5
83734,0
83735,5
83736,1
83737,2
83738,1
83739,2
83740,4
83741,0
83742,1
83743,2
83744,2
83745,5
83746,3
83747,2
83748,1
83749,1
83750,2
83751,2
83752,0
83753,2
83754,5
83755,4
83756,2
83757,1
83758,5
83759,2
83760,3
83761,3
83762,6
83763,0
83764,0
83765,5
83766,2
83767,2
83768,1
83769,0
83770,1
83771,2
83772,1
83773,0
83774,5
83775,1
83776,1
83777,0
83778,1
83779,3
83780,4
83781,2
83782,1
83783,0
83784,6
83785,5
83786,1
83787,2
83788,4
83789,3
83790,1
83791,1
83792,1
83793,1
83794,1
83795,1
83796,2
83797,2
83798,1
83799,4
83800,3
83801,2
83802,1
83803,3
83804,1
83805,5
83806,2
83807,2
83808,2
83809,2
83810,5
83811,5
83812,6
83813,1
83814,0
83815,4
83816,5
83817,1
83818,4
83819,1
83820,3
83821,2
83822,3
83823,1
83824,6
83825,1
83826,1
83827,0
83828,3
83829,2
83830,4
83831,3
83832,0
83833,2
83834,1
83835,0
83836,5
83837,1
83838,5
83839,6
83840,2
83841,2
83842,5
83843,0
83844,1
83845,4
83846,2
83847,1
83848,0
83849,6
83850,2
83851,4
83852,1
83853,3
83854,1
83855,1
83856,1
83857,5
83858,3
83859,2
83860,3
83861,1
83862,1
83863,1
83864,0
83865,3
83866,2
83867,2
83868,3
83869,5
83870,5
83871,1
83872,3
83873,3
83874,2
83875,2
83876,2
83877,6
83878,4
83879,1
83880,0
83881,4
83882,2
83883,0
83884,1
83885,2
83886,0
83887,0
83888,0
83889,1
83890,2
83891,2
83892,1
83893,2
83894,5
83895,1
83896,5
83897,5
83898,0
83899,1
83900,1
83901,5
83902,4
83903,0
83904,2
83905,1
83906,0
83907,4
83908,2
83909,1
83910,2
83911,2
83912,2
83913,4
83914,0
83915,3
83916,2
83917,2
83918,4
83919,1
83920,5
83921,4
83922,2
83923,1
83924,1
83925,0
83926,1
83927,2
83928,1
83929,2
83930,4
83931,5
83932,3
83933,2
83934,4
83935,5
83936,3
83937,6
83938,6
83939,4
83940,1
83941,2
83942,3
83943,1
83944,6
83945,1
83946,1
83947,1
83948,6
83949,4
83950,3
83951,0
83952,1
83953,1
83954,5
83955,0
83956,3
83957,4
83958,3
83959,2
83960,3
83961,6
83962,5
83963,0
83964,2
83965,2
83966,5
83967,0
83968,2
83969,2
83970,3
83971,5
83972,1
83973,1
83974,2
83975,5
83976,5
83977,2
83978,4
83979,4
83980,2
83981,0
83982,2
83983,4
83984,1
83985,2
83986,1
83987,2
83988,1
83989,3
83990,6
83991,1
83992,2
83993,2
83994,2
83995,4
83996,6
83997,6
83998,4
83999,1
84000,6
84001,3
84002,1
84003,6
84004,2
84005,1
84006,6
84007,1
84008,2
84009,3
84010,1
84011,4
84012,6
84013,0
84014,2
84015,6
84016,1
84017,2
84018,6
84019,1
84020,3
84021,1
84022,3
84023,6
84024,4
84025,2
84026,0
84027,1
84028,2
84029,1
84030,2
84031,5
84032,1
84033,1
84034,3
84035,6
84036,4
84037,3
84038,1
84039,2
84040,0
84041,4
84042,5
84043,0
84044,0
84045,1
84046,3
84047,6
84048,1
84049,0
84050,1
84051,0
84052,1
84053,3
84054,6
84055,1
84056,1
84057,1
84058,3
84059,6
84060,3
84061,1
84062,1
84063,0
84064,1
84065,1
84066,5
84067,1
84068,4
84069,1
84070,1
84071,2
84072,3
84073,4
84074,2
84075,2
84076,0
84077,5
84078,1
84079,5
84080,0
84081,0
84082,2
84083,3
84084,1
84085,2
84086,4
84087,6
84088,2
84089,3
84090,0
84091,2
84092,2
84093,0
84094,2
84095,5
84096,3
84097,2
84098,4
84099,1
84100,1
84101,3
84102,2
84103,4
84104,3
84105,4
84106,2
84107,2
84108,2
84109,5
84110,4
84111,2
84112,1
84113,5
84114,6
84115,1
84116,1
84117,5
84118,2
84119,2
84120,5
84121,3
84122,1
84123,2
84124,5
84125,2
84126,0
84127,3
84128,1
84129,3
84130,2
84131,3
84132,1
84133,1
84134,0
84135,4
84136,1
84137,0
84138,6
84139,1
84140,6
84141,1
84142,3
84143,0
84144,1
84145,3
84146,2
84147,1
84148,1
84149,4
84150,1
84151,1
84152,5
84153,6
84154,3
84155,2
84156,1
84157,1
84158,6
84159,6
84160,1
84161,2
84162,4
84163,5
84164,1
84165,5
84166,2
84167,4
84168,1
84169,3
84170,1
84171,0
84172,4
84173,3
84174,2
84175,3
84176,2
84177,1
84178,1
84179,1
84180,0
84181,1
84182,3
84183,2
84184,1
84185,2
84186,2
84187,1
84188,0
84189,6
84190,2
84191,0
84192,3
84193,1
84194,5
84195,6
84196,2
84197,1
84198,2
84199,5
84200,1
84201,1
84202,1
84203,2
84204,2
84205,4
84206,5
84207,2
84208,5
84209,0
84210,2
84211,5
84212,1
84213,6
84214,5
84215,5
84216,4
84217,3
84218,1
84219,4
84220,2
84221,5
84222,1
84223,6
84224,4
84225,1
84226,1
84227,3
84228,4
84229,3
84230,2
84231,4
84232,2
84233,4
84234,2
84235,3
84236,2
84237,1
84238,6
84239,1
84240,0
84241,4
84242,0
84243,2
84244,1
84245,5
84246,3
84247,1
84248,2
84249,1
84250,5
84251,1
84252,1
84253,1
84254,5
84255,3
84256,1
84257,1
84258,3
84259,1
84260,0
84261,1
84262,2
84263,1
84264,6
84265,1
84266,2
84267,0
84268,5
84269,0
84270,1
84271,1
84272,6
84273,1
84274,1
84275,2
84276,1
84277,3
84278,1
84279,4
84280,0
84281,5
84282,4
84283,2
84284,4
84285,2
84286,5
84287,2
84288,2
84289,2
84290,1
84291,2
84292,1
84293,6
84294,6
84295,1
84296,2
84297,6
84298,1
84299,1
84300,2
84301,0
84302,1
84303,2
84304,0
84305,2
84306,3
84307,1
84308,6
84309,2
84310,1
84311,1
84312,3
84313,1
84314,1
84315,1
84316,4
84317,0
84318,1
84319,3
84320,4
84321,0
84322,1
84323,5
84324,0
84325,1
84326,4
84327,3
84328,3
84329,0
84330,2
84331,0
84332,1
84333,5
84334,2
84335,2
84336,1
84337,2
84338,1
84339,0
84340,5
84341,2
84342,4
84343,4
84344,2
84345,1
84346,0
84347,6
84348,4
84349,1
84350,2
84351,1
84352,1
84353,0
84354,2
84355,0
84356,1
84357,5
84358,1
84359,1
84360,2
84361,1
84362,2
84363,2
84364,3
84365,6
84366,0
84367,5
84368,6
84369,2
84370,0
84371,1
84372,1
84373,5
84374,5
84375,1
84376,6
84377,5
84378,1
84379,1
84380,5
84381,2
84382,1
84383,2
84384,1
84385,3
84386,1
84387,2
84388,3
84389,0
84390,0
84391,2
84392,2
84393,5
84394,0
84395,0
84396,3
84397,4
84398,1
84399,4
84400,1
84401,1
84402,3
84403,5
84404,0
84405,0
84406,0
84407,5
84408,6
84409,3
84410,4
84411,3
84412,2
84413,2
84414,6
84415,1
84416,2
84417,2
84418,1
84419,5
84420,5
84421,3
84422,4
84423,6
84424,6
84425,3
84426,4
84427,4
84428,6
84429,3
84430,3
84431,2
84432,1
84433,5
84434,1
84435,3
84436,1
84437,2
84438,0
84439,2
84440,3
84441,3
84442,2
84443,1
84444,0
84445,2
84446,3
84447,6
84448,6
84449,3
84450,2
84451,1
84452,3
84453,2
84454,0
84455,5
84456,0
84457,2
84458,2
84459,1
84460,2
84461,2
84462,2
84463,6
84464,3
84465,3
84466,3
84467,1
84468,2
84469,6
84470,0
84471,3
84472,1
84473,6
84474,2
84475,2
84476,5
84477,2
84478,0
84479,4
84480,5
84481,2
84482,2
84483,1
84484,1
84485,3
84486,2
84487,1
84488,2
84489,6
84490,6
84491,1
84492,1
84493,1
84494,2
84495,1
84496,6
84497,5
84498,0
84499,6
84500,6
84501,3
84502,2
84503,1
84504,6
84505,1
84506,6
84507,5
84508,1
84509,5
84510,2
84511,0
84512,6
84513,1
84514,2
84515,2
84516,4
84517,4
84518,5
84519,0
84520,2
84521,2
84522,2
84523,1
84524,5
84525,2
84526,4
84527,1
84528,2
84529,2
84530,5
84531,5
84532,2
84533,3
84534,3
84535,4
84536,1
84537,2
84538,0
84539,6
84540,4
84541,5
84542,2
84543,3
84544,1
84545,4
84546,4
84547,3
84548,5
84549,0
84550,3
84551,0
84552,6
84553,3
84554,2
84555,2
84556,4
84557,4
84558,6
84559,5
84560,0
84561,0
84562,5
84563,3
84564,2
84565,2
84566,3
84567,1
84568,1
84569,2
84570,2
84571,6
84572,2
84573,3
84574,0
84575,1
84576,3
84577,2
84578,2
84579,1
84580,0
84581,3
84582,5
84583,0
84584,6
84585,3
84586,1
84587,3
84588,6
84589,2
84590,4
84591,5
84592,3
84593,6
84594,6
84595,3
84596,5
84597,2
84598,2
84599,4
84600,5
84601,1
84602,1
84603,4
84604,1
84605,4
84606,1
84607,2
84608,0
84609,1
84610,1
84611,0
84612,1
84613,5
84614,1
84615,3
84616,1
84617,1
84618,2
84619,0
84620,3
84621,6
84622,2
84623,2
84624,1
84625,0
84626,4
84627,0
84628,2
84629,1
84630,2
84631,2
84632,0
84633,3
84634,5
84635,6
84636,0
84637,5
84638,5
84639,2
84640,3
84641,1
84642,2
84643,3
84644,2
84645,1
84646,0
84647,2
84648,1
84649,2
84650,1
84651,1
84652,5
84653,5
84654,1
84655,3
84656,4
84657,0
84658,4
84659,5
84660,5
84661,6
84662,6
84663,4
84664,2
84665,3
84666,1
84667,1
84668,6
84669,3
84670,2
84671,1
84672,2
84673,1
84674,1
84675,3
84676,2
84677,2
84678,4
84679,5
84680,0
84681,2
84682,4
84683,1
84684,1
84685,0
84686,1
84687,1
84688,4
84689,6
84690,5
84691,5
84692,2
84693,0
84694,1
84695,2
84696,1
84697,0
84698,1
84699,2
84700,5
84701,5
84702,2
84703,4
84704,1
84705,1
84706,5
84707,1
84708,0
84709,0
84710,5
84711,2
84712,4
84713,3
84714,0
84715,2
84716,2
84717,5
84718,3
84719,3
84720,0
84721,1
84722,0
84723,3
84724,1
84725,4
84726,0
84727,1
84728,2
84729,1
84730,3
84731,5
84732,0
84733,1
84734,2
84735,0
84736,1
84737,4
84738,0
84739,5
84740,4
84741,3
84742,4
84743,6
84744,5
84745,5
84746,1
84747,3
84748,4
84749,0
84750,3
84751,1
84752,5
84753,1
84754,0
84755,5
84756,2
84757,5
84758,5
84759,2
84760,6
84761,1
84762,6
84763,0
84764,5
84765,2
84766,3
84767,2
84768,2
84769,4
84770,1
84771,2
84772,6
84773,6
84774,0
84775,5
84776,4
84777,6
84778,2
84779,2
84780,0
84781,3
84782,6
84783,0
84784,3
84785,6
84786,1
84787,1
84788,4
84789,5
84790,5
84791,3
84792,0
84793,1
84794,1
84795,1
84796,0
84797,5
84798,2
84799,3
84800,2
84801,2
84802,6
84803,1
84804,3
84805,1
84806,1
84807,4
84808,5
84809,1
84810,2
84811,1
84812,2
84813,0
84814,6
84815,2
84816,5
84817,4
84818,4
84819,5
84820,1
84821,4
84822,3
84823,4
84824,0
84825,5
84826,1
84827,0
84828,3
84829,4
84830,4
84831,1
84832,6
84833,0
84834,5
84835,1
84836,3
84837,4
84838,6
84839,5
84840,6
84841,1
84842,3
84843,0
84844,6
84845,6
84846,1
84847,0
84848,5
84849,2
84850,4
84851,1
84852,4
84853,1
84854,2
84855,3
84856,4
84857,6
84858,1
84859,6
84860,1
84861,6
84862,4
84863,2
84864,6
84865,2
84866,4
84867,6
84868,1
84869,2
84870,2
84871,6
84872,1
84873,3
84874,2
84875,1
84876,1
84877,0
84878,4
84879,4
84880,2
84881,5
84882,0
84883,3
84884,1
84885,6
84886,6
84887,1
84888,1
84889,3
84890,2
84891,4
84892,3
84893,0
84894,4
84895,2
84896,1
84897,5
84898,1
84899,1
84900,3
84901,1
84902,1
84903,1
84904,5
84905,3
84906,2
84907,3
84908,0
84909,1
84910,1
84911,1
84912,0
84913,2
84914,0
84915,2
84916,0
84917,2
84918,4
84919,3
84920,2
84921,2
84922,1
84923,2
84924,2
84925,4
84926,2
84927,1
84928,3
84929,1
84930,2
84931,0
84932,2
84933,5
84934,0
84935,2
84936,0
84937,4
84938,6
84939,3
84940,2
84941,1
84942,1
84943,3
84944,2
84945,1
84946,3
84947,6
84948,2
84949,5
84950,5
84951,1
84952,2
84953,1
84954,0
84955,3
84956,5
84957,1
84958,0
84959,2
84960,3
84961,3
84962,1
84963,1
84964,2
84965,1
84966,5
84967,2
84968,1
84969,2
84970,0
84971,4
84972,2
84973,6
84974,6
84975,2
84976,2
84977,3
84978,2
84979,2
84980,3
84981,1
84982,2
84983,2
84984,1
84985,1
84986,1
84987,2
84988,1
84989,1
84990,1
84991,1
84992,2
84993,3
84994,6
84995,6
84996,2
84997,6
84998,3
84999,2
85000,0
85001,0
85002,1
85003,4
85004,6
85005,2
85006,3
85007,1
85008,3
85009,5
85010,3
85011,2
85012,2
85013,0
85014,1
85015,5
85016,2
85017,3
85018,6
85019,1
85020,5
85021,1
85022,4
85023,0
85024,6
85025,1
85026,0
85027,1
85028,1
85029,3
85030,0
85031,5
85032,0
85033,5
85034,0
85035,3
85036,2
85037,3
85038,1
85039,0
85040,4
85041,0
85042,1
85043,0
85044,1
85045,6
85046,1
85047,2
85048,1
85049,1
85050,6
85051,2
85052,1
85053,2
85054,6
85055,5
85056,2
85057,3
85058,1
85059,1
85060,2
85061,3
85062,2
85063,0
85064,3
85065,1
85066,4
85067,2
85068,2
85069,4
85070,3
85071,6
85072,4
85073,2
85074,2
85075,5
85076,1
85077,4
85078,6
85079,3
85080,1
85081,4
85082,2
85083,0
85084,3
85085,0
85086,5
85087,6
85088,5
85089,2
85090,5
85091,1
85092,6
85093,1
85094,1
85095,0
85096,6
85097,3
85098,1
85099,5
85100,3
85101,1
85102,1
85103,1
85104,1
85105,0
85106,3
85107,3
85108,5
85109,5
85110,2
85111,0
85112,5
85113,6
85114,2
85115,5
85116,2
85117,1
85118,2
85119,1
85120,3
85121,2
85122,5
85123,2
85124,1
85125,1
85126,6
85127,0
85128,4
85129,1
85130,2
85131,6
85132,1
85133,0
85134,2
85135,4
85136,2
85137,3
85138,0
85139,4
85140,2
85141,1
85142,5
85143,3
85144,0
85145,5
85146,0
85147,1
85148,2
85149,1
85150,1
85151,1
85152,0
85153,4
85154,4
85155,1
85156,1
85157,0
85158,1
85159,2
85160,2
85161,4
85162,0
85163,1
85164,2
85165,0
85166,6
85167,0
85168,4
85169,1
85170,3
85171,1
85172,1
85173,1
85174,4
85175,2
85176,2
85177,5
85178,6
85179,1
85180,2
85181,1
85182,0
85183,1
85184,1
85185,1
85186,1
85187,1
85188,2
85189,2
85190,1
85191,2
85192,4
85193,1
85194,6
85195,0
85196,0
85197,2
85198,0
85199,5
85200,1
85201,3
85202,1
85203,3
85204,6
85205,0
85206,1
85207,3
85208,4
85209,6
85210,1
85211,0
85212,4
85213,0
85214,1
85215,1
85216,3
85217,4
85218,5
85219,2
85220,5
85221,0
85222,6
85223,4
85224,2
85225,6
85226,1
85227,6
85228,2
85229,3
85230,0
85231,2
85232,2
85233,2
85234,0
85235,2
85236,2
85237,2
85238,1
85239,3
85240,2
85241,1
85242,1
85243,0
85244,5
85245,4
85246,2
85247,5
85248,4
85249,6
85250,4
85251,1
85252,3
85253,2
85254,4
85255,2
85256,4
85257,2
85258,0
85259,4
85260,2
85261,1
85262,3
85263,0
85264,0
85265,2
85266,3
85267,4
85268,3
85269,0
85270,4
85271,6
85272,2
85273,0
85274,0
85275,0
85276,4
85277,5
85278,4
85279,1
85280,2
85281,4
85282,3
85283,1
85284,0
85285,5
85286,1
85287,5
85288,1
85289,5
85290,2
85291,1
85292,2
85293,3
85294,5
85295,0
85296,2
85297,0
85298,2
85299,6
85300,5
85301,6
85302,5
85303,3
85304,1
85305,1
85306,1
85307,4
85308,5
85309,0
85310,2
85311,1
85312,3
85313,0
85314,0
85315,1
85316,2
85317,1
85318,2
85319,0
85320,3
85321,3
85322,2
85323,1
85324,0
85325,6
85326,1
85327,2
85328,1
85329,2
85330,3
85331,2
85332,1
85333,1
85334,4
85335,0
85336,4
85337,2
85338,1
85339,6
85340,0
85341,2
85342,5
85343,0
85344,2
85345,6
85346,0
85347,1
85348,1
85349,1
85350,2
85351,0
85352,2
85353,6
85354,6
85355,5
85356,5
85357,2
85358,1
85359,1
85360,0
85361,2
85362,1
85363,2
85364,0
85365,6
85366,0
85367,0
85368,6
85369,1
85370,1
85371,2
85372,4
85373,1
85374,4
85375,4
85376,6
85377,2
85378,0
85379,2
85380,1
85381,0
85382,1
85383,3
85384,5
85385,3
85386,2
85387,5
85388,1
85389,1
85390,1
85391,2
85392,3
85393,1
85394,4
85395,5
85396,6
85397,0
85398,1
85399,6
85400,1
85401,2
85402,0
85403,6
85404,1
85405,3
85406,2
85407,5
85408,0
85409,2
85410,1
85411,4
85412,2
85413,1
85414,2
85415,3
85416,1
85417,1
85418,6
85419,0
85420,2
85421,0
85422,5
85423,6
85424,0
85425,2
85426,1
85427,3
85428,2
85429,2
85430,3
85431,1
85432,2
85433,1
85434,2
85435,6
85436,1
85437,4
85438,6
85439,3
85440,4
85441,1
85442,2
85443,4
85444,3
85445,0
85446,1
85447,5
85448,4
85449,6
85450,1
85451,4
85452,2
85453,1
85454,1
85455,2
85456,6
85457,6
85458,2
85459,6
85460,2
85461,2
85462,4
85463,4
85464,2
85465,1
85466,0
85467,3
85468,1
85469,5
85470,1
85471,6
85472,2
85473,0
85474,1
85475,1
85476,5
85477,4
85478,4
85479,2
85480,0
85481,1
85482,1
85483,2
85484,2
85485,2
85486,2
85487,4
85488,4
85489,1
85490,5
85491,1
85492,3
85493,1
85494,2
85495,3
85496,5
85497,5
85498,4
85499,2
85500,0
85501,6
85502,3
85503,0
85504,0
85505,2
85506,1
85507,4
85508,2
85509,4
85510,1
85511,1
85512,0
85513,2
85514,2
85515,2
85516,2
85517,4
85518,6
85519,0
85520,0
85521,2
85522,3
85523,0
85524,4
85525,6
85526,2
85527,3
85528,1
85529,1
85530,6
85531,5
85532,0
85533,1
85534,1
85535,1
85536,1
85537,2
85538,4
85539,6
85540,6
85541,6
85542,2
85543,5
85544,0
85545,3
85546,6
85547,2
85548,4
85549,4
85550,1
85551,3
85552,0
85553,2
85554,2
85555,1
85556,3
85557,6
85558,2
85559,0
85560,1
85561,1
85562,5
85563,2
85564,2
85565,1
85566,0
85567,2
85568,2
85569,5
85570,5
85571,0
85572,1
85573,3
85574,4
85575,1
85576,0
85577,2
85578,1
85579,3
85580,4
85581,2
85582,2
85583,1
85584,3
85585,2
85586,5
85587,2
85588,2
85589,4
85590,2
85591,1
85592,4
85593,4
85594,4
85595,5
85596,1
85597,1
85598,2
85599,2
85600,0
85601,3
85602,2
85603,1
85604,2
85605,5
85606,1
85607,4
85608,3
85609,1
85610,1
85611,1
85612,2
85613,3
85614,6
85615,4
85616,1
85617,2
85618,1
85619,2
85620,3
85621,1
85622,4
85623,1
85624,3
85625,1
85626,1
85627,5
85628,0
85629,2
85630,2
85631,6
85632,4
85633,2
85634,4
85635,1
85636,4
85637,2
85638,4
85639,2
85640,6
85641,1
85642,2
85643,1
85644,6
85645,6
85646,1
85647,2
85648,4
85649,1
85650,5
85651,3
85652,0
85653,5
85654,5
85655,3
85656,6
85657,1
85658,1
85659,2
85660,1
85661,1
85662,2
85663,0
85664,2
85665,0
85666,2
85667,3
85668,0
85669,6
85670,2
85671,5
85672,0
85673,6
85674,3
85675,2
85676,1
85677,0
85678,2
85679,1
85680,2
85681,6
85682,5
85683,3
85684,3
85685,5
85686,2
85687,0
85688,2
85689,1
85690,2
85691,2
85692,0
85693,1
85694,5
85695,1
85696,3
85697,3
85698,4
85699,2
85700,0
85701,1
85702,2
85703,1
85704,2
85705,6
85706,2
85707,1
85708,2
85709,1
85710,1
85711,2
85712,1
85713,1
85714,5
85715,1
85716,2
85717,3
85718,6
85719,0
85720,1
85721,0
85722,4
85723,2
85724,1
85725,3
85726,1
85727,2
85728,0
85729,5
85730,0
85731,2
85732,2
85733,5
85734,1
85735,0
85736,5
85737,1
85738,5
85739,1
85740,1
85741,4
85742,3
85743,0
85744,2
85745,5
85746,0
85747,2
85748,1
85749,3
85750,0
85751,1
85752,5
85753,1
85754,1
85755,6
85756,1
85757,6
85758,4
85759,2
85760,6
85761,2
85762,2
85763,3
85764,2
85765,1
85766,0
85767,0
85768,1
85769,4
85770,0
85771,1
85772,0
85773,1
85774,4
85775,0
85776,4
85777,1
85778,2
85779,2
85780,1
85781,2
85782,4
85783,1
85784,6
85785,1
85786,3
85787,4
85788,4
85789,2
85790,3
85791,2
85792,3
85793,6
85794,2
85795,2
85796,3
85797,6
85798,2
85799,6
85800,5
85801,1
85802,0
85803,2
85804,0
85805,1
85806,1
85807,3
85808,5
85809,6
85810,4
85811,4
85812,3
85813,5
85814,5
85815,2
85816,1
85817,3
85818,3
85819,1
85820,2
85821,0
85822,4
85823,1
85824,6
85825,3
85826,4
85827,0
85828,2
85829,3
85830,0
85831,1
85832,0
85833,2
85834,1
85835,3
85836,3
85837,5
85838,2
85839,0
85840,2
85841,2
85842,5
85843,1
85844,1
85845,2
85846,4
85847,2
85848,6
85849,3
85850,5
85851,5
85852,0
85853,1
85854,3
85855,6
85856,4
85857,4
85858,2
85859,0
85860,1
85861,1
85862,2
85863,1
85864,4
85865,1
85866,3
85867,1
85868,2
85869,0
85870,3
85871,5
85872,2
85873,1
85874,1
85875,4
85876,0
85877,2
85878,6
85879,1
85880,2
85881,6
85882,1
85883,5
85884,2
85885,1
85886,2
85887,5
85888,3
85889,1
85890,5
85891,1
85892,1
85893,1
85894,5
85895,3
85896,0
85897,2
85898,4
85899,2
85900,1
85901,4
85902,0
85903,6
85904,2
85905,6
85906,3
85907,5
85908,2
85909,5
85910,2
85911,6
85912,2
85913,6
85914,6
85915,2
85916,6
85917,2
85918,5
85919,2
85920,4
85921,5
85922,1
85923,1
85924,1
85925,1
85926,1
85927,1
85928,2
85929,1
85930,2
85931,4
85932,2
85933,1
85934,6
85935,5
85936,2
85937,2
85938,4
85939,4
85940,2
85941,2
85942,3
85943,4
85944,1
85945,2
85946,0
85947,0
85948,2
85949,1
85950,5
85951,4
85952,2
85953,5
85954,1
85955,3
85956,6
85957,0
85958,5
85959,2
85960,3
85961,3
85962,2
85963,2
85964,5
85965,2
85966,1
85967,4
85968,5
85969,1
85970,6
85971,1
85972,3
85973,0
85974,5
85975,3
85976,4
85977,0
85978,1
85979,1
85980,2
85981,0
85982,0
85983,2
85984,1
85985,1
85986,0
85987,1
85988,2
85989,1
85990,1
85991,2
85992,5
85993,6
85994,2
85995,5
85996,2
85997,1
85998,1
85999,4
86000,2
86001,1
86002,3
86003,2
86004,1
86005,2
86006,2
86007,0
86008,3
86009,4
86010,1
86011,1
86012,3
86013,4
86014,5
86015,4
86016,2
86017,6
86018,4
86019,3
86020,0
86021,3
86022,1
86023,4
86024,2
86025,5
86026,2
86027,1
86028,6
86029,1
86030,2
86031,2
86032,2
86033,1
86034,0
86035,4
86036,1
86037,2
86038,0
86039,3
86040,1
86041,6
86042,2
86043,1
86044,1
86045,5
86046,2
86047,6
86048,3
86049,2
86050,2
86051,1
86052,4
86053,2
86054,4
86055,6
86056,4
86057,4
86058,1
86059,4
86060,6
86061,3
86062,3
86063,0
86064,6
86065,2
86066,4
86067,2
86068,1
86069,5
86070,5
86071,1
86072,2
86073,2
86074,3
86075,2
86076,2
86077,2
86078,2
86079,1
86080,2
86081,0
86082,6
86083,5
86084,4
86085,5
86086,6
86087,1
86088,0
86089,2
86090,3
86091,6
86092,6
86093,0
86094,1
86095,1
86096,2
86097,1
86098,2
86099,0
86100,0
86101,0
86102,6
86103,2
86104,1
86105,2
86106,5
86107,4
86108,5
86109,6
86110,5
86111,1
86112,1
86113,5
86114,2
86115,3
86116,3
86117,3
86118,0
86119,5
86120,3
86121,0
86122,3
86123,1
86124,2
86125,1
86126,6
86127,2
86128,1
86129,2
86130,1
86131,1
86132,4
86133,2
86134,2
86135,6
86136,2
86137,4
86138,3
86139,3
86140,2
86141,5
86142,6
86143,0
86144,1
86145,6
86146,2
86147,4
86148,3
86149,2
86150,5
86151,2
86152,1
86153,2
86154,0
86155,1
86156,1
86157,3
86158,1
86159,1
86160,1
86161,2
86162,1
86163,6
86164,1
86165,5
86166,0
86167,6
86168,1
86169,0
86170,0
86171,2
86172,3
86173,1
86174,2
86175,2
86176,3
86177,1
86178,2
86179,0
86180,1
86181,1
86182,5
86183,3
86184,1
86185,2
86186,0
86187,1
86188,1
86189,5
86190,1
86191,3
86192,2
86193,3
86194,4
86195,1
86196,6
86197,3
86198,3
86199,2
86200,1
86201,3
86202,3
86203,4
86204,2
86205,0
86206,1
86207,1
86208,1
86209,1
86210,2
86211,5
86212,5
86213,2
86214,1
86215,2
86216,1
86217,0
86218,6
86219,5
86220,2
86221,2
86222,4
86223,2
86224,4
86225,2
86226,2
86227,2
86228,3
86229,1
86230,6
86231,1
86232,4
86233,1
86234,5
86235,5
86236,2
86237,4
86238,3
86239,1
86240,4
86241,1
86242,0
86243,2
86244,1
86245,0
86246,3
86247,2
86248,1
86249,1
86250,5
86251,2
86252,1
86253,2
86254,0
86255,2
86256,3
86257,5
86258,2
86259,2
86260,1
86261,1
86262,1
86263,5
86264,3
86265,4
86266,2
86267,4
86268,2
86269,4
86270,0
86271,1
86272,1
86273,1
86274,2
86275,4
86276,2
86277,0
86278,4
86279,3
86280,3
86281,0
86282,3
86283,4
86284,2
86285,0
86286,1
86287,1
86288,2
86289,6
86290,2
86291,3
86292,0
86293,2
86294,4
86295,2
86296,2
86297,2
86298,5
86299,0
86300,1
86301,2
86302,6
86303,5
86304,4
86305,2
86306,6
86307,5
86308,2
86309,4
86310,1
86311,2
86312,5
86313,4
86314,4
86315,2
86316,1
86317,2
86318,5
86319,2
86320,5
86321,4
86322,6
86323,5
86324,4
86325,1
86326,1
86327,3
86328,2
86329,0
86330,1
86331,3
86332,5
86333,5
86334,1
86335,6
86336,2
86337,1
86338,4
86339,3
86340,4
86341,1
86342,0
86343,3
86344,1
86345,6
86346,3
86347,3
86348,5
86349,2
86350,5
86351,0
86352,5
86353,0
86354,4
86355,4
86356,5
86357,2
86358,2
86359,5
86360,6
86361,1
86362,1
86363,2
86364,2
86365,0
86366,2
86367,3
86368,0
86369,6
86370,1
86371,2
86372,1
86373,3
86374,6
86375,5
86376,0
86377,1
86378,1
86379,3
86380,1
86381,4
86382,1
86383,4
86384,2
86385,2
86386,2
86387,4
86388,1
86389,2
86390,1
86391,2
86392,6
86393,2
86394,2
86395,3
86396,3
86397,1
86398,3
86399,2
86400,6
86401,6
86402,6
86403,2
86404,0
86405,4
86406,1
86407,5
86408,1
86409,0
86410,1
86411,2
86412,2
86413,4
86414,3
86415,6
86416,6
86417,3
86418,3
86419,3
86420,1
86421,0
86422,3
86423,2
86424,1
86425,0
86426,6
86427,0
86428,1
86429,1
86430,6
86431,6
86432,5
86433,0
86434,1
86435,0
86436,2
86437,6
86438,1
86439,0
86440,2
86441,5
86442,2
86443,1
86444,3
86445,0
86446,1
86447,5
86448,2
86449,3
86450,4
86451,2
86452,1
86453,2
86454,2
86455,0
86456,6
86457,1
86458,1
86459,1
86460,4
86461,1
86462,1
86463,1
86464,2
86465,3
86466,4
86467,3
86468,2
86469,2
86470,0
86471,2
86472,4
86473,2
86474,1
86475,1
86476,3
86477,1
86478,3
86479,6
86480,1
86481,3
86482,1
86483,2
86484,1
86485,3
86486,1
86487,5
86488,1
86489,1
86490,2
86491,2
86492,2
86493,4
86494,2
86495,2
86496,1
86497,2
86498,2
86499,1
86500,1
86501,3
86502,0
86503,4
86504,1
86505,1
86506,3
86507,1
86508,2
86509,1
86510,2
86511,5
86512,1
86513,2
86514,3
86515,2
86516,1
86517,3
86518,2
86519,0
86520,1
86521,3
86522,2
86523,3
86524,2
86525,4
86526,3
86527,2
86528,1
86529,0
86530,5
86531,2
86532,1
86533,5
86534,2
86535,1
86536,2
86537,1
86538,2
86539,4
86540,1
86541,6
86542,3
86543,6
86544,0
86545,2
86546,2
86547,4
86548,1
86549,0
86550,2
86551,4
86552,6
86553,2
86554,4
86555,2
86556,3
86557,0
86558,1
86559,3
86560,5
86561,3
86562,1
86563,0
86564,4
86565,0
86566,0
86567,6
86568,0
86569,2
86570,6
86571,2
86572,3
86573,1
86574,0
86575,1
86576,0
86577,2
86578,1
86579,1
86580,0
86581,1
86582,6
86583,0
86584,1
86585,3
86586,0
86587,6
86588,4
86589,2
86590,3
86591,2
86592,1
86593,6
86594,6
86595,2
86596,0
86597,2
86598,4
86599,2
86600,2
86601,0
86602,6
86603,2
86604,3
86605,1
86606,4
86607,2
86608,6
86609,0
86610,5
86611,4
86612,2
86613,2
86614,2
86615,6
86616,1
86617,1
86618,1
86619,6
86620,3
86621,0
86622,2
86623,5
86624,2
86625,0
86626,6
86627,5
86628,3
86629,0
86630,5
86631,0
86632,3
86633,1
86634,3
86635,1
86636,6
86637,3
86638,4
86639,1
86640,2
86641,1
86642,1
86643,2
86644,2
86645,2
86646,6
86647,3
86648,2
86649,1
86650,5
86651,0
86652,6
86653,1
86654,4
86655,0
86656,6
86657,2
86658,4
86659,2
86660,5
86661,4
86662,5
86663,1
86664,2
86665,5
86666,6
86667,5
86668,6
86669,2
86670,3
86671,2
86672,0
86673,0
86674,1
86675,2
86676,3
86677,1
86678,4
86679,0
86680,1
86681,1
86682,2
86683,1
86684,5
86685,2
86686,4
86687,5
86688,5
86689,2
86690,2
86691,4
86692,3
86693,2
86694,2
86695,0
86696,6
86697,1
86698,4
86699,1
86700,1
86701,5
86702,1
86703,6
86704,1
86705,0
86706,0
86707,0
86708,5
86709,2
86710,1
86711,3
86712,3
86713,0
86714,2
86715,0
86716,2
86717,1
86718,1
86719,1
86720,1
86721,1
86722,4
86723,6
86724,3
86725,1
86726,0
86727,1
86728,1
86729,6
86730,2
86731,0
86732,4
86733,2
86734,6
86735,2
86736,6
86737,4
86738,3
86739,0
86740,1
86741,2
86742,3
86743,1
86744,5
86745,2
86746,2
86747,2
86748,2
86749,4
86750,2
86751,2
86752,5
86753,6
86754,0
86755,4
86756,1
86757,3
86758,4
86759,5
86760,3
86761,4
86762,2
86763,2
86764,0
86765,6
86766,3
86767,3
86768,0
86769,2
86770,1
86771,2
86772,1
86773,3
86774,2
86775,0
86776,0
86777,1
86778,1
86779,2
86780,4
86781,2
86782,1
86783,2
86784,5
86785,6
86786,0
86787,1
86788,1
86789,1
86790,2
86791,2
86792,2
86793,6
86794,5
86795,0
86796,2
86797,2
86798,1
86799,6
86800,1
86801,0
86802,2
86803,3
86804,5
86805,4
86806,2
86807,6
86808,6
86809,2
86810,1
86811,0
86812,2
86813,4
86814,2
86815,2
86816,4
86817,2
86818,1
86819,1
86820,2
86821,0
86822,3
86823,6
86824,5
86825,4
86826,6
86827,1
86828,4
86829,1
86830,2
86831,1
86832,0
86833,6
86834,2
86835,5
86836,1
86837,2
86838,4
86839,3
86840,5
86841,6
86842,0
86843,1
86844,0
86845,1
86846,2
86847,0
86848,2
86849,1
86850,3
86851,1
86852,1
86853,1
86854,3
86855,6
86856,0
86857,6
86858,1
86859,2
86860,3
86861,1
86862,4
86863,2
86864,1
86865,2
86866,2
86867,0
86868,3
86869,6
86870,6
86871,1
86872,0
86873,4
86874,5
86875,3
86876,3
86877,5
86878,0
86879,0
86880,2
86881,5
86882,4
86883,1
86884,0
86885,3
86886,1
86887,2
86888,2
86889,2
86890,2
86891,1
86892,5
86893,1
86894,1
86895,4
86896,2
86897,3
86898,1
86899,6
86900,1
86901,1
86902,2
86903,2
86904,3
86905,5
86906,1
86907,1
86908,1
86909,1
86910,1
86911,1
86912,4
86913,1
86914,3
86915,5
86916,5
86917,0
86918,3
86919,4
86920,2
86921,1
86922,6
86923,2
86924,4
86925,2
86926,3
86927,1
86928,3
86929,4
86930,3
86931,6
86932,2
86933,1
86934,1
86935,1
86936,3
86937,4
86938,2
86939,1
86940,5
86941,1
86942,1
86943,0
86944,1
86945,1
86946,0
86947,4
86948,3
86949,1
86950,0
86951,4
86952,2
86953,3
86954,6
86955,0
86956,3
86957,3
86958,6
86959,0
86960,1
86961,1
86962,1
86963,5
86964,1
86965,3
86966,3
86967,3
86968,4
86969,0
86970,5
86971,2
86972,0
86973,2
86974,0
86975,1
86976,6
86977,1
86978,4
86979,3
86980,1
86981,6
86982,6
86983,1
86984,0
86985,4
86986,1
86987,2
86988,2
86989,4
86990,2
86991,2
86992,1
86993,2
86994,2
86995,6
86996,3
86997,1
86998,3
86999,1
87000,2
87001,5
87002,6
87003,1
87004,1
87005,2
87006,0
87007,1
87008,0
87009,0
87010,2
87011,2
87012,6
87013,1
87014,0
87015,6
87016,6
87017,2
87018,6
87019,3
87020,4
87021,4
87022,1
87023,0
87024,6
87025,1
87026,0
87027,0
87028,2
87029,5
87030,3
87031,2
87032,0
87033,6
87034,1
87035,2
87036,2
87037,0
87038,4
87039,1
87040,1
87041,2
87042,0
87043,1
87044,1
87045,2
87046,2
87047,3
87048,2
87049,6
87050,1
87051,0
87052,4
87053,4
87054,0
87055,5
87056,0
87057,4
87058,5
87059,1
87060,0
87061,2
87062,1
87063,5
87064,3
87065,5
87066,3
87067,2
87068,2
87069,0
87070,6
87071,3
87072,1
87073,1
87074,3
87075,1
87076,5
87077,4
87078,4
87079,6
87080,3
87081,3
87082,2
87083,0
87084,1
87085,1
87086,0
87087,1
87088,1
87089,2
87090,3
87091,2
87092,6
87093,1
87094,2
87095,3
87096,3
87097,2
87098,6
87099,6
87100,3
87101,0
87102,1
87103,6
87104,1
87105,1
87106,2
87107,6
87108,2
87109,2
87110,3
87111,2
87112,3
87113,2
87114,1
87115,1
87116,5
87117,0
87118,4
87119,1
87120,1
87121,2
87122,2
87123,5
87124,1
87125,2
87126,5
87127,4
87128,4
87129,1
87130,1
87131,2
87132,6
87133,2
87134,1
87135,6
87136,0
87137,4
87138,2
87139,5
87140,5
87141,3
87142,1
87143,6
87144,2
87145,1
87146,1
87147,0
87148,6
87149,1
87150,0
87151,6
87152,0
87153,1
87154,1
87155,5
87156,2
87157,6
87158,4
87159,4
87160,2
87161,1
87162,3
87163,3
87164,1
87165,0
87166,3
87167,2
87168,2
87169,5
87170,2
87171,1
87172,0
87173,1
87174,6
87175,1
87176,1
87177,6
87178,4
87179,0
87180,2
87181,5
87182,3
87183,3
87184,2
87185,4
87186,6
87187,1
87188,4
87189,5
87190,2
87191,3
87192,2
87193,6
87194,0
87195,0
87196,1
87197,2
87198,5
87199,1
87200,2
87201,1
87202,4
87203,2
87204,2
87205,3
87206,1
87207,0
87208,2
87209,4
87210,6
87211,1
87212,5
87213,4
87214,2
87215,3
87216,2
87217,6
87218,2
87219,1
87220,1
87221,3
87222,3
87223,6
87224,2
87225,3
87226,1
87227,5
87228,2
87229,6
87230,6
87231,3
87232,5
87233,4
87234,5
87235,0
87236,2
87237,1
87238,3
87239,3
87240,2
87241,1
87242,4
87243,2
87244,2
87245,2
87246,5
87247,2
87248,1
87249,2
87250,0
87251,5
87252,3
87253,6
87254,1
87255,0
87256,0
87257,1
87258,2
87259,1
87260,6
87261,6
87262,0
87263,6
87264,3
87265,1
87266,2
87267,2
87268,5
87269,3
87270,3
87271,4
87272,1
87273,2
87274,2
87275,2
87276,1
87277,5
87278,3
87279,4
87280,6
87281,6
87282,6
87283,1
87284,1
87285,5
87286,2
87287,1
87288,2
87289,0
87290,2
87291,2
87292,6
87293,0
87294,2
87295,0
87296,6
87297,1
87298,6
87299,6
87300,2
87301,3
87302,3
87303,1
87304,0
87305,2
87306,5
87307,6
87308,3
87309,2
87310,0
87311,2
87312,2
87313,0
87314,1
87315,1
87316,2
87317,0
87318,2
87319,2
87320,1
87321,0
87322,6
87323,1
87324,1
87325,2
87326,1
87327,1
87328,6
87329,2
87330,1
87331,3
87332,3
87333,2
87334,3
87335,1
87336,5
87337,5
87338,6
87339,1
87340,5
87341,0
87342,1
87343,0
87344,1
87345,4
87346,6
87347,1
87348,4
87349,2
87350,2
87351,4
87352,4
87353,5
87354,0
87355,4
87356,2
87357,2
87358,6
87359,1
87360,2
87361,1
87362,1
87363,5
87364,4
87365,4
87366,2
87367,2
87368,3
87369,0
87370,1
87371,2
87372,2
87373,2
87374,2
87375,4
87376,1
87377,0
87378,3
87379,1
87380,6
87381,1
87382,2
87383,5
87384,2
87385,1
87386,4
87387,2
87388,2
87389,6
87390,1
87391,2
87392,1
87393,2
87394,1
87395,1
87396,1
87397,3
87398,1
87399,1
87400,5
87401,6
87402,1
87403,6
87404,3
87405,6
87406,1
87407,2
87408,1
87409,0
87410,2
87411,0
87412,1
87413,0
87414,2
87415,2
87416,2
87417,2
87418,2
87419,2
87420,1
87421,2
87422,2
87423,1
87424,1
87425,5
87426,3
87427,5
87428,3
87429,2
87430,2
87431,3
87432,3
87433,5
87434,1
87435,2
87436,3
87437,5
87438,6
87439,5
87440,4
87441,0
87442,3
87443,3
87444,0
87445,1
87446,1
87447,2
87448,5
87449,6
87450,1
87451,2
87452,1
87453,1
87454,2
87455,2
87456,1
87457,6
87458,6
87459,4
87460,2
87461,6
87462,4
87463,2
87464,4
87465,1
87466,4
87467,2
87468,3
87469,1
87470,5
87471,2
87472,4
87473,5
87474,1
87475,1
87476,0
87477,3
87478,0
87479,3
87480,5
87481,6
87482,2
87483,6
87484,1
87485,1
87486,5
87487,2
87488,3
87489,1
87490,5
87491,5
87492,3
87493,5
87494,3
87495,0
87496,4
87497,2
87498,0
87499,4
87500,4
87501,6
87502,3
87503,3
87504,1
87505,1
87506,1
87507,6
87508,0
87509,2
87510,2
87511,2
87512,4
87513,6
87514,1
87515,1
87516,1
87517,3
87518,2
87519,5
87520,5
87521,2
87522,3
87523,3
87524,2
87525,1
87526,0
87527,1
87528,2
87529,1
87530,3
87531,6
87532,2
87533,1
87534,1
87535,2
87536,5
87537,1
87538,3
87539,6
87540,6
87541,1
87542,2
87543,6
87544,2
87545,3
87546,0
87547,3
87548,1
87549,1
87550,0
87551,6
87552,0
87553,0
87554,1
87555,0
87556,0
87557,0
87558,2
87559,6
87560,4
87561,6
87562,3
87563,4
87564,1
87565,0
87566,1
87567,4
87568,3
87569,3
87570,2
87571,1
87572,4
87573,6
87574,3
87575,2
87576,2
87577,1
87578,3
87579,5
87580,4
87581,2
87582,2
87583,6
87584,5
87585,4
87586,2
87587,3
87588,1
87589,2
87590,0
87591,2
87592,3
87593,2
87594,6
87595,3
87596,4
87597,3
87598,6
87599,1
87600,4
87601,6
87602,2
87603,4
87604,3
87605,6
87606,4
87607,2
87608,4
87609,1
87610,1
87611,4
87612,5
87613,2
87614,3
87615,5
87616,2
87617,2
87618,4
87619,2
87620,4
87621,2
87622,5
87623,5
87624,3
87625,5
87626,1
87627,2
87628,6
87629,2
87630,4
87631,1
87632,1
87633,2
87634,4
87635,3
87636,0
87637,2
87638,1
87639,4
87640,2
87641,2
87642,0
87643,1
87644,2
87645,4
87646,3
87647,6
87648,5
87649,2
87650,4
87651,1
87652,5
87653,6
87654,3
87655,0
87656,3
87657,5
87658,2
87659,5
87660,5
87661,3
87662,4
87663,1
87664,1
87665,1
87666,0
87667,1
87668,1
87669,0
87670,6
87671,0
87672,6
87673,5
87674,1
87675,4
87676,1
87677,0
87678,4
87679,3
87680,2
87681,1
87682,3
87683,1
87684,1
87685,3
87686,6
87687,1
87688,2
87689,4
87690,2
87691,3
87692,3
87693,3
87694,0
87695,4
87696,6
87697,2
87698,1
87699,0
87700,2
87701,0
87702,3
87703,4
87704,1
87705,1
87706,1
87707,0
87708,5
87709,6
87710,1
87711,0
87712,4
87713,1
87714,3
87715,2
87716,1
87717,2
87718,1
87719,2
87720,1
87721,2
87722,3
87723,1
87724,4
87725,5
87726,2
87727,1
87728,2
87729,2
87730,5
87731,1
87732,2
87733,1
87734,3
87735,0
87736,4
87737,2
87738,0
87739,1
87740,0
87741,5
87742,1
87743,1
87744,2
87745,5
87746,2
87747,6
87748,4
87749,6
87750,1
87751,4
87752,3
87753,2
87754,6
87755,2
87756,2
87757,4
87758,5
87759,4
87760,2
87761,3
87762,1
87763,5
87764,4
87765,5
87766,6
87767,1
87768,3
87769,6
87770,2
87771,3
87772,2
87773,0
87774,1
87775,3
87776,1
87777,1
87778,1
87779,5
87780,4
87781,2
87782,4
87783,3
87784,3
87785,2
87786,6
87787,1
87788,1
87789,6
87790,3
87791,1
87792,5
87793,0
87794,5
87795,5
87796,2
87797,1
87798,4
87799,1
87800,5
87801,3
87802,6
87803,5
87804,6
87805,5
87806,1
87807,6
87808,2
87809,2
87810,6
87811,0
87812,0
87813,3
87814,4
87815,2
87816,6
87817,1
87818,0
87819,0
87820,1
87821,2
87822,0
87823,2
87824,2
87825,5
87826,1
87827,2
87828,0
87829,0
87830,3
87831,2
87832,4
87833,1
87834,2
87835,1
87836,3
87837,4
87838,4
87839,5
87840,3
87841,4
87842,6
87843,5
87844,1
87845,1
87846,3
87847,2
87848,1
87849,1
87850,1
87851,2
87852,4
87853,0
87854,0
87855,1
87856,6
87857,3
87858,2
87859,5
87860,1
87861,1
87862,3
87863,2
87864,0
87865,4
87866,5
87867,2
87868,5
87869,0
87870,2
87871,6
87872,5
87873,1
87874,4
87875,1
87876,2
87877,1
87878,3
87879,3
87880,4
87881,2
87882,1
87883,0
87884,6
87885,4
87886,1
87887,4
87888,1
87889,2
87890,3
87891,1
87892,2
87893,5
87894,2
87895,0
87896,2
87897,1
87898,3
87899,0
87900,2
87901,4
87902,5
87903,3
87904,1
87905,0
87906,3
87907,1
87908,3
87909,4
87910,0
87911,6
87912,6
87913,6
87914,3
87915,5
87916,1
87917,2
87918,0
87919,1
87920,2
87921,5
87922,1
87923,4
87924,4
87925,6
87926,5
87927,5
87928,0
87929,5
87930,6
87931,3
87932,6
87933,5
87934,4
87935,1
87936,2
87937,1
87938,0
87939,2
87940,2
87941,3
87942,1
87943,1
87944,2
87945,1
87946,2
87947,2
87948,2
87949,5
87950,6
87951,2
87952,3
87953,5
87954,5
87955,1
87956,1
87957,1
87958,5
87959,1
87960,5
87961,5
87962,2
87963,4
87964,1
87965,3
87966,2
87967,2
87968,2
87969,0
87970,1
87971,3
87972,4
87973,2
87974,0
87975,2
87976,3
87977,1
87978,5
87979,1
87980,2
87981,3
87982,0
87983,4
87984,0
87985,1
87986,2
87987,2
87988,5
87989,6
87990,6
87991,1
87992,5
87993,2
87994,2
87995,3
87996,3
87997,3
87998,3
87999,4
88000,3
88001,2
88002,1
88003,5
88004,6
88005,2
88006,0
88007,4
88008,1
88009,1
88010,5
88011,1
88012,3
88013,0
88014,0
88015,0
88016,1
88017,4
88018,0
88019,2
88020,3
88021,2
88022,2
88023,6
88024,1
88025,0
88026,2
88027,2
88028,2
88029,0
88030,3
88031,3
88032,0
88033,2
88034,4
88035,2
88036,1
88037,2
88038,1
88039,5
88040,1
88041,2
88042,1
88043,6
88044,4
88045,6
88046,4
88047,0
88048,2
88049,2
88050,1
88051,1
88052,0
88053,1
88054,3
88055,1
88056,3
88057,5
88058,3
88059,2
88060,1
88061,0
88062,6
88063,1
88064,3
88065,1
88066,1
88067,1
88068,2
88069,1
88070,5
88071,4
88072,3
88073,6
88074,4
88075,1
88076,5
88077,2
88078,3
88079,6
88080,1
88081,6
88082,1
88083,6
88084,5
88085,2
88086,5
88087,1
88088,2
88089,4
88090,4
88091,2
88092,4
88093,1
88094,2
88095,2
88096,0
88097,5
88098,4
88099,1
88100,1
88101,6
88102,5
88103,5
88104,2
88105,1
88106,6
88107,3
88108,0
88109,0
88110,2
88111,0
88112,6
88113,1
88114,2
88115,0
88116,2
88117,2
88118,4
88119,2
88120,2
88121,4
88122,0
88123,2
88124,0
88125,6
88126,4
88127,6
88128,3
88129,2
88130,1
88131,4
88132,4
88133,5
88134,4
88135,3
88136,2
88137,6
88138,0
88139,1
88140,1
88141,1
88142,2
88143,5
88144,4
88145,1
88146,4
88147,0
88148,2
88149,3
88150,2
88151,1
88152,1
88153,4
88154,2
88155,6
88156,1
88157,6
88158,4
88159,2
88160,6
88161,6
88162,1
88163,3
88164,0
88165,2
88166,1
88167,2
88168,1
88169,0
88170,0
88171,3
88172,5
88173,2
88174,0
88175,2
88176,0
88177,5
88178,2
88179,4
88180,2
88181,4
88182,6
88183,1
88184,3
88185,2
88186,1
88187,0
88188,2
88189,4
88190,6
88191,1
88192,3
88193,3
88194,0
88195,2
88196,1
88197,1
88198,2
88199,5
88200,1
88201,2
88202,5
88203,1
88204,1
88205,5
88206,1
88207,6
88208,1
88209,1
88210,6
88211,3
88212,5
88213,1
88214,0
88215,1
88216,3
88217,4
88218,1
88219,6
88220,1
88221,5
88222,2
88223,2
88224,3
88225,2
88226,2
88227,4
88228,0
88229,3
88230,3
88231,1
88232,5
88233,4
88234,6
88235,6
88236,6
88237,1
88238,0
88239,2
88240,1
88241,1
88242,4
88243,1
88244,1
88245,5
88246,4
88247,4
88248,0
88249,4
88250,1
88251,0
88252,0
88253,1
88254,1
88255,5
88256,4
88257,4
88258,2
88259,1
88260,3
88261,3
88262,4
88263,6
88264,3
88265,2
88266,2
88267,2
88268,3
88269,3
88270,1
88271,2
88272,5
88273,6
88274,1
88275,4
88276,2
88277,1
88278,5
88279,3
88280,2
88281,1
88282,1
88283,5
88284,1
88285,2
88286,1
88287,1
88288,1
88289,1
88290,3
88291,2
88292,4
88293,2
88294,5
88295,6
88296,1
88297,5
88298,3
88299,1
88300,2
88301,2
88302,3
88303,2
88304,2
88305,2
88306,6
88307,1
88308,2
88309,4
88310,2
88311,3
88312,2
88313,0
88314,2
88315,5
88316,4
88317,2
88318,6
88319,0
88320,1
88321,4
88322,1
88323,1
88324,3
88325,1
88326,1
88327,3
88328,3
88329,1
88330,5
88331,1
88332,1
88333,4
88334,3
88335,4
88336,4
88337,4
88338,6
88339,4
88340,1
88341,0
88342,2
88343,2
88344,2
88345,3
88346,2
88347,1
88348,4
88349,2
88350,2
88351,2
88352,6
88353,0
88354,0
88355,2
88356,6
88357,5
88358,1
88359,1
88360,4
88361,1
88362,2
88363,0
88364,3
88365,6
88366,5
88367,1
88368,3
88369,0
88370,6
88371,5
88372,2
88373,2
88374,1
88375,0
88376,3
88377,0
88378,5
88379,3
88380,6
88381,2
88382,2
88383,1
88384,1
88385,6
88386,1
88387,0
88388,2
88389,4
88390,1
88391,1
88392,5
88393,2
88394,2
88395,1
88396,4
88397,6
88398,6
88399,0
88400,2
88401,2
88402,3
88403,1
88404,4
88405,3
88406,4
88407,4
88408,6
88409,6
88410,1
88411,1
88412,4
88413,1
88414,3
88415,4
88416,2
88417,3
88418,0
88419,0
88420,1
88421,2
88422,6
88423,3
88424,2
88425,2
88426,6
88427,2
88428,5
88429,6
88430,2
88431,1
88432,2
88433,6
88434,1
88435,1
88436,3
88437,4
88438,4
88439,1
88440,2
88441,0
88442,4
88443,2
88444,2
88445,5
88446,1
88447,1
88448,0
88449,2
88450,6
88451,3
88452,1
88453,1
88454,0
88455,4
88456,2
88457,2
88458,6
88459,3
88460,1
88461,3
88462,4
88463,2
88464,5
88465,2
88466,3
88467,0
88468,0
88469,1
88470,5
88471,1
88472,2
88473,2
88474,4
88475,3
88476,4
88477,2
88478,4
88479,2
88480,2
88481,4
88482,4
88483,1
88484,2
88485,2
88486,0
88487,4
88488,6
88489,1
88490,2
88491,6
88492,3
88493,5
88494,0
88495,2
88496,2
88497,4
88498,2
88499,0
88500,2
88501,1
88502,2
88503,1
88504,4
88505,1
88506,1
88507,3
88508,0
88509,1
88510,3
88511,0
88512,6
88513,3
88514,2
88515,2
88516,5
88517,1
88518,1
88519,0
88520,4
88521,2
88522,4
88523,3
88524,1
88525,3
88526,0
88527,0
88528,1
88529,2
88530,5
88531,5
88532,2
88533,0
88534,2
88535,2
88536,1
88537,3
88538,2
88539,1
88540,5
88541,1
88542,4
88543,1
88544,1
88545,2
88546,0
88547,2
88548,4
88549,2
88550,1
88551,2
88552,1
88553,0
88554,2
88555,2
88556,0
88557,2
88558,0
88559,1
88560,5
88561,1
88562,5
88563,6
88564,1
88565,0
88566,5
88567,0
88568,4
88569,0
88570,0
88571,1
88572,2
88573,1
88574,6
88575,1
88576,2
88577,2
88578,5
88579,2
88580,2
88581,6
88582,6
88583,6
88584,0
88585,1
88586,0
88587,3
88588,3
88589,3
88590,0
88591,0
88592,1
88593,3
88594,2
88595,4
88596,0
88597,2
88598,2
88599,5
88600,4
88601,0
88602,1
88603,1
88604,1
88605,1
88606,1
88607,3
88608,2
88609,5
88610,3
88611,3
88612,2
88613,1
88614,0
88615,5
88616,3
88617,6
88618,0
88619,2
88620,0
88621,1
88622,2
88623,3
88624,4
88625,4
88626,1
88627,5
88628,1
88629,1
88630,2
88631,3
88632,1
88633,3
88634,4
88635,3
88636,1
88637,0
88638,5
88639,1
88640,4
88641,2
88642,0
88643,3
88644,0
88645,2
88646,1
88647,4
88648,6
88649,0
88650,1
88651,5
88652,2
88653,2
88654,3
88655,2
88656,3
88657,1
88658,1
88659,2
88660,6
88661,3
88662,1
88663,2
88664,0
88665,0
88666,2
88667,0
88668,6
88669,5
88670,3
88671,6
88672,2
88673,1
88674,2
88675,3
88676,2
88677,1
88678,1
88679,4
88680,6
88681,2
88682,5
88683,1
88684,3
88685,2
88686,1
88687,3
88688,1
88689,4
88690,1
88691,2
88692,1
88693,0
88694,4
88695,3
88696,2
88697,0
88698,3
88699,1
88700,3
88701,0
88702,4
88703,2
88704,1
88705,0
88706,1
88707,1
88708,5
88709,4
88710,2
88711,2
88712,3
88713,1
88714,1
88715,4
88716,0
88717,6
88718,4
88719,4
88720,1
88721,1
88722,1
88723,1
88724,4
88725,3
88726,2
88727,0
88728,2
88729,4
88730,4
88731,5
88732,4
88733,3
88734,1
88735,0
88736,6
88737,1
88738,1
88739,5
88740,0
88741,1
88742,2
88743,0
88744,6
88745,6
88746,2
88747,5
88748,3
88749,2
88750,1
88751,4
88752,1
88753,2
88754,1
88755,3
88756,6
88757,1
88758,0
88759,2
88760,1
88761,1
88762,0
88763,0
88764,4
88765,4
88766,2
88767,4
88768,0
88769,1
88770,3
88771,4
88772,4
88773,0
88774,1
88775,2
88776,6
88777,0
88778,4
88779,6
88780,0
88781,2
88782,4
88783,1
88784,6
88785,1
88786,4
88787,1
88788,2
88789,5
88790,1
88791,4
88792,0
88793,4
88794,2
88795,2
88796,4
88797,0
88798,1
88799,1
88800,1
88801,1
88802,6
88803,5
88804,6
88805,1
88806,2
88807,3
88808,2
88809,1
88810,6
88811,1
88812,1
88813,2
88814,1
88815,4
88816,1
88817,5
88818,3
88819,2
88820,5
88821,3
88822,5
88823,2
88824,2
88825,5
88826,2
88827,2
88828,1
88829,4
88830,0
88831,1
88832,2
88833,3
88834,0
88835,5
88836,1
88837,5
88838,1
88839,1
88840,2
88841,2
88842,1
88843,0
88844,6
88845,5
88846,0
88847,2
88848,3
88849,0
88850,6
88851,2
88852,1
88853,2
88854,3
88855,2
88856,0
88857,1
88858,5
88859,2
88860,2
88861,6
88862,2
88863,2
88864,1
88865,2
88866,3
88867,1
88868,1
88869,4
88870,2
88871,2
88872,3
88873,5
88874,1
88875,0
88876,6
88877,1
88878,1
88879,2
88880,5
88881,6
88882,0
88883,5
88884,6
88885,2
88886,3
88887,5
88888,4
88889,3
88890,1
88891,1
88892,1
88893,4
88894,2
88895,1
88896,1
88897,5
88898,3
88899,5
88900,1
88901,1
88902,2
88903,1
88904,0
88905,6
88906,2
88907,0
88908,1
88909,2
88910,5
88911,4
88912,5
88913,3
88914,3
88915,3
88916,1
88917,5
88918,1
88919,4
88920,6
88921,4
88922,2
88923,2
88924,6
88925,2
88926,5
88927,0
88928,4
88929,1
88930,1
88931,6
88932,4
88933,2
88934,0
88935,6
88936,2
88937,3
88938,2
88939,1
88940,3
88941,0
88942,3
88943,4
88944,6
88945,1
88946,0
88947,1
88948,2
88949,3
88950,1
88951,3
88952,1
88953,2
88954,4
88955,0
88956,2
88957,3
88958,1
88959,2
88960,2
88961,1
88962,2
88963,1
88964,4
88965,2
88966,5
88967,4
88968,0
88969,3
88970,4
88971,6
88972,0
88973,6
88974,3
88975,0
88976,0
88977,4
88978,2
88979,6
88980,1
88981,1
88982,1
88983,4
88984,4
88985,5
88986,0
88987,2
88988,2
88989,4
88990,5
88991,3
88992,1
88993,3
88994,1
88995,4
88996,3
88997,2
88998,4
88999,2
89000,4
89001,0
89002,2
89003,1
89004,0
89005,0
89006,3
89007,2
89008,4
89009,6
89010,0
89011,1
89012,5
89013,2
89014,5
89015,3
89016,5
89017,2
89018,1
89019,5
89020,2
89021,2
89022,3
89023,5
89024,2
89025,3
89026,3
89027,1
89028,4
89029,5
89030,0
89031,2
89032,1
89033,3
89034,1
89035,3
89036,0
89037,1
89038,3
89039,3
89040,6
89041,4
89042,2
89043,2
89044,2
89045,2
89046,2
89047,1
89048,0
89049,1
89050,0
89051,3
89052,1
89053,0
89054,1
89055,5
89056,6
89057,3
89058,4
89059,2
89060,1
89061,2
89062,0
89063,5
89064,5
89065,0
89066,5
89067,2
89068,1
89069,6
89070,6
89071,0
89072,1
89073,5
89074,1
89075,5
89076,4
89077,4
89078,1
89079,1
89080,0
89081,1
89082,5
89083,3
89084,4
89085,5
89086,6
89087,6
89088,5
89089,6
89090,1
89091,6
89092,0
89093,6
89094,1
89095,4
89096,3
89097,0
89098,3
89099,2
89100,2
89101,5
89102,5
89103,2
89104,4
89105,5
89106,4
89107,2
89108,0
89109,3
89110,1
89111,4
89112,1
89113,0
89114,0
89115,2
89116,0
89117,3
89118,2
89119,6
89120,1
89121,6
89122,1
89123,3
89124,2
89125,0
89126,2
89127,6
89128,4
89129,3
89130,3
89131,0
89132,4
89133,6
89134,3
89135,5
89136,3
89137,3
89138,1
89139,5
89140,4
89141,1
89142,2
89143,4
89144,1
89145,0
89146,0
89147,1
89148,4
89149,1
89150,1
89151,0
89152,2
89153,1
89154,2
89155,1
89156,6
89157,1
89158,1
89159,5
89160,2
89161,0
89162,2
89163,6
89164,3
89165,1
89166,1
89167,5
89168,2
89169,4
89170,1
89171,0
89172,5
89173,2
89174,3
89175,4
89176,2
89177,1
89178,5
89179,2
89180,1
89181,1
89182,3
89183,4
89184,2
89185,1
89186,4
89187,2
89188,4
89189,0
89190,6
89191,0
89192,2
89193,1
89194,0
89195,1
89196,0
89197,2
89198,4
89199,1
89200,3
89201,4
89202,4
89203,0
89204,2
89205,3
89206,1
89207,6
89208,1
89209,2
89210,2
89211,3
89212,3
89213,6
89214,4
89215,1
89216,6
89217,2
89218,1
89219,4
89220,2
89221,1
89222,3
89223,3
89224,1
89225,2
89226,1
89227,3
89228,1
89229,5
89230,3
89231,2
89232,3
89233,4
89234,1
89235,4
89236,0
89237,5
89238,3
89239,0
89240,6
89241,2
89242,3
89243,1
89244,4
89245,2
89246,1
89247,5
89248,1
89249,1
89250,2
89251,1
89252,1
89253,1
89254,6
89255,2
89256,2
89257,5
89258,5
89259,0
89260,6
89261,1
89262,1
89263,2
89264,6
89265,6
89266,6
89267,6
89268,1
89269,3
89270,5
89271,5
89272,1
89273,1
89274,4
89275,5
89276,3
89277,0
89278,5
89279,0
89280,2
89281,1
89282,1
89283,5
89284,2
89285,0
89286,1
89287,2
89288,2
89289,1
89290,3
89291,1
89292,2
89293,3
89294,2
89295,3
89296,3
89297,1
89298,1
89299,6
89300,4
89301,1
89302,5
89303,1
89304,1
89305,3
89306,2
89307,0
89308,2
89309,3
89310,6
89311,1
89312,2
89313,0
89314,2
89315,1
89316,1
89317,1
89318,5
89319,2
89320,2
89321,1
89322,3
89323,1
89324,2
89325,2
89326,3
89327,2
89328,0
89329,0
89330,6
89331,0
89332,1
89333,1
89334,2
89335,3
89336,0
89337,1
89338,0
89339,4
89340,4
89341,2
89342,6
89343,5
89344,0
89345,2
89346,3
89347,1
89348,1
89349,2
89350,0
89351,6
89352,2
89353,2
89354,2
89355,1
89356,1
89357,1
89358,4
89359,0
89360,4
89361,6
89362,3
89363,2
89364,5
89365,0
89366,3
89367,1
89368,2
89369,0
89370,4
89371,6
89372,3
89373,4
89374,2
89375,5
89376,1
89377,3
89378,1
89379,1
89380,1
89381,2
89382,1
89383,2
89384,3
89385,1
89386,5
89387,0
89388,2
89389,1
89390,5
89391,6
89392,2
89393,5
89394,4
89395,1
89396,0
89397,4
89398,1
89399,2
89400,1
89401,2
89402,2
89403,4
89404,2
89405,2
89406,4
89407,5
89408,3
89409,0
89410,3
89411,2
89412,5
89413,3
89414,4
89415,5
89416,6
89417,6
89418,1
89419,1
89420,6
89421,2
89422,6
89423,6
89424,2
89425,0
89426,3
89427,2
89428,0
89429,1
89430,5
89431,1
89432,2
89433,4
89434,6
89435,0
89436,1
89437,0
89438,5
89439,5
89440,4
89441,1
89442,3
89443,2
89444,0
89445,1
89446,2
89447,1
89448,2
89449,1
89450,6
89451,5
89452,2
89453,0
89454,1
89455,6
89456,0
89457,3
89458,1
89459,5
89460,5
89461,0
89462,6
89463,4
89464,2
89465,3
89466,2
89467,6
89468,4
89469,1
89470,0
89471,5
89472,2
89473,3
89474,6
89475,1
89476,5
89477,3
89478,1
89479,1
89480,4
89481,6
89482,6
89483,1
89484,4
89485,0
89486,2
89487,4
89488,5
89489,6
89490,1
89491,2
89492,0
89493,5
89494,0
89495,1
89496,2
89497,0
89498,0
89499,6
89500,4
89501,1
89502,3
89503,3
89504,1
89505,5
89506,2
89507,2
89508,2
89509,1
89510,2
89511,2
89512,3
89513,2
89514,0
89515,0
89516,4
89517,0
89518,6
89519,6
89520,1
89521,0
89522,0
89523,2
89524,6
89525,2
89526,1
89527,5
89528,0
89529,2
89530,2
89531,2
89532,1
89533,2
89534,2
89535,5
89536,2
89537,1
89538,0
89539,6
89540,0
89541,4
89542,6
89543,4
89544,1
89545,1
89546,6
89547,2
89548,2
89549,2
89550,2
89551,1
89552,6
89553,4
89554,2
89555,1
89556,3
89557,1
89558,0
89559,0
89560,3
89561,3
89562,2
89563,2
89564,2
89565,1
89566,1
89567,3
89568,6
89569,2
89570,1
89571,3
89572,5
89573,6
89574,4
89575,1
89576,3
89577,6
89578,2
89579,2
89580,3
89581,3
89582,5
89583,2
89584,3
89585,3
89586,2
89587,3
89588,6
89589,1
89590,3
89591,3
89592,2
89593,5
89594,2
89595,0
89596,2
89597,2
89598,1
89599,2
89600,2
89601,1
89602,2
89603,1
89604,2
89605,1
89606,1
89607,3
89608,1
89609,2
89610,3
89611,4
89612,1
89613,3
89614,3
89615,4
89616,6
89617,4
89618,6
89619,6
89620,3
89621,4
89622,1
89623,1
89624,2
89625,0
89626,4
89627,1
89628,4
89629,2
89630,4
89631,6
89632,2
89633,5
89634,3
89635,0
89636,1
89637,1
89638,0
89639,1
89640,1
89641,2
89642,2
89643,3
89644,2
89645,0
89646,2
89647,1
89648,1
89649,2
89650,0
89651,0
89652,2
89653,0
89654,4
89655,4
89656,2
89657,2
89658,1
89659,6
89660,6
89661,2
89662,2
89663,2
89664,2
89665,0
89666,1
89667,5
89668,4
89669,2
89670,2
89671,1
89672,0
89673,0
89674,3
89675,1
89676,6
89677,1
89678,5
89679,3
89680,1
89681,1
89682,2
89683,6
89684,2
89685,6
89686,1
89687,3
89688,0
89689,1
89690,0
89691,2
89692,6
89693,0
89694,1
89695,2
89696,1
89697,0
89698,3
89699,6
89700,5
89701,2
89702,1
89703,1
89704,1
89705,1
89706,5
89707,2
89708,4
89709,2
89710,2
89711,1
89712,2
89713,1
89714,1
89715,1
89716,2
89717,0
89718,0
89719,3
89720,4
89721,1
89722,0
89723,4
89724,6
89725,2
89726,6
89727,5
89728,0
89729,0
89730,1
89731,1
89732,1
89733,1
89734,2
89735,2
89736,1
89737,6
89738,1
89739,1
89740,3
89741,2
89742,4
89743,2
89744,3
89745,2
89746,1
89747,2
89748,4
89749,2
89750,4
89751,6
89752,5
89753,5
89754,1
89755,4
89756,3
89757,1
89758,2
89759,6
89760,4
89761,4
89762,0
89763,1
89764,6
89765,2
89766,4
89767,2
89768,2
89769,1
89770,0
89771,0
89772,2
89773,2
89774,4
89775,4
89776,1
89777,1
89778,4
89779,1
89780,0
89781,1
89782,1
89783,5
89784,1
89785,5
89786,0
89787,2
89788,3
89789,2
89790,4
89791,4
89792,6
89793,0
89794,1
89795,1
89796,4
89797,0
89798,4
89799,4
89800,1
89801,1
89802,5
89803,2
89804,2
89805,2
89806,6
89807,2
89808,1
89809,3
89810,3
89811,0
89812,3
89813,0
89814,6
89815,4
89816,1
89817,1
89818,3
89819,0
89820,4
89821,1
89822,1
89823,2
89824,3
89825,2
89826,1
89827,2
89828,2
89829,4
89830,3
89831,3
89832,2
89833,1
89834,1
89835,6
89836,5
89837,4
89838,2
89839,0
89840,6
89841,1
89842,1
89843,1
89844,4
89845,0
89846,2
89847,0
89848,3
89849,1
89850,1
89851,2
89852,4
89853,1
89854,2
89855,2
89856,1
89857,2
89858,3
89859,4
89860,2
89861,6
89862,5
89863,2
89864,2
89865,2
89866,5
89867,2
89868,6
89869,1
89870,6
89871,1
89872,5
89873,2
89874,3
89875,0
89876,5
89877,6
89878,4
89879,4
89880,1
89881,5
89882,6
89883,1
89884,4
89885,3
89886,4
89887,1
89888,2
89889,3
89890,1
89891,2
89892,0
89893,2
89894,6
89895,1
89896,6
89897,4
89898,5
89899,6
89900,3
89901,1
89902,1
89903,2
89904,2
89905,1
89906,0
89907,2
89908,5
89909,1
89910,3
89911,2
89912,0
89913,5
89914,6
89915,1
89916,1
89917,5
89918,1
89919,1
89920,6
89921,4
89922,1
89923,4
89924,1
89925,2
89926,1
89927,0
89928,2
89929,2
89930,5
89931,6
89932,1
89933,5
89934,2
89935,3
89936,3
89937,2
89938,4
89939,0
89940,5
89941,5
89942,1
89943,0
89944,5
89945,4
89946,4
89947,3
89948,3
89949,1
89950,6
89951,3
89952,1
89953,2
89954,0
89955,0
89956,1
89957,6
89958,3
89959,2
89960,2
89961,0
89962,0
89963,2
89964,6
89965,0
89966,3
89967,2
89968,2
89969,6
89970,1
89971,2
89972,6
89973,2
89974,4
89975,0
89976,4
89977,0
89978,3
89979,3
89980,4
89981,0
89982,6
89983,0
89984,2
89985,1
89986,6
89987,2
89988,4
89989,1
89990,0
89991,1
89992,0
89993,1
89994,1
89995,1
89996,0
89997,5
89998,5
89999,6
90000,1
90001,2
90002,5
90003,4
90004,1
90005,2
90006,1
90007,5
90008,1
90009,3
90010,1
90011,3
90012,1
90013,4
90014,0
90015,2
90016,2
90017,5
90018,4
90019,5
90020,4
90021,3
90022,1
90023,0
90024,4
90025,1
90026,5
90027,6
90028,2
90029,2
90030,3
90031,5
90032,2
90033,6
90034,1
90035,2
90036,2
90037,2
90038,2
90039,5
90040,3
90041,2
90042,1
90043,6
90044,5
90045,3
90046,6
90047,3
90048,6
90049,1
90050,2
90051,1
90052,3
90053,1
90054,0
90055,4
90056,3
90057,4
90058,3
90059,5
90060,4
90061,3
90062,1
90063,6
90064,2
90065,2
90066,6
90067,2
90068,4
90069,1
90070,2
90071,2
90072,6
90073,1
90074,1
90075,1
90076,1
90077,1
90078,5
90079,5
90080,5
90081,5
90082,1
90083,1
90084,2
90085,6
90086,3
90087,3
90088,4
90089,2
90090,2
90091,3
90092,4
90093,1
90094,0
90095,6
90096,6
90097,4
90098,1
90099,2
90100,3
90101,5
90102,2
90103,4
90104,1
90105,2
90106,2
90107,2
90108,3
90109,0
90110,6
90111,1
90112,3
90113,5
90114,2
90115,3
90116,5
90117,1
90118,1
90119,5
90120,1
90121,2
90122,5
90123,5
90124,2
90125,2
90126,2
90127,1
90128,2
90129,6
90130,0
90131,1
90132,1
90133,2
90134,1
90135,1
90136,3
90137,5
90138,0
90139,4
90140,2
90141,1
90142,0
90143,6
90144,5
90145,1
90146,2
90147,1
90148,0
90149,1
90150,1
90151,4
90152,1
90153,1
90154,5
90155,4
90156,0
90157,3
90158,2
90159,1
90160,4
90161,1
90162,3
90163,3
90164,0
90165,1
90166,6
90167,5
90168,2
90169,2
90170,1
90171,5
90172,0
90173,1
90174,1
90175,2
90176,0
90177,0
90178,2
90179,2
90180,2
90181,0
90182,0
90183,1
90184,1
90185,1
90186,0
90187,0
90188,5
90189,2
90190,4
90191,0
90192,0
90193,4
90194,1
90195,2
90196,0
90197,6
90198,5
90199,6
90200,1
90201,5
90202,2
90203,2
90204,3
90205,4
90206,0
90207,0
90208,2
90209,2
90210,1
90211,6
90212,2
90213,4
90214,1
90215,1
90216,1
90217,2
90218,3
90219,3
90220,3
90221,5
90222,4
90223,4
90224,1
90225,2
90226,6
90227,1
90228,3
90229,3
90230,1
90231,0
90232,2
90233,5
90234,3
90235,5
90236,1
90237,3
90238,1
90239,0
90240,5
90241,2
90242,1
90243,5
90244,5
90245,2
90246,0
90247,0
90248,3
90249,1
90250,4
90251,1
90252,4
90253,6
90254,1
90255,5
90256,3
90257,4
90258,1
90259,2
90260,1
90261,3
90262,2
90263,1
90264,5
90265,1
90266,2
90267,2
90268,6
90269,1
90270,3
90271,2
90272,5
90273,0
90274,1
90275,3
90276,2
90277,2
90278,2
90279,6
90280,1
90281,4
90282,4
90283,6
90284,1
90285,1
90286,4
90287,1
90288,6
90289,6
90290,5
90291,2
90292,4
90293,3
90294,0
90295,3
90296,2
90297,2
90298,3
90299,5
90300,1
90301,4
90302,2
90303,0
90304,2
90305,2
90306,0
90307,5
90308,5
90309,3
90310,2
90311,0
90312,2
90313,4
90314,1
90315,0
90316,0
90317,2
90318,5
90319,4
90320,0
90321,3
90322,1
90323,0
90324,1
90325,1
90326,5
90327,0
90328,0
90329,6
90330,2
90331,4
90332,1
90333,2
90334,2
90335,3
90336,1
90337,5
90338,6
90339,1
90340,1
90341,2
90342,0
90343,4
90344,2
90345,1
90346,2
90347,3
90348,3
90349,3
90350,0
90351,6
90352,3
90353,0
90354,6
90355,1
90356,2
90357,1
90358,5
90359,5
90360,1
90361,6
90362,2
90363,1
90364,2
90365,2
90366,0
90367,6
90368,2
90369,1
90370,4
90371,1
90372,0
90373,2
90374,1
90375,1
90376,1
90377,1
90378,2
90379,6
90380,4
90381,3
90382,2
90383,6
90384,2
90385,2
90386,6
90387,1
90388,2
90389,2
90390,0
90391,4
90392,0
90393,3
90394,2
90395,0
90396,3
90397,4
90398,6
90399,2
90400,2
90401,1
90402,1
90403,4
90404,2
90405,4
90406,1
90407,1
90408,1
90409,1
90410,4
90411,1
90412,4
90413,2
90414,6
90415,5
90416,1
90417,1
90418,1
90419,1
90420,1
90421,5
90422,2
90423,2
90424,1
90425,1
90426,3
90427,5
90428,2
90429,2
90430,3
90431,0
90432,1
90433,2
90434,5
90435,2
90436,1
90437,5
90438,3
90439,4
90440,0
90441,1
90442,2
90443,0
90444,3
90445,2
90446,4
90447,6
90448,1
90449,1
90450,3
90451,1
90452,3
90453,0
90454,2
90455,6
90456,0
90457,0
90458,3
90459,1
90460,6
90461,1
90462,3
90463,2
90464,2
90465,1
90466,6
90467,1
90468,0
90469,2
90470,6
90471,6
90472,6
90473,5
90474,4
90475,2
90476,6
90477,3
90478,2
90479,2
90480,3
90481,0
90482,2
90483,0
90484,0
90485,4
90486,1
90487,1
90488,5
90489,2
90490,1
90491,4
90492,1
90493,4
90494,0
90495,5
90496,1
90497,5
90498,2
90499,2
90500,2
90501,6
90502,0
90503,1
90504,5
90505,5
90506,2
90507,1
90508,2
90509,2
90510,4
90511,0
90512,5
90513,1
90514,1
90515,2
90516,2
90517,2
90518,6
90519,1
90520,1
90521,1
90522,4
90523,1
90524,3
90525,3
90526,1
90527,1
90528,5
90529,0
90530,2
90531,1
90532,1
90533,1
90534,1
90535,6
90536,2
90537,6
90538,2
90539,1
90540,2
90541,5
90542,1
90543,2
90544,1
90545,1
90546,2
90547,1
90548,2
90549,2
90550,2
90551,2
90552,0
90553,1
90554,2
90555,1
90556,0
90557,1
90558,4
90559,2
90560,2
90561,2
90562,0
90563,3
90564,1
90565,1
90566,5
90567,3
90568,1
90569,1
90570,1
90571,1
90572,1
90573,4
90574,2
90575,3
90576,1
90577,6
90578,1
90579,6
90580,2
90581,1
90582,0
90583,0
90584,2
90585,4
90586,2
90587,2
90588,1
90589,6
90590,2
90591,2
90592,3
90593,3
90594,3
90595,2
90596,1
90597,6
90598,0
90599,5
90600,4
90601,4
90602,1
90603,5
90604,1
90605,2
90606,0
90607,6
90608,0
90609,0
90610,6
90611,3
90612,1
90613,6
90614,1
90615,1
90616,1
90617,3
90618,0
90619,0
90620,0
90621,0
90622,1
90623,5
90624,5
90625,1
90626,5
90627,2
90628,2
90629,6
90630,5
90631,2
90632,2
90633,1
90634,2
90635,4
90636,0
90637,2
90638,6
90639,2
90640,1
90641,2
90642,5
90643,6
90644,4
90645,2
90646,2
90647,0
90648,1
90649,4
90650,0
90651,1
90652,2
90653,1
90654,1
90655,1
90656,2
90657,1
90658,0
90659,0
90660,2
90661,4
90662,6
90663,0
90664,1
90665,6
90666,0
90667,4
90668,4
90669,0
90670,1
90671,0
90672,6
90673,5
90674,0
90675,1
90676,1
90677,6
90678,2
90679,1
90680,2
90681,2
90682,2
90683,1
90684,4
90685,4
90686,1
90687,5
90688,0
90689,3
90690,2
90691,1
90692,4
90693,3
90694,3
90695,5
90696,3
90697,3
90698,5
90699,4
90700,5
90701,3
90702,2
90703,0
90704,6
90705,6
90706,5
90707,1
90708,4
90709,6
90710,3
90711,5
90712,1
90713,2
90714,2
90715,2
90716,1
90717,1
90718,1
90719,4
90720,2
90721,2
90722,2
90723,0
90724,1
90725,4
90726,2
90727,0
90728,5
90729,2
90730,1
90731,2
90732,3
90733,1
90734,1
90735,4
90736,2
90737,3
90738,2
90739,0
90740,1
90741,4
90742,1
90743,2
90744,0
90745,1
90746,5
90747,0
90748,4
90749,6
90750,6
90751,1
90752,1
90753,2
90754,5
90755,3
90756,3
90757,0
90758,1
90759,6
90760,6
90761,1
90762,3
90763,1
90764,3
90765,2
90766,6
90767,1
90768,0
90769,2
90770,5
90771,4
90772,2
90773,0
90774,0
90775,2
90776,2
90777,6
90778,3
90779,2
90780,3
90781,1
90782,5
90783,3
90784,4
90785,3
90786,1
90787,1
90788,2
90789,1
90790,2
90791,2
90792,2
90793,1
90794,0
90795,6
90796,2
90797,1
90798,0
90799,1
90800,2
90801,2
90802,5
90803,2
90804,6
90805,2
90806,4
90807,0
90808,3
90809,5
90810,0
90811,4
90812,1
90813,4
90814,5
90815,2
90816,3
90817,0
90818,2
90819,6
90820,1
90821,4
90822,2
90823,2
90824,6
90825,2
90826,0
90827,4
90828,1
90829,1
90830,2
90831,3
90832,0
90833,2
90834,2
90835,6
90836,5
90837,4
90838,1
90839,3
90840,0
90841,2
90842,1
90843,1
90844,0
90845,2
90846,0
90847,2
90848,4
90849,2
90850,0
90851,2
90852,2
90853,2
90854,1
90855,1
90856,6
90857,2
90858,5
90859,1
90860,0
90861,1
90862,0
90863,0
90864,1
90865,3
90866,2
90867,1
90868,1
90869,5
90870,1
90871,3
90872,0
90873,2
90874,4
90875,4
90876,0
90877,3
90878,0
90879,3
90880,2
90881,0
90882,2
90883,4
90884,1
90885,6
90886,0
90887,0
90888,1
90889,1
90890,4
90891,2
90892,2
90893,1
90894,1
90895,1
90896,2
90897,2
90898,3
90899,6
90900,2
90901,0
90902,3
90903,2
90904,0
90905,4
90906,2
90907,3
90908,1
90909,1
90910,2
90911,2
90912,6
90913,1
90914,6
90915,0
90916,0
90917,5
90918,1
90919,2
90920,3
90921,3
90922,5
90923,2
90924,1
90925,4
90926,2
90927,1
90928,5
90929,5
90930,3
90931,0
90932,1
90933,0
90934,2
90935,4
90936,1
90937,1
90938,2
90939,2
90940,2
90941,1
90942,2
90943,6
90944,4
90945,4
90946,3
90947,3
90948,5
90949,3
90950,0
90951,4
90952,2
90953,3
90954,6
90955,0
90956,1
90957,1
90958,0
90959,6
90960,1
90961,0
90962,3
90963,2
90964,2
90965,3
90966,2
90967,0
90968,2
90969,1
90970,2
90971,1
90972,6
90973,1
90974,6
90975,1
90976,1
90977,2
90978,0
90979,1
90980,1
90981,1
90982,6
90983,2
90984,4
90985,1
90986,2
90987,0
90988,3
90989,2
90990,2
90991,4
90992,3
90993,0
90994,6
90995,1
90996,1
90997,0
90998,1
90999,3
91000,2
91001,5
91002,1
91003,0
91004,1
91005,5
91006,1
91007,6
91008,0
91009,5
91010,2
91011,1
91012,0
91013,2
91014,4
91015,5
91016,5
91017,2
91018,2
91019,1
91020,2
91021,3
91022,1
91023,5
91024,2
91025,2
91026,0
91027,2
91028,3
91029,3
91030,0
91031,4
91032,1
91033,6
91034,0
91035,3
91036,2
91037,1
91038,0
91039,2
91040,2
91041,1
91042,5
91043,2
91044,2
91045,6
91046,3
91047,3
91048,6
91049,2
91050,6
91051,0
91052,1
91053,2
91054,1
91055,2
91056,1
91057,2
91058,3
91059,1
91060,2
91061,0
91062,2
91063,1
91064,2
91065,2
91066,1
91067,4
91068,2
91069,6
91070,1
91071,0
91072,5
91073,3
91074,2
91075,2
91076,1
91077,2
91078,2
91079,2
91080,1
91081,1
91082,2
91083,1
91084,0
91085,0
91086,3
91087,1
91088,0
91089,1
91090,1
91091,3
91092,4
91093,2
91094,1
91095,5
91096,2
91097,2
91098,4
91099,5
91100,1
91101,2
91102,0
91103,5
91104,4
91105,2
91106,1
91107,2
91108,1
91109,2
91110,5
91111,1
91112,4
91113,1
91114,0
91115,4
91116,4
91117,2
91118,5
91119,2
91120,2
91121,5
91122,1
91123,4
91124,0
91125,1
91126,2
91127,5
91128,6
91129,2
91130,1
91131,2
91132,2
91133,1
91134,6
91135,2
91136,1
91137,1
91138,5
91139,1
91140,0
91141,4
91142,4
91143,0
91144,6
91145,2
91146,1
91147,3
91148,2
91149,3
91150,0
91151,2
91152,5
91153,3
91154,3
91155,4
91156,3
91157,4
91158,1
91159,5
91160,4
91161,6
91162,3
91163,1
91164,3
91165,2
91166,0
91167,6
91168,2
91169,5
91170,6
91171,4
91172,1
91173,4
91174,2
91175,2
91176,2
91177,6
91178,5
91179,5
91180,3
91181,0
91182,0
91183,1
91184,1
91185,1
91186,3
91187,5
91188,3
91189,1
91190,5
91191,2
91192,1
91193,2
91194,3
91195,2
91196,1
91197,2
91198,4
91199,3
91200,6
91201,2
91202,1
91203,4
91204,4
91205,4
91206,2
91207,2
91208,4
91209,5
91210,1
91211,1
91212,1
91213,6
91214,2
91215,1
91216,2
91217,2
91218,3
91219,6
91220,3
91221,1
91222,0
91223,2
91224,1
91225,1
91226,0
91227,0
91228,4
91229,3
91230,5
91231,0
91232,1
91233,2
91234,5
91235,2
91236,6
91237,3
91238,6
91239,5
91240,3
91241,2
91242,2
91243,3
91244,0
91245,2
91246,2
91247,3
91248,5
91249,3
91250,2
91251,2
91252,6
91253,0
91254,1
91255,3
91256,1
91257,0
91258,2
91259,4
91260,3
91261,4
91262,3
91263,1
91264,1
91265,2
91266,1
91267,5
91268,3
91269,2
91270,2
91271,3
91272,4
91273,3
91274,1
91275,1
91276,0
91277,5
91278,2
91279,5
91280,4
91281,2
91282,6
91283,4
91284,1
91285,2
91286,6
91287,6
91288,1
91289,2
91290,6
91291,6
91292,4
91293,1
91294,2
91295,0
91296,2
91297,1
91298,1
91299,1
91300,0
91301,1
91302,3
91303,1
91304,1
91305,1
91306,0
91307,3
91308,1
91309,3
91310,2
91311,1
91312,0
91313,6
91314,5
91315,2
91316,3
91317,3
91318,3
91319,1
91320,6
91321,0
91322,2
91323,2
91324,1
91325,1
91326,5
91327,3
91328,2
91329,0
91330,5
91331,2
91332,2
91333,1
91334,2
91335,2
91336,1
91337,4
91338,1
91339,4
91340,4
91341,1
91342,3
91343,1
91344,3
91345,3
91346,4
91347,3
91348,1
91349,0
91350,3
91351,1
91352,5
91353,0
91354,1
91355,0
91356,4
91357,3
91358,3
91359,3
91360,0
91361,5
91362,4
91363,6
91364,6
91365,3
91366,6
91367,3
91368,0
91369,2
91370,1
91371,1
91372,2
91373,2
91374,5
91375,3
91376,1
91377,0
91378,2
91379,5
91380,1
91381,4
91382,2
91383,2
91384,2
91385,0
91386,3
91387,1
91388,4
91389,1
91390,5
91391,2
91392,1
91393,5
91394,0
91395,3
91396,2
91397,2
91398,5
91399,3
91400,1
91401,3
91402,4
91403,0
91404,4
91405,2
91406,1
91407,0
91408,0
91409,1
91410,1
91411,2
91412,1
91413,3
91414,6
91415,0
91416,5
91417,2
91418,4
91419,3
91420,1
91421,4
91422,1
91423,2
91424,1
91425,0
91426,1
91427,2
91428,1
91429,6
91430,2
91431,1
91432,6
91433,1
91434,0
91435,3
91436,1
91437,6
91438,5
91439,1
91440,2
91441,1
91442,5
91443,1
91444,2
91445,4
91446,1
91447,2
91448,6
91449,2
91450,5
91451,0
91452,4
91453,2
91454,3
91455,3
91456,2
91457,1
91458,0
91459,6
91460,1
91461,4
91462,5
91463,3
91464,2
91465,1
91466,3
91467,2
91468,2
91469,4
91470,1
91471,1
91472,1
91473,5
91474,6
91475,2
91476,3
91477,6
91478,5
91479,2
91480,1
91481,1
91482,2
91483,3
91484,6
91485,1
91486,0
91487,2
91488,1
91489,1
91490,1
91491,4
91492,6
91493,3
91494,2
91495,1
91496,2
91497,1
91498,4
91499,2
91500,2
91501,2
91502,1
91503,3
91504,4
91505,1
91506,2
91507,1
91508,6
91509,5
91510,1
91511,1
91512,0
91513,1
91514,2
91515,2
91516,3
91517,3
91518,5
91519,2
91520,0
91521,0
91522,5
91523,4
91524,4
91525,6
91526,2
91527,4
91528,1
91529,1
91530,2
91531,3
91532,3
91533,0
91534,2
91535,1
91536,2
91537,2
91538,4
91539,1
91540,2
91541,3
91542,0
91543,2
91544,1
91545,2
91546,4
91547,4
91548,2
91549,4
91550,6
91551,2
91552,2
91553,6
91554,3
91555,3
91556,1
91557,3
91558,3
91559,1
91560,1
91561,5
91562,4
91563,2
91564,2
91565,1
91566,6
91567,2
91568,2
91569,3
91570,1
91571,3
91572,0
91573,1
91574,6
91575,5
91576,6
91577,3
91578,3
91579,2
91580,1
91581,2
91582,6
91583,2
91584,1
91585,0
91586,1
91587,2
91588,2
91589,6
91590,2
91591,4
91592,0
91593,1
91594,0
91595,6
91596,3
91597,1
91598,1
91599,1
91600,2
91601,1
91602,3
91603,0
91604,1
91605,2
91606,0
91607,1
91608,3
91609,5
91610,5
91611,3
91612,1
91613,1
91614,6
91615,2
91616,1
91617,5
91618,4
91619,0
91620,2
91621,5
91622,5
91623,0
91624,1
91625,5
91626,5
91627,3
91628,1
91629,2
91630,1
91631,3
91632,2
91633,1
91634,1
91635,5
91636,1
91637,0
91638,2
91639,3
91640,2
91641,0
91642,1
91643,0
91644,5
91645,1
91646,2
91647,1
91648,3
91649,1
91650,5
91651,6
91652,5
91653,1
91654,6
91655,2
91656,2
91657,5
91658,4
91659,2
91660,1
91661,2
91662,2
91663,2
91664,4
91665,1
91666,1
91667,2
91668,1
91669,2
91670,3
91671,2
91672,2
91673,6
91674,0
91675,6
91676,5
91677,3
91678,2
91679,2
91680,1
91681,6
91682,4
91683,3
91684,2
91685,2
91686,5
91687,4
91688,4
91689,5
91690,2
91691,2
91692,1
91693,1
91694,2
91695,4
91696,1
91697,2
91698,1
91699,3
91700,2
91701,1
91702,1
91703,1
91704,4
91705,4
91706,0
91707,3
91708,2
91709,6
91710,0
91711,3
91712,2
91713,2
91714,4
91715,0
91716,2
91717,1
91718,5
91719,2
91720,6
91721,4
91722,0
91723,4
91724,1
91725,5
91726,2
91727,2
91728,2
91729,1
91730,1
91731,0
91732,3
91733,2
91734,1
91735,5
91736,1
91737,0
91738,1
91739,4
91740,0
91741,5
91742,2
91743,2
91744,4
91745,1
91746,1
91747,2
91748,1
91749,2
91750,2
91751,5
91752,3
91753,0
91754,2
91755,2
91756,1
91757,6
91758,3
91759,1
91760,2
91761,3
91762,1
91763,0
91764,1
91765,4
91766,5
91767,6
91768,3
91769,6
91770,2
91771,1
91772,2
91773,1
91774,2
91775,6
91776,1
91777,1
91778,1
91779,3
91780,0
91781,1
91782,4
91783,1
91784,1
91785,2
91786,1
91787,4
91788,4
91789,5
91790,2
91791,5
91792,2
91793,0
91794,0
91795,6
91796,0
91797,0
91798,1
91799,1
91800,2
91801,0
91802,4
91803,0
91804,3
91805,2
91806,6
91807,4
91808,4
91809,2
91810,1
91811,2
91812,0
91813,2
91814,1
91815,4
91816,1
91817,1
91818,1
91819,1
91820,1
91821,1
91822,0
91823,1
91824,1
91825,1
91826,4
91827,6
91828,6
91829,0
91830,4
91831,5
91832,1
91833,6
91834,5
91835,1
91836,0
91837,4
91838,5
91839,3
91840,1
91841,4
91842,2
91843,0
91844,0
91845,2
91846,4
91847,4
91848,0
91849,6
91850,4
91851,4
91852,1
91853,2
91854,1
91855,1
91856,0
91857,1
91858,5
91859,2
91860,2
91861,2
91862,3
91863,2
91864,1
91865,1
91866,2
91867,1
91868,0
91869,1
91870,3
91871,1
91872,1
91873,2
91874,3
91875,0
91876,2
91877,5
91878,0
91879,1
91880,6
91881,4
91882,3
91883,2
91884,2
91885,1
91886,2
91887,6
91888,6
91889,2
91890,1
91891,3
91892,2
91893,5
91894,1
91895,3
91896,2
91897,3
91898,0
91899,5
91900,6
91901,4
91902,0
91903,2
91904,5
91905,2
91906,1
91907,2
91908,6
91909,4
91910,2
91911,2
91912,0
91913,1
91914,4
91915,6
91916,1
91917,2
91918,1
91919,2
91920,1
91921,6
91922,0
91923,1
91924,2
91925,3
91926,6
91927,2
91928,0
91929,1
91930,2
91931,6
91932,1
91933,3
91934,5
91935,4
91936,2
91937,3
91938,0
91939,1
91940,0
91941,5
91942,5
91943,0
91944,1
91945,0
91946,6
91947,4
91948,5
91949,1
91950,0
91951,6
91952,6
91953,2
91954,5
91955,2
91956,2
91957,1
91958,5
91959,4
91960,1
91961,0
91962,1
91963,5
91964,2
91965,2
91966,1
91967,1
91968,3
91969,1
91970,2
91971,1
91972,5
91973,0
91974,3
91975,2
91976,3
91977,2
91978,1
91979,4
91980,2
91981,2
91982,5
91983,4
91984,1
91985,3
91986,1
91987,0
91988,0
91989,2
91990,1
91991,6
91992,3
91993,0
91994,3
91995,2
91996,6
91997,1
91998,1
91999,1
92000,6
92001,2
92002,4
92003,5
92004,3
92005,2
92006,4
92007,6
92008,0
92009,5
92010,1
92011,6
92012,2
92013,2
92014,1
92015,0
92016,2
92017,2
92018,5
92019,1
92020,1
92021,3
92022,2
92023,2
92024,1
92025,4
92026,5
92027,1
92028,0
92029,3
92030,2
92031,2
92032,6
92033,2
92034,4
92035,5
92036,2
92037,1
92038,2
92039,3
92040,4
92041,2
92042,1
92043,3
92044,1
92045,0
92046,2
92047,4
92048,4
92049,1
92050,1
92051,4
92052,2
92053,3
92054,0
92055,1
92056,0
92057,2
92058,1
92059,3
92060,6
92061,1
92062,3
92063,4
92064,2
92065,6
92066,2
92067,5
92068,1
92069,3
92070,0
92071,0
92072,2
92073,1
92074,4
92075,3
92076,1
92077,0
92078,1
92079,3
92080,4
92081,1
92082,1
92083,0
92084,1
92085,4
92086,6
92087,3
92088,4
92089,3
92090,2
92091,6
92092,1
92093,4
92094,0
92095,1
92096,6
92097,1
92098,6
92099,2
92100,1
92101,5
92102,5
92103,1
92104,5
92105,4
92106,5
92107,3
92108,2
92109,1
92110,3
92111,2
92112,2
92113,6
92114,5
92115,1
92116,2
92117,2
92118,1
92119,1
92120,1
92121,2
92122,2
92123,1
92124,5
92125,1
92126,1
92127,6
92128,3
92129,1
92130,6
92131,2
92132,1
92133,3
92134,4
92135,0
92136,3
92137,0
92138,2
92139,0
92140,4
92141,4
92142,1
92143,3
92144,5
92145,0
92146,4
92147,1
92148,1
92149,2
92150,5
92151,2
92152,6
92153,2
92154,6
92155,0
92156,2
92157,5
92158,1
92159,2
92160,4
92161,1
92162,1
92163,4
92164,3
92165,1
92166,0
92167,4
92168,6
92169,4
92170,1
92171,3
92172,5
92173,2
92174,0
92175,1
92176,6
92177,1
92178,3
92179,0
92180,6
92181,0
92182,4
92183,0
92184,6
92185,1
92186,5
92187,0
92188,6
92189,6
92190,6
92191,0
92192,4
92193,0
92194,2
92195,3
92196,3
92197,1
92198,0
92199,3
92200,2
92201,5
92202,0
92203,2
92204,2
92205,4
92206,4
92207,1
92208,5
92209,2
92210,2
92211,1
92212,3
92213,0
92214,0
92215,5
92216,3
92217,6
92218,1
92219,1
92220,2
92221,3
92222,1
92223,1
92224,0
92225,6
92226,1
92227,2
92228,5
92229,5
92230,1
92231,0
92232,1
92233,1
92234,0
92235,1
92236,0
92237,1
92238,1
92239,5
92240,0
92241,2
92242,1
92243,1
92244,0
92245,1
92246,3
92247,1
92248,0
92249,1
92250,2
92251,4
92252,1
92253,0
92254,1
92255,3
92256,0
92257,6
92258,0
92259,6
92260,0
92261,0
92262,5
92263,1
92264,6
92265,4
92266,2
92267,1
92268,5
92269,2
92270,1
92271,5
92272,2
92273,1
92274,2
92275,6
92276,1
92277,5
92278,4
92279,1
92280,5
92281,4
92282,4
92283,3
92284,2
92285,0
92286,1
92287,5
92288,5
92289,0
92290,3
92291,0
92292,1
92293,2
92294,1
92295,6
92296,6
92297,4
92298,1
92299,4
92300,2
92301,5
92302,5
92303,0
92304,4
92305,0
92306,5
92307,0
92308,3
92309,0
92310,4
92311,2
92312,0
92313,6
92314,1
92315,1
92316,1
92317,3
92318,1
92319,1
92320,1
92321,3
92322,1
92323,2
92324,2
92325,2
92326,0
92327,5
92328,5
92329,0
92330,1
92331,2
92332,0
92333,1
92334,1
92335,5
92336,5
92337,5
92338,0
92339,1
92340,4
92341,1
92342,2
92343,5
92344,2
92345,2
92346,2
92347,0
92348,6
92349,2
92350,5
92351,0
92352,3
92353,4
92354,6
92355,6
92356,2
92357,6
92358,3
92359,5
92360,4
92361,0
92362,6
92363,0
92364,3
92365,2
92366,6
92367,1
92368,2
92369,4
92370,1
92371,3
92372,6
92373,2
92374,3
92375,6
92376,3
92377,1
92378,1
92379,1
92380,6
92381,6
92382,2
92383,3
92384,3
92385,0
92386,0
92387,3
92388,2
92389,6
92390,6
92391,1
92392,1
92393,4
92394,1
92395,1
92396,3
92397,6
92398,5
92399,2
92400,2
92401,4
92402,0
92403,6
92404,1
92405,2
92406,0
92407,3
92408,3
92409,6
92410,1
92411,2
92412,6
92413,6
92414,6
92415,2
92416,6
92417,6
92418,1
92419,1
92420,1
92421,3
92422,4
92423,1
92424,2
92425,4
92426,0
92427,2
92428,2
92429,0
92430,6
92431,6
92432,0
92433,0
92434,5
92435,4
92436,3
92437,0
92438,2
92439,4
92440,0
92441,1
92442,1
92443,0
92444,0
92445,2
92446,1
92447,5
92448,3
92449,4
92450,5
92451,1
92452,2
92453,1
92454,3
92455,1
92456,5
92457,1
92458,6
92459,6
92460,5
92461,0
92462,5
92463,2
92464,6
92465,3
92466,4
92467,4
92468,1
92469,2
92470,1
92471,1
92472,2
92473,1
92474,2
92475,0
92476,1
92477,3
92478,3
92479,5
92480,5
92481,6
92482,3
92483,0
92484,6
92485,3
92486,2
92487,2
92488,4
92489,0
92490,1
92491,2
92492,3
92493,2
92494,1
92495,2
92496,1
92497,5
92498,6
92499,1
92500,2
92501,1
92502,1
92503,0
92504,5
92505,2
92506,2
92507,6
92508,6
92509,0
92510,1
92511,1
92512,1
92513,1
92514,2
92515,1
92516,1
92517,6
92518,2
92519,5
92520,5
92521,1
92522,0
92523,0
92524,4
92525,5
92526,0
92527,3
92528,2
92529,2
92530,4
92531,0
92532,0
92533,1
92534,5
92535,0
92536,4
92537,0
92538,2
92539,1
92540,1
92541,2
92542,2
92543,4
92544,3
92545,2
92546,4
92547,5
92548,0
92549,5
92550,6
92551,5
92552,0
92553,5
92554,4
92555,1
92556,1
92557,0
92558,1
92559,2
92560,0
92561,1
92562,0
92563,1
92564,2
92565,2
92566,2
92567,3
92568,5
92569,2
92570,1
92571,2
92572,3
92573,6
92574,3
92575,0
92576,3
92577,5
92578,0
92579,1
92580,2
92581,5
92582,6
92583,2
92584,5
92585,0
92586,1
92587,6
92588,1
92589,2
92590,4
92591,2
92592,5
92593,3
92594,3
92595,5
92596,1
92597,2
92598,2
92599,1
92600,1
92601,5
92602,2
92603,2
92604,1
92605,2
92606,1
92607,4
92608,2
92609,4
92610,5
92611,0
92612,3
92613,2
92614,2
92615,1
92616,3
92617,1
92618,0
92619,6
92620,1
92621,3
92622,5
92623,6
92624,2
92625,1
92626,1
92627,1
92628,1
92629,0
92630,2
92631,1
92632,0
92633,0
92634,1
92635,5
92636,0
92637,2
92638,5
92639,3
92640,5
92641,5
92642,5
92643,2
92644,6
92645,2
92646,0
92647,5
92648,5
92649,1
92650,4
92651,1
92652,1
92653,0
92654,1
92655,6
92656,0
92657,2
92658,1
92659,4
92660,2
92661,4
92662,0
92663,5
92664,4
92665,5
92666,6
92667,0
92668,0
92669,1
92670,2
92671,1
92672,5
92673,2
92674,3
92675,1
92676,3
92677,5
92678,1
92679,0
92680,1
92681,5
92682,1
92683,0
92684,6
92685,1
92686,1
92687,1
92688,1
92689,0
92690,4
92691,5
92692,1
92693,4
92694,2
92695,3
92696,1
92697,2
92698,1
92699,4
92700,0
92701,3
92702,1
92703,4
92704,5
92705,6
92706,4
92707,2
92708,1
92709,1
92710,0
92711,1
92712,2
92713,5
92714,6
92715,6
92716,1
92717,6
92718,2
92719,4
92720,5
92721,0
92722,0
92723,6
92724,5
92725,3
92726,0
92727,6
92728,5
92729,1
92730,0
92731,1
92732,2
92733,3
92734,1
92735,6
92736,4
92737,3
92738,0
92739,2
92740,1
92741,4
92742,3
92743,1
92744,4
92745,4
92746,1
92747,1
92748,2
92749,1
92750,5
92751,0
92752,3
92753,6
92754,1
92755,0
92756,2
92757,3
92758,1
92759,5
92760,2
92761,2
92762,1
92763,3
92764,1
92765,5
92766,6
92767,2
92768,3
92769,3
92770,6
92771,4
92772,3
92773,2
92774,0
92775,5
92776,2
92777,0
92778,4
92779,3
92780,1
92781,6
92782,2
92783,0
92784,3
92785,6
92786,1
92787,2
92788,1
92789,6
92790,2
92791,1
92792,1
92793,0
92794,6
92795,4
92796,1
92797,6
92798,1
92799,4
92800,1
92801,3
92802,2
92803,1
92804,2
92805,3
92806,0
92807,1
92808,2
92809,3
92810,0
92811,3
92812,4
92813,1
92814,1
92815,1
92816,1
92817,2
92818,0
92819,2
92820,6
92821,1
92822,2
92823,6
92824,3
92825,2
92826,2
92827,6
92828,0
92829,2
92830,5
92831,2
92832,1
92833,2
92834,0
92835,2
92836,5
92837,5
92838,4
92839,1
92840,2
92841,4
92842,2
92843,5
92844,2
92845,2
92846,3
92847,1
92848,2
92849,5
92850,0
92851,1
92852,5
92853,1
92854,1
92855,2
92856,0
92857,2
92858,2
92859,5
92860,5
92861,1
92862,2
92863,4
92864,1
92865,6
92866,1
92867,1
92868,2
92869,2
92870,1
92871,6
92872,3
92873,2
92874,0
92875,1
92876,1
92877,1
92878,3
92879,1
92880,2
92881,1
92882,1
92883,6
92884,3
92885,2
92886,1
92887,4
92888,0
92889,3
92890,3
92891,4
92892,3
92893,6
92894,2
92895,1
92896,1
92897,1
92898,1
92899,5
92900,3
92901,5
92902,4
92903,2
92904,5
92905,3
92906,0
92907,0
92908,2
92909,5
92910,1
92911,5
92912,1
92913,5
92914,1
92915,1
92916,2
92917,0
92918,5
92919,2
92920,2
92921,1
92922,2
92923,4
92924,2
92925,5
92926,1
92927,2
92928,5
92929,1
92930,0
92931,6
92932,2
92933,6
92934,3
92935,5
92936,4
92937,2
92938,1
92939,2
92940,2
92941,3
92942,3
92943,4
92944,4
92945,5
92946,3
92947,0
92948,4
92949,1
92950,4
92951,6
92952,2
92953,2
92954,4
92955,0
92956,5
92957,6
92958,3
92959,2
92960,2
92961,2
92962,1
92963,2
92964,1
92965,5
92966,0
92967,1
92968,1
92969,4
92970,1
92971,4
92972,2
92973,5
92974,1
92975,6
92976,3
92977,3
92978,6
92979,0
92980,5
92981,1
92982,1
92983,2
92984,6
92985,2
92986,3
92987,4
92988,2
92989,2
92990,1
92991,5
92992,1
92993,4
92994,0
92995,3
92996,2
92997,6
92998,1
92999,4
93000,6
93001,6
93002,2
93003,2
93004,2
93005,0
93006,2
93007,3
93008,3
93009,6
93010,1
93011,1
93012,1
93013,1
93014,2
93015,1
93016,1
93017,3
93018,2
93019,3
93020,1
93021,1
93022,1
93023,1
93024,2
93025,6
93026,1
93027,1
93028,5
93029,5
93030,4
93031,3
93032,0
93033,4
93034,1
93035,2
93036,4
93037,0
93038,6
93039,5
93040,5
93041,1
93042,2
93043,2
93044,0
93045,0
93046,5
93047,3
93048,1
93049,1
93050,1
93051,2
93052,5
93053,1
93054,5
93055,4
93056,1
93057,3
93058,2
93059,3
93060,2
93061,4
93062,0
93063,6
93064,2
93065,1
93066,2
93067,6
93068,2
93069,3
93070,2
93071,1
93072,0
93073,5
93074,3
93075,1
93076,0
93077,3
93078,1
93079,2
93080,3
93081,5
93082,4
93083,4
93084,1
93085,0
93086,2
93087,1
93088,0
93089,3
93090,2
93091,2
93092,4
93093,1
93094,1
93095,1
93096,1
93097,2
93098,4
93099,0
93100,4
93101,2
93102,3
93103,0
93104,4
93105,6
93106,1
93107,2
93108,1
93109,4
93110,6
93111,5
93112,3
93113,4
93114,4
93115,4
93116,5
93117,4
93118,1
93119,6
93120,1
93121,5
93122,1
93123,5
93124,5
93125,3
93126,4
93127,1
93128,1
93129,0
93130,4
93131,2
93132,2
93133,6
93134,1
93135,2
93136,2
93137,4
93138,1
93139,6
93140,2
93141,3
93142,0
93143,1
93144,0
93145,5
93146,2
93147,1
93148,2
93149,5
93150,1
93151,1
93152,4
93153,3
93154,1
93155,1
93156,1
93157,1
93158,0
93159,1
93160,0
93161,2
93162,4
93163,3
93164,1
93165,4
93166,1
93167,2
93168,1
93169,6
93170,2
93171,6
93172,0
93173,0
93174,1
93175,5
93176,2
93177,4
93178,2
93179,0
93180,3
93181,0
93182,0
93183,3
93184,2
93185,1
93186,2
93187,0
93188,4
93189,4
93190,6
93191,5
93192,4
93193,1
93194,2
93195,3
93196,1
93197,2
93198,1
93199,6
93200,1
93201,1
93202,6
93203,2
93204,1
93205,6
93206,2
93207,1
93208,1
93209,6
93210,1
93211,0
93212,3
93213,0
93214,5
93215,5
93216,0
93217,1
93218,2
93219,1
93220,5
93221,1
93222,4
93223,2
93224,4
93225,0
93226,0
93227,1
93228,1
93229,1
93230,2
93231,5
93232,2
93233,2
93234,3
93235,6
93236,3
93237,1
93238,3
93239,2
93240,1
93241,1
93242,1
93243,4
93244,2
93245,4
93246,4
93247,4
93248,3
93249,1
93250,1
93251,2
93252,1
93253,2
93254,4
93255,4
93256,6
93257,4
93258,1
93259,0
93260,2
93261,2
93262,2
93263,3
93264,0
93265,1
93266,4
93267,0
93268,1
93269,1
93270,2
93271,0
93272,3
93273,4
93274,2
93275,3
93276,1
93277,6
93278,6
93279,2
93280,4
93281,1
93282,0
93283,5
93284,3
93285,1
93286,1
93287,2
93288,0
93289,2
93290,4
93291,4
93292,6
93293,5
93294,2
93295,2
93296,2
93297,4
93298,5
93299,6
93300,1
93301,4
93302,1
93303,2
93304,5
93305,4
93306,2
93307,0
93308,0
93309,3
93310,6
93311,2
93312,2
93313,1
93314,1
93315,2
93316,0
93317,0
93318,3
93319,2
93320,3
93321,2
93322,2
93323,5
93324,1
93325,1
93326,6
93327,1
93328,5
93329,1
93330,1
93331,2
93332,1
93333,6
93334,2
93335,2
93336,2
93337,0
93338,2
93339,1
93340,0
93341,5
93342,1
93343,4
93344,3
93345,2
93346,4
93347,4
93348,2
93349,3
93350,1
93351,3
93352,6
93353,2
93354,2
93355,4
93356,4
93357,2
93358,2
93359,4
93360,4
93361,2
93362,1
93363,2
93364,2
93365,6
93366,3
93367,0
93368,2
93369,2
93370,1
93371,3
93372,0
93373,5
93374,1
93375,5
93376,2
93377,1
93378,4
93379,5
93380,0
93381,1
93382,1
93383,6
93384,0
93385,1
93386,2
93387,3
93388,4
93389,6
93390,2
93391,3
93392,1
93393,5
93394,3
93395,1
93396,1
93397,1
93398,5
93399,1
93400,0
93401,4
93402,1
93403,1
93404,1
93405,0
93406,0
93407,2
93408,3
93409,5
93410,2
93411,6
93412,4
93413,2
93414,6
93415,2
93416,5
93417,2
93418,5
93419,4
93420,2
93421,2
93422,4
93423,2
93424,5
93425,4
93426,1
93427,4
93428,5
93429,2
93430,2
93431,2
93432,1
93433,1
93434,3
93435,2
93436,1
93437,2
93438,2
93439,0
93440,1
93441,3
93442,1
93443,2
93444,2
93445,1
93446,0
93447,5
93448,2
93449,5
93450,0
93451,3
93452,0
93453,1
93454,6
93455,1
93456,2
93457,0
93458,5
93459,6
93460,0
93461,6
93462,0
93463,1
93464,2
93465,4
93466,1
93467,0
93468,1
93469,2
93470,1
93471,6
93472,4
93473,6
93474,5
93475,1
93476,6
93477,2
93478,1
93479,2
93480,4
93481,2
93482,5
93483,3
93484,3
93485,4
93486,1
93487,3
93488,2
93489,5
93490,2
93491,0
93492,4
93493,1
93494,2
93495,0
93496,6
93497,1
93498,6
93499,2
93500,1
93501,1
93502,5
93503,4
93504,1
93505,4
93506,5
93507,4
93508,2
93509,2
93510,0
93511,1
93512,1
93513,5
93514,1
93515,3
93516,3
93517,2
93518,4
93519,3
93520,5
93521,2
93522,4
93523,6
93524,5
93525,5
93526,1
93527,1
93528,3
93529,1
93530,3
93531,4
93532,1
93533,1
93534,2
93535,2
93536,6
93537,0
93538,2
93539,6
93540,1
93541,3
93542,2
93543,3
93544,1
93545,5
93546,2
93547,1
93548,1
93549,6
93550,0
93551,3
93552,1
93553,6
93554,6
93555,3
93556,1
93557,1
93558,3
93559,6
93560,2
93561,2
93562,2
93563,6
93564,1
93565,1
93566,1
93567,4
93568,2
93569,5
93570,6
93571,1
93572,1
93573,2
93574,5
93575,3
93576,5
93577,1
93578,2
93579,2
93580,5
93581,1
93582,3
93583,0
93584,1
93585,2
93586,0
93587,3
93588,6
93589,3
93590,5
93591,2
93592,4
93593,3
93594,1
93595,2
93596,1
93597,1
93598,2
93599,3
93600,2
93601,1
93602,6
93603,1
93604,2
93605,0
93606,3
93607,1
93608,4
93609,1
93610,3
93611,6
93612,2
93613,4
93614,3
93615,2
93616,2
93617,5
93618,2
93619,2
93620,2
93621,3
93622,1
93623,5
93624,1
93625,2
93626,4
93627,0
93628,1
93629,3
93630,4
93631,3
93632,5
93633,0
93634,3
93635,3
93636,6
93637,1
93638,2
93639,2
93640,1
93641,1
93642,4
93643,2
93644,5
93645,5
93646,1
93647,3
93648,2
93649,1
93650,1
93651,2
93652,3
93653,2
93654,0
93655,2
93656,1
93657,0
93658,0
93659,0
93660,4
93661,6
93662,0
93663,6
93664,5
93665,1
93666,2
93667,6
93668,6
93669,2
93670,6
93671,0
93672,0
93673,2
93674,2
93675,1
93676,1
93677,0
93678,0
93679,3
93680,6
93681,4
93682,5
93683,0
93684,1
93685,1
93686,4
93687,1
93688,2
93689,2
93690,4
93691,1
93692,1
93693,0
93694,6
93695,1
93696,3
93697,1
93698,1
93699,0
93700,4
93701,5
93702,5
93703,1
93704,6
93705,1
93706,1
93707,0
93708,2
93709,6
93710,5
93711,6
93712,1
93713,2
93714,5
93715,3
93716,4
93717,2
93718,1
93719,4
93720,4
93721,5
93722,4
93723,1
93724,2
93725,2
93726,1
93727,3
93728,3
93729,3
93730,1
93731,2
93732,3
93733,1
93734,0
93735,2
93736,4
93737,2
93738,5
93739,2
93740,1
93741,0
93742,4
93743,2
93744,5
93745,1
93746,2
93747,5
93748,0
93749,1
93750,0
93751,6
93752,1
93753,1
93754,4
93755,0
93756,2
93757,5
93758,6
93759,6
93760,1
93761,3
93762,6
93763,1
93764,1
93765,3
93766,3
93767,4
93768,6
93769,0
93770,5
93771,1
93772,5
93773,5
93774,1
93775,1
93776,4
93777,2
93778,0
93779,2
93780,5
93781,1
93782,1
93783,0
93784,1
93785,2
93786,3
93787,0
93788,2
93789,2
93790,2
93791,2
93792,3
93793,2
93794,3
93795,6
93796,1
93797,1
93798,1
93799,1
93800,2
93801,0
93802,4
93803,5
93804,5
93805,4
93806,3
93807,0
93808,0
93809,5
93810,5
93811,6
93812,2
93813,2
93814,3
93815,0
93816,6
93817,2
93818,5
93819,2
93820,4
93821,2
93822,1
93823,0
93824,1
93825,6
93826,4
93827,2
93828,2
93829,3
93830,6
93831,6
93832,4
93833,2
93834,2
93835,5
93836,2
93837,4
93838,2
93839,2
93840,4
93841,5
93842,1
93843,2
93844,2
93845,0
93846,1
93847,2
93848,3
93849,0
93850,4
93851,6
93852,5
93853,1
93854,6
93855,1
93856,2
93857,3
93858,1
93859,6
93860,2
93861,0
93862,2
93863,1
93864,1
93865,0
93866,2
93867,0
93868,5
93869,4
93870,1
93871,6
93872,2
93873,3
93874,1
93875,0
93876,2
93877,1
93878,0
93879,0
93880,4
93881,1
93882,1
93883,5
93884,2
93885,4
93886,1
93887,4
93888,5
93889,5
93890,1
93891,1
93892,5
93893,5
93894,2
93895,0
93896,2
93897,4
93898,1
93899,1
93900,2
93901,6
93902,6
93903,0
93904,2
93905,3
93906,4
93907,1
93908,2
93909,5
93910,2
93911,5
93912,1
93913,2
93914,0
93915,2
93916,1
93917,1
93918,1
93919,2
93920,2
93921,5
93922,3
93923,1
93924,2
93925,1
93926,2
93927,2
93928,3
93929,4
93930,5
93931,4
93932,2
93933,1
93934,1
93935,0
93936,1
93937,1
93938,4
93939,5
93940,2
93941,2
93942,0
93943,1
93944,1
93945,0
93946,2
93947,0
93948,6
93949,1
93950,1
93951,5
93952,4
93953,4
93954,2
93955,1
93956,1
93957,2
93958,5
93959,6
93960,0
93961,1
93962,5
93963,2
93964,3
93965,0
93966,4
93967,3
93968,4
93969,3
93970,4
93971,5
93972,2
93973,1
93974,6
93975,4
93976,3
93977,2
93978,1
93979,2
93980,0
93981,2
93982,3
93983,6
93984,6
93985,2
93986,2
93987,6
93988,1
93989,0
93990,1
93991,0
93992,0
93993,2
93994,4
93995,6
93996,3
93997,4
93998,5
93999,1
94000,1
94001,1
94002,1
94003,1
94004,1
94005,6
94006,6
94007,6
94008,5
94009,1
94010,5
94011,1
94012,3
94013,5
94014,1
94015,5
94016,6
94017,1
94018,3
94019,4
94020,1
94021,1
94022,2
94023,3
94024,2
94025,1
94026,5
94027,4
94028,0
94029,1
94030,5
94031,2
94032,1
94033,2
94034,6
94035,2
94036,2
94037,0
94038,3
94039,1
94040,0
94041,2
94042,2
94043,0
94044,3
94045,3
94046,3
94047,3
94048,2
94049,1
94050,6
94051,4
94052,1
94053,1
94054,1
94055,3
94056,1
94057,2
94058,2
94059,1
94060,2
94061,0
94062,0
94063,2
94064,2
94065,0
94066,2
94067,2
94068,3
94069,4
94070,0
94071,6
94072,5
94073,2
94074,1
94075,1
94076,2
94077,2
94078,5
94079,0
94080,1
94081,3
94082,4
94083,4
94084,3
94085,6
94086,3
94087,0
94088,3
94089,3
94090,1
94091,5
94092,1
94093,4
94094,6
94095,5
94096,1
94097,2
94098,5
94099,2
94100,1
94101,1
94102,2
94103,1
94104,0
94105,2
94106,5
94107,0
94108,1
94109,1
94110,3
94111,0
94112,2
94113,2
94114,2
94115,5
94116,2
94117,3
94118,2
94119,2
94120,5
94121,2
94122,3
94123,4
94124,2
94125,4
94126,1
94127,4
94128,2
94129,6
94130,4
94131,5
94132,3
94133,2
94134,5
94135,0
94136,4
94137,1
94138,2
94139,4
94140,3
94141,2
94142,5
94143,2
94144,0
94145,2
94146,2
94147,6
94148,3
94149,6
94150,0
94151,5
94152,2
94153,1
94154,3
94155,1
94156,0
94157,5
94158,0
94159,1
94160,2
94161,3
94162,1
94163,0
94164,5
94165,0
94166,4
94167,2
94168,4
94169,2
94170,3
94171,2
94172,0
94173,1
94174,5
94175,0
94176,0
94177,2
94178,3
94179,6
94180,2
94181,2
94182,5
94183,1
94184,2
94185,6
94186,6
94187,5
94188,6
94189,0
94190,6
94191,1
94192,0
94193,6
94194,3
94195,4
94196,4
94197,6
94198,2
94199,6
94200,6
94201,5
94202,1
94203,5
94204,1
94205,4
94206,6
94207,6
94208,6
94209,3
94210,5
94211,4
94212,1
94213,0
94214,2
94215,0
94216,3
94217,1
94218,2
94219,5
94220,0
94221,2
94222,3
94223,0
94224,0
94225,1
94226,2
94227,2
94228,4
94229,2
94230,2
94231,4
94232,6
94233,5
94234,1
94235,3
94236,0
94237,1
94238,1
94239,5
94240,3
94241,1
94242,0
94243,2
94244,3
94245,1
94246,0
94247,1
94248,1
94249,0
94250,3
94251,4
94252,2
94253,0
94254,1
94255,4
94256,2
94257,0
94258,5
94259,3
94260,2
94261,5
94262,1
94263,5
94264,2
94265,3
94266,6
94267,2
94268,6
94269,6
94270,2
94271,2
94272,1
94273,6
94274,6
94275,6
94276,0
94277,5
94278,2
94279,1
94280,0
94281,3
94282,2
94283,1
94284,2
94285,6
94286,2
94287,5
94288,0
94289,2
94290,2
94291,2
94292,5
94293,0
94294,3
94295,2
94296,5
94297,2
94298,1
94299,2
94300,6
94301,0
94302,1
94303,1
94304,5
94305,2
94306,0
94307,0
94308,0
94309,1
94310,1
94311,0
94312,0
94313,3
94314,2
94315,3
94316,2
94317,2
94318,4
94319,1
94320,4
94321,1
94322,1
94323,2
94324,5
94325,0
94326,1
94327,1
94328,1
94329,5
94330,2
94331,2
94332,1
94333,0
94334,2
94335,4
94336,1
94337,4
94338,0
94339,6
94340,6
94341,3
94342,1
94343,2
94344,3
94345,5
94346,2
94347,1
94348,2
94349,2
94350,1
94351,2
94352,3
94353,6
94354,1
94355,3
94356,0
94357,2
94358,2
94359,0
94360,5
94361,4
94362,4
94363,3
94364,3
94365,2
94366,4
94367,2
94368,0
94369,1
94370,2
94371,4
94372,1
94373,0
94374,3
94375,4
94376,4
94377,5
94378,2
94379,1
94380,3
94381,1
94382,0
94383,1
94384,1
94385,2
94386,6
94387,1
94388,1
94389,6
94390,2
94391,1
94392,6
94393,3
94394,1
94395,3
94396,5
94397,1
94398,2
94399,3
94400,5
94401,1
94402,5
94403,1
94404,3
94405,2
94406,2
94407,2
94408,3
94409,5
94410,1
94411,4
94412,4
94413,1
94414,1
94415,1
94416,2
94417,1
94418,2
94419,6
94420,2
94421,4
94422,1
94423,1
94424,5
94425,1
94426,5
94427,3
94428,5
94429,0
94430,4
94431,0
94432,5
94433,0
94434,5
94435,4
94436,2
94437,2
94438,0
94439,2
94440,1
94441,2
94442,0
94443,6
94444,4
94445,1
94446,3
94447,2
94448,6
94449,0
94450,2
94451,2
94452,2
94453,3
94454,4
94455,1
94456,1
94457,0
94458,4
94459,1
94460,1
94461,3
94462,3
94463,5
94464,1
94465,3
94466,1
94467,2
94468,4
94469,2
94470,4
94471,0
94472,2
94473,1
94474,3
94475,1
94476,2
94477,2
94478,0
94479,3
94480,2
94481,5
94482,2
94483,0
94484,4
94485,2
94486,4
94487,1
94488,6
94489,1
94490,6
94491,1
94492,0
94493,0
94494,1
94495,2
94496,0
94497,5
94498,6
94499,1
94500,0
94501,0
94502,2
94503,1
94504,1
94505,2
94506,1
94507,0
94508,3
94509,0
94510,2
94511,5
94512,1
94513,1
94514,1
94515,6
94516,1
94517,2
94518,2
94519,5
94520,3
94521,1
94522,4
94523,6
94524,1
94525,5
94526,4
94527,1
94528,6
94529,2
94530,1
94531,5
94532,4
94533,4
94534,5
94535,2
94536,2
94537,2
94538,2
94539,0
94540,3
94541,2
94542,6
94543,3
94544,0
94545,0
94546,0
94547,2
94548,1
94549,6
94550,1
94551,6
94552,3
94553,0
94554,2
94555,0
94556,1
94557,4
94558,3
94559,1
94560,1
94561,1
94562,2
94563,3
94564,4
94565,5
94566,1
94567,0
94568,6
94569,4
94570,0
94571,4
94572,2
94573,4
94574,0
94575,2
94576,2
94577,1
94578,1
94579,1
94580,0
94581,2
94582,3
94583,0
94584,2
94585,2
94586,2
94587,5
94588,4
94589,6
94590,2
94591,0
94592,1
94593,4
94594,4
94595,1
94596,0
94597,2
94598,0
94599,3
94600,1
94601,2
94602,3
94603,2
94604,2
94605,1
94606,0
94607,1
94608,1
94609,2
94610,1
94611,2
94612,5
94613,3
94614,1
94615,2
94616,5
94617,1
94618,2
94619,2
94620,2
94621,0
94622,1
94623,3
94624,2
94625,6
94626,3
94627,1
94628,5
94629,3
94630,5
94631,3
94632,2
94633,1
94634,1
94635,1
94636,2
94637,2
94638,1
94639,2
94640,3
94641,3
94642,1
94643,1
94644,2
94645,2
94646,2
94647,6
94648,3
94649,1
94650,4
94651,0
94652,1
94653,1
94654,1
94655,1
94656,4
94657,5
94658,3
94659,1
94660,0
94661,2
94662,1
94663,2
94664,5
94665,1
94666,1
94667,2
94668,0
94669,0
94670,1
94671,6
94672,1
94673,2
94674,2
94675,5
94676,4
94677,2
94678,2
94679,0
94680,2
94681,4
94682,0
94683,2
94684,5
94685,0
94686,1
94687,0
94688,4
94689,3
94690,1
94691,0
94692,2
94693,0
94694,2
94695,1
94696,6
94697,3
94698,3
94699,1
94700,1
94701,5
94702,1
94703,1
94704,4
94705,0
94706,3
94707,6
94708,1
94709,2
94710,2
94711,2
94712,1
94713,2
94714,1
94715,0
94716,6
94717,0
94718,3
94719,5
94720,6
94721,2
94722,2
94723,0
94724,0
94725,2
94726,2
94727,0
94728,1
94729,1
94730,1
94731,6
94732,4
94733,5
94734,4
94735,2
94736,5
94737,6
94738,1
94739,6
94740,3
94741,0
94742,6
94743,1
94744,2
94745,2
94746,2
94747,6
94748,0
94749,6
94750,1
94751,5
94752,2
94753,2
94754,2
94755,2
94756,5
94757,1
94758,2
94759,5
94760,3
94761,1
94762,5
94763,1
94764,2
94765,2
94766,2
94767,6
94768,2
94769,2
94770,0
94771,4
94772,4
94773,3
94774,1
94775,4
94776,1
94777,2
94778,5
94779,1
94780,6
94781,2
94782,5
94783,1
94784,1
94785,5
94786,3
94787,6
94788,5
94789,2
94790,5
94791,2
94792,6
94793,2
94794,2
94795,5
94796,2
94797,1
94798,2
94799,5
94800,4
94801,3
94802,0
94803,1
94804,0
94805,2
94806,5
94807,4
94808,3
94809,4
94810,2
94811,1
94812,0
94813,3
94814,5
94815,0
94816,5
94817,0
94818,1
94819,6
94820,0
94821,3
94822,3
94823,6
94824,2
94825,2
94826,5
94827,0
94828,2
94829,1
94830,5
94831,2
94832,0
94833,3
94834,6
94835,1
94836,5
94837,1
94838,0
94839,1
94840,3
94841,5
94842,4
94843,6
94844,1
94845,1
94846,6
94847,2
94848,0
94849,2
94850,1
94851,5
94852,6
94853,4
94854,2
94855,2
94856,1
94857,1
94858,1
94859,2
94860,1
94861,1
94862,2
94863,2
94864,0
94865,2
94866,1
94867,5
94868,0
94869,3
94870,1
94871,5
94872,5
94873,0
94874,3
94875,1
94876,2
94877,1
94878,0
94879,0
94880,6
94881,1
94882,2
94883,3
94884,0
94885,2
94886,2
94887,1
94888,2
94889,5
94890,1
94891,2
94892,0
94893,5
94894,5
94895,1
94896,3
94897,0
94898,4
94899,0
94900,6
94901,5
94902,3
94903,2
94904,4
94905,4
94906,3
94907,6
94908,5
94909,1
94910,1
94911,1
94912,5
94913,1
94914,1
94915,5
94916,5
94917,0
94918,2
94919,0
94920,5
94921,2
94922,3
94923,0
94924,0
94925,1
94926,2
94927,2
94928,1
94929,1
94930,1
94931,2
94932,3
94933,1
94934,2
94935,5
94936,2
94937,1
94938,1
94939,6
94940,0
94941,2
94942,0
94943,2
94944,5
94945,1
94946,1
94947,5
94948,6
94949,4
94950,2
94951,6
94952,1
94953,5
94954,5
94955,5
94956,5
94957,3
94958,1
94959,3
94960,5
94961,1
94962,4
94963,1
94964,3
94965,1
94966,1
94967,2
94968,5
94969,4
94970,0
94971,0
94972,2
94973,3
94974,1
94975,6
94976,5
94977,3
94978,6
94979,2
94980,1
94981,1
94982,1
94983,1
94984,2
94985,5
94986,2
94987,1
94988,4
94989,1
94990,2
94991,2
94992,3
94993,5
94994,1
94995,6
94996,1
94997,0
94998,1
94999,5
95000,4
95001,5
95002,4
95003,1
95004,2
95005,5
95006,2
95007,4
95008,4
95009,0
95010,5
95011,3
95012,2
95013,2
95014,5
95015,6
95016,1
95017,5
95018,6
95019,4
95020,3
95021,5
95022,1
95023,2
95024,2
95025,5
95026,3
95027,0
95028,1
95029,6
95030,3
95031,3
95032,2
95033,1
95034,1
95035,6
95036,1
95037,1
95038,4
95039,2
95040,6
95041,2
95042,5
95043,4
95044,1
95045,5
95046,6
95047,4
95048,5
95049,1
95050,2
95051,2
95052,3
95053,2
95054,2
95055,1
95056,3
95057,1
95058,1
95059,2
95060,4
95061,1
95062,2
95063,5
95064,2
95065,2
95066,3
95067,1
95068,2
95069,6
95070,2
95071,0
95072,2
95073,1
95074,2
95075,4
95076,0
95077,0
95078,2
95079,2
95080,5
95081,2
95082,6
95083,3
95084,2
95085,1
95086,5
95087,2
95088,3
95089,4
95090,6
95091,1
95092,3
95093,1
95094,0
95095,2
95096,6
95097,6
95098,1
95099,4
95100,5
95101,0
95102,0
95103,1
95104,6
95105,3
95106,1
95107,2
95108,1
95109,2
95110,1
95111,1
95112,3
95113,1
95114,6
95115,2
95116,1
95117,1
95118,2
95119,4
95120,5
95121,6
95122,2
95123,4
95124,3
95125,1
95126,0
95127,1
95128,3
95129,1
95130,2
95131,1
95132,2
95133,0
95134,5
95135,2
95136,1
95137,1
95138,1
95139,1
95140,1
95141,1
95142,1
95143,3
95144,4
95145,4
95146,1
95147,5
95148,4
95149,2
95150,6
95151,2
95152,1
95153,1
95154,6
95155,1
95156,5
95157,6
95158,1
95159,1
95160,5
95161,1
95162,2
95163,2
95164,6
95165,5
95166,2
95167,0
95168,1
95169,0
95170,0
95171,2
95172,1
95173,4
95174,3
95175,3
95176,3
95177,1
95178,1
95179,1
95180,3
95181,0
95182,2
95183,5
95184,2
95185,4
95186,3
95187,5
95188,6
95189,2
95190,0
95191,0
95192,0
95193,4
95194,1
95195,1
95196,6
95197,0
95198,5
95199,3
95200,2
95201,6
95202,2
95203,3
95204,5
95205,3
95206,0
95207,3
95208,6
95209,6
95210,1
95211,1
95212,3
95213,6
95214,4
95215,6
95216,2
95217,3
95218,4
95219,2
95220,2
95221,1
95222,2
95223,1
95224,5
95225,1
95226,0
95227,3
95228,4
95229,2
95230,2
95231,1
95232,1
95233,1
95234,4
95235,4
95236,3
95237,1
95238,3
95239,1
95240,1
95241,1
95242,1
95243,4
95244,2
95245,3
95246,2
95247,3
95248,5
95249,3
95250,6
95251,3
95252,2
95253,5
95254,5
95255,2
95256,0
95257,2
95258,2
95259,4
95260,6
95261,2
95262,2
95263,1
95264,3
95265,5
95266,3
95267,2
95268,3
95269,2
95270,1
95271,1
95272,5
95273,6
95274,0
95275,3
95276,1
95277,1
95278,2
95279,0
95280,6
95281,2
95282,2
95283,4
95284,1
95285,2
95286,3
95287,4
95288,6
95289,2
95290,0
95291,1
95292,6
95293,6
95294,3
95295,6
95296,0
95297,2
95298,6
95299,2
95300,0
95301,6
95302,2
95303,2
95304,0
95305,2
95306,2
95307,6
95308,2
95309,1
95310,3
95311,4
95312,1
95313,2
95314,6
95315,0
95316,3
95317,1
95318,4
95319,1
95320,3
95321,6
95322,3
95323,3
95324,1
95325,0
95326,4
95327,5
95328,4
95329,4
95330,1
95331,3
95332,4
95333,3
95334,3
95335,3
95336,1
95337,3
95338,0
95339,2
95340,5
95341,2
95342,0
95343,0
95344,1
95345,1
95346,1
95347,1
95348,5
95349,1
95350,5
95351,2
95352,1
95353,0
95354,1
95355,4
95356,5
95357,2
95358,5
95359,1
95360,2
95361,3
95362,0
95363,0
95364,2
95365,2
95366,6
95367,4
95368,1
95369,1
95370,1
95371,4
95372,4
95373,5
95374,0
95375,4
95376,1
95377,2
95378,6
95379,2
95380,1
95381,4
95382,1
95383,4
95384,1
95385,1
95386,1
95387,3
95388,0
95389,3
95390,1
95391,3
95392,5
95393,1
95394,5
95395,6
95396,4
95397,4
95398,2
95399,6
95400,2
95401,3
95402,6
95403,1
95404,2
95405,1
95406,1
95407,1
95408,4
95409,4
95410,5
95411,0
95412,2
95413,6
95414,2
95415,1
95416,4
95417,6
95418,1
95419,3
95420,1
95421,2
95422,2
95423,1
95424,4
95425,3
95426,5
95427,6
95428,2
95429,1
95430,2
95431,3
95432,0
95433,1
95434,2
95435,5
95436,6
95437,4
95438,4
95439,1
95440,1
95441,1
95442,1
95443,4
95444,3
95445,1
95446,1
95447,1
95448,6
95449,3
95450,4
95451,3
95452,1
95453,5
95454,6
95455,4
95456,3
95457,2
95458,3
95459,3
95460,0
95461,0
95462,3
95463,2
95464,1
95465,1
95466,0
95467,1
95468,2
95469,5
95470,0
95471,3
95472,6
95473,5
95474,2
95475,1
95476,1
95477,3
95478,0
95479,1
95480,3
95481,6
95482,2
95483,2
95484,5
95485,5
95486,5
95487,1
95488,6
95489,3
95490,1
95491,4
95492,2
95493,2
95494,0
95495,2
95496,5
95497,6
95498,2
95499,4
95500,2
95501,2
95502,2
95503,2
95504,1
95505,0
95506,0
95507,5
95508,1
95509,1
95510,2
95511,3
95512,2
95513,6
95514,5
95515,2
95516,0
95517,0
95518,2
95519,0
95520,6
95521,2
95522,1
95523,5
95524,5
95525,4
95526,1
95527,4
95528,2
95529,2
95530,5
95531,1
95532,2
95533,4
95534,5
95535,6
95536,6
95537,4
95538,0
95539,1
95540,5
95541,1
95542,1
95543,4
95544,4
95545,1
95546,3
95547,1
95548,1
95549,0
95550,3
95551,2
95552,4
95553,1
95554,1
95555,0
95556,1
95557,2
95558,2
95559,1
95560,3
95561,6
95562,4
95563,1
95564,1
95565,2
95566,5
95567,2
95568,2
95569,2
95570,1
95571,1
95572,1
95573,0
95574,5
95575,3
95576,0
95577,5
95578,0
95579,1
95580,2
95581,3
95582,2
95583,0
95584,1
95585,0
95586,1
95587,3
95588,4
95589,4
95590,4
95591,6
95592,2
95593,2
95594,4
95595,3
95596,2
95597,1
95598,2
95599,2
95600,6
95601,2
95602,4
95603,0
95604,2
95605,1
95606,0
95607,5
95608,2
95609,1
95610,1
95611,1
95612,4
95613,4
95614,3
95615,2
95616,4
95617,4
95618,1
95619,0
95620,0
95621,1
95622,2
95623,4
95624,6
95625,6
95626,4
95627,3
95628,0
95629,0
95630,5
95631,1
95632,0
95633,1
95634,5
95635,3
95636,5
95637,2
95638,4
95639,2
95640,2
95641,5
95642,2
95643,1
95644,1
95645,4
95646,4
95647,2
95648,2
95649,3
95650,3
95651,4
95652,0
95653,2
95654,1
95655,1
95656,3
95657,3
95658,3
95659,0
95660,4
95661,4
95662,3
95663,6
95664,5
95665,1
95666,1
95667,5
95668,1
95669,6
95670,4
95671,5
95672,2
95673,1
95674,0
95675,5
95676,2
95677,6
95678,1
95679,1
95680,2
95681,1
95682,0
95683,0
95684,1
95685,2
95686,0
95687,2
95688,1
95689,4
95690,0
95691,5
95692,5
95693,6
95694,3
95695,4
95696,2
95697,5
95698,6
95699,2
95700,2
95701,3
95702,6
95703,2
95704,6
95705,4
95706,1
95707,1
95708,2
95709,2
95710,1
95711,4
95712,3
95713,4
95714,2
95715,2
95716,1
95717,2
95718,1
95719,3
95720,0
95721,3
95722,2
95723,3
95724,5
95725,3
95726,2
95727,3
95728,6
95729,4
95730,1
95731,1
95732,1
95733,0
95734,2
95735,5
95736,5
95737,3
95738,2
95739,0
95740,1
95741,3
95742,4
95743,1
95744,6
95745,3
95746,2
95747,0
95748,4
95749,5
95750,1
95751,2
95752,2
95753,0
95754,0
95755,4
95756,1
95757,1
95758,2
95759,0
95760,0
95761,5
95762,5
95763,3
95764,3
95765,2
95766,1
95767,0
95768,2
95769,0
95770,1
95771,2
95772,2
95773,2
95774,2
95775,4
95776,3
95777,2
95778,5
95779,2
95780,2
95781,0
95782,5
95783,4
95784,2
95785,0
95786,2
95787,0
95788,3
95789,2
95790,3
95791,3
95792,1
95793,2
95794,3
95795,3
95796,6
95797,5
95798,1
95799,3
95800,5
95801,2
95802,2
95803,4
95804,4
95805,1
95806,2
95807,1
95808,4
95809,4
95810,0
95811,0
95812,6
95813,6
95814,1
95815,1
95816,6
95817,6
95818,4
95819,2
95820,4
95821,0
95822,1
95823,1
95824,5
95825,6
95826,2
95827,2
95828,2
95829,2
95830,3
95831,6
95832,1
95833,3
95834,1
95835,3
95836,2
95837,2
95838,6
95839,2
95840,6
95841,2
95842,1
95843,5
95844,4
95845,5
95846,2
95847,1
95848,1
95849,5
95850,4
95851,2
95852,3
95853,1
95854,5
95855,0
95856,1
95857,1
95858,1
95859,3
95860,6
95861,3
95862,2
95863,0
95864,1
95865,1
95866,1
95867,3
95868,2
95869,1
95870,6
95871,1
95872,6
95873,6
95874,1
95875,3
95876,1
95877,1
95878,1
95879,2
95880,4
95881,2
95882,6
95883,2
95884,1
95885,3
95886,2
95887,0
95888,2
95889,5
95890,6
95891,6
95892,2
95893,3
95894,4
95895,2
95896,0
95897,1
95898,4
95899,2
95900,3
95901,0
95902,1
95903,1
95904,1
95905,6
95906,1
95907,2
95908,1
95909,3
95910,2
95911,3
95912,1
95913,4
95914,1
95915,6
95916,2
95917,6
95918,2
95919,2
95920,2
95921,2
95922,4
95923,1
95924,3
95925,6
95926,2
95927,3
95928,2
95929,2
95930,0
95931,1
95932,3
95933,2
95934,1
95935,3
95936,2
95937,6
95938,1
95939,2
95940,4
95941,1
95942,3
95943,6
95944,1
95945,6
95946,1
95947,3
95948,2
95949,4
95950,6
95951,2
95952,1
95953,1
95954,2
95955,3
95956,1
95957,2
95958,4
95959,1
95960,1
95961,4
95962,1
95963,0
95964,0
95965,2
95966,1
95967,0
95968,2
95969,2
95970,0
95971,0
95972,6
95973,4
95974,1
95975,3
95976,2
95977,2
95978,4
95979,0
95980,5
95981,2
95982,6
95983,2
95984,1
95985,0
95986,3
95987,3
95988,3
95989,1
95990,2
95991,2
95992,4
95993,2
95994,2
95995,1
95996,5
95997,0
95998,1
95999,5
96000,3
96001,2
96002,4
96003,2
96004,1
96005,4
96006,0
96007,6
96008,1
96009,2
96010,1
96011,2
96012,3
96013,2
96014,2
96015,2
96016,5
96017,6
96018,3
96019,2
96020,4
96021,0
96022,0
96023,2
96024,3
96025,0
96026,4
96027,1
96028,1
96029,4
96030,1
96031,5
96032,2
96033,1
96034,1
96035,4
96036,1
96037,2
96038,0
96039,5
96040,3
96041,3
96042,1
96043,4
96044,2
96045,1
96046,2
96047,3
96048,0
96049,2
96050,3
96051,0
96052,6
96053,2
96054,2
96055,1
96056,6
96057,1
96058,3
96059,2
96060,1
96061,3
96062,5
96063,2
96064,0
96065,2
96066,1
96067,1
96068,0
96069,1
96070,1
96071,6
96072,1
96073,0
96074,1
96075,2
96076,0
96077,0
96078,0
96079,4
96080,2
96081,6
96082,0
96083,3
96084,3
96085,3
96086,0
96087,3
96088,0
96089,2
96090,5
96091,6
96092,1
96093,5
96094,2
96095,3
96096,0
96097,5
96098,2
96099,4
96100,1
96101,2
96102,0
96103,1
96104,1
96105,2
96106,6
96107,4
96108,1
96109,2
96110,2
96111,1
96112,2
96113,4
96114,4
96115,2
96116,6
96117,3
96118,2
96119,0
96120,2
96121,1
96122,0
96123,6
96124,2
96125,6
96126,1
96127,4
96128,2
96129,2
96130,2
96131,3
96132,3
96133,0
96134,6
96135,3
96136,6
96137,5
96138,2
96139,1
96140,3
96141,2
96142,0
96143,4
96144,2
96145,0
96146,2
96147,3
96148,3
96149,0
96150,4
96151,0
96152,0
96153,4
96154,4
96155,2
96156,1
96157,2
96158,3
96159,3
96160,2
96161,1
96162,3
96163,4
96164,6
96165,6
96166,3
96167,4
96168,1
96169,1
96170,6
96171,0
96172,1
96173,1
96174,1
96175,5
96176,2
96177,3
96178,2
96179,1
96180,2
96181,1
96182,1
96183,1
96184,2
96185,2
96186,2
96187,0
96188,5
96189,1
96190,1
96191,1
96192,2
96193,0
96194,6
96195,2
96196,6
96197,3
96198,1
96199,5
96200,3
96201,5
96202,5
96203,2
96204,0
96205,3
96206,5
96207,3
96208,3
96209,1
96210,3
96211,4
96212,1
96213,0
96214,5
96215,4
96216,0
96217,6
96218,1
96219,5
96220,2
96221,2
96222,4
96223,2
96224,4
96225,1
96226,1
96227,2
96228,2
96229,0
96230,4
96231,6
96232,5
96233,2
96234,2
96235,1
96236,1
96237,0
96238,5
96239,1
96240,2
96241,2
96242,0
96243,2
96244,6
96245,1
96246,6
96247,3
96248,3
96249,0
96250,2
96251,4
96252,1
96253,0
96254,2
96255,6
96256,1
96257,6
96258,1
96259,0
96260,4
96261,3
96262,1
96263,1
96264,1
96265,1
96266,4
96267,5
96268,1
96269,0
96270,1
96271,1
96272,1
96273,2
96274,5
96275,1
96276,2
96277,4
96278,5
96279,2
96280,1
96281,6
96282,1
96283,6
96284,1
96285,5
96286,5
96287,1
96288,6
96289,3
96290,5
96291,0
96292,5
96293,1
96294,2
96295,5
96296,2
96297,6
96298,1
96299,1
96300,0
96301,6
96302,5
96303,4
96304,1
96305,2
96306,2
96307,5
96308,1
96309,5
96310,2
96311,6
96312,4
96313,2
96314,1
96315,2
96316,6
96317,1
96318,0
96319,5
96320,2
96321,3
96322,0
96323,1
96324,0
96325,2
96326,0
96327,5
96328,2
96329,1
96330,4
96331,6
96332,4
96333,5
96334,1
96335,5
96336,2
96337,4
96338,0
96339,3
96340,2
96341,4
96342,4
96343,1
96344,1
96345,6
96346,2
96347,6
96348,5
96349,1
96350,0
96351,4
96352,2
96353,3
96354,1
96355,0
96356,6
96357,1
96358,5
96359,3
96360,1
96361,4
96362,3
96363,4
96364,1
96365,3
96366,4
96367,3
96368,2
96369,1
96370,5
96371,4
96372,2
96373,2
96374,0
96375,3
96376,1
96377,1
96378,4
96379,3
96380,1
96381,2
96382,1
96383,4
96384,3
96385,2
96386,1
96387,2
96388,6
96389,6
96390,2
96391,1
96392,1
96393,3
96394,0
96395,1
96396,0
96397,1
96398,2
96399,4
96400,2
96401,1
96402,5
96403,2
96404,3
96405,3
96406,6
96407,2
96408,1
96409,1
96410,1
96411,0
96412,4
96413,1
96414,3
96415,2
96416,6
96417,5
96418,6
96419,2
96420,1
96421,0
96422,3
96423,2
96424,3
96425,3
96426,1
96427,2
96428,1
96429,2
96430,5
96431,3
96432,5
96433,2
96434,3
96435,2
96436,3
96437,3
96438,5
96439,4
96440,0
96441,5
96442,3
96443,1
96444,3
96445,6
96446,1
96447,5
96448,2
96449,6
96450,4
96451,2
96452,1
96453,4
96454,4
96455,5
96456,1
96457,0
96458,2
96459,0
96460,6
96461,2
96462,5
96463,5
96464,1
96465,2
96466,3
96467,6
96468,2
96469,4
96470,5
96471,0
96472,0
96473,6
96474,0
96475,6
96476,1
96477,2
96478,4
96479,0
96480,2
96481,1
96482,2
96483,3
96484,4
96485,0
96486,6
96487,1
96488,6
96489,1
96490,3
96491,1
96492,6
96493,1
96494,1
96495,6
96496,0
96497,5
96498,4
96499,3
96500,6
96501,5
96502,4
96503,2
96504,2
96505,0
96506,2
96507,1
96508,2
96509,2
96510,5
96511,1
96512,0
96513,2
96514,6
96515,6
96516,2
96517,6
96518,1
96519,6
96520,2
96521,6
96522,4
96523,1
96524,1
96525,2
96526,6
96527,1
96528,3
96529,4
96530,3
96531,1
96532,0
96533,1
96534,3
96535,1
96536,4
96537,1
96538,1
96539,4
96540,5
96541,2
96542,2
96543,4
96544,0
96545,1
96546,2
96547,2
96548,6
96549,2
96550,3
96551,2
96552,1
96553,1
96554,2
96555,5
96556,4
96557,5
96558,1
96559,6
96560,6
96561,4
96562,3
96563,5
96564,2
96565,2
96566,1
96567,1
96568,3
96569,1
96570,2
96571,3
96572,1
96573,3
96574,1
96575,4
96576,4
96577,1
96578,4
96579,2
96580,3
96581,2
96582,3
96583,2
96584,0
96585,6
96586,2
96587,2
96588,2
96589,3
96590,0
96591,1
96592,1
96593,2
96594,1
96595,2
96596,4
96597,2
96598,6
96599,4
96600,4
96601,0
96602,0
96603,2
96604,1
96605,0
96606,2
96607,4
96608,1
96609,0
96610,1
96611,2
96612,2
96613,6
96614,6
96615,1
96616,1
96617,2
96618,6
96619,6
96620,1
96621,2
96622,1
96623,1
96624,2
96625,0
96626,1
96627,1
96628,2
96629,3
96630,0
96631,2
96632,0
96633,5
96634,0
96635,6
96636,1
96637,4
96638,6
96639,2
96640,2
96641,3
96642,6
96643,1
96644,5
96645,0
96646,6
96647,2
96648,4
96649,5
96650,5
96651,2
96652,5
96653,1
96654,1
96655,2
96656,0
96657,1
96658,1
96659,1
96660,1
96661,2
96662,5
96663,6
96664,6
96665,4
96666,2
96667,6
96668,1
96669,0
96670,0
96671,0
96672,4
96673,4
96674,2
96675,5
96676,2
96677,6
96678,0
96679,1
96680,4
96681,5
96682,4
96683,1
96684,2
96685,0
96686,3
96687,1
96688,1
96689,5
96690,3
96691,0
96692,0
96693,4
96694,3
96695,2
96696,1
96697,1
96698,0
96699,1
96700,1
96701,2
96702,0
96703,6
96704,4
96705,2
96706,1
96707,6
96708,2
96709,2
96710,3
96711,6
96712,3
96713,1
96714,1
96715,1
96716,1
96717,2
96718,2
96719,2
96720,3
96721,0
96722,3
96723,0
96724,6
96725,5
96726,4
96727,1
96728,5
96729,0
96730,1
96731,2
96732,0
96733,5
96734,2
96735,2
96736,6
96737,2
96738,3
96739,0
96740,3
96741,2
96742,6
96743,1
96744,2
96745,2
96746,5
96747,3
96748,2
96749,2
96750,1
96751,0
96752,0
96753,6
96754,1
96755,1
96756,1
96757,0
96758,6
96759,6
96760,1
96761,3
96762,3
96763,6
96764,1
96765,2
96766,2
96767,1
96768,0
96769,1
96770,1
96771,4
96772,1
96773,2
96774,4
96775,2
96776,0
96777,1
96778,6
96779,1
96780,1
96781,2
96782,4
96783,6
96784,2
96785,4
96786,1
96787,1
96788,4
96789,1
96790,4
96791,0
96792,0
96793,1
96794,1
96795,3
96796,6
96797,2
96798,1
96799,3
96800,2
96801,5
96802,5
96803,3
96804,3
96805,0
96806,6
96807,6
96808,2
96809,1
96810,3
96811,2
96812,1
96813,3
96814,6
96815,2
96816,2
96817,4
96818,5
96819,2
96820,2
96821,0
96822,0
96823,4
96824,0
96825,4
96826,1
96827,5
96828,1
96829,2
96830,0
96831,2
96832,0
96833,6
96834,2
96835,5
96836,5
96837,1
96838,2
96839,0
96840,1
96841,1
96842,6
96843,0
96844,1
96845,2
96846,3
96847,2
96848,5
96849,3
96850,1
96851,5
96852,0
96853,6
96854,6
96855,3
96856,1
96857,4
96858,0
96859,3
96860,6
96861,6
96862,4
96863,5
96864,0
96865,2
96866,2
96867,1
96868,1
96869,1
96870,0
96871,0
96872,2
96873,0
96874,1
96875,5
96876,0
96877,1
96878,1
96879,3
96880,1
96881,6
96882,0
96883,4
96884,1
96885,0
96886,6
96887,6
96888,0
96889,2
96890,0
96891,1
96892,2
96893,2
96894,4
96895,0
96896,1
96897,4
96898,0
96899,1
96900,3
96901,1
96902,2
96903,2
96904,5
96905,1
96906,2
96907,3
96908,6
96909,2
96910,2
96911,2
96912,1
96913,4
96914,4
96915,5
96916,2
96917,6
96918,1
96919,4
96920,1
96921,1
96922,1
96923,5
96924,4
96925,3
96926,0
96927,4
96928,1
96929,1
96930,3
96931,2
96932,2
96933,4
96934,3
96935,2
96936,2
96937,6
96938,1
96939,2
96940,6
96941,0
96942,3
96943,2
96944,1
96945,1
96946,2
96947,1
96948,1
96949,3
96950,1
96951,5
96952,1
96953,5
96954,3
96955,2
96956,5
96957,2
96958,1
96959,6
96960,1
96961,2
96962,0
96963,3
96964,6
96965,5
96966,2
96967,0
96968,1
96969,1
96970,5
96971,4
96972,2
96973,1
96974,4
96975,5
96976,4
96977,2
96978,5
96979,3
96980,2
96981,2
96982,1
96983,4
96984,2
96985,5
96986,6
96987,1
96988,3
96989,2
96990,1
96991,0
96992,2
96993,6
96994,5
96995,2
96996,0
96997,1
96998,1
96999,2
97000,6
97001,0
97002,1
97003,5
97004,0
97005,0
97006,4
97007,1
97008,5
97009,2
97010,0
97011,2
97012,1
97013,3
97014,5
97015,6
97016,1
97017,4
97018,5
97019,5
97020,5
97021,2
97022,2
97023,2
97024,2
97025,2
97026,0
97027,5
97028,1
97029,1
97030,2
97031,2
97032,2
97033,4
97034,2
97035,1
97036,1
97037,0
97038,6
97039,3
97040,2
97041,4
97042,0
97043,1
97044,4
97045,3
97046,4
97047,0
97048,3
97049,0
97050,3
97051,1
97052,2
97053,3
97054,4
97055,2
97056,1
97057,6
97058,5
97059,1
97060,0
97061,1
97062,6
97063,1
97064,6
97065,4
97066,0
97067,3
97068,0
97069,2
97070,1
97071,4
97072,1
97073,2
97074,6
97075,5
97076,3
97077,2
97078,6
97079,2
97080,1
97081,5
97082,1
97083,4
97084,3
97085,2
97086,5
97087,2
97088,1
97089,2
97090,6
97091,0
97092,2
97093,1
97094,6
97095,2
97096,0
97097,0
97098,1
97099,5
97100,1
97101,5
97102,0
97103,4
97104,1
97105,4
97106,5
97107,1
97108,6
97109,6
97110,3
97111,6
97112,6
97113,5
97114,4
97115,1
97116,5
97117,0
97118,1
97119,1
97120,3
97121,4
97122,3
97123,3
97124,1
97125,1
97126,4
97127,4
97128,5
97129,2
97130,1
97131,6
97132,2
97133,1
97134,1
97135,2
97136,1
97137,6
97138,2
97139,2
97140,1
97141,1
97142,3
97143,6
97144,0
97145,1
97146,1
97147,6
97148,1
97149,0
97150,0
97151,2
97152,0
97153,0
97154,1
97155,4
97156,1
97157,2
97158,2
97159,2
97160,1
97161,4
97162,1
97163,1
97164,2
97165,1
97166,6
97167,1
97168,1
97169,2
97170,6
97171,5
97172,3
97173,1
97174,0
97175,2
97176,0
97177,3
97178,1
97179,1
97180,3
97181,1
97182,2
97183,3
97184,1
97185,1
97186,3
97187,1
97188,2
97189,3
97190,3
97191,2
97192,6
97193,1
97194,2
97195,0
97196,4
97197,3
97198,2
97199,3
97200,3
97201,5
97202,4
97203,2
97204,2
97205,6
97206,1
97207,0
97208,4
97209,1
97210,4
97211,6
97212,2
97213,0
97214,3
97215,2
97216,5
97217,2
97218,6
97219,0
97220,0
97221,0
97222,4
97223,1
97224,0
97225,2
97226,1
97227,6
97228,1
97229,3
97230,1
97231,4
97232,0
97233,0
97234,2
97235,1
97236,2
97237,1
97238,1
97239,1
97240,1
97241,0
97242,5
97243,4
97244,2
97245,1
97246,2
97247,0
97248,2
97249,0
97250,1
97251,0
97252,1
97253,1
97254,5
97255,3
97256,1
97257,2
97258,2
97259,0
97260,4
97261,1
97262,1
97263,2
97264,2
97265,6
97266,3
97267,6
97268,1
97269,1
97270,2
97271,1
97272,3
97273,1
97274,2
97275,4
97276,1
97277,5
97278,0
97279,1
97280,4
97281,4
97282,5
97283,2
97284,5
97285,4
97286,1
97287,1
97288,5
97289,4
97290,0
97291,1
97292,6
97293,2
97294,1
97295,1
97296,0
97297,1
97298,2
97299,6
97300,6
97301,5
97302,5
97303,1
97304,2
97305,6
97306,4
97307,4
97308,6
97309,1
97310,0
97311,6
97312,1
97313,0
97314,1
97315,2
97316,0
97317,1
97318,2
97319,2
97320,4
97321,5
97322,3
97323,6
97324,2
97325,1
97326,6
97327,1
97328,6
97329,2
97330,0
97331,3
97332,5
97333,1
97334,6
97335,2
97336,2
97337,2
97338,1
97339,2
97340,6
97341,2
97342,1
97343,2
97344,1
97345,2
97346,4
97347,5
97348,3
97349,0
97350,1
97351,1
97352,1
97353,6
97354,1
97355,1
97356,1
97357,6
97358,3
97359,3
97360,2
97361,0
97362,1
97363,2
97364,2
97365,1
97366,3
97367,3
97368,2
97369,2
97370,5
97371,1
97372,1
97373,2
97374,1
97375,2
97376,3
97377,2
97378,2
97379,4
97380,6
97381,1
97382,1
97383,1
97384,1
97385,0
97386,5
97387,0
97388,1
97389,0
97390,0
97391,2
97392,5
97393,5
97394,1
97395,3
97396,1
97397,5
97398,2
97399,2
97400,2
97401,1
97402,3
97403,6
97404,1
97405,2
97406,2
97407,3
97408,2
97409,2
97410,2
97411,1
97412,2
97413,4
97414,2
97415,2
97416,6
97417,1
97418,1
97419,5
97420,3
97421,6
97422,2
97423,1
97424,0
97425,1
97426,5
97427,2
97428,3
97429,6
97430,5
97431,5
97432,3
97433,0
97434,1
97435,1
97436,5
97437,1
97438,2
97439,2
97440,2
97441,1
97442,2
97443,1
97444,2
97445,2
97446,1
97447,4
97448,3
97449,0
97450,2
97451,5
97452,0
97453,5
97454,0
97455,2
97456,1
97457,2
97458,2
97459,2
97460,1
97461,6
97462,2
97463,1
97464,4
97465,5
97466,0
97467,2
97468,2
97469,1
97470,1
97471,0
97472,4
97473,6
97474,0
97475,1
97476,4
97477,2
97478,4
97479,3
97480,1
97481,2
97482,6
97483,0
97484,0
97485,2
97486,0
97487,6
97488,3
97489,5
97490,0
97491,0
97492,2
97493,4
97494,6
97495,5
97496,2
97497,6
97498,0
97499,1
97500,3
97501,5
97502,1
97503,3
97504,5
97505,4
97506,2
97507,1
97508,2
97509,3
97510,2
97511,5
97512,1
97513,1
97514,0
97515,3
97516,2
97517,0
97518,6
97519,5
97520,6
97521,0
97522,2
97523,1
97524,4
97525,4
97526,4
97527,4
97528,2
97529,6
97530,1
97531,5
97532,1
97533,3
97534,2
97535,2
97536,1
97537,1
97538,0
97539,1
97540,2
97541,4
97542,1
97543,6
97544,1
97545,2
97546,2
97547,5
97548,1
97549,1
97550,2
97551,5
97552,3
97553,4
97554,2
97555,2
97556,2
97557,3
97558,4
97559,2
97560,1
97561,1
97562,1
97563,1
97564,2
97565,6
97566,0
97567,1
97568,4
97569,0
97570,3
97571,6
97572,5
97573,5
97574,2
97575,0
97576,0
97577,0
97578,2
97579,2
97580,1
97581,1
97582,4
97583,2
97584,1
97585,3
97586,4
97587,2
97588,4
97589,3
97590,1
97591,1
97592,4
97593,2
97594,6
97595,4
97596,1
97597,1
97598,3
97599,5
97600,2
97601,0
97602,1
97603,1
97604,5
97605,0
97606,4
97607,4
97608,2
97609,4
97610,5
97611,2
97612,2
97613,1
97614,5
97615,4
97616,1
97617,2
97618,3
97619,4
97620,2
97621,1
97622,6
97623,3
97624,2
97625,4
97626,5
97627,2
97628,5
97629,2
97630,2
97631,1
97632,1
97633,1
97634,2
97635,5
97636,2
97637,3
97638,1
97639,5
97640,6
97641,0
97642,1
97643,2
97644,5
97645,3
97646,4
97647,5
97648,1
97649,1
97650,2
97651,6
97652,1
97653,5
97654,0
97655,3
97656,2
97657,1
97658,1
97659,3
97660,1
97661,3
97662,2
97663,1
97664,1
97665,3
97666,4
97667,6
97668,6
97669,6
97670,1
97671,3
97672,5
97673,4
97674,2
97675,1
97676,6
97677,2
97678,0
97679,3
97680,1
97681,2
97682,2
97683,5
97684,2
97685,2
97686,4
97687,2
97688,6
97689,2
97690,0
97691,3
97692,6
97693,0
97694,2
97695,3
97696,2
97697,4
97698,0
97699,4
97700,0
97701,1
97702,3
97703,1
97704,3
97705,4
97706,1
97707,2
97708,5
97709,3
97710,3
97711,0
97712,4
97713,5
97714,1
97715,1
97716,4
97717,2
97718,1
97719,3
97720,3
97721,6
97722,0
97723,2
97724,0
97725,0
97726,0
97727,5
97728,1
97729,2
97730,5
97731,1
97732,1
97733,2
97734,1
97735,5
97736,2
97737,0
97738,4
97739,2
97740,5
97741,1
97742,6
97743,6
97744,1
97745,6
97746,0
97747,5
97748,2
97749,1
97750,1
97751,2
97752,6
97753,2
97754,2
97755,0
97756,5
97757,2
97758,2
97759,1
97760,4
97761,3
97762,6
97763,1
97764,0
97765,5
97766,6
97767,2
97768,2
97769,1
97770,4
97771,3
97772,6
97773,3
97774,1
97775,3
97776,1
97777,5
97778,3
97779,0
97780,1
97781,1
97782,5
97783,4
97784,3
97785,3
97786,2
97787,4
97788,1
97789,3
97790,2
97791,3
97792,0
97793,2
97794,4
97795,2
97796,1
97797,1
97798,6
97799,0
97800,1
97801,1
97802,1
97803,0
97804,1
97805,4
97806,3
97807,4
97808,1
97809,2
97810,4
97811,3
97812,0
97813,1
97814,2
97815,5
97816,2
97817,2
97818,3
97819,4
97820,2
97821,2
97822,3
97823,2
97824,2
97825,0
97826,0
97827,1
97828,4
97829,6
97830,1
97831,1
97832,3
97833,4
97834,2
97835,2
97836,2
97837,2
97838,0
97839,2
97840,0
97841,6
97842,3
97843,5
97844,6
97845,1
97846,0
97847,1
97848,3
97849,0
97850,2
97851,2
97852,3
97853,1
97854,5
97855,6
97856,2
97857,2
97858,1
97859,6
97860,1
97861,1
97862,3
97863,1
97864,5
97865,2
97866,1
97867,6
97868,1
97869,5
97870,4
97871,4
97872,4
97873,3
97874,1
97875,2
97876,1
97877,4
97878,1
97879,2
97880,1
97881,2
97882,1
97883,1
97884,1
97885,2
97886,1
97887,2
97888,2
97889,1
97890,0
97891,1
97892,2
97893,5
97894,1
97895,3
97896,1
97897,1
97898,4
97899,2
97900,6
97901,1
97902,5
97903,0
97904,5
97905,1
97906,6
97907,5
97908,1
97909,1
97910,3
97911,2
97912,3
97913,2
97914,0
97915,2
97916,3
97917,5
97918,5
97919,4
97920,2
97921,5
97922,2
97923,2
97924,0
97925,6
97926,6
97927,1
97928,1
97929,1
97930,6
97931,4
97932,4
97933,2
97934,3
97935,3
97936,2
97937,0
97938,2
97939,5
97940,3
97941,1
97942,1
97943,6
97944,2
97945,2
97946,2
97947,1
97948,0
97949,0
97950,2
97951,1
97952,4
97953,1
97954,0
97955,1
97956,4
97957,1
97958,0
97959,4
97960,5
97961,2
97962,1
97963,4
97964,3
97965,5
97966,1
97967,1
97968,4
97969,2
97970,1
97971,5
97972,3
97973,5
97974,2
97975,3
97976,0
97977,4
97978,2
97979,3
97980,1
97981,0
97982,0
97983,1
97984,5
97985,6
97986,3
97987,1
97988,4
97989,2
97990,6
97991,6
97992,3
97993,4
97994,5
97995,1
97996,2
97997,2
97998,1
97999,1
98000,4
98001,6
98002,2
98003,4
98004,1
98005,1
98006,0
98007,5
98008,2
98009,1
98010,6
98011,3
98012,1
98013,4
98014,1
98015,2
98016,5
98017,5
98018,5
98019,1
98020,1
98021,1
98022,5
98023,3
98024,5
98025,5
98026,4
98027,3
98028,1
98029,0
98030,3
98031,3
98032,1
98033,2
98034,2
98035,4
98036,1
98037,6
98038,1
98039,4
98040,1
98041,1
98042,4
98043,3
98044,1
98045,0
98046,4
98047,2
98048,6
98049,0
98050,5
98051,2
98052,2
98053,0
98054,1
98055,1
98056,1
98057,1
98058,2
98059,4
98060,1
98061,1
98062,1
98063,0
98064,3
98065,2
98066,1
98067,0
98068,5
98069,0
98070,2
98071,4
98072,2
98073,2
98074,1
98075,5
98076,0
98077,5
98078,3
98079,3
98080,2
98081,2
98082,6
98083,4
98084,0
98085,6
98086,4
98087,4
98088,2
98089,3
98090,1
98091,0
98092,2
98093,1
98094,0
98095,1
98096,1
98097,1
98098,1
98099,1
98100,1
98101,1
98102,6
98103,2
98104,1
98105,4
98106,2
98107,5
98108,2
98109,1
98110,1
98111,2
98112,3
98113,2
98114,1
98115,2
98116,2
98117,2
98118,6
98119,3
98120,1
98121,3
98122,0
98123,5
98124,1
98125,5
98126,0
98127,0
98128,2
98129,5
98130,4
98131,1
98132,5
98133,0
98134,2
98135,6
98136,1
98137,5
98138,6
98139,4
98140,3
98141,1
98142,0
98143,4
98144,1
98145,6
98146,5
98147,4
98148,5
98149,3
98150,1
98151,5
98152,2
98153,5
98154,6
98155,4
98156,5
98157,1
98158,0
98159,6
98160,2
98161,3
98162,0
98163,4
98164,2
98165,1
98166,3
98167,1
98168,2
98169,1
98170,5
98171,1
98172,0
98173,4
98174,1
98175,2
98176,1
98177,1
98178,3
98179,4
98180,4
98181,4
98182,1
98183,1
98184,0
98185,4
98186,3
98187,6
98188,1
98189,0
98190,2
98191,1
98192,4
98193,1
98194,3
98195,1
98196,2
98197,4
98198,1
98199,3
98200,1
98201,0
98202,5
98203,1
98204,1
98205,6
98206,1
98207,2
98208,2
98209,5
98210,1
98211,3
98212,4
98213,1
98214,1
98215,0
98216,3
98217,2
98218,3
98219,1
98220,1
98221,4
98222,4
98223,2
98224,1
98225,1
98226,0
98227,2
98228,3
98229,1
98230,3
98231,2
98232,1
98233,2
98234,3
98235,3
98236,1
98237,1
98238,3
98239,3
98240,4
98241,2
98242,0
98243,1
98244,6
98245,2
98246,5
98247,4
98248,5
98249,5
98250,0
98251,0
98252,3
98253,2
98254,2
98255,2
98256,2
98257,0
98258,0
98259,3
98260,0
98261,1
98262,5
98263,1
98264,6
98265,1
98266,4
98267,2
98268,6
98269,1
98270,5
98271,3
98272,2
98273,0
98274,1
98275,5
98276,2
98277,2
98278,5
98279,0
98280,4
98281,2
98282,3
98283,3
98284,2
98285,0
98286,2
98287,3
98288,1
98289,2
98290,0
98291,1
98292,6
98293,0
98294,2
98295,2
98296,2
98297,1
98298,1
98299,3
98300,2
98301,2
98302,1
98303,5
98304,1
98305,2
98306,2
98307,6
98308,0
98309,4
98310,4
98311,2
98312,0
98313,5
98314,1
98315,5
98316,3
98317,1
98318,4
98319,1
98320,4
98321,1
98322,6
98323,1
98324,4
98325,1
98326,1
98327,0
98328,5
98329,1
98330,5
98331,5
98332,2
98333,2
98334,6
98335,5
98336,2
98337,2
98338,2
98339,3
98340,5
98341,2
98342,0
98343,1
98344,5
98345,6
98346,2
98347,2
98348,6
98349,6
98350,1
98351,2
98352,0
98353,0
98354,3
98355,6
98356,3
98357,1
98358,2
98359,3
98360,0
98361,2
98362,2
98363,2
98364,6
98365,1
98366,5
98367,1
98368,1
98369,4
98370,3
98371,5
98372,1
98373,2
98374,6
98375,1
98376,0
98377,2
98378,2
98379,1
98380,2
98381,1
98382,6
98383,6
98384,2
98385,4
98386,0
98387,5
98388,2
98389,5
98390,2
98391,1
98392,2
98393,2
98394,1
98395,6
98396,6
98397,4
98398,3
98399,0
98400,6
98401,2
98402,1
98403,2
98404,1
98405,1
98406,1
98407,4
98408,5
98409,0
98410,2
98411,5
98412,6
98413,3
98414,2
98415,3
98416,5
98417,1
98418,0
98419,6
98420,4
98421,0
98422,3
98423,4
98424,3
98425,1
98426,1
98427,2
98428,5
98429,3
98430,1
98431,0
98432,2
98433,3
98434,1
98435,4
98436,1
98437,1
98438,2
98439,4
98440,6
98441,0
98442,6
98443,0
98444,3
98445,5
98446,5
98447,5
98448,0
98449,3
98450,1
98451,1
98452,6
98453,1
98454,1
98455,3
98456,3
98457,2
98458,4
98459,5
98460,1
98461,2
98462,6
98463,4
98464,6
98465,6
98466,5
98467,2
98468,2
98469,5
98470,2
98471,4
98472,3
98473,1
98474,2
98475,1
98476,3
98477,1
98478,3
98479,0
98480,0
98481,1
98482,3
98483,1
98484,1
98485,2
98486,6
98487,6
98488,0
98489,4
98490,2
98491,1
98492,2
98493,3
98494,4
98495,0
98496,0
98497,0
98498,1
98499,2
98500,4
98501,3
98502,2
98503,3
98504,2
98505,6
98506,2
98507,0
98508,3
98509,5
98510,1
98511,4
98512,2
98513,2
98514,1
98515,6
98516,0
98517,2
98518,5
98519,1
98520,1
98521,6
98522,1
98523,1
98524,2
98525,1
98526,0
98527,2
98528,3
98529,2
98530,6
98531,3
98532,2
98533,5
98534,0
98535,2
98536,6
98537,1
98538,0
98539,3
98540,2
98541,4
98542,1
98543,3
98544,0
98545,3
98546,4
98547,4
98548,1
98549,1
98550,4
98551,1
98552,2
98553,4
98554,1
98555,1
98556,3
98557,4
98558,1
98559,4
98560,3
98561,2
98562,4
98563,4
98564,0
98565,1
98566,2
98567,2
98568,2
98569,1
98570,2
98571,4
98572,2
98573,1
98574,2
98575,6
98576,2
98577,0
98578,2
98579,3
98580,6
98581,1
98582,6
98583,3
98584,1
98585,1
98586,0
98587,4
98588,6
98589,4
98590,2
98591,1
98592,2
98593,2
98594,5
98595,2
98596,2
98597,1
98598,0
98599,0
98600,2
98601,1
98602,1
98603,1
98604,3
98605,4
98606,2
98607,5
98608,2
98609,2
98610,1
98611,0
98612,6
98613,3
98614,5
98615,2
98616,3
98617,6
98618,1
98619,0
98620,1
98621,1
98622,3
98623,0
98624,2
98625,4
98626,2
98627,2
98628,3
98629,2
98630,2
98631,5
98632,2
98633,2
98634,0
98635,2
98636,4
98637,5
98638,0
98639,0
98640,3
98641,2
98642,0
98643,2
98644,1
98645,3
98646,4
98647,5
98648,2
98649,2
98650,4
98651,2
98652,3
98653,0
98654,1
98655,0
98656,6
98657,1
98658,2
98659,1
98660,3
98661,3
98662,5
98663,2
98664,3
98665,2
98666,5
98667,1
98668,2
98669,1
98670,2
98671,4
98672,2
98673,2
98674,2
98675,1
98676,2
98677,1
98678,2
98679,3
98680,2
98681,3
98682,3
98683,2
98684,3
98685,1
98686,2
98687,2
98688,0
98689,4
98690,5
98691,2
98692,1
98693,0
98694,6
98695,3
98696,5
98697,1
98698,2
98699,2
98700,3
98701,0
98702,2
98703,2
98704,2
98705,3
98706,2
98707,6
98708,5
98709,1
98710,6
98711,6
98712,1
98713,5
98714,2
98715,0
98716,2
98717,1
98718,2
98719,4
98720,2
98721,2
98722,2
98723,1
98724,2
98725,0
98726,2
98727,4
98728,3
98729,3
98730,1
98731,6
98732,3
98733,2
98734,3
98735,2
98736,2
98737,1
98738,1
98739,0
98740,2
98741,2
98742,2
98743,2
98744,4
98745,2
98746,3
98747,3
98748,1
98749,1
98750,1
98751,1
98752,1
98753,1
98754,6
98755,1
98756,1
98757,1
98758,1
98759,1
98760,0
98761,3
98762,1
98763,0
98764,1
98765,6
98766,4
98767,1
98768,4
98769,2
98770,2
98771,2
98772,4
98773,6
98774,1
98775,2
98776,2
98777,1
98778,3
98779,3
98780,2
98781,1
98782,2
98783,4
98784,0
98785,2
98786,1
98787,0
98788,1
98789,6
98790,0
98791,5
98792,2
98793,1
98794,2
98795,4
98796,5
98797,4
98798,2
98799,6
98800,2
98801,1
98802,4
98803,4
98804,1
98805,1
98806,3
98807,3
98808,0
98809,1
98810,2
98811,2
98812,0
98813,1
98814,6
98815,6
98816,1
98817,6
98818,2
98819,1
98820,5
98821,0
98822,4
98823,1
98824,5
98825,2
98826,2
98827,5
98828,3
98829,6
98830,4
98831,2
98832,2
98833,4
98834,6
98835,6
98836,2
98837,6
98838,0
98839,0
98840,1
98841,2
98842,2
98843,2
98844,1
98845,3
98846,2
98847,3
98848,5
98849,1
98850,3
98851,1
98852,4
98853,6
98854,2
98855,6
98856,3
98857,5
98858,2
98859,2
98860,4
98861,6
98862,1
98863,1
98864,6
98865,3
98866,3
98867,4
98868,6
98869,2
98870,6
98871,4
98872,1
98873,4
98874,3
98875,6
98876,2
98877,2
98878,4
98879,2
98880,6
98881,4
98882,3
98883,6
98884,2
98885,1
98886,5
98887,1
98888,2
98889,1
98890,0
98891,1
98892,1
98893,2
98894,6
98895,2
98896,3
98897,1
98898,1
98899,1
98900,2
98901,1
98902,3
98903,1
98904,5
98905,2
98906,5
98907,2
98908,5
98909,2
98910,0
98911,1
98912,0
98913,1
98914,6
98915,0
98916,3
98917,3
98918,0
98919,0
98920,3
98921,2
98922,0
98923,3
98924,0
98925,3
98926,0
98927,6
98928,1
98929,1
98930,2
98931,2
98932,2
98933,6
98934,4
98935,1
98936,6
98937,1
98938,3
98939,0
98940,5
98941,1
98942,2
98943,2
98944,0
98945,2
98946,0
98947,1
98948,5
98949,4
98950,6
98951,6
98952,1
98953,2
98954,4
98955,6
98956,1
98957,4
98958,3
98959,1
98960,6
98961,4
98962,2
98963,3
98964,1
98965,5
98966,1
98967,3
98968,5
98969,0
98970,2
98971,6
98972,5
98973,2
98974,2
98975,1
98976,2
98977,0
98978,5
98979,0
98980,0
98981,4
98982,2
98983,2
98984,6
98985,2
98986,1
98987,2
98988,1
98989,1
98990,1
98991,3
98992,1
98993,0
98994,3
98995,1
98996,2
98997,4
98998,2
98999,0
99000,1
99001,2
99002,6
99003,2
99004,5
99005,1
99006,2
99007,6
99008,1
99009,5
99010,2
99011,0
99012,3
99013,5
99014,1
99015,0
99016,0
99017,3
99018,1
99019,5
99020,4
99021,4
99022,5
99023,5
99024,1
99025,1
99026,5
99027,4
99028,0
99029,6
99030,1
99031,2
99032,2
99033,3
99034,4
99035,1
99036,4
99037,1
99038,1
99039,5
99040,6
99041,4
99042,1
99043,1
99044,3
99045,0
99046,2
99047,5
99048,1
99049,1
99050,2
99051,4
99052,5
99053,4
99054,2
99055,1
99056,3
99057,6
99058,6
99059,1
99060,5
99061,6
99062,5
99063,0
99064,0
99065,3
99066,1
99067,6
99068,1
99069,4
99070,1
99071,1
99072,3
99073,1
99074,5
99075,1
99076,1
99077,5
99078,3
99079,1
99080,1
99081,3
99082,2
99083,5
99084,3
99085,3
99086,1
99087,6
99088,3
99089,4
99090,1
99091,0
99092,2
99093,6
99094,2
99095,1
99096,2
99097,2
99098,0
99099,6
99100,1
99101,1
99102,0
99103,1
99104,6
99105,0
99106,6
99107,3
99108,4
99109,6
99110,3
99111,1
99112,1
99113,2
99114,1
99115,2
99116,2
99117,1
99118,4
99119,3
99120,4
99121,1
99122,4
99123,2
99124,0
99125,5
99126,3
99127,4
99128,4
99129,0
99130,4
99131,6
99132,2
99133,0
99134,2
99135,0
99136,1
99137,0
99138,0
99139,6
99140,1
99141,2
99142,0
99143,0
99144,4
99145,1
99146,1
99147,3
99148,3
99149,6
99150,5
99151,1
99152,0
99153,5
99154,0
99155,1
99156,2
99157,6
99158,0
99159,1
99160,5
99161,6
99162,2
99163,0
99164,4
99165,0
99166,0
99167,4
99168,3
99169,2
99170,4
99171,1
99172,0
99173,0
99174,6
99175,3
99176,1
99177,0
99178,4
99179,1
99180,4
99181,5
99182,0
99183,4
99184,1
99185,6
99186,3
99187,6
99188,1
99189,2
99190,5
99191,6
99192,3
99193,1
99194,6
99195,5
99196,4
99197,6
99198,0
99199,1
99200,6
99201,3
99202,1
99203,1
99204,1
99205,3
99206,1
99207,5
99208,1
99209,3
99210,0
99211,3
99212,5
99213,1
99214,4
99215,1
99216,0
99217,2
99218,4
99219,1
99220,5
99221,6
99222,2
99223,2
99224,2
99225,1
99226,3
99227,6
99228,3
99229,1
99230,5
99231,4
99232,2
99233,0
99234,6
99235,4
99236,3
99237,1
99238,2
99239,0
99240,1
99241,2
99242,0
99243,1
99244,4
99245,3
99246,1
99247,1
99248,1
99249,2
99250,2
99251,0
99252,2
99253,1
99254,4
99255,4
99256,5
99257,4
99258,5
99259,4
99260,2
99261,5
99262,5
99263,3
99264,2
99265,6
99266,6
99267,2
99268,0
99269,4
99270,5
99271,6
99272,2
99273,1
99274,5
99275,3
99276,1
99277,3
99278,2
99279,0
99280,0
99281,2
99282,1
99283,1
99284,3
99285,4
99286,4
99287,6
99288,2
99289,4
99290,6
99291,1
99292,5
99293,1
99294,3
99295,6
99296,3
99297,1
99298,0
99299,2
99300,5
99301,5
99302,0
99303,0
99304,2
99305,4
99306,5
99307,1
99308,3
99309,3
99310,2
99311,2
99312,4
99313,6
99314,0
99315,4
99316,3
99317,2
99318,4
99319,3
99320,3
99321,0
99322,3
99323,5
99324,3
99325,1
99326,2
99327,4
99328,0
99329,3
99330,2
99331,3
99332,1
99333,1
99334,3
99335,2
99336,1
99337,4
99338,2
99339,6
99340,0
99341,1
99342,4
99343,1
99344,1
99345,2
99346,2
99347,2
99348,3
99349,2
99350,4
99351,6
99352,1
99353,2
99354,2
99355,6
99356,4
99357,1
99358,2
99359,1
99360,1
99361,0
99362,2
99363,5
99364,1
99365,0
99366,3
99367,5
99368,0
99369,1
99370,3
99371,6
99372,5
99373,6
99374,2
99375,0
99376,1
99377,2
99378,4
99379,1
99380,1
99381,0
99382,2
99383,2
99384,6
99385,5
99386,1
99387,6
99388,1
99389,2
99390,1
99391,1
99392,6
99393,3
99394,3
99395,1
99396,1
99397,5
99398,2
99399,6
99400,3
99401,0
99402,4
99403,5
99404,2
99405,3
99406,3
99407,2
99408,2
99409,1
99410,0
99411,2
99412,1
99413,3
99414,2
99415,1
99416,2
99417,4
99418,2
99419,1
99420,1
99421,2
99422,3
99423,0
99424,3
99425,6
99426,1
99427,3
99428,3
99429,2
99430,2
99431,2
99432,2
99433,1
99434,6
99435,3
99436,6
99437,6
99438,1
99439,1
99440,2
99441,2
99442,1
99443,4
99444,1
99445,4
99446,5
99447,1
99448,5
99449,4
99450,4
99451,2
99452,6
99453,0
99454,3
99455,0
99456,3
99457,0
99458,1
99459,1
99460,1
99461,1
99462,1
99463,2
99464,2
99465,1
99466,1
99467,6
99468,4
99469,5
99470,4
99471,0
99472,1
99473,2
99474,1
99475,1
99476,1
99477,3
99478,2
99479,0
99480,2
99481,1
99482,1
99483,4
99484,1
99485,4
99486,3
99487,3
99488,1
99489,4
99490,2
99491,2
99492,2
99493,3
99494,0
99495,4
99496,2
99497,2
99498,3
99499,3
99500,2
99501,4
99502,2
99503,1
99504,0
99505,0
99506,2
99507,2
99508,3
99509,1
99510,1
99511,6
99512,3
99513,1
99514,2
99515,1
99516,3
99517,3
99518,0
99519,6
99520,0
99521,4
99522,5
99523,2
99524,0
99525,4
99526,2
99527,3
99528,2
99529,2
99530,1
99531,5
99532,1
99533,1
99534,2
99535,1
99536,1
99537,2
99538,6
99539,5
99540,5
99541,1
99542,5
99543,5
99544,2
99545,1
99546,5
99547,1
99548,2
99549,0
99550,3
99551,1
99552,1
99553,6
99554,1
99555,4
99556,3
99557,3
99558,3
99559,3
99560,1
99561,3
99562,6
99563,1
99564,0
99565,5
99566,3
99567,2
99568,6
99569,1
99570,2
99571,1
99572,6
99573,3
99574,1
99575,4
99576,4
99577,2
99578,1
99579,1
99580,6
99581,2
99582,3
99583,2
99584,1
99585,4
99586,0
99587,2
99588,3
99589,4
99590,0
99591,4
99592,1
99593,2
99594,1
99595,1
99596,5
99597,3
99598,1
99599,3
99600,5
99601,4
99602,6
99603,6
99604,1
99605,3
99606,6
99607,6
99608,0
99609,3
99610,1
99611,4
99612,5
99613,2
99614,1
99615,2
99616,3
99617,5
99618,6
99619,1
99620,1
99621,6
99622,1
99623,1
99624,3
99625,3
99626,3
99627,5
99628,0
99629,1
99630,6
99631,5
99632,1
99633,2
99634,0
99635,2
99636,1
99637,5
99638,5
99639,3
99640,6
99641,0
99642,6
99643,1
99644,4
99645,2
99646,1
99647,4
99648,6
99649,0
99650,1
99651,1
99652,2
99653,6
99654,2
99655,1
99656,3
99657,6
99658,2
99659,1
99660,2
99661,6
99662,5
99663,6
99664,0
99665,3
99666,5
99667,1
99668,4
99669,1
99670,3
99671,3
99672,1
99673,6
99674,1
99675,4
99676,1
99677,0
99678,4
99679,2
99680,4
99681,6
99682,5
99683,1
99684,0
99685,2
99686,0
99687,4
99688,5
99689,5
99690,3
99691,4
99692,2
99693,4
99694,5
99695,2
99696,2
99697,5
99698,6
99699,5
99700,2
99701,1
99702,6
99703,1
99704,6
99705,2
99706,1
99707,1
99708,2
99709,1
99710,4
99711,2
99712,2
99713,2
99714,0
99715,1
99716,2
99717,4
99718,4
99719,3
99720,4
99721,3
99722,0
99723,6
99724,2
99725,1
99726,3
99727,1
99728,4
99729,5
99730,0
99731,2
99732,1
99733,2
99734,3
99735,1
99736,1
99737,1
99738,4
99739,0
99740,3
99741,0
99742,1
99743,0
99744,2
99745,4
99746,0
99747,5
99748,3
99749,3
99750,1
99751,1
99752,2
99753,2
99754,1
99755,2
99756,1
99757,6
99758,2
99759,1
99760,2
99761,6
99762,0
99763,2
99764,2
99765,1
99766,0
99767,1
99768,4
99769,1
99770,2
99771,6
99772,3
99773,1
99774,1
99775,2
99776,0
99777,0
99778,2
99779,2
99780,2
99781,0
99782,3
99783,5
99784,0
99785,6
99786,2
99787,1
99788,1
99789,5
99790,2
99791,6
99792,1
99793,0
99794,5
99795,2
99796,1
99797,6
99798,0
99799,5
99800,1
99801,2
99802,2
99803,3
99804,0
99805,2
99806,6
99807,1
99808,6
99809,1
99810,5
99811,1
99812,1
99813,2
99814,1
99815,2
99816,5
99817,4
99818,2
99819,5
99820,6
99821,1
99822,1
99823,6
99824,1
99825,3
99826,0
99827,2
99828,1
99829,2
99830,0
99831,2
99832,2
99833,0
99834,1
99835,0
99836,2
99837,2
99838,1
99839,1
99840,2
99841,2
99842,6
99843,2
99844,4
99845,3
99846,0
99847,4
99848,4
99849,0
99850,4
99851,2
99852,2
99853,1
99854,2
99855,2
99856,4
99857,5
99858,2
99859,6
99860,1
99861,4
99862,1
99863,2
99864,6
99865,6
99866,5
99867,2
99868,4
99869,4
99870,0
99871,4
99872,2
99873,0
99874,2
99875,3
99876,1
99877,1
99878,3
99879,4
99880,1
99881,3
99882,0
99883,1
99884,4
99885,2
99886,4
99887,5
99888,1
99889,3
99890,4
99891,1
99892,6
99893,5
99894,4
99895,3
99896,4
99897,1
99898,2
99899,1
99900,2
99901,2
99902,4
99903,1
99904,4
99905,1
99906,2
99907,2
99908,4
99909,1
99910,1
99911,2
99912,5
99913,2
99914,3
99915,1
99916,6
99917,5
99918,6
99919,6
99920,1
99921,5
99922,4
99923,5
99924,0
99925,3
99926,4
99927,1
99928,1
99929,1
99930,6
99931,5
99932,1
99933,1
99934,4
99935,6
99936,0
99937,1
99938,3
99939,1
99940,5
99941,3
99942,0
99943,4
99944,5
99945,6
99946,0
99947,3
99948,4
99949,6
99950,1
99951,2
99952,2
99953,3
99954,1
99955,2
99956,2
99957,3
99958,4
99959,1
99960,5
99961,3
99962,5
99963,1
99964,1
99965,2
99966,1
99967,6
99968,3
99969,2
99970,2
99971,5
99972,0
99973,1
99974,2
99975,4
99976,0
99977,2
99978,2
99979,1
99980,2
99981,0
99982,1
99983,3
99984,2
99985,2
99986,2
99987,1
99988,0
99989,4
99990,2
99991,3
99992,4
99993,2
99994,5
99995,1
99996,1
99997,3
99998,4
99999,4
