,cluster_id
0,2
1,4
2,5
3,3
4,0
5,5
6,3
7,1
8,3
9,5
10,5
11,5
12,0
13,2
14,5
15,0
16,6
17,0
18,2
19,0
20,7
21,2
22,4
23,7
24,3
25,4
26,2
27,4
28,2
29,7
30,6
31,1
32,5
33,4
34,2
35,4
36,0
37,2
38,5
39,2
40,1
41,4
42,4
43,0
44,5
45,0
46,7
47,1
48,0
49,4
50,0
51,0
52,4
53,2
54,1
55,4
56,4
57,1
58,4
59,1
60,6
61,1
62,2
63,4
64,2
65,2
66,0
67,0
68,0
69,3
70,2
71,2
72,0
73,7
74,1
75,5
76,1
77,6
78,2
79,0
80,2
81,4
82,7
83,5
84,4
85,0
86,2
87,4
88,1
89,0
90,5
91,4
92,1
93,0
94,2
95,0
96,3
97,7
98,0
99,2
100,7
101,0
102,0
103,0
104,3
105,2
106,5
107,0
108,0
109,7
110,0
111,1
112,4
113,3
114,1
115,2
116,3
117,5
118,2
119,4
120,4
121,2
122,2
123,4
124,1
125,0
126,4
127,6
128,2
129,4
130,5
131,2
132,4
133,2
134,0
135,4
136,7
137,4
138,2
139,5
140,2
141,1
142,5
143,2
144,2
145,4
146,2
147,4
148,3
149,0
150,1
151,4
152,4
153,1
154,7
155,4
156,4
157,7
158,0
159,1
160,7
161,4
162,3
163,7
164,7
165,5
166,5
167,2
168,2
169,5
170,4
171,5
172,2
173,7
174,5
175,0
176,6
177,7
178,5
179,7
180,2
181,4
182,0
183,7
184,0
185,7
186,0
187,4
188,6
189,5
190,2
191,2
192,2
193,2
194,5
195,6
196,4
197,2
198,4
199,5
200,4
201,2
202,4
203,0
204,0
205,3
206,5
207,2
208,1
209,7
210,2
211,5
212,4
213,4
214,3
215,0
216,5
217,5
218,1
219,2
220,3
221,7
222,2
223,4
224,5
225,2
226,4
227,3
228,0
229,2
230,7
231,3
232,5
233,2
234,3
235,0
236,0
237,2
238,0
239,0
240,2
241,4
242,4
243,4
244,7
245,7
246,0
247,2
248,3
249,3
250,7
251,1
252,2
253,5
254,2
255,1
256,7
257,4
258,1
259,0
260,0
261,7
262,0
263,0
264,0
265,3
266,5
267,2
268,0
269,5
270,2
271,0
272,7
273,2
274,0
275,2
276,2
277,5
278,0
279,0
280,4
281,0
282,1
283,4
284,2
285,0
286,0
287,4
288,4
289,5
290,5
291,2
292,4
293,4
294,5
295,6
296,7
297,7
298,5
299,5
300,6
301,0
302,0
303,7
304,0
305,4
306,0
307,2
308,6
309,6
310,2
311,2
312,5
313,0
314,7
315,4
316,1
317,0
318,3
319,0
320,5
321,2
322,5
323,2
324,2
325,2
326,0
327,3
328,6
329,4
330,1
331,2
332,4
333,4
334,0
335,1
336,2
337,0
338,4
339,0
340,4
341,1
342,4
343,7
344,5
345,7
346,3
347,0
348,4
349,6
350,7
351,5
352,3
353,1
354,5
355,7
356,2
357,2
358,5
359,0
360,7
361,7
362,4
363,2
364,2
365,0
366,0
367,5
368,4
369,5
370,7
371,3
372,4
373,6
374,0
375,3
376,5
377,3
378,0
379,4
380,6
381,7
382,4
383,0
384,2
385,2
386,0
387,0
388,5
389,3
390,7
391,3
392,0
393,5
394,4
395,7
396,3
397,0
398,2
399,0
400,4
401,3
402,0
403,5
404,2
405,4
406,3
407,1
408,4
409,4
410,2
411,1
412,0
413,5
414,7
415,0
416,6
417,0
418,0
419,4
420,4
421,4
422,4
423,2
424,4
425,6
426,0
427,4
428,5
429,3
430,3
431,2
432,3
433,0
434,1
435,0
436,5
437,6
438,2
439,1
440,2
441,4
442,4
443,6
444,5
445,5
446,1
447,7
448,5
449,7
450,7
451,2
452,4
453,6
454,5
455,4
456,7
457,0
458,5
459,0
460,4
461,2
462,4
463,4
464,2
465,6
466,1
467,4
468,1
469,7
470,0
471,7
472,0
473,0
474,2
475,6
476,2
477,1
478,2
479,2
480,0
481,5
482,5
483,0
484,2
485,7
486,7
487,4
488,5
489,1
490,4
491,0
492,7
493,7
494,5
495,4
496,4
497,1
498,0
499,7
500,5
501,2
502,5
503,0
504,4
505,4
506,5
507,5
508,7
509,1
510,2
511,4
512,4
513,2
514,0
515,3
516,6
517,4
518,3
519,4
520,2
521,4
522,2
523,0
524,7
525,3
526,7
527,7
528,0
529,7
530,7
531,0
532,7
533,4
534,0
535,7
536,0
537,2
538,2
539,5
540,1
541,7
542,3
543,0
544,5
545,2
546,4
547,2
548,5
549,4
550,4
551,0
552,0
553,7
554,1
555,7
556,5
557,4
558,5
559,7
560,4
561,0
562,5
563,0
564,2
565,3
566,2
567,3
568,5
569,4
570,5
571,6
572,0
573,7
574,5
575,2
576,2
577,7
578,1
579,0
580,2
581,5
582,3
583,0
584,2
585,4
586,2
587,7
588,1
589,2
590,1
591,0
592,6
593,5
594,2
595,6
596,3
597,0
598,0
599,0
600,0
601,7
602,4
603,7
604,5
605,0
606,3
607,6
608,3
609,2
610,1
611,7
612,0
613,3
614,5
615,1
616,7
617,4
618,0
619,4
620,2
621,0
622,5
623,0
624,4
625,5
626,4
627,7
628,5
629,5
630,7
631,2
632,1
633,0
634,2
635,5
636,4
637,5
638,5
639,4
640,2
641,2
642,6
643,2
644,7
645,1
646,3
647,5
648,4
649,2
650,0
651,0
652,4
653,5
654,4
655,0
656,6
657,0
658,6
659,3
660,5
661,4
662,0
663,5
664,7
665,6
666,4
667,4
668,4
669,0
670,0
671,5
672,2
673,0
674,2
675,7
676,3
677,4
678,4
679,5
680,7
681,2
682,0
683,4
684,6
685,0
686,2
687,2
688,7
689,0
690,2
691,5
692,4
693,7
694,0
695,7
696,5
697,4
698,5
699,2
700,6
701,4
702,2
703,1
704,5
705,1
706,5
707,7
708,0
709,0
710,3
711,4
712,5
713,7
714,3
715,6
716,4
717,2
718,4
719,4
720,4
721,1
722,7
723,4
724,6
725,3
726,4
727,0
728,5
729,2
730,7
731,0
732,4
733,2
734,7
735,0
736,5
737,4
738,5
739,4
740,0
741,2
742,1
743,4
744,0
745,4
746,5
747,2
748,4
749,7
750,1
751,1
752,5
753,2
754,2
755,2
756,4
757,4
758,3
759,1
760,0
761,2
762,2
763,2
764,2
765,2
766,1
767,4
768,6
769,4
770,4
771,7
772,4
773,5
774,2
775,0
776,0
777,1
778,5
779,7
780,5
781,7
782,2
783,0
784,0
785,5
786,3
787,5
788,0
789,2
790,4
791,7
792,5
793,7
794,6
795,0
796,3
797,2
798,0
799,0
800,7
801,0
802,7
803,7
804,2
805,0
806,0
807,1
808,0
809,0
810,2
811,2
812,2
813,1
814,5
815,2
816,5
817,6
818,2
819,4
820,0
821,0
822,0
823,2
824,4
825,5
826,4
827,2
828,6
829,7
830,5
831,5
832,4
833,0
834,2
835,0
836,0
837,5
838,2
839,6
840,7
841,2
842,4
843,0
844,0
845,4
846,1
847,4
848,2
849,6
850,0
851,0
852,2
853,7
854,3
855,2
856,6
857,5
858,2
859,2
860,5
861,4
862,5
863,2
864,4
865,0
866,2
867,5
868,2
869,0
870,7
871,0
872,0
873,0
874,2
875,1
876,0
877,7
878,2
879,4
880,6
881,4
882,7
883,2
884,2
885,4
886,3
887,2
888,3
889,2
890,0
891,5
892,6
893,1
894,4
895,7
896,4
897,2
898,2
899,5
900,2
901,7
902,2
903,2
904,4
905,4
906,5
907,0
908,4
909,3
910,2
911,5
912,0
913,0
914,4
915,0
916,0
917,1
918,4
919,0
920,0
921,5
922,0
923,0
924,0
925,6
926,2
927,5
928,7
929,5
930,2
931,0
932,4
933,6
934,0
935,4
936,7
937,6
938,7
939,0
940,0
941,0
942,0
943,5
944,5
945,3
946,5
947,2
948,0
949,3
950,5
951,2
952,4
953,7
954,0
955,7
956,0
957,7
958,6
959,4
960,2
961,4
962,4
963,1
964,5
965,0
966,0
967,4
968,3
969,0
970,6
971,3
972,4
973,0
974,2
975,0
976,0
977,7
978,2
979,5
980,5
981,4
982,0
983,0
984,4
985,4
986,4
987,7
988,0
989,7
990,4
991,4
992,5
993,2
994,0
995,0
996,6
997,1
998,4
999,0
1000,4
1001,2
1002,0
1003,0
1004,4
1005,0
1006,0
1007,5
1008,7
1009,1
1010,4
1011,4
1012,1
1013,1
1014,2
1015,2
1016,5
1017,2
1018,0
1019,4
1020,0
1021,0
1022,2
1023,0
1024,6
1025,4
1026,2
1027,3
1028,4
1029,0
1030,3
1031,0
1032,4
1033,5
1034,0
1035,5
1036,0
1037,7
1038,0
1039,2
1040,6
1041,7
1042,3
1043,7
1044,0
1045,3
1046,2
1047,5
1048,2
1049,0
1050,7
1051,3
1052,2
1053,2
1054,7
1055,4
1056,4
1057,7
1058,0
1059,5
1060,7
1061,0
1062,0
1063,1
1064,7
1065,5
1066,0
1067,5
1068,4
1069,7
1070,2
1071,2
1072,4
1073,0
1074,3
1075,5
1076,2
1077,4
1078,4
1079,3
1080,0
1081,3
1082,7
1083,7
1084,4
1085,0
1086,7
1087,0
1088,0
1089,0
1090,4
1091,5
1092,7
1093,3
1094,0
1095,2
1096,5
1097,5
1098,0
1099,0
1100,5
1101,7
1102,5
1103,7
1104,4
1105,4
1106,4
1107,0
1108,5
1109,1
1110,0
1111,5
1112,5
1113,7
1114,4
1115,2
1116,5
1117,0
1118,2
1119,2
1120,7
1121,0
1122,3
1123,1
1124,1
1125,4
1126,6
1127,3
1128,3
1129,5
1130,5
1131,3
1132,3
1133,4
1134,0
1135,2
1136,4
1137,2
1138,7
1139,2
1140,5
1141,3
1142,7
1143,1
1144,5
1145,0
1146,2
1147,0
1148,0
1149,5
1150,0
1151,0
1152,5
1153,7
1154,0
1155,7
1156,7
1157,4
1158,0
1159,7
1160,0
1161,2
1162,0
1163,5
1164,1
1165,2
1166,4
1167,5
1168,0
1169,4
1170,3
1171,0
1172,2
1173,7
1174,7
1175,0
1176,4
1177,1
1178,0
1179,0
1180,0
1181,2
1182,2
1183,5
1184,7
1185,3
1186,4
1187,6
1188,5
1189,0
1190,5
1191,2
1192,0
1193,2
1194,5
1195,5
1196,0
1197,5
1198,0
1199,5
1200,5
1201,0
1202,5
1203,7
1204,2
1205,4
1206,2
1207,0
1208,0
1209,2
1210,2
1211,6
1212,2
1213,4
1214,5
1215,3
1216,2
1217,2
1218,7
1219,3
1220,2
1221,2
1222,6
1223,0
1224,3
1225,7
1226,3
1227,7
1228,2
1229,4
1230,2
1231,7
1232,0
1233,2
1234,4
1235,0
1236,3
1237,7
1238,4
1239,0
1240,6
1241,0
1242,0
1243,2
1244,5
1245,0
1246,2
1247,5
1248,5
1249,2
1250,1
1251,2
1252,3
1253,2
1254,0
1255,7
1256,5
1257,7
1258,7
1259,4
1260,3
1261,6
1262,5
1263,6
1264,5
1265,3
1266,5
1267,1
1268,7
1269,2
1270,4
1271,4
1272,3
1273,3
1274,0
1275,7
1276,3
1277,4
1278,0
1279,4
1280,3
1281,7
1282,5
1283,2
1284,7
1285,0
1286,0
1287,5
1288,3
1289,0
1290,7
1291,4
1292,2
1293,7
1294,4
1295,7
1296,0
1297,0
1298,4
1299,2
1300,4
1301,7
1302,3
1303,4
1304,7
1305,0
1306,3
1307,5
1308,4
1309,0
1310,0
1311,5
1312,3
1313,7
1314,7
1315,1
1316,0
1317,5
1318,7
1319,5
1320,4
1321,2
1322,0
1323,2
1324,4
1325,3
1326,4
1327,4
1328,0
1329,1
1330,4
1331,5
1332,3
1333,4
1334,7
1335,2
1336,0
1337,6
1338,5
1339,5
1340,2
1341,6
1342,5
1343,4
1344,5
1345,5
1346,6
1347,0
1348,6
1349,4
1350,5
1351,6
1352,4
1353,2
1354,2
1355,4
1356,4
1357,4
1358,6
1359,0
1360,4
1361,3
1362,4
1363,0
1364,3
1365,0
1366,0
1367,1
1368,0
1369,3
1370,2
1371,3
1372,7
1373,0
1374,2
1375,4
1376,3
1377,2
1378,4
1379,1
1380,0
1381,2
1382,5
1383,2
1384,0
1385,6
1386,4
1387,5
1388,5
1389,3
1390,4
1391,6
1392,7
1393,7
1394,2
1395,1
1396,2
1397,0
1398,6
1399,4
1400,0
1401,7
1402,1
1403,0
1404,0
1405,0
1406,1
1407,5
1408,3
1409,6
1410,0
1411,4
1412,5
1413,0
1414,7
1415,5
1416,7
1417,0
1418,5
1419,3
1420,0
1421,2
1422,7
1423,0
1424,7
1425,7
1426,0
1427,1
1428,2
1429,6
1430,0
1431,0
1432,0
1433,0
1434,4
1435,4
1436,0
1437,2
1438,0
1439,0
1440,3
1441,0
1442,3
1443,7
1444,7
1445,2
1446,6
1447,2
1448,5
1449,4
1450,2
1451,1
1452,4
1453,0
1454,6
1455,5
1456,5
1457,0
1458,4
1459,7
1460,0
1461,2
1462,4
1463,7
1464,5
1465,5
1466,0
1467,2
1468,5
1469,4
1470,7
1471,4
1472,2
1473,6
1474,7
1475,0
1476,4
1477,7
1478,1
1479,0
1480,4
1481,5
1482,7
1483,1
1484,2
1485,4
1486,2
1487,0
1488,7
1489,0
1490,4
1491,2
1492,1
1493,5
1494,5
1495,7
1496,2
1497,5
1498,7
1499,5
1500,0
1501,2
1502,4
1503,3
1504,6
1505,4
1506,7
1507,0
1508,0
1509,0
1510,0
1511,6
1512,7
1513,7
1514,5
1515,7
1516,4
1517,2
1518,2
1519,3
1520,5
1521,6
1522,7
1523,7
1524,4
1525,2
1526,5
1527,0
1528,5
1529,4
1530,7
1531,5
1532,7
1533,7
1534,3
1535,4
1536,2
1537,4
1538,1
1539,1
1540,5
1541,4
1542,2
1543,5
1544,2
1545,7
1546,7
1547,4
1548,0
1549,7
1550,0
1551,5
1552,2
1553,5
1554,1
1555,0
1556,7
1557,5
1558,2
1559,4
1560,7
1561,2
1562,0
1563,7
1564,5
1565,5
1566,6
1567,4
1568,5
1569,1
1570,7
1571,3
1572,2
1573,6
1574,2
1575,2
1576,5
1577,4
1578,2
1579,5
1580,0
1581,0
1582,0
1583,4
1584,4
1585,3
1586,3
1587,0
1588,7
1589,5
1590,0
1591,6
1592,0
1593,2
1594,7
1595,2
1596,3
1597,5
1598,4
1599,1
1600,7
1601,4
1602,2
1603,7
1604,7
1605,4
1606,2
1607,0
1608,0
1609,3
1610,1
1611,0
1612,1
1613,0
1614,7
1615,4
1616,2
1617,0
1618,0
1619,4
1620,2
1621,4
1622,3
1623,5
1624,2
1625,2
1626,4
1627,4
1628,2
1629,7
1630,7
1631,0
1632,7
1633,4
1634,6
1635,2
1636,7
1637,2
1638,0
1639,2
1640,4
1641,1
1642,5
1643,5
1644,7
1645,0
1646,0
1647,7
1648,0
1649,4
1650,2
1651,5
1652,4
1653,3
1654,2
1655,2
1656,0
1657,0
1658,0
1659,3
1660,4
1661,4
1662,0
1663,5
1664,0
1665,0
1666,5
1667,6
1668,0
1669,5
1670,0
1671,0
1672,4
1673,0
1674,7
1675,4
1676,2
1677,4
1678,7
1679,2
1680,4
1681,0
1682,7
1683,0
1684,7
1685,0
1686,4
1687,3
1688,2
1689,7
1690,5
1691,1
1692,4
1693,0
1694,0
1695,0
1696,2
1697,0
1698,4
1699,0
1700,4
1701,2
1702,7
1703,2
1704,2
1705,0
1706,3
1707,0
1708,0
1709,4
1710,0
1711,7
1712,7
1713,0
1714,4
1715,0
1716,5
1717,2
1718,4
1719,3
1720,7
1721,2
1722,7
1723,2
1724,7
1725,6
1726,4
1727,7
1728,1
1729,5
1730,2
1731,0
1732,2
1733,0
1734,2
1735,5
1736,7
1737,1
1738,2
1739,7
1740,4
1741,7
1742,2
1743,7
1744,1
1745,5
1746,2
1747,3
1748,1
1749,5
1750,7
1751,0
1752,4
1753,0
1754,2
1755,4
1756,2
1757,5
1758,2
1759,5
1760,7
1761,0
1762,2
1763,7
1764,4
1765,4
1766,2
1767,5
1768,5
1769,0
1770,5
1771,7
1772,2
1773,0
1774,4
1775,2
1776,5
1777,4
1778,7
1779,0
1780,3
1781,4
1782,5
1783,0
1784,6
1785,7
1786,0
1787,0
1788,3
1789,0
1790,2
1791,4
1792,3
1793,5
1794,5
1795,5
1796,6
1797,0
1798,0
1799,7
1800,5
1801,4
1802,0
1803,3
1804,0
1805,4
1806,1
1807,7
1808,7
1809,7
1810,4
1811,3
1812,4
1813,4
1814,7
1815,0
1816,0
1817,1
1818,6
1819,6
1820,0
1821,6
1822,1
1823,0
1824,6
1825,0
1826,0
1827,6
1828,2
1829,0
1830,5
1831,0
1832,7
1833,0
1834,4
1835,2
1836,4
1837,0
1838,1
1839,5
1840,1
1841,7
1842,2
1843,5
1844,2
1845,4
1846,7
1847,5
1848,7
1849,2
1850,0
1851,7
1852,7
1853,7
1854,4
1855,2
1856,1
1857,4
1858,0
1859,2
1860,2
1861,4
1862,4
1863,0
1864,7
1865,0
1866,2
1867,4
1868,7
1869,2
1870,1
1871,1
1872,3
1873,0
1874,0
1875,7
1876,7
1877,7
1878,0
1879,0
1880,7
1881,3
1882,2
1883,5
1884,7
1885,0
1886,0
1887,0
1888,7
1889,0
1890,4
1891,2
1892,4
1893,6
1894,4
1895,2
1896,5
1897,4
1898,2
1899,0
1900,3
1901,2
1902,4
1903,2
1904,2
1905,7
1906,4
1907,2
1908,2
1909,5
1910,2
1911,4
1912,7
1913,2
1914,5
1915,4
1916,2
1917,0
1918,4
1919,0
1920,4
1921,7
1922,0
1923,3
1924,7
1925,0
1926,2
1927,7
1928,7
1929,1
1930,4
1931,0
1932,5
1933,6
1934,0
1935,5
1936,7
1937,6
1938,3
1939,7
1940,7
1941,4
1942,1
1943,4
1944,2
1945,2
1946,2
1947,5
1948,2
1949,5
1950,7
1951,4
1952,0
1953,0
1954,7
1955,4
1956,0
1957,5
1958,5
1959,2
1960,2
1961,2
1962,2
1963,0
1964,1
1965,5
1966,4
1967,2
1968,0
1969,0
1970,0
1971,0
1972,1
1973,6
1974,5
1975,7
1976,4
1977,5
1978,0
1979,6
1980,5
1981,0
1982,4
1983,4
1984,0
1985,5
1986,1
1987,2
1988,0
1989,7
1990,2
1991,5
1992,2
1993,0
1994,2
1995,3
1996,0
1997,2
1998,7
1999,2
2000,3
2001,4
2002,2
2003,2
2004,2
2005,5
2006,2
2007,0
2008,0
2009,0
2010,6
2011,0
2012,6
2013,4
2014,0
2015,0
2016,2
2017,5
2018,2
2019,5
2020,0
2021,0
2022,2
2023,7
2024,4
2025,3
2026,0
2027,4
2028,4
2029,1
2030,0
2031,0
2032,2
2033,0
2034,4
2035,4
2036,7
2037,4
2038,0
2039,5
2040,3
2041,1
2042,3
2043,3
2044,3
2045,1
2046,1
2047,5
2048,2
2049,5
2050,2
2051,4
2052,4
2053,5
2054,5
2055,2
2056,6
2057,3
2058,0
2059,2
2060,0
2061,7
2062,0
2063,5
2064,7
2065,4
2066,4
2067,5
2068,0
2069,6
2070,4
2071,5
2072,2
2073,3
2074,0
2075,1
2076,3
2077,0
2078,2
2079,6
2080,5
2081,0
2082,7
2083,0
2084,1
2085,7
2086,7
2087,7
2088,3
2089,0
2090,0
2091,7
2092,5
2093,0
2094,0
2095,1
2096,2
2097,2
2098,4
2099,0
2100,0
2101,0
2102,0
2103,7
2104,0
2105,5
2106,0
2107,0
2108,7
2109,0
2110,4
2111,2
2112,5
2113,4
2114,4
2115,3
2116,4
2117,7
2118,1
2119,5
2120,4
2121,2
2122,7
2123,0
2124,2
2125,0
2126,7
2127,2
2128,2
2129,4
2130,4
2131,4
2132,4
2133,0
2134,7
2135,0
2136,4
2137,1
2138,2
2139,5
2140,5
2141,7
2142,2
2143,1
2144,0
2145,7
2146,0
2147,0
2148,1
2149,3
2150,0
2151,4
2152,5
2153,2
2154,5
2155,7
2156,3
2157,2
2158,1
2159,2
2160,7
2161,0
2162,0
2163,0
2164,7
2165,7
2166,3
2167,1
2168,6
2169,5
2170,7
2171,0
2172,2
2173,5
2174,5
2175,4
2176,2
2177,2
2178,0
2179,7
2180,6
2181,3
2182,2
2183,0
2184,2
2185,0
2186,6
2187,0
2188,2
2189,6
2190,2
2191,0
2192,0
2193,7
2194,0
2195,0
2196,2
2197,0
2198,7
2199,4
2200,5
2201,0
2202,5
2203,2
2204,0
2205,0
2206,7
2207,7
2208,0
2209,5
2210,2
2211,0
2212,6
2213,5
2214,7
2215,5
2216,4
2217,3
2218,5
2219,5
2220,2
2221,4
2222,0
2223,5
2224,2
2225,0
2226,7
2227,1
2228,4
2229,5
2230,0
2231,4
2232,4
2233,4
2234,7
2235,4
2236,7
2237,4
2238,2
2239,2
2240,0
2241,5
2242,2
2243,5
2244,2
2245,4
2246,5
2247,3
2248,4
2249,7
2250,0
2251,3
2252,5
2253,0
2254,4
2255,1
2256,4
2257,2
2258,7
2259,5
2260,4
2261,4
2262,0
2263,6
2264,5
2265,0
2266,1
2267,5
2268,4
2269,2
2270,1
2271,7
2272,7
2273,1
2274,2
2275,4
2276,4
2277,3
2278,2
2279,2
2280,2
2281,5
2282,0
2283,7
2284,2
2285,3
2286,5
2287,7
2288,0
2289,0
2290,5
2291,2
2292,4
2293,3
2294,4
2295,4
2296,5
2297,2
2298,2
2299,5
2300,2
2301,5
2302,0
2303,0
2304,4
2305,7
2306,5
2307,5
2308,5
2309,1
2310,7
2311,2
2312,7
2313,3
2314,6
2315,0
2316,4
2317,0
2318,5
2319,2
2320,0
2321,4
2322,0
2323,7
2324,4
2325,4
2326,0
2327,2
2328,0
2329,7
2330,3
2331,0
2332,0
2333,6
2334,5
2335,7
2336,0
2337,0
2338,1
2339,1
2340,1
2341,0
2342,5
2343,4
2344,4
2345,7
2346,2
2347,4
2348,6
2349,2
2350,1
2351,0
2352,7
2353,7
2354,4
2355,5
2356,7
2357,2
2358,7
2359,2
2360,5
2361,2
2362,5
2363,7
2364,7
2365,0
2366,0
2367,5
2368,4
2369,3
2370,2
2371,4
2372,7
2373,6
2374,3
2375,0
2376,0
2377,5
2378,2
2379,4
2380,5
2381,1
2382,7
2383,1
2384,4
2385,0
2386,3
2387,7
2388,5
2389,7
2390,4
2391,0
2392,2
2393,2
2394,0
2395,6
2396,3
2397,5
2398,2
2399,0
2400,4
2401,2
2402,0
2403,5
2404,7
2405,3
2406,5
2407,3
2408,4
2409,0
2410,0
2411,7
2412,2
2413,7
2414,7
2415,3
2416,2
2417,3
2418,5
2419,5
2420,2
2421,5
2422,2
2423,2
2424,2
2425,0
2426,6
2427,6
2428,2
2429,5
2430,2
2431,2
2432,5
2433,0
2434,2
2435,7
2436,4
2437,0
2438,3
2439,0
2440,4
2441,7
2442,5
2443,5
2444,0
2445,7
2446,6
2447,5
2448,0
2449,2
2450,2
2451,2
2452,4
2453,0
2454,2
2455,5
2456,2
2457,0
2458,2
2459,7
2460,3
2461,3
2462,7
2463,2
2464,7
2465,4
2466,2
2467,0
2468,7
2469,4
2470,0
2471,2
2472,4
2473,2
2474,3
2475,7
2476,7
2477,3
2478,4
2479,1
2480,0
2481,0
2482,0
2483,5
2484,2
2485,3
2486,7
2487,1
2488,7
2489,2
2490,4
2491,5
2492,4
2493,0
2494,4
2495,1
2496,5
2497,0
2498,7
2499,3
2500,0
2501,1
2502,5
2503,2
2504,2
2505,2
2506,5
2507,1
2508,1
2509,2
2510,5
2511,1
2512,7
2513,4
2514,5
2515,5
2516,7
2517,0
2518,5
2519,4
2520,0
2521,0
2522,4
2523,3
2524,7
2525,4
2526,6
2527,0
2528,7
2529,0
2530,0
2531,0
2532,4
2533,7
2534,4
2535,2
2536,0
2537,6
2538,2
2539,1
2540,1
2541,0
2542,2
2543,4
2544,6
2545,3
2546,2
2547,5
2548,0
2549,0
2550,1
2551,7
2552,4
2553,5
2554,4
2555,4
2556,7
2557,3
2558,5
2559,4
2560,5
2561,4
2562,5
2563,5
2564,5
2565,1
2566,7
2567,5
2568,5
2569,6
2570,0
2571,6
2572,2
2573,4
2574,2
2575,5
2576,6
2577,2
2578,2
2579,7
2580,7
2581,5
2582,4
2583,4
2584,4
2585,6
2586,7
2587,0
2588,2
2589,0
2590,4
2591,0
2592,4
2593,7
2594,2
2595,4
2596,4
2597,4
2598,7
2599,2
2600,2
2601,4
2602,5
2603,0
2604,0
2605,7
2606,4
2607,6
2608,2
2609,6
2610,4
2611,0
2612,2
2613,2
2614,2
2615,3
2616,2
2617,5
2618,1
2619,0
2620,2
2621,7
2622,4
2623,7
2624,1
2625,5
2626,0
2627,0
2628,7
2629,4
2630,0
2631,7
2632,3
2633,7
2634,7
2635,0
2636,1
2637,0
2638,4
2639,2
2640,2
2641,0
2642,1
2643,0
2644,0
2645,4
2646,0
2647,4
2648,0
2649,0
2650,6
2651,1
2652,4
2653,7
2654,2
2655,3
2656,5
2657,4
2658,7
2659,0
2660,0
2661,5
2662,7
2663,4
2664,4
2665,5
2666,7
2667,2
2668,0
2669,2
2670,1
2671,2
2672,2
2673,5
2674,2
2675,5
2676,0
2677,2
2678,4
2679,0
2680,0
2681,0
2682,7
2683,2
2684,4
2685,0
2686,4
2687,0
2688,3
2689,2
2690,0
2691,2
2692,2
2693,5
2694,4
2695,2
2696,2
2697,5
2698,1
2699,7
2700,3
2701,5
2702,7
2703,2
2704,0
2705,3
2706,4
2707,3
2708,3
2709,2
2710,4
2711,3
2712,6
2713,4
2714,0
2715,1
2716,2
2717,7
2718,0
2719,5
2720,6
2721,2
2722,7
2723,2
2724,3
2725,2
2726,4
2727,2
2728,0
2729,5
2730,6
2731,0
2732,2
2733,1
2734,5
2735,0
2736,7
2737,7
2738,0
2739,3
2740,2
2741,0
2742,2
2743,4
2744,4
2745,3
2746,6
2747,4
2748,2
2749,2
2750,0
2751,0
2752,0
2753,2
2754,4
2755,5
2756,7
2757,1
2758,0
2759,5
2760,0
2761,0
2762,3
2763,2
2764,4
2765,0
2766,2
2767,5
2768,7
2769,6
2770,0
2771,1
2772,5
2773,5
2774,4
2775,2
2776,4
2777,4
2778,7
2779,0
2780,7
2781,5
2782,3
2783,7
2784,1
2785,0
2786,0
2787,2
2788,0
2789,5
2790,2
2791,0
2792,4
2793,0
2794,3
2795,6
2796,7
2797,0
2798,1
2799,5
2800,2
2801,2
2802,0
2803,2
2804,3
2805,4
2806,4
2807,7
2808,0
2809,1
2810,4
2811,2
2812,7
2813,0
2814,6
2815,4
2816,6
2817,4
2818,0
2819,4
2820,2
2821,2
2822,2
2823,2
2824,1
2825,1
2826,7
2827,0
2828,0
2829,3
2830,0
2831,6
2832,7
2833,6
2834,0
2835,4
2836,3
2837,0
2838,4
2839,7
2840,2
2841,4
2842,2
2843,5
2844,2
2845,6
2846,1
2847,2
2848,0
2849,7
2850,5
2851,2
2852,0
2853,0
2854,6
2855,4
2856,0
2857,4
2858,0
2859,2
2860,7
2861,4
2862,0
2863,0
2864,5
2865,0
2866,4
2867,0
2868,0
2869,2
2870,5
2871,2
2872,2
2873,0
2874,5
2875,1
2876,2
2877,4
2878,5
2879,0
2880,7
2881,7
2882,5
2883,6
2884,4
2885,2
2886,7
2887,7
2888,0
2889,0
2890,0
2891,0
2892,0
2893,0
2894,6
2895,4
2896,0
2897,3
2898,2
2899,0
2900,2
2901,0
2902,4
2903,5
2904,2
2905,5
2906,3
2907,2
2908,5
2909,1
2910,0
2911,7
2912,1
2913,7
2914,2
2915,1
2916,5
2917,3
2918,6
2919,4
2920,7
2921,1
2922,6
2923,5
2924,5
2925,2
2926,7
2927,3
2928,5
2929,3
2930,7
2931,7
2932,3
2933,0
2934,3
2935,4
2936,4
2937,7
2938,0
2939,3
2940,7
2941,0
2942,4
2943,0
2944,2
2945,3
2946,4
2947,0
2948,7
2949,2
2950,2
2951,2
2952,7
2953,5
2954,5
2955,7
2956,7
2957,0
2958,2
2959,2
2960,5
2961,1
2962,5
2963,4
2964,4
2965,2
2966,7
2967,5
2968,0
2969,4
2970,3
2971,4
2972,5
2973,2
2974,6
2975,7
2976,2
2977,4
2978,0
2979,5
2980,0
2981,7
2982,2
2983,0
2984,6
2985,5
2986,7
2987,5
2988,2
2989,4
2990,0
2991,4
2992,0
2993,2
2994,5
2995,0
2996,2
2997,4
2998,4
2999,2
3000,6
3001,7
3002,1
3003,5
3004,0
3005,7
3006,5
3007,2
3008,0
3009,2
3010,2
3011,7
3012,4
3013,7
3014,4
3015,0
3016,0
3017,5
3018,2
3019,0
3020,5
3021,6
3022,2
3023,2
3024,2
3025,0
3026,0
3027,3
3028,4
3029,1
3030,5
3031,7
3032,3
3033,2
3034,0
3035,4
3036,4
3037,2
3038,2
3039,0
3040,2
3041,3
3042,2
3043,0
3044,4
3045,5
3046,3
3047,0
3048,5
3049,4
3050,7
3051,6
3052,5
3053,1
3054,2
3055,7
3056,2
3057,2
3058,6
3059,2
3060,0
3061,5
3062,0
3063,4
3064,0
3065,3
3066,4
3067,0
3068,2
3069,4
3070,4
3071,2
3072,7
3073,3
3074,3
3075,5
3076,0
3077,4
3078,5
3079,7
3080,0
3081,4
3082,4
3083,4
3084,3
3085,0
3086,1
3087,4
3088,7
3089,3
3090,2
3091,2
3092,0
3093,1
3094,5
3095,5
3096,4
3097,7
3098,2
3099,2
3100,2
3101,6
3102,1
3103,2
3104,3
3105,7
3106,0
3107,7
3108,1
3109,7
3110,4
3111,1
3112,7
3113,2
3114,2
3115,4
3116,1
3117,2
3118,4
3119,5
3120,7
3121,7
3122,5
3123,2
3124,0
3125,1
3126,0
3127,4
3128,2
3129,0
3130,4
3131,0
3132,0
3133,6
3134,7
3135,6
3136,0
3137,4
3138,2
3139,2
3140,4
3141,6
3142,2
3143,2
3144,7
3145,2
3146,2
3147,5
3148,0
3149,4
3150,5
3151,5
3152,4
3153,0
3154,3
3155,3
3156,4
3157,0
3158,0
3159,6
3160,4
3161,5
3162,7
3163,4
3164,2
3165,0
3166,2
3167,0
3168,1
3169,1
3170,0
3171,4
3172,5
3173,6
3174,3
3175,4
3176,7
3177,2
3178,0
3179,5
3180,0
3181,5
3182,1
3183,5
3184,5
3185,0
3186,2
3187,4
3188,2
3189,3
3190,3
3191,7
3192,3
3193,4
3194,2
3195,0
3196,2
3197,0
3198,2
3199,2
3200,0
3201,0
3202,2
3203,7
3204,2
3205,2
3206,5
3207,2
3208,7
3209,0
3210,3
3211,4
3212,0
3213,0
3214,4
3215,4
3216,3
3217,4
3218,0
3219,1
3220,5
3221,1
3222,0
3223,0
3224,4
3225,0
3226,4
3227,2
3228,2
3229,7
3230,7
3231,5
3232,2
3233,5
3234,0
3235,7
3236,0
3237,4
3238,5
3239,1
3240,1
3241,0
3242,5
3243,5
3244,5
3245,4
3246,0
3247,7
3248,2
3249,4
3250,0
3251,0
3252,7
3253,5
3254,0
3255,4
3256,2
3257,2
3258,2
3259,3
3260,2
3261,2
3262,0
3263,4
3264,2
3265,5
3266,5
3267,6
3268,4
3269,0
3270,5
3271,5
3272,1
3273,6
3274,0
3275,4
3276,6
3277,0
3278,3
3279,1
3280,5
3281,2
3282,5
3283,2
3284,7
3285,4
3286,2
3287,7
3288,7
3289,5
3290,7
3291,0
3292,7
3293,2
3294,0
3295,5
3296,3
3297,5
3298,2
3299,0
3300,0
3301,5
3302,2
3303,0
3304,0
3305,7
3306,0
3307,2
3308,7
3309,7
3310,2
3311,0
3312,2
3313,4
3314,4
3315,2
3316,2
3317,5
3318,6
3319,0
3320,5
3321,0
3322,5
3323,0
3324,2
3325,6
3326,7
3327,4
3328,1
3329,5
3330,4
3331,2
3332,7
3333,2
3334,2
3335,2
3336,4
3337,7
3338,0
3339,3
3340,5
3341,5
3342,7
3343,7
3344,5
3345,2
3346,5
3347,4
3348,0
3349,3
3350,7
3351,5
3352,5
3353,0
3354,4
3355,0
3356,7
3357,1
3358,3
3359,1
3360,3
3361,0
3362,2
3363,2
3364,2
3365,2
3366,7
3367,7
3368,0
3369,7
3370,0
3371,7
3372,4
3373,5
3374,0
3375,7
3376,7
3377,6
3378,3
3379,3
3380,4
3381,2
3382,2
3383,2
3384,7
3385,7
3386,1
3387,7
3388,7
3389,0
3390,0
3391,4
3392,0
3393,0
3394,0
3395,0
3396,0
3397,7
3398,2
3399,0
3400,2
3401,5
3402,4
3403,2
3404,2
3405,3
3406,0
3407,1
3408,2
3409,1
3410,5
3411,5
3412,0
3413,0
3414,2
3415,7
3416,2
3417,4
3418,4
3419,4
3420,5
3421,5
3422,4
3423,6
3424,4
3425,0
3426,4
3427,4
3428,0
3429,5
3430,5
3431,0
3432,5
3433,7
3434,1
3435,6
3436,1
3437,5
3438,2
3439,3
3440,2
3441,7
3442,2
3443,5
3444,7
3445,6
3446,7
3447,2
3448,1
3449,7
3450,2
3451,4
3452,3
3453,0
3454,5
3455,6
3456,4
3457,0
3458,0
3459,3
3460,2
3461,5
3462,6
3463,0
3464,5
3465,5
3466,0
3467,5
3468,3
3469,7
3470,3
3471,1
3472,2
3473,7
3474,6
3475,4
3476,0
3477,4
3478,4
3479,5
3480,6
3481,2
3482,5
3483,6
3484,1
3485,1
3486,7
3487,5
3488,0
3489,0
3490,5
3491,0
3492,0
3493,6
3494,7
3495,4
3496,0
3497,7
3498,0
3499,4
3500,7
3501,7
3502,2
3503,5
3504,4
3505,6
3506,0
3507,2
3508,2
3509,2
3510,0
3511,1
3512,2
3513,2
3514,7
3515,1
3516,5
3517,5
3518,7
3519,5
3520,2
3521,0
3522,5
3523,4
3524,3
3525,2
3526,0
3527,5
3528,2
3529,4
3530,4
3531,0
3532,3
3533,4
3534,2
3535,6
3536,0
3537,5
3538,7
3539,7
3540,3
3541,4
3542,0
3543,2
3544,0
3545,7
3546,4
3547,7
3548,2
3549,0
3550,0
3551,2
3552,7
3553,4
3554,2
3555,7
3556,7
3557,2
3558,5
3559,4
3560,5
3561,6
3562,7
3563,0
3564,7
3565,4
3566,0
3567,2
3568,2
3569,3
3570,7
3571,2
3572,0
3573,2
3574,5
3575,0
3576,0
3577,6
3578,3
3579,6
3580,1
3581,3
3582,4
3583,4
3584,0
3585,0
3586,7
3587,2
3588,4
3589,4
3590,7
3591,0
3592,2
3593,3
3594,5
3595,7
3596,7
3597,0
3598,0
3599,0
3600,4
3601,3
3602,7
3603,2
3604,7
3605,7
3606,2
3607,2
3608,5
3609,7
3610,7
3611,5
3612,4
3613,2
3614,4
3615,4
3616,1
3617,2
3618,7
3619,5
3620,0
3621,5
3622,4
3623,7
3624,4
3625,2
3626,1
3627,5
3628,7
3629,4
3630,0
3631,5
3632,2
3633,3
3634,0
3635,7
3636,0
3637,6
3638,5
3639,2
3640,0
3641,2
3642,0
3643,5
3644,3
3645,3
3646,7
3647,7
3648,5
3649,4
3650,3
3651,6
3652,2
3653,1
3654,2
3655,7
3656,5
3657,0
3658,4
3659,5
3660,7
3661,0
3662,7
3663,7
3664,4
3665,7
3666,0
3667,4
3668,6
3669,0
3670,2
3671,0
3672,4
3673,7
3674,0
3675,4
3676,3
3677,0
3678,7
3679,7
3680,2
3681,7
3682,5
3683,3
3684,0
3685,3
3686,1
3687,4
3688,2
3689,7
3690,5
3691,5
3692,3
3693,7
3694,0
3695,7
3696,2
3697,5
3698,4
3699,0
3700,0
3701,2
3702,3
3703,2
3704,7
3705,7
3706,2
3707,3
3708,2
3709,2
3710,4
3711,7
3712,5
3713,4
3714,5
3715,5
3716,4
3717,0
3718,0
3719,4
3720,6
3721,2
3722,2
3723,0
3724,2
3725,5
3726,4
3727,3
3728,2
3729,1
3730,2
3731,2
3732,2
3733,0
3734,0
3735,7
3736,0
3737,4
3738,0
3739,3
3740,2
3741,7
3742,5
3743,4
3744,2
3745,4
3746,4
3747,7
3748,7
3749,0
3750,7
3751,5
3752,7
3753,7
3754,0
3755,2
3756,5
3757,0
3758,2
3759,0
3760,2
3761,7
3762,4
3763,0
3764,2
3765,3
3766,7
3767,3
3768,6
3769,0
3770,1
3771,2
3772,2
3773,5
3774,5
3775,0
3776,5
3777,4
3778,3
3779,0
3780,0
3781,3
3782,5
3783,2
3784,7
3785,4
3786,5
3787,7
3788,3
3789,0
3790,4
3791,6
3792,6
3793,4
3794,5
3795,4
3796,4
3797,4
3798,4
3799,0
3800,0
3801,1
3802,3
3803,5
3804,2
3805,0
3806,4
3807,5
3808,3
3809,7
3810,4
3811,0
3812,5
3813,3
3814,3
3815,0
3816,0
3817,3
3818,4
3819,7
3820,0
3821,0
3822,5
3823,7
3824,7
3825,0
3826,1
3827,3
3828,7
3829,0
3830,4
3831,6
3832,2
3833,5
3834,1
3835,5
3836,5
3837,2
3838,4
3839,2
3840,0
3841,0
3842,5
3843,5
3844,3
3845,4
3846,0
3847,0
3848,5
3849,2
3850,2
3851,2
3852,0
3853,5
3854,0
3855,2
3856,0
3857,7
3858,5
3859,4
3860,3
3861,0
3862,0
3863,3
3864,6
3865,2
3866,7
3867,0
3868,4
3869,0
3870,5
3871,0
3872,2
3873,2
3874,2
3875,5
3876,5
3877,7
3878,7
3879,0
3880,0
3881,6
3882,4
3883,7
3884,7
3885,0
3886,2
3887,2
3888,0
3889,5
3890,4
3891,4
3892,4
3893,4
3894,2
3895,3
3896,5
3897,2
3898,5
3899,6
3900,3
3901,0
3902,2
3903,7
3904,7
3905,5
3906,4
3907,4
3908,0
3909,6
3910,2
3911,7
3912,3
3913,0
3914,2
3915,2
3916,4
3917,1
3918,5
3919,4
3920,6
3921,5
3922,4
3923,3
3924,0
3925,5
3926,0
3927,4
3928,0
3929,5
3930,2
3931,4
3932,4
3933,5
3934,2
3935,4
3936,3
3937,2
3938,1
3939,5
3940,5
3941,0
3942,7
3943,2
3944,5
3945,5
3946,2
3947,4
3948,2
3949,4
3950,2
3951,7
3952,5
3953,1
3954,5
3955,2
3956,7
3957,3
3958,2
3959,1
3960,7
3961,1
3962,0
3963,3
3964,5
3965,5
3966,5
3967,0
3968,5
3969,5
3970,0
3971,3
3972,2
3973,2
3974,6
3975,0
3976,0
3977,5
3978,7
3979,3
3980,7
3981,7
3982,3
3983,2
3984,4
3985,2
3986,1
3987,3
3988,2
3989,2
3990,4
3991,5
3992,0
3993,0
3994,2
3995,3
3996,0
3997,4
3998,4
3999,2
4000,0
4001,4
4002,0
4003,3
4004,5
4005,0
4006,5
4007,1
4008,2
4009,4
4010,2
4011,0
4012,4
4013,7
4014,2
4015,0
4016,4
4017,0
4018,0
4019,1
4020,1
4021,7
4022,4
4023,0
4024,7
4025,4
4026,5
4027,7
4028,4
4029,3
4030,3
4031,2
4032,5
4033,0
4034,4
4035,2
4036,0
4037,0
4038,5
4039,4
4040,0
4041,7
4042,1
4043,6
4044,7
4045,2
4046,0
4047,4
4048,5
4049,7
4050,5
4051,6
4052,0
4053,4
4054,7
4055,2
4056,1
4057,4
4058,0
4059,0
4060,0
4061,4
4062,6
4063,5
4064,2
4065,0
4066,4
4067,4
4068,2
4069,2
4070,4
4071,7
4072,6
4073,5
4074,0
4075,2
4076,2
4077,1
4078,2
4079,2
4080,7
4081,0
4082,3
4083,0
4084,5
4085,3
4086,4
4087,0
4088,6
4089,2
4090,4
4091,4
4092,2
4093,3
4094,0
4095,7
4096,1
4097,0
4098,4
4099,4
4100,4
4101,0
4102,4
4103,0
4104,3
4105,4
4106,0
4107,7
4108,0
4109,0
4110,6
4111,0
4112,6
4113,0
4114,4
4115,5
4116,2
4117,6
4118,0
4119,6
4120,2
4121,5
4122,0
4123,0
4124,0
4125,5
4126,4
4127,0
4128,1
4129,3
4130,2
4131,1
4132,2
4133,7
4134,7
4135,5
4136,3
4137,3
4138,2
4139,2
4140,2
4141,4
4142,5
4143,1
4144,0
4145,2
4146,5
4147,4
4148,3
4149,5
4150,0
4151,2
4152,4
4153,2
4154,2
4155,2
4156,2
4157,6
4158,2
4159,7
4160,5
4161,7
4162,4
4163,0
4164,2
4165,7
4166,3
4167,2
4168,1
4169,0
4170,5
4171,0
4172,2
4173,2
4174,4
4175,7
4176,7
4177,5
4178,7
4179,4
4180,0
4181,5
4182,7
4183,2
4184,4
4185,7
4186,4
4187,4
4188,5
4189,4
4190,0
4191,4
4192,4
4193,3
4194,0
4195,5
4196,0
4197,5
4198,2
4199,7
4200,7
4201,1
4202,5
4203,2
4204,4
4205,5
4206,4
4207,2
4208,5
4209,5
4210,3
4211,4
4212,4
4213,5
4214,2
4215,6
4216,4
4217,7
4218,0
4219,0
4220,4
4221,2
4222,6
4223,0
4224,0
4225,2
4226,0
4227,0
4228,0
4229,3
4230,4
4231,5
4232,5
4233,6
4234,3
4235,2
4236,4
4237,4
4238,2
4239,0
4240,2
4241,1
4242,5
4243,4
4244,0
4245,4
4246,5
4247,4
4248,2
4249,3
4250,4
4251,4
4252,4
4253,2
4254,7
4255,7
4256,0
4257,0
4258,5
4259,4
4260,0
4261,5
4262,0
4263,4
4264,7
4265,6
4266,6
4267,0
4268,2
4269,6
4270,4
4271,0
4272,5
4273,0
4274,0
4275,3
4276,3
4277,4
4278,2
4279,5
4280,0
4281,2
4282,4
4283,1
4284,2
4285,2
4286,3
4287,4
4288,2
4289,7
4290,0
4291,5
4292,5
4293,5
4294,3
4295,0
4296,0
4297,0
4298,5
4299,5
4300,0
4301,0
4302,2
4303,4
4304,2
4305,7
4306,4
4307,2
4308,1
4309,0
4310,1
4311,1
4312,4
4313,3
4314,3
4315,0
4316,2
4317,3
4318,7
4319,0
4320,5
4321,2
4322,6
4323,1
4324,4
4325,5
4326,4
4327,2
4328,2
4329,7
4330,0
4331,3
4332,2
4333,2
4334,7
4335,2
4336,0
4337,7
4338,6
4339,0
4340,0
4341,2
4342,7
4343,0
4344,2
4345,0
4346,5
4347,7
4348,2
4349,7
4350,4
4351,5
4352,2
4353,4
4354,0
4355,5
4356,7
4357,3
4358,0
4359,4
4360,4
4361,2
4362,0
4363,5
4364,4
4365,5
4366,0
4367,2
4368,4
4369,0
4370,4
4371,0
4372,2
4373,3
4374,4
4375,0
4376,0
4377,5
4378,1
4379,2
4380,0
4381,7
4382,6
4383,7
4384,0
4385,6
4386,2
4387,1
4388,5
4389,4
4390,2
4391,0
4392,5
4393,0
4394,6
4395,7
4396,2
4397,7
4398,0
4399,7
4400,3
4401,0
4402,5
4403,4
4404,5
4405,3
4406,0
4407,2
4408,5
4409,7
4410,0
4411,3
4412,0
4413,4
4414,6
4415,2
4416,2
4417,3
4418,0
4419,4
4420,2
4421,3
4422,2
4423,2
4424,0
4425,4
4426,7
4427,2
4428,0
4429,2
4430,0
4431,2
4432,2
4433,3
4434,2
4435,4
4436,5
4437,1
4438,5
4439,4
4440,0
4441,2
4442,5
4443,2
4444,1
4445,2
4446,3
4447,6
4448,2
4449,6
4450,3
4451,1
4452,4
4453,4
4454,4
4455,2
4456,0
4457,7
4458,1
4459,5
4460,4
4461,4
4462,2
4463,1
4464,7
4465,4
4466,7
4467,0
4468,2
4469,0
4470,0
4471,7
4472,4
4473,5
4474,0
4475,0
4476,5
4477,5
4478,0
4479,7
4480,1
4481,1
4482,2
4483,1
4484,7
4485,4
4486,3
4487,4
4488,7
4489,1
4490,5
4491,0
4492,7
4493,4
4494,7
4495,0
4496,4
4497,2
4498,2
4499,5
4500,4
4501,3
4502,2
4503,3
4504,1
4505,4
4506,2
4507,5
4508,2
4509,0
4510,7
4511,4
4512,7
4513,4
4514,4
4515,3
4516,7
4517,4
4518,2
4519,4
4520,0
4521,3
4522,2
4523,2
4524,4
4525,6
4526,3
4527,4
4528,0
4529,2
4530,4
4531,0
4532,7
4533,6
4534,2
4535,7
4536,7
4537,6
4538,1
4539,5
4540,6
4541,4
4542,4
4543,0
4544,7
4545,7
4546,5
4547,2
4548,2
4549,7
4550,6
4551,4
4552,6
4553,7
4554,4
4555,2
4556,5
4557,5
4558,7
4559,2
4560,0
4561,7
4562,5
4563,0
4564,7
4565,4
4566,7
4567,4
4568,0
4569,7
4570,0
4571,0
4572,5
4573,7
4574,5
4575,5
4576,2
4577,2
4578,7
4579,4
4580,2
4581,5
4582,7
4583,3
4584,5
4585,0
4586,7
4587,2
4588,0
4589,6
4590,0
4591,5
4592,4
4593,5
4594,2
4595,2
4596,2
4597,0
4598,0
4599,3
4600,1
4601,3
4602,0
4603,3
4604,4
4605,0
4606,1
4607,6
4608,2
4609,7
4610,4
4611,5
4612,4
4613,7
4614,5
4615,5
4616,3
4617,0
4618,1
4619,0
4620,0
4621,4
4622,1
4623,5
4624,1
4625,2
4626,0
4627,0
4628,0
4629,4
4630,4
4631,0
4632,4
4633,3
4634,5
4635,4
4636,4
4637,0
4638,2
4639,4
4640,4
4641,0
4642,1
4643,5
4644,7
4645,1
4646,4
4647,7
4648,0
4649,3
4650,1
4651,7
4652,1
4653,4
4654,1
4655,0
4656,4
4657,4
4658,3
4659,5
4660,7
4661,7
4662,3
4663,2
4664,7
4665,3
4666,4
4667,6
4668,5
4669,5
4670,5
4671,2
4672,1
4673,2
4674,2
4675,0
4676,2
4677,5
4678,0
4679,5
4680,3
4681,4
4682,0
4683,5
4684,4
4685,0
4686,4
4687,0
4688,5
4689,1
4690,0
4691,2
4692,0
4693,0
4694,3
4695,2
4696,2
4697,2
4698,5
4699,0
4700,0
4701,6
4702,1
4703,4
4704,4
4705,2
4706,5
4707,0
4708,3
4709,3
4710,3
4711,3
4712,4
4713,3
4714,0
4715,0
4716,2
4717,4
4718,1
4719,0
4720,5
4721,2
4722,5
4723,4
4724,0
4725,2
4726,0
4727,2
4728,5
4729,7
4730,5
4731,7
4732,0
4733,0
4734,7
4735,0
4736,1
4737,7
4738,4
4739,0
4740,3
4741,3
4742,4
4743,2
4744,5
4745,4
4746,2
4747,4
4748,2
4749,4
4750,2
4751,5
4752,2
4753,0
4754,7
4755,4
4756,2
4757,1
4758,2
4759,2
4760,5
4761,5
4762,4
4763,4
4764,7
4765,1
4766,2
4767,0
4768,6
4769,7
4770,1
4771,7
4772,0
4773,0
4774,7
4775,0
4776,5
4777,1
4778,7
4779,5
4780,4
4781,2
4782,7
4783,2
4784,6
4785,4
4786,5
4787,5
4788,4
4789,0
4790,2
4791,4
4792,3
4793,3
4794,7
4795,0
4796,3
4797,3
4798,0
4799,5
4800,4
4801,3
4802,6
4803,1
4804,5
4805,0
4806,4
4807,5
4808,5
4809,2
4810,2
4811,5
4812,0
4813,2
4814,3
4815,2
4816,1
4817,5
4818,7
4819,6
4820,6
4821,1
4822,4
4823,2
4824,0
4825,4
4826,1
4827,0
4828,0
4829,2
4830,1
4831,4
4832,0
4833,2
4834,6
4835,3
4836,0
4837,0
4838,7
4839,6
4840,0
4841,4
4842,5
4843,7
4844,6
4845,2
4846,2
4847,0
4848,4
4849,2
4850,0
4851,5
4852,7
4853,1
4854,7
4855,5
4856,5
4857,4
4858,7
4859,2
4860,2
4861,7
4862,7
4863,1
4864,0
4865,3
4866,7
4867,4
4868,5
4869,3
4870,0
4871,4
4872,4
4873,2
4874,5
4875,0
4876,4
4877,5
4878,0
4879,0
4880,2
4881,1
4882,3
4883,0
4884,2
4885,0
4886,5
4887,2
4888,1
4889,2
4890,3
4891,5
4892,1
4893,5
4894,2
4895,0
4896,0
4897,2
4898,2
4899,5
4900,0
4901,3
4902,3
4903,2
4904,5
4905,2
4906,0
4907,5
4908,3
4909,0
4910,2
4911,0
4912,2
4913,0
4914,7
4915,7
4916,4
4917,2
4918,2
4919,0
4920,4
4921,0
4922,5
4923,2
4924,7
4925,6
4926,1
4927,6
4928,5
4929,2
4930,5
4931,4
4932,2
4933,0
4934,3
4935,2
4936,7
4937,6
4938,6
4939,2
4940,6
4941,7
4942,2
4943,4
4944,6
4945,3
4946,0
4947,0
4948,2
4949,5
4950,5
4951,5
4952,1
4953,3
4954,2
4955,0
4956,2
4957,6
4958,0
4959,4
4960,5
4961,4
4962,4
4963,3
4964,2
4965,4
4966,2
4967,3
4968,2
4969,5
4970,4
4971,7
4972,0
4973,5
4974,5
4975,7
4976,7
4977,4
4978,0
4979,0
4980,7
4981,2
4982,5
4983,5
4984,3
4985,2
4986,0
4987,0
4988,6
4989,1
4990,0
4991,2
4992,0
4993,7
4994,5
4995,2
4996,5
4997,6
4998,2
4999,4
5000,2
5001,5
5002,7
5003,0
5004,0
5005,7
5006,2
5007,0
5008,2
5009,2
5010,3
5011,4
5012,0
5013,0
5014,4
5015,2
5016,0
5017,0
5018,4
5019,2
5020,0
5021,7
5022,2
5023,6
5024,0
5025,4
5026,0
5027,5
5028,0
5029,4
5030,7
5031,0
5032,0
5033,3
5034,4
5035,2
5036,2
5037,7
5038,3
5039,0
5040,5
5041,0
5042,6
5043,2
5044,2
5045,7
5046,2
5047,0
5048,7
5049,1
5050,3
5051,5
5052,0
5053,1
5054,7
5055,0
5056,3
5057,0
5058,3
5059,4
5060,0
5061,2
5062,4
5063,7
5064,5
5065,7
5066,2
5067,0
5068,4
5069,4
5070,4
5071,1
5072,4
5073,5
5074,7
5075,3
5076,0
5077,0
5078,0
5079,4
5080,2
5081,7
5082,0
5083,4
5084,0
5085,5
5086,6
5087,0
5088,0
5089,5
5090,0
5091,2
5092,7
5093,0
5094,3
5095,7
5096,4
5097,2
5098,0
5099,1
5100,5
5101,4
5102,6
5103,1
5104,7
5105,1
5106,3
5107,2
5108,0
5109,1
5110,7
5111,5
5112,4
5113,0
5114,6
5115,4
5116,7
5117,2
5118,4
5119,4
5120,5
5121,0
5122,3
5123,4
5124,4
5125,2
5126,5
5127,5
5128,2
5129,1
5130,5
5131,2
5132,4
5133,0
5134,0
5135,4
5136,7
5137,2
5138,5
5139,2
5140,0
5141,0
5142,0
5143,0
5144,7
5145,1
5146,2
5147,0
5148,0
5149,4
5150,5
5151,5
5152,1
5153,0
5154,5
5155,1
5156,2
5157,4
5158,7
5159,3
5160,5
5161,0
5162,5
5163,0
5164,1
5165,5
5166,2
5167,7
5168,1
5169,0
5170,5
5171,6
5172,0
5173,4
5174,0
5175,5
5176,2
5177,6
5178,3
5179,7
5180,4
5181,0
5182,7
5183,0
5184,5
5185,1
5186,3
5187,0
5188,5
5189,0
5190,0
5191,6
5192,0
5193,3
5194,2
5195,0
5196,5
5197,1
5198,1
5199,3
5200,4
5201,5
5202,6
5203,2
5204,0
5205,7
5206,4
5207,5
5208,1
5209,4
5210,4
5211,2
5212,4
5213,4
5214,2
5215,2
5216,3
5217,4
5218,0
5219,5
5220,7
5221,5
5222,0
5223,4
5224,0
5225,6
5226,0
5227,4
5228,3
5229,0
5230,2
5231,6
5232,2
5233,0
5234,2
5235,1
5236,3
5237,5
5238,7
5239,4
5240,1
5241,2
5242,3
5243,4
5244,2
5245,5
5246,5
5247,7
5248,0
5249,2
5250,6
5251,7
5252,4
5253,0
5254,4
5255,2
5256,7
5257,0
5258,3
5259,1
5260,2
5261,4
5262,2
5263,0
5264,2
5265,7
5266,0
5267,5
5268,4
5269,1
5270,0
5271,0
5272,0
5273,7
5274,2
5275,2
5276,2
5277,2
5278,2
5279,2
5280,3
5281,6
5282,0
5283,0
5284,6
5285,0
5286,3
5287,2
5288,4
5289,5
5290,0
5291,7
5292,7
5293,7
5294,4
5295,2
5296,3
5297,0
5298,2
5299,2
5300,0
5301,5
5302,0
5303,1
5304,0
5305,3
5306,4
5307,1
5308,0
5309,0
5310,7
5311,7
5312,2
5313,5
5314,3
5315,6
5316,5
5317,4
5318,4
5319,0
5320,7
5321,7
5322,6
5323,3
5324,2
5325,0
5326,0
5327,0
5328,5
5329,0
5330,2
5331,5
5332,0
5333,7
5334,1
5335,4
5336,0
5337,5
5338,4
5339,0
5340,2
5341,5
5342,4
5343,5
5344,3
5345,0
5346,4
5347,7
5348,6
5349,2
5350,6
5351,0
5352,0
5353,2
5354,0
5355,7
5356,0
5357,0
5358,5
5359,5
5360,7
5361,2
5362,4
5363,2
5364,3
5365,1
5366,5
5367,2
5368,3
5369,2
5370,2
5371,2
5372,0
5373,2
5374,0
5375,1
5376,7
5377,4
5378,5
5379,2
5380,2
5381,7
5382,7
5383,1
5384,2
5385,4
5386,4
5387,7
5388,0
5389,0
5390,4
5391,1
5392,5
5393,5
5394,5
5395,1
5396,4
5397,0
5398,6
5399,1
5400,4
5401,0
5402,0
5403,7
5404,4
5405,7
5406,4
5407,1
5408,4
5409,5
5410,3
5411,3
5412,6
5413,0
5414,4
5415,4
5416,0
5417,0
5418,6
5419,7
5420,2
5421,3
5422,6
5423,4
5424,3
5425,2
5426,2
5427,0
5428,2
5429,1
5430,1
5431,4
5432,2
5433,0
5434,2
5435,2
5436,1
5437,4
5438,0
5439,2
5440,4
5441,0
5442,4
5443,5
5444,7
5445,4
5446,7
5447,0
5448,2
5449,0
5450,5
5451,4
5452,4
5453,2
5454,0
5455,4
5456,2
5457,4
5458,4
5459,4
5460,5
5461,1
5462,3
5463,4
5464,2
5465,4
5466,2
5467,3
5468,4
5469,0
5470,3
5471,5
5472,4
5473,5
5474,3
5475,2
5476,5
5477,4
5478,0
5479,4
5480,4
5481,2
5482,7
5483,6
5484,1
5485,0
5486,0
5487,5
5488,0
5489,5
5490,7
5491,4
5492,7
5493,1
5494,7
5495,4
5496,5
5497,3
5498,5
5499,6
5500,3
5501,0
5502,3
5503,2
5504,2
5505,7
5506,2
5507,7
5508,5
5509,4
5510,3
5511,2
5512,2
5513,2
5514,6
5515,4
5516,2
5517,7
5518,2
5519,0
5520,0
5521,3
5522,4
5523,4
5524,0
5525,5
5526,4
5527,0
5528,2
5529,4
5530,2
5531,7
5532,0
5533,2
5534,1
5535,2
5536,2
5537,7
5538,7
5539,7
5540,2
5541,2
5542,2
5543,0
5544,3
5545,2
5546,0
5547,7
5548,7
5549,5
5550,5
5551,2
5552,4
5553,4
5554,2
5555,7
5556,4
5557,7
5558,2
5559,6
5560,4
5561,4
5562,7
5563,2
5564,0
5565,3
5566,0
5567,1
5568,2
5569,1
5570,6
5571,7
5572,0
5573,1
5574,2
5575,7
5576,0
5577,2
5578,4
5579,5
5580,0
5581,5
5582,0
5583,0
5584,7
5585,2
5586,4
5587,1
5588,4
5589,5
5590,2
5591,0
5592,4
5593,7
5594,0
5595,0
5596,2
5597,0
5598,7
5599,0
5600,7
5601,7
5602,1
5603,7
5604,1
5605,0
5606,0
5607,7
5608,7
5609,3
5610,0
5611,7
5612,3
5613,2
5614,4
5615,4
5616,1
5617,3
5618,4
5619,2
5620,2
5621,0
5622,4
5623,5
5624,7
5625,4
5626,7
5627,7
5628,0
5629,3
5630,0
5631,4
5632,5
5633,5
5634,5
5635,0
5636,0
5637,4
5638,0
5639,0
5640,4
5641,1
5642,1
5643,3
5644,4
5645,4
5646,5
5647,6
5648,0
5649,1
5650,6
5651,5
5652,5
5653,2
5654,5
5655,2
5656,2
5657,0
5658,0
5659,2
5660,2
5661,2
5662,0
5663,0
5664,2
5665,3
5666,5
5667,5
5668,7
5669,7
5670,5
5671,0
5672,7
5673,2
5674,4
5675,7
5676,4
5677,4
5678,0
5679,2
5680,4
5681,7
5682,2
5683,4
5684,0
5685,7
5686,5
5687,2
5688,2
5689,2
5690,4
5691,4
5692,0
5693,5
5694,0
5695,0
5696,6
5697,4
5698,5
5699,3
5700,0
5701,0
5702,4
5703,4
5704,7
5705,2
5706,6
5707,7
5708,2
5709,5
5710,4
5711,5
5712,1
5713,1
5714,2
5715,4
5716,2
5717,7
5718,7
5719,2
5720,4
5721,0
5722,4
5723,2
5724,0
5725,6
5726,2
5727,2
5728,5
5729,4
5730,7
5731,4
5732,4
5733,2
5734,2
5735,7
5736,5
5737,2
5738,0
5739,4
5740,0
5741,0
5742,7
5743,0
5744,2
5745,2
5746,2
5747,5
5748,5
5749,3
5750,4
5751,4
5752,5
5753,7
5754,4
5755,4
5756,2
5757,4
5758,2
5759,4
5760,5
5761,7
5762,3
5763,7
5764,0
5765,7
5766,5
5767,6
5768,5
5769,7
5770,2
5771,2
5772,4
5773,4
5774,5
5775,2
5776,0
5777,0
5778,2
5779,5
5780,5
5781,0
5782,7
5783,0
5784,0
5785,5
5786,2
5787,0
5788,4
5789,5
5790,4
5791,0
5792,7
5793,5
5794,1
5795,3
5796,0
5797,0
5798,7
5799,2
5800,4
5801,5
5802,1
5803,3
5804,1
5805,6
5806,5
5807,0
5808,3
5809,7
5810,3
5811,0
5812,1
5813,2
5814,6
5815,0
5816,2
5817,4
5818,5
5819,2
5820,2
5821,4
5822,0
5823,4
5824,2
5825,4
5826,2
5827,5
5828,4
5829,4
5830,4
5831,6
5832,2
5833,2
5834,5
5835,4
5836,2
5837,0
5838,2
5839,0
5840,0
5841,7
5842,2
5843,4
5844,3
5845,3
5846,1
5847,7
5848,5
5849,5
5850,4
5851,0
5852,5
5853,7
5854,2
5855,4
5856,7
5857,2
5858,5
5859,0
5860,4
5861,7
5862,3
5863,5
5864,2
5865,0
5866,7
5867,0
5868,0
5869,0
5870,2
5871,2
5872,5
5873,6
5874,0
5875,2
5876,5
5877,2
5878,7
5879,2
5880,5
5881,4
5882,0
5883,4
5884,2
5885,0
5886,2
5887,1
5888,3
5889,5
5890,4
5891,0
5892,4
5893,1
5894,3
5895,0
5896,1
5897,0
5898,5
5899,3
5900,4
5901,5
5902,4
5903,4
5904,0
5905,5
5906,4
5907,0
5908,3
5909,0
5910,1
5911,4
5912,7
5913,5
5914,0
5915,2
5916,4
5917,0
5918,4
5919,2
5920,5
5921,2
5922,0
5923,4
5924,0
5925,4
5926,5
5927,6
5928,7
5929,0
5930,0
5931,2
5932,2
5933,7
5934,1
5935,0
5936,0
5937,4
5938,0
5939,4
5940,4
5941,6
5942,0
5943,6
5944,7
5945,0
5946,7
5947,2
5948,3
5949,1
5950,5
5951,5
5952,2
5953,4
5954,3
5955,4
5956,2
5957,0
5958,3
5959,7
5960,6
5961,3
5962,2
5963,5
5964,4
5965,5
5966,0
5967,5
5968,2
5969,0
5970,5
5971,4
5972,4
5973,5
5974,0
5975,3
5976,3
5977,7
5978,5
5979,1
5980,7
5981,4
5982,2
5983,1
5984,4
5985,2
5986,0
5987,6
5988,1
5989,0
5990,5
5991,0
5992,0
5993,7
5994,0
5995,7
5996,2
5997,2
5998,2
5999,7
6000,2
6001,4
6002,0
6003,2
6004,5
6005,5
6006,1
6007,7
6008,3
6009,4
6010,3
6011,1
6012,7
6013,5
6014,6
6015,3
6016,1
6017,0
6018,2
6019,3
6020,2
6021,4
6022,0
6023,2
6024,2
6025,2
6026,2
6027,0
6028,7
6029,2
6030,4
6031,7
6032,3
6033,4
6034,2
6035,3
6036,5
6037,0
6038,7
6039,3
6040,4
6041,6
6042,0
6043,5
6044,7
6045,2
6046,4
6047,0
6048,0
6049,2
6050,5
6051,4
6052,7
6053,4
6054,3
6055,0
6056,0
6057,0
6058,0
6059,0
6060,4
6061,7
6062,0
6063,2
6064,0
6065,4
6066,6
6067,0
6068,5
6069,2
6070,5
6071,1
6072,0
6073,3
6074,4
6075,0
6076,2
6077,2
6078,4
6079,2
6080,7
6081,7
6082,0
6083,6
6084,4
6085,7
6086,0
6087,5
6088,5
6089,5
6090,5
6091,1
6092,7
6093,6
6094,4
6095,7
6096,4
6097,5
6098,7
6099,1
6100,1
6101,5
6102,2
6103,5
6104,7
6105,2
6106,4
6107,1
6108,5
6109,4
6110,2
6111,5
6112,3
6113,4
6114,7
6115,2
6116,4
6117,0
6118,4
6119,0
6120,7
6121,2
6122,1
6123,0
6124,5
6125,3
6126,1
6127,0
6128,0
6129,3
6130,6
6131,0
6132,2
6133,0
6134,0
6135,2
6136,2
6137,4
6138,4
6139,0
6140,5
6141,4
6142,6
6143,6
6144,0
6145,3
6146,5
6147,0
6148,2
6149,0
6150,4
6151,0
6152,5
6153,4
6154,1
6155,7
6156,3
6157,2
6158,0
6159,1
6160,4
6161,2
6162,6
6163,2
6164,3
6165,7
6166,1
6167,2
6168,7
6169,0
6170,2
6171,0
6172,0
6173,0
6174,4
6175,2
6176,4
6177,6
6178,6
6179,2
6180,5
6181,4
6182,7
6183,0
6184,1
6185,0
6186,0
6187,3
6188,1
6189,4
6190,5
6191,6
6192,4
6193,1
6194,4
6195,7
6196,7
6197,3
6198,2
6199,6
6200,4
6201,0
6202,2
6203,3
6204,4
6205,0
6206,5
6207,1
6208,2
6209,2
6210,0
6211,7
6212,3
6213,7
6214,6
6215,5
6216,3
6217,3
6218,7
6219,7
6220,0
6221,0
6222,5
6223,4
6224,2
6225,7
6226,0
6227,0
6228,6
6229,4
6230,2
6231,2
6232,5
6233,4
6234,4
6235,1
6236,0
6237,4
6238,2
6239,0
6240,4
6241,4
6242,0
6243,4
6244,0
6245,3
6246,4
6247,7
6248,7
6249,2
6250,4
6251,0
6252,7
6253,0
6254,1
6255,0
6256,4
6257,4
6258,3
6259,4
6260,5
6261,4
6262,0
6263,1
6264,5
6265,4
6266,1
6267,0
6268,6
6269,7
6270,0
6271,3
6272,4
6273,0
6274,4
6275,5
6276,2
6277,2
6278,4
6279,2
6280,7
6281,3
6282,4
6283,7
6284,4
6285,7
6286,0
6287,6
6288,5
6289,4
6290,2
6291,2
6292,7
6293,5
6294,0
6295,3
6296,0
6297,1
6298,0
6299,0
6300,5
6301,0
6302,7
6303,1
6304,0
6305,4
6306,7
6307,5
6308,2
6309,0
6310,4
6311,3
6312,5
6313,0
6314,2
6315,5
6316,1
6317,4
6318,0
6319,4
6320,0
6321,4
6322,4
6323,7
6324,5
6325,7
6326,2
6327,4
6328,1
6329,7
6330,2
6331,3
6332,4
6333,1
6334,4
6335,0
6336,4
6337,4
6338,4
6339,7
6340,5
6341,0
6342,2
6343,0
6344,4
6345,4
6346,7
6347,4
6348,5
6349,3
6350,0
6351,2
6352,1
6353,1
6354,5
6355,5
6356,6
6357,5
6358,5
6359,7
6360,5
6361,0
6362,4
6363,2
6364,6
6365,0
6366,2
6367,0
6368,2
6369,4
6370,7
6371,4
6372,7
6373,7
6374,3
6375,1
6376,5
6377,2
6378,7
6379,0
6380,6
6381,0
6382,2
6383,4
6384,2
6385,3
6386,4
6387,7
6388,5
6389,5
6390,4
6391,7
6392,2
6393,4
6394,2
6395,2
6396,4
6397,3
6398,2
6399,4
6400,3
6401,5
6402,2
6403,3
6404,4
6405,4
6406,5
6407,5
6408,5
6409,1
6410,3
6411,3
6412,5
6413,2
6414,3
6415,5
6416,0
6417,0
6418,2
6419,4
6420,7
6421,0
6422,4
6423,2
6424,4
6425,5
6426,0
6427,5
6428,4
6429,6
6430,2
6431,4
6432,5
6433,0
6434,2
6435,5
6436,2
6437,0
6438,0
6439,7
6440,4
6441,1
6442,2
6443,3
6444,0
6445,1
6446,4
6447,5
6448,5
6449,4
6450,0
6451,7
6452,0
6453,0
6454,5
6455,0
6456,7
6457,0
6458,4
6459,0
6460,4
6461,4
6462,0
6463,5
6464,7
6465,0
6466,2
6467,2
6468,7
6469,7
6470,3
6471,0
6472,2
6473,0
6474,6
6475,2
6476,2
6477,7
6478,4
6479,1
6480,7
6481,5
6482,2
6483,5
6484,7
6485,0
6486,4
6487,2
6488,2
6489,7
6490,3
6491,5
6492,1
6493,3
6494,0
6495,0
6496,7
6497,4
6498,7
6499,7
6500,0
6501,6
6502,4
6503,0
6504,1
6505,4
6506,0
6507,0
6508,0
6509,7
6510,7
6511,6
6512,0
6513,0
6514,7
6515,2
6516,5
6517,2
6518,5
6519,5
6520,0
6521,7
6522,2
6523,1
6524,2
6525,5
6526,0
6527,1
6528,3
6529,7
6530,2
6531,4
6532,5
6533,2
6534,5
6535,0
6536,5
6537,0
6538,5
6539,7
6540,0
6541,7
6542,4
6543,5
6544,6
6545,4
6546,7
6547,3
6548,6
6549,1
6550,5
6551,2
6552,0
6553,7
6554,7
6555,5
6556,2
6557,0
6558,4
6559,3
6560,4
6561,1
6562,5
6563,2
6564,2
6565,0
6566,0
6567,5
6568,4
6569,1
6570,3
6571,0
6572,2
6573,5
6574,7
6575,0
6576,5
6577,2
6578,3
6579,4
6580,4
6581,4
6582,0
6583,2
6584,0
6585,2
6586,5
6587,5
6588,7
6589,7
6590,5
6591,4
6592,6
6593,0
6594,3
6595,0
6596,0
6597,7
6598,3
6599,2
6600,5
6601,2
6602,4
6603,7
6604,7
6605,2
6606,0
6607,0
6608,2
6609,6
6610,0
6611,7
6612,7
6613,7
6614,0
6615,7
6616,1
6617,1
6618,0
6619,3
6620,5
6621,5
6622,0
6623,0
6624,5
6625,7
6626,4
6627,5
6628,6
6629,7
6630,0
6631,2
6632,7
6633,5
6634,2
6635,0
6636,5
6637,7
6638,4
6639,3
6640,0
6641,5
6642,1
6643,1
6644,2
6645,4
6646,3
6647,5
6648,5
6649,4
6650,5
6651,5
6652,2
6653,0
6654,7
6655,5
6656,0
6657,4
6658,5
6659,0
6660,0
6661,4
6662,5
6663,0
6664,4
6665,0
6666,2
6667,2
6668,7
6669,2
6670,4
6671,4
6672,2
6673,4
6674,0
6675,0
6676,0
6677,0
6678,2
6679,0
6680,6
6681,0
6682,0
6683,4
6684,2
6685,7
6686,5
6687,2
6688,3
6689,0
6690,2
6691,6
6692,6
6693,4
6694,2
6695,7
6696,0
6697,0
6698,2
6699,0
6700,2
6701,2
6702,2
6703,6
6704,7
6705,7
6706,7
6707,6
6708,2
6709,0
6710,4
6711,1
6712,0
6713,0
6714,7
6715,7
6716,5
6717,7
6718,7
6719,7
6720,5
6721,5
6722,5
6723,4
6724,3
6725,7
6726,4
6727,3
6728,6
6729,2
6730,5
6731,3
6732,5
6733,7
6734,1
6735,0
6736,2
6737,0
6738,7
6739,7
6740,4
6741,4
6742,4
6743,4
6744,2
6745,7
6746,7
6747,7
6748,2
6749,4
6750,4
6751,0
6752,4
6753,2
6754,4
6755,4
6756,7
6757,7
6758,5
6759,7
6760,2
6761,4
6762,4
6763,5
6764,1
6765,2
6766,1
6767,0
6768,3
6769,5
6770,7
6771,2
6772,5
6773,4
6774,5
6775,2
6776,2
6777,5
6778,7
6779,2
6780,4
6781,5
6782,3
6783,0
6784,5
6785,7
6786,5
6787,2
6788,0
6789,4
6790,7
6791,2
6792,1
6793,1
6794,0
6795,2
6796,4
6797,5
6798,3
6799,4
6800,0
6801,0
6802,0
6803,0
6804,7
6805,2
6806,5
6807,3
6808,2
6809,4
6810,3
6811,2
6812,4
6813,0
6814,2
6815,2
6816,3
6817,5
6818,5
6819,0
6820,1
6821,0
6822,6
6823,1
6824,4
6825,0
6826,5
6827,5
6828,0
6829,3
6830,2
6831,1
6832,4
6833,2
6834,7
6835,4
6836,4
6837,1
6838,2
6839,0
6840,0
6841,5
6842,5
6843,0
6844,4
6845,5
6846,2
6847,7
6848,0
6849,2
6850,5
6851,7
6852,4
6853,2
6854,2
6855,0
6856,2
6857,7
6858,3
6859,2
6860,0
6861,6
6862,2
6863,0
6864,7
6865,4
6866,0
6867,4
6868,0
6869,3
6870,2
6871,3
6872,4
6873,4
6874,4
6875,2
6876,6
6877,2
6878,3
6879,4
6880,7
6881,0
6882,7
6883,4
6884,3
6885,2
6886,0
6887,7
6888,2
6889,2
6890,0
6891,2
6892,7
6893,2
6894,2
6895,5
6896,0
6897,4
6898,4
6899,5
6900,3
6901,4
6902,5
6903,4
6904,2
6905,0
6906,0
6907,2
6908,7
6909,0
6910,4
6911,7
6912,3
6913,7
6914,0
6915,7
6916,5
6917,2
6918,2
6919,1
6920,0
6921,4
6922,0
6923,5
6924,2
6925,4
6926,1
6927,2
6928,4
6929,0
6930,2
6931,2
6932,2
6933,7
6934,4
6935,4
6936,2
6937,4
6938,0
6939,5
6940,5
6941,0
6942,7
6943,0
6944,4
6945,2
6946,4
6947,4
6948,4
6949,4
6950,4
6951,2
6952,2
6953,2
6954,7
6955,6
6956,4
6957,1
6958,4
6959,7
6960,5
6961,5
6962,0
6963,3
6964,2
6965,6
6966,6
6967,4
6968,5
6969,6
6970,2
6971,0
6972,7
6973,5
6974,7
6975,1
6976,0
6977,6
6978,2
6979,0
6980,4
6981,0
6982,5
6983,2
6984,5
6985,2
6986,1
6987,6
6988,0
6989,3
6990,0
6991,0
6992,7
6993,2
6994,4
6995,1
6996,2
6997,4
6998,5
6999,0
7000,5
7001,6
7002,2
7003,0
7004,2
7005,0
7006,5
7007,3
7008,4
7009,2
7010,7
7011,7
7012,2
7013,2
7014,3
7015,2
7016,2
7017,1
7018,6
7019,0
7020,7
7021,7
7022,6
7023,4
7024,4
7025,3
7026,4
7027,0
7028,4
7029,2
7030,0
7031,7
7032,4
7033,1
7034,2
7035,2
7036,7
7037,4
7038,1
7039,5
7040,6
7041,7
7042,0
7043,2
7044,0
7045,5
7046,3
7047,4
7048,1
7049,0
7050,0
7051,0
7052,4
7053,2
7054,7
7055,2
7056,0
7057,0
7058,7
7059,2
7060,2
7061,4
7062,4
7063,7
7064,7
7065,2
7066,3
7067,2
7068,0
7069,7
7070,5
7071,7
7072,2
7073,3
7074,7
7075,0
7076,3
7077,6
7078,6
7079,3
7080,0
7081,4
7082,3
7083,7
7084,0
7085,7
7086,1
7087,0
7088,2
7089,2
7090,5
7091,6
7092,1
7093,5
7094,5
7095,0
7096,1
7097,2
7098,2
7099,4
7100,5
7101,2
7102,0
7103,2
7104,0
7105,0
7106,3
7107,0
7108,1
7109,0
7110,0
7111,0
7112,7
7113,2
7114,2
7115,0
7116,2
7117,5
7118,4
7119,5
7120,0
7121,2
7122,4
7123,0
7124,0
7125,4
7126,5
7127,2
7128,4
7129,3
7130,2
7131,2
7132,0
7133,3
7134,3
7135,0
7136,4
7137,7
7138,0
7139,1
7140,7
7141,5
7142,2
7143,6
7144,6
7145,0
7146,6
7147,4
7148,2
7149,0
7150,3
7151,3
7152,2
7153,0
7154,5
7155,5
7156,7
7157,5
7158,1
7159,7
7160,6
7161,6
7162,0
7163,4
7164,6
7165,5
7166,2
7167,5
7168,2
7169,2
7170,5
7171,4
7172,0
7173,7
7174,4
7175,0
7176,5
7177,4
7178,2
7179,2
7180,0
7181,5
7182,1
7183,3
7184,4
7185,5
7186,3
7187,0
7188,2
7189,0
7190,1
7191,0
7192,4
7193,2
7194,0
7195,0
7196,5
7197,2
7198,4
7199,4
7200,7
7201,3
7202,6
7203,4
7204,2
7205,0
7206,1
7207,4
7208,4
7209,4
7210,0
7211,7
7212,4
7213,0
7214,5
7215,7
7216,3
7217,2
7218,2
7219,4
7220,6
7221,5
7222,5
7223,5
7224,2
7225,5
7226,4
7227,7
7228,6
7229,0
7230,4
7231,4
7232,3
7233,5
7234,5
7235,0
7236,1
7237,1
7238,2
7239,2
7240,4
7241,7
7242,0
7243,3
7244,7
7245,7
7246,2
7247,7
7248,4
7249,3
7250,0
7251,4
7252,0
7253,2
7254,4
7255,3
7256,3
7257,2
7258,0
7259,2
7260,2
7261,0
7262,2
7263,5
7264,5
7265,3
7266,2
7267,2
7268,1
7269,7
7270,0
7271,2
7272,0
7273,2
7274,4
7275,0
7276,1
7277,0
7278,5
7279,4
7280,5
7281,7
7282,7
7283,0
7284,3
7285,4
7286,4
7287,3
7288,4
7289,6
7290,5
7291,2
7292,0
7293,0
7294,7
7295,0
7296,0
7297,4
7298,1
7299,5
7300,3
7301,5
7302,3
7303,0
7304,1
7305,0
7306,4
7307,7
7308,3
7309,3
7310,0
7311,7
7312,2
7313,0
7314,7
7315,0
7316,2
7317,4
7318,4
7319,0
7320,2
7321,3
7322,0
7323,3
7324,4
7325,0
7326,1
7327,5
7328,5
7329,5
7330,0
7331,4
7332,5
7333,2
7334,3
7335,6
7336,5
7337,5
7338,5
7339,7
7340,1
7341,7
7342,0
7343,4
7344,7
7345,1
7346,3
7347,0
7348,3
7349,7
7350,7
7351,7
7352,4
7353,1
7354,7
7355,2
7356,2
7357,3
7358,5
7359,5
7360,7
7361,5
7362,4
7363,4
7364,7
7365,4
7366,3
7367,2
7368,5
7369,7
7370,7
7371,2
7372,2
7373,4
7374,2
7375,7
7376,6
7377,1
7378,5
7379,2
7380,2
7381,4
7382,2
7383,7
7384,7
7385,0
7386,5
7387,0
7388,4
7389,0
7390,2
7391,2
7392,4
7393,2
7394,0
7395,2
7396,0
7397,4
7398,6
7399,4
7400,6
7401,2
7402,0
7403,2
7404,2
7405,1
7406,1
7407,0
7408,4
7409,6
7410,2
7411,1
7412,3
7413,2
7414,7
7415,0
7416,5
7417,6
7418,5
7419,4
7420,4
7421,7
7422,6
7423,7
7424,5
7425,0
7426,1
7427,0
7428,0
7429,0
7430,2
7431,2
7432,5
7433,2
7434,5
7435,3
7436,0
7437,0
7438,0
7439,7
7440,5
7441,5
7442,5
7443,6
7444,4
7445,7
7446,0
7447,1
7448,0
7449,2
7450,0
7451,2
7452,0
7453,1
7454,2
7455,7
7456,4
7457,6
7458,4
7459,5
7460,0
7461,3
7462,4
7463,4
7464,4
7465,6
7466,4
7467,4
7468,6
7469,5
7470,0
7471,2
7472,4
7473,5
7474,0
7475,2
7476,3
7477,0
7478,0
7479,6
7480,5
7481,7
7482,3
7483,6
7484,5
7485,0
7486,5
7487,7
7488,2
7489,4
7490,3
7491,3
7492,1
7493,2
7494,2
7495,0
7496,2
7497,3
7498,1
7499,1
7500,0
7501,0
7502,7
7503,1
7504,0
7505,5
7506,7
7507,4
7508,2
7509,0
7510,0
7511,1
7512,6
7513,0
7514,7
7515,4
7516,0
7517,4
7518,4
7519,5
7520,2
7521,4
7522,7
7523,5
7524,2
7525,2
7526,6
7527,0
7528,2
7529,0
7530,7
7531,5
7532,2
7533,4
7534,5
7535,4
7536,4
7537,4
7538,7
7539,7
7540,0
7541,3
7542,5
7543,4
7544,0
7545,4
7546,2
7547,4
7548,4
7549,2
7550,2
7551,1
7552,2
7553,0
7554,0
7555,1
7556,4
7557,5
7558,2
7559,7
7560,0
7561,1
7562,0
7563,6
7564,7
7565,2
7566,2
7567,3
7568,6
7569,4
7570,5
7571,7
7572,4
7573,2
7574,6
7575,2
7576,2
7577,4
7578,0
7579,2
7580,1
7581,7
7582,2
7583,4
7584,5
7585,0
7586,2
7587,1
7588,2
7589,5
7590,0
7591,3
7592,0
7593,0
7594,6
7595,0
7596,0
7597,0
7598,7
7599,0
7600,3
7601,4
7602,5
7603,2
7604,2
7605,2
7606,0
7607,4
7608,2
7609,0
7610,4
7611,7
7612,4
7613,5
7614,7
7615,0
7616,2
7617,3
7618,7
7619,3
7620,2
7621,0
7622,4
7623,0
7624,0
7625,1
7626,4
7627,5
7628,7
7629,2
7630,4
7631,0
7632,2
7633,6
7634,0
7635,4
7636,1
7637,7
7638,4
7639,0
7640,5
7641,7
7642,2
7643,1
7644,1
7645,4
7646,2
7647,0
7648,2
7649,7
7650,5
7651,5
7652,0
7653,2
7654,0
7655,2
7656,0
7657,2
7658,5
7659,4
7660,4
7661,4
7662,3
7663,3
7664,0
7665,7
7666,4
7667,1
7668,7
7669,7
7670,2
7671,0
7672,2
7673,5
7674,6
7675,4
7676,7
7677,5
7678,4
7679,6
7680,5
7681,7
7682,1
7683,2
7684,3
7685,0
7686,0
7687,3
7688,7
7689,0
7690,1
7691,2
7692,0
7693,4
7694,0
7695,2
7696,0
7697,5
7698,0
7699,3
7700,3
7701,7
7702,4
7703,0
7704,7
7705,4
7706,5
7707,2
7708,0
7709,1
7710,4
7711,5
7712,7
7713,0
7714,4
7715,3
7716,5
7717,7
7718,0
7719,2
7720,7
7721,7
7722,0
7723,0
7724,4
7725,6
7726,4
7727,0
7728,7
7729,2
7730,5
7731,5
7732,7
7733,2
7734,4
7735,0
7736,4
7737,2
7738,0
7739,7
7740,7
7741,4
7742,5
7743,7
7744,2
7745,4
7746,4
7747,1
7748,4
7749,2
7750,0
7751,7
7752,0
7753,5
7754,4
7755,0
7756,0
7757,2
7758,5
7759,1
7760,2
7761,6
7762,1
7763,5
7764,2
7765,0
7766,0
7767,2
7768,5
7769,5
7770,5
7771,4
7772,5
7773,1
7774,3
7775,6
7776,7
7777,0
7778,2
7779,3
7780,2
7781,5
7782,5
7783,1
7784,3
7785,3
7786,4
7787,5
7788,0
7789,4
7790,5
7791,4
7792,0
7793,4
7794,4
7795,1
7796,2
7797,2
7798,4
7799,1
7800,1
7801,0
7802,7
7803,0
7804,7
7805,7
7806,2
7807,0
7808,6
7809,2
7810,0
7811,5
7812,1
7813,0
7814,5
7815,0
7816,3
7817,7
7818,7
7819,7
7820,0
7821,7
7822,2
7823,4
7824,0
7825,4
7826,4
7827,4
7828,3
7829,5
7830,5
7831,4
7832,3
7833,5
7834,0
7835,0
7836,5
7837,7
7838,0
7839,5
7840,2
7841,7
7842,2
7843,4
7844,3
7845,3
7846,0
7847,4
7848,3
7849,0
7850,0
7851,2
7852,3
7853,0
7854,7
7855,5
7856,2
7857,7
7858,4
7859,2
7860,2
7861,4
7862,4
7863,0
7864,7
7865,0
7866,4
7867,5
7868,4
7869,3
7870,5
7871,4
7872,7
7873,0
7874,7
7875,1
7876,5
7877,5
7878,5
7879,2
7880,4
7881,7
7882,4
7883,2
7884,1
7885,5
7886,5
7887,5
7888,5
7889,7
7890,3
7891,2
7892,0
7893,6
7894,7
7895,1
7896,0
7897,5
7898,1
7899,2
7900,1
7901,5
7902,4
7903,7
7904,0
7905,7
7906,0
7907,0
7908,5
7909,2
7910,2
7911,1
7912,4
7913,4
7914,0
7915,4
7916,6
7917,4
7918,2
7919,5
7920,0
7921,2
7922,0
7923,2
7924,0
7925,5
7926,5
7927,2
7928,4
7929,0
7930,1
7931,0
7932,7
7933,4
7934,0
7935,0
7936,2
7937,7
7938,3
7939,5
7940,7
7941,4
7942,0
7943,0
7944,5
7945,2
7946,2
7947,2
7948,6
7949,5
7950,2
7951,5
7952,0
7953,3
7954,0
7955,0
7956,0
7957,7
7958,6
7959,0
7960,4
7961,6
7962,0
7963,1
7964,2
7965,5
7966,0
7967,2
7968,0
7969,7
7970,2
7971,0
7972,2
7973,1
7974,5
7975,5
7976,4
7977,2
7978,4
7979,0
7980,4
7981,4
7982,5
7983,5
7984,7
7985,2
7986,7
7987,3
7988,2
7989,7
7990,7
7991,2
7992,6
7993,5
7994,0
7995,5
7996,0
7997,2
7998,7
7999,4
8000,0
8001,0
8002,3
8003,6
8004,5
8005,4
8006,5
8007,3
8008,5
8009,0
8010,0
8011,4
8012,5
8013,0
8014,1
8015,5
8016,2
8017,5
8018,0
8019,6
8020,4
8021,2
8022,2
8023,4
8024,2
8025,4
8026,7
8027,7
8028,1
8029,4
8030,0
8031,4
8032,0
8033,2
8034,3
8035,0
8036,2
8037,7
8038,2
8039,0
8040,4
8041,5
8042,3
8043,7
8044,3
8045,0
8046,2
8047,2
8048,4
8049,4
8050,0
8051,4
8052,7
8053,7
8054,7
8055,3
8056,0
8057,5
8058,3
8059,2
8060,5
8061,2
8062,5
8063,1
8064,0
8065,5
8066,0
8067,3
8068,0
8069,5
8070,2
8071,4
8072,2
8073,5
8074,2
8075,2
8076,2
8077,2
8078,0
8079,2
8080,7
8081,3
8082,0
8083,1
8084,4
8085,5
8086,7
8087,5
8088,4
8089,7
8090,7
8091,4
8092,3
8093,6
8094,4
8095,1
8096,6
8097,7
8098,1
8099,4
8100,7
8101,5
8102,0
8103,6
8104,4
8105,3
8106,4
8107,5
8108,0
8109,5
8110,4
8111,2
8112,5
8113,0
8114,4
8115,3
8116,1
8117,2
8118,7
8119,0
8120,1
8121,7
8122,4
8123,1
8124,7
8125,0
8126,0
8127,2
8128,2
8129,0
8130,3
8131,5
8132,1
8133,6
8134,5
8135,0
8136,2
8137,4
8138,4
8139,4
8140,2
8141,5
8142,7
8143,7
8144,0
8145,6
8146,0
8147,0
8148,2
8149,5
8150,0
8151,6
8152,1
8153,2
8154,0
8155,7
8156,3
8157,0
8158,0
8159,4
8160,0
8161,2
8162,0
8163,5
8164,2
8165,1
8166,6
8167,2
8168,7
8169,5
8170,0
8171,6
8172,0
8173,2
8174,0
8175,0
8176,4
8177,2
8178,2
8179,4
8180,2
8181,4
8182,4
8183,2
8184,7
8185,4
8186,0
8187,0
8188,2
8189,4
8190,0
8191,3
8192,0
8193,6
8194,2
8195,1
8196,5
8197,2
8198,5
8199,2
8200,2
8201,3
8202,4
8203,4
8204,3
8205,2
8206,2
8207,1
8208,4
8209,4
8210,2
8211,5
8212,7
8213,7
8214,4
8215,0
8216,5
8217,0
8218,2
8219,0
8220,4
8221,3
8222,0
8223,7
8224,4
8225,3
8226,7
8227,2
8228,0
8229,0
8230,2
8231,0
8232,4
8233,1
8234,7
8235,5
8236,2
8237,5
8238,0
8239,2
8240,7
8241,0
8242,0
8243,2
8244,7
8245,4
8246,5
8247,5
8248,0
8249,2
8250,1
8251,7
8252,4
8253,1
8254,5
8255,6
8256,1
8257,4
8258,7
8259,0
8260,0
8261,4
8262,3
8263,0
8264,5
8265,0
8266,1
8267,4
8268,2
8269,4
8270,4
8271,5
8272,4
8273,4
8274,2
8275,6
8276,5
8277,4
8278,0
8279,2
8280,4
8281,5
8282,4
8283,7
8284,7
8285,7
8286,0
8287,0
8288,1
8289,1
8290,4
8291,3
8292,2
8293,1
8294,1
8295,2
8296,0
8297,4
8298,4
8299,7
8300,3
8301,3
8302,3
8303,2
8304,5
8305,7
8306,2
8307,2
8308,4
8309,3
8310,5
8311,0
8312,5
8313,7
8314,0
8315,7
8316,7
8317,0
8318,0
8319,2
8320,4
8321,4
8322,4
8323,0
8324,0
8325,5
8326,3
8327,5
8328,2
8329,5
8330,7
8331,7
8332,5
8333,4
8334,0
8335,7
8336,2
8337,0
8338,5
8339,4
8340,0
8341,0
8342,2
8343,2
8344,5
8345,2
8346,4
8347,0
8348,4
8349,2
8350,5
8351,7
8352,0
8353,2
8354,5
8355,3
8356,5
8357,4
8358,0
8359,5
8360,4
8361,0
8362,0
8363,5
8364,4
8365,0
8366,2
8367,0
8368,2
8369,5
8370,7
8371,4
8372,0
8373,0
8374,3
8375,2
8376,1
8377,0
8378,6
8379,5
8380,2
8381,6
8382,6
8383,4
8384,1
8385,4
8386,2
8387,0
8388,5
8389,5
8390,3
8391,0
8392,0
8393,4
8394,2
8395,2
8396,3
8397,5
8398,0
8399,3
8400,4
8401,4
8402,7
8403,4
8404,2
8405,0
8406,7
8407,6
8408,4
8409,2
8410,4
8411,5
8412,0
8413,0
8414,3
8415,0
8416,1
8417,2
8418,6
8419,0
8420,4
8421,4
8422,4
8423,4
8424,5
8425,3
8426,0
8427,3
8428,7
8429,0
8430,0
8431,5
8432,0
8433,4
8434,7
8435,3
8436,7
8437,2
8438,0
8439,2
8440,4
8441,0
8442,7
8443,0
8444,7
8445,6
8446,3
8447,4
8448,7
8449,6
8450,2
8451,3
8452,5
8453,6
8454,5
8455,4
8456,4
8457,4
8458,0
8459,4
8460,0
8461,5
8462,2
8463,3
8464,4
8465,5
8466,0
8467,2
8468,0
8469,5
8470,3
8471,4
8472,6
8473,5
8474,3
8475,5
8476,0
8477,5
8478,2
8479,0
8480,2
8481,2
8482,0
8483,5
8484,2
8485,5
8486,2
8487,7
8488,2
8489,4
8490,7
8491,5
8492,4
8493,0
8494,7
8495,2
8496,7
8497,2
8498,7
8499,0
8500,2
8501,3
8502,7
8503,5
8504,1
8505,4
8506,2
8507,4
8508,7
8509,4
8510,2
8511,7
8512,2
8513,4
8514,0
8515,0
8516,0
8517,5
8518,2
8519,7
8520,3
8521,7
8522,2
8523,2
8524,0
8525,0
8526,0
8527,6
8528,3
8529,7
8530,2
8531,0
8532,0
8533,6
8534,2
8535,1
8536,1
8537,4
8538,2
8539,7
8540,0
8541,7
8542,5
8543,2
8544,2
8545,4
8546,0
8547,7
8548,4
8549,0
8550,0
8551,5
8552,0
8553,4
8554,7
8555,7
8556,4
8557,4
8558,4
8559,4
8560,7
8561,5
8562,2
8563,5
8564,4
8565,4
8566,4
8567,7
8568,7
8569,2
8570,2
8571,2
8572,3
8573,7
8574,0
8575,2
8576,1
8577,4
8578,7
8579,6
8580,4
8581,4
8582,6
8583,0
8584,5
8585,2
8586,4
8587,2
8588,6
8589,0
8590,5
8591,6
8592,0
8593,0
8594,7
8595,7
8596,4
8597,7
8598,4
8599,4
8600,4
8601,1
8602,5
8603,4
8604,1
8605,5
8606,2
8607,4
8608,2
8609,3
8610,4
8611,4
8612,4
8613,2
8614,0
8615,2
8616,4
8617,4
8618,4
8619,4
8620,2
8621,5
8622,0
8623,2
8624,4
8625,4
8626,7
8627,0
8628,4
8629,0
8630,0
8631,5
8632,7
8633,0
8634,2
8635,0
8636,5
8637,4
8638,2
8639,4
8640,1
8641,3
8642,5
8643,0
8644,7
8645,0
8646,4
8647,7
8648,3
8649,2
8650,7
8651,7
8652,3
8653,5
8654,7
8655,4
8656,5
8657,7
8658,0
8659,7
8660,0
8661,6
8662,1
8663,4
8664,5
8665,1
8666,4
8667,0
8668,2
8669,2
8670,3
8671,7
8672,4
8673,7
8674,0
8675,7
8676,0
8677,5
8678,0
8679,0
8680,5
8681,0
8682,4
8683,4
8684,7
8685,7
8686,2
8687,5
8688,0
8689,0
8690,3
8691,0
8692,4
8693,5
8694,2
8695,4
8696,3
8697,1
8698,2
8699,5
8700,6
8701,6
8702,0
8703,2
8704,3
8705,0
8706,3
8707,0
8708,0
8709,3
8710,3
8711,6
8712,4
8713,2
8714,3
8715,4
8716,4
8717,3
8718,1
8719,4
8720,0
8721,7
8722,7
8723,6
8724,2
8725,4
8726,5
8727,6
8728,6
8729,1
8730,2
8731,6
8732,5
8733,2
8734,3
8735,7
8736,5
8737,3
8738,5
8739,5
8740,0
8741,2
8742,7
8743,0
8744,2
8745,4
8746,2
8747,5
8748,4
8749,0
8750,7
8751,3
8752,5
8753,7
8754,6
8755,0
8756,7
8757,7
8758,2
8759,5
8760,7
8761,4
8762,6
8763,4
8764,0
8765,3
8766,5
8767,2
8768,6
8769,0
8770,2
8771,0
8772,5
8773,7
8774,4
8775,5
8776,4
8777,7
8778,2
8779,1
8780,4
8781,3
8782,5
8783,0
8784,2
8785,7
8786,2
8787,0
8788,4
8789,5
8790,2
8791,2
8792,0
8793,2
8794,3
8795,5
8796,0
8797,2
8798,7
8799,1
8800,2
8801,5
8802,5
8803,7
8804,0
8805,4
8806,1
8807,0
8808,7
8809,6
8810,7
8811,7
8812,7
8813,3
8814,7
8815,7
8816,6
8817,5
8818,7
8819,2
8820,0
8821,0
8822,0
8823,6
8824,0
8825,4
8826,3
8827,7
8828,0
8829,0
8830,6
8831,0
8832,0
8833,0
8834,0
8835,4
8836,5
8837,5
8838,4
8839,7
8840,7
8841,5
8842,5
8843,0
8844,0
8845,2
8846,2
8847,7
8848,2
8849,0
8850,2
8851,5
8852,7
8853,4
8854,3
8855,6
8856,2
8857,3
8858,2
8859,1
8860,5
8861,4
8862,5
8863,5
8864,3
8865,3
8866,0
8867,7
8868,5
8869,0
8870,7
8871,4
8872,7
8873,0
8874,0
8875,5
8876,1
8877,0
8878,4
8879,4
8880,2
8881,7
8882,6
8883,4
8884,2
8885,2
8886,0
8887,7
8888,5
8889,0
8890,7
8891,0
8892,0
8893,3
8894,2
8895,5
8896,1
8897,6
8898,4
8899,1
8900,2
8901,4
8902,0
8903,4
8904,0
8905,0
8906,1
8907,0
8908,2
8909,2
8910,3
8911,7
8912,2
8913,5
8914,5
8915,2
8916,3
8917,6
8918,1
8919,5
8920,3
8921,6
8922,0
8923,7
8924,7
8925,0
8926,5
8927,2
8928,2
8929,4
8930,5
8931,0
8932,3
8933,2
8934,0
8935,5
8936,4
8937,2
8938,4
8939,2
8940,6
8941,4
8942,2
8943,7
8944,0
8945,3
8946,1
8947,1
8948,4
8949,3
8950,3
8951,5
8952,5
8953,0
8954,0
8955,4
8956,0
8957,5
8958,5
8959,1
8960,0
8961,6
8962,5
8963,0
8964,5
8965,0
8966,4
8967,1
8968,7
8969,6
8970,4
8971,5
8972,4
8973,1
8974,4
8975,0
8976,4
8977,2
8978,0
8979,0
8980,0
8981,0
8982,0
8983,2
8984,4
8985,2
8986,2
8987,3
8988,7
8989,0
8990,5
8991,5
8992,0
8993,6
8994,2
8995,4
8996,6
8997,5
8998,5
8999,0
9000,1
9001,3
9002,5
9003,2
9004,4
9005,7
9006,0
9007,2
9008,6
9009,0
9010,5
9011,4
9012,4
9013,1
9014,5
9015,0
9016,0
9017,7
9018,6
9019,2
9020,5
9021,0
9022,6
9023,2
9024,5
9025,2
9026,6
9027,1
9028,3
9029,7
9030,3
9031,0
9032,1
9033,7
9034,0
9035,1
9036,0
9037,0
9038,4
9039,7
9040,2
9041,4
9042,4
9043,4
9044,3
9045,6
9046,4
9047,5
9048,0
9049,3
9050,7
9051,1
9052,2
9053,2
9054,2
9055,2
9056,3
9057,0
9058,0
9059,0
9060,4
9061,1
9062,0
9063,0
9064,0
9065,5
9066,7
9067,2
9068,5
9069,0
9070,0
9071,3
9072,0
9073,2
9074,4
9075,1
9076,5
9077,5
9078,7
9079,2
9080,4
9081,0
9082,0
9083,4
9084,2
9085,0
9086,4
9087,6
9088,7
9089,4
9090,4
9091,4
9092,4
9093,7
9094,5
9095,5
9096,0
9097,7
9098,5
9099,4
9100,2
9101,4
9102,0
9103,2
9104,7
9105,1
9106,2
9107,0
9108,2
9109,7
9110,7
9111,2
9112,2
9113,5
9114,4
9115,4
9116,2
9117,4
9118,4
9119,7
9120,7
9121,0
9122,2
9123,1
9124,4
9125,2
9126,0
9127,7
9128,7
9129,3
9130,4
9131,4
9132,6
9133,0
9134,6
9135,5
9136,6
9137,2
9138,7
9139,4
9140,4
9141,5
9142,0
9143,7
9144,3
9145,5
9146,2
9147,0
9148,2
9149,2
9150,4
9151,2
9152,3
9153,1
9154,0
9155,4
9156,4
9157,5
9158,0
9159,0
9160,4
9161,5
9162,0
9163,5
9164,0
9165,7
9166,0
9167,0
9168,5
9169,2
9170,7
9171,4
9172,3
9173,0
9174,7
9175,4
9176,2
9177,7
9178,4
9179,6
9180,6
9181,4
9182,5
9183,0
9184,2
9185,7
9186,0
9187,6
9188,5
9189,0
9190,0
9191,4
9192,4
9193,5
9194,1
9195,0
9196,0
9197,0
9198,4
9199,4
9200,2
9201,0
9202,4
9203,7
9204,7
9205,4
9206,5
9207,4
9208,4
9209,0
9210,2
9211,5
9212,5
9213,2
9214,7
9215,2
9216,5
9217,4
9218,5
9219,7
9220,2
9221,3
9222,7
9223,0
9224,4
9225,2
9226,4
9227,7
9228,5
9229,2
9230,3
9231,4
9232,1
9233,0
9234,1
9235,4
9236,5
9237,0
9238,4
9239,5
9240,3
9241,2
9242,2
9243,0
9244,6
9245,5
9246,4
9247,5
9248,0
9249,0
9250,0
9251,3
9252,1
9253,0
9254,0
9255,4
9256,0
9257,2
9258,3
9259,0
9260,0
9261,2
9262,6
9263,0
9264,0
9265,7
9266,4
9267,5
9268,0
9269,2
9270,5
9271,2
9272,0
9273,2
9274,7
9275,7
9276,4
9277,5
9278,4
9279,2
9280,7
9281,0
9282,4
9283,5
9284,2
9285,4
9286,0
9287,5
9288,6
9289,0
9290,4
9291,7
9292,3
9293,0
9294,2
9295,0
9296,6
9297,0
9298,2
9299,6
9300,5
9301,4
9302,0
9303,5
9304,4
9305,2
9306,4
9307,2
9308,4
9309,3
9310,7
9311,5
9312,4
9313,0
9314,3
9315,0
9316,6
9317,0
9318,4
9319,5
9320,7
9321,6
9322,4
9323,5
9324,5
9325,0
9326,2
9327,2
9328,3
9329,5
9330,7
9331,4
9332,0
9333,2
9334,2
9335,0
9336,0
9337,3
9338,7
9339,5
9340,7
9341,0
9342,3
9343,0
9344,4
9345,5
9346,5
9347,3
9348,0
9349,0
9350,5
9351,7
9352,6
9353,4
9354,2
9355,4
9356,1
9357,0
9358,0
9359,4
9360,4
9361,2
9362,5
9363,1
9364,0
9365,0
9366,3
9367,0
9368,2
9369,5
9370,5
9371,0
9372,1
9373,7
9374,4
9375,4
9376,1
9377,5
9378,4
9379,6
9380,7
9381,0
9382,3
9383,2
9384,4
9385,0
9386,2
9387,5
9388,0
9389,2
9390,5
9391,4
9392,1
9393,5
9394,4
9395,2
9396,4
9397,1
9398,7
9399,3
9400,5
9401,4
9402,2
9403,1
9404,0
9405,3
9406,4
9407,0
9408,0
9409,7
9410,0
9411,3
9412,0
9413,3
9414,7
9415,7
9416,4
9417,2
9418,7
9419,7
9420,0
9421,2
9422,4
9423,3
9424,6
9425,4
9426,4
9427,3
9428,7
9429,4
9430,4
9431,7
9432,5
9433,6
9434,0
9435,5
9436,2
9437,5
9438,4
9439,0
9440,7
9441,5
9442,4
9443,5
9444,2
9445,5
9446,2
9447,6
9448,0
9449,4
9450,3
9451,4
9452,0
9453,5
9454,2
9455,1
9456,2
9457,2
9458,5
9459,1
9460,3
9461,7
9462,5
9463,7
9464,2
9465,4
9466,5
9467,5
9468,7
9469,2
9470,6
9471,4
9472,0
9473,7
9474,4
9475,0
9476,3
9477,3
9478,4
9479,2
9480,4
9481,0
9482,5
9483,4
9484,4
9485,0
9486,5
9487,4
9488,1
9489,6
9490,3
9491,2
9492,0
9493,2
9494,5
9495,4
9496,4
9497,2
9498,5
9499,7
9500,3
9501,4
9502,0
9503,7
9504,4
9505,5
9506,5
9507,7
9508,0
9509,4
9510,3
9511,3
9512,3
9513,3
9514,1
9515,0
9516,4
9517,4
9518,0
9519,7
9520,5
9521,5
9522,1
9523,4
9524,0
9525,2
9526,7
9527,2
9528,1
9529,2
9530,0
9531,0
9532,0
9533,4
9534,5
9535,6
9536,2
9537,2
9538,6
9539,4
9540,2
9541,2
9542,2
9543,5
9544,5
9545,4
9546,2
9547,2
9548,2
9549,2
9550,5
9551,0
9552,2
9553,1
9554,2
9555,7
9556,4
9557,0
9558,2
9559,4
9560,7
9561,2
9562,3
9563,4
9564,5
9565,2
9566,6
9567,0
9568,7
9569,3
9570,4
9571,7
9572,2
9573,0
9574,3
9575,7
9576,4
9577,3
9578,1
9579,6
9580,6
9581,7
9582,4
9583,3
9584,2
9585,6
9586,5
9587,0
9588,4
9589,1
9590,6
9591,3
9592,4
9593,0
9594,5
9595,2
9596,5
9597,4
9598,0
9599,1
9600,1
9601,4
9602,2
9603,1
9604,7
9605,5
9606,1
9607,2
9608,4
9609,5
9610,1
9611,2
9612,3
9613,2
9614,2
9615,5
9616,7
9617,0
9618,0
9619,5
9620,5
9621,0
9622,1
9623,0
9624,5
9625,2
9626,5
9627,5
9628,0
9629,0
9630,1
9631,2
9632,7
9633,1
9634,5
9635,0
9636,0
9637,2
9638,2
9639,3
9640,3
9641,0
9642,3
9643,1
9644,0
9645,2
9646,5
9647,0
9648,5
9649,7
9650,2
9651,1
9652,7
9653,1
9654,5
9655,2
9656,0
9657,0
9658,2
9659,0
9660,2
9661,4
9662,2
9663,0
9664,6
9665,7
9666,2
9667,3
9668,4
9669,5
9670,0
9671,2
9672,6
9673,2
9674,5
9675,7
9676,4
9677,1
9678,5
9679,2
9680,0
9681,2
9682,6
9683,2
9684,2
9685,5
9686,4
9687,0
9688,0
9689,3
9690,4
9691,2
9692,4
9693,2
9694,1
9695,0
9696,5
9697,2
9698,5
9699,2
9700,1
9701,7
9702,1
9703,3
9704,5
9705,2
9706,0
9707,2
9708,1
9709,4
9710,4
9711,5
9712,5
9713,2
9714,3
9715,4
9716,7
9717,5
9718,2
9719,0
9720,0
9721,0
9722,0
9723,5
9724,2
9725,5
9726,3
9727,2
9728,2
9729,0
9730,2
9731,0
9732,4
9733,0
9734,2
9735,7
9736,0
9737,4
9738,5
9739,4
9740,7
9741,4
9742,2
9743,5
9744,5
9745,1
9746,2
9747,5
9748,2
9749,2
9750,7
9751,2
9752,2
9753,5
9754,0
9755,4
9756,7
9757,4
9758,7
9759,4
9760,5
9761,6
9762,2
9763,3
9764,5
9765,6
9766,1
9767,1
9768,2
9769,3
9770,4
9771,4
9772,5
9773,2
9774,2
9775,0
9776,7
9777,0
9778,7
9779,4
9780,0
9781,7
9782,2
9783,3
9784,0
9785,2
9786,7
9787,5
9788,2
9789,2
9790,4
9791,3
9792,2
9793,5
9794,2
9795,0
9796,0
9797,6
9798,6
9799,0
9800,5
9801,7
9802,0
9803,7
9804,0
9805,5
9806,4
9807,7
9808,0
9809,0
9810,3
9811,4
9812,7
9813,7
9814,0
9815,1
9816,2
9817,7
9818,4
9819,5
9820,2
9821,3
9822,2
9823,0
9824,7
9825,0
9826,3
9827,5
9828,1
9829,5
9830,2
9831,2
9832,2
9833,5
9834,5
9835,7
9836,3
9837,3
9838,4
9839,7
9840,5
9841,3
9842,2
9843,2
9844,2
9845,2
9846,5
9847,7
9848,0
9849,6
9850,7
9851,4
9852,2
9853,7
9854,4
9855,0
9856,2
9857,5
9858,3
9859,5
9860,2
9861,4
9862,5
9863,7
9864,2
9865,0
9866,0
9867,3
9868,2
9869,2
9870,5
9871,4
9872,2
9873,0
9874,4
9875,2
9876,0
9877,1
9878,0
9879,0
9880,0
9881,4
9882,0
9883,4
9884,7
9885,6
9886,2
9887,0
9888,4
9889,7
9890,7
9891,7
9892,2
9893,7
9894,4
9895,0
9896,4
9897,7
9898,4
9899,5
9900,5
9901,6
9902,0
9903,2
9904,0
9905,0
9906,2
9907,1
9908,0
9909,7
9910,5
9911,7
9912,0
9913,4
9914,5
9915,4
9916,3
9917,3
9918,0
9919,4
9920,0
9921,3
9922,2
9923,2
9924,7
9925,6
9926,0
9927,0
9928,0
9929,5
9930,0
9931,4
9932,3
9933,6
9934,2
9935,4
9936,0
9937,0
9938,2
9939,4
9940,3
9941,6
9942,3
9943,0
9944,4
9945,2
9946,3
9947,0
9948,5
9949,7
9950,2
9951,5
9952,6
9953,2
9954,4
9955,3
9956,0
9957,7
9958,6
9959,5
9960,2
9961,2
9962,0
9963,3
9964,3
9965,2
9966,7
9967,3
9968,0
9969,4
9970,4
9971,1
9972,1
9973,5
9974,2
9975,4
9976,3
9977,2
9978,1
9979,7
9980,7
9981,5
9982,5
9983,7
9984,2
9985,5
9986,2
9987,5
9988,1
9989,2
9990,6
9991,1
9992,7
9993,5
9994,0
9995,7
9996,0
9997,2
9998,0
9999,3
10000,7
10001,5
10002,4
10003,4
10004,4
10005,7
10006,5
10007,4
10008,5
10009,2
10010,2
10011,0
10012,0
10013,7
10014,0
10015,3
10016,7
10017,6
10018,4
10019,0
10020,7
10021,4
10022,1
10023,7
10024,2
10025,0
10026,2
10027,0
10028,1
10029,7
10030,6
10031,1
10032,1
10033,0
10034,4
10035,6
10036,0
10037,0
10038,0
10039,4
10040,5
10041,2
10042,2
10043,2
10044,0
10045,0
10046,4
10047,0
10048,2
10049,7
10050,2
10051,0
10052,7
10053,6
10054,4
10055,5
10056,5
10057,5
10058,0
10059,7
10060,3
10061,1
10062,2
10063,2
10064,2
10065,7
10066,1
10067,2
10068,4
10069,7
10070,5
10071,3
10072,7
10073,5
10074,3
10075,7
10076,4
10077,4
10078,1
10079,2
10080,2
10081,0
10082,5
10083,4
10084,5
10085,0
10086,5
10087,7
10088,4
10089,2
10090,2
10091,0
10092,7
10093,3
10094,7
10095,2
10096,7
10097,7
10098,1
10099,2
10100,5
10101,4
10102,5
10103,4
10104,0
10105,3
10106,4
10107,4
10108,7
10109,0
10110,4
10111,0
10112,0
10113,0
10114,6
10115,1
10116,0
10117,7
10118,0
10119,0
10120,0
10121,0
10122,6
10123,4
10124,2
10125,4
10126,5
10127,3
10128,2
10129,2
10130,6
10131,2
10132,7
10133,5
10134,6
10135,7
10136,4
10137,7
10138,0
10139,2
10140,1
10141,0
10142,4
10143,7
10144,4
10145,4
10146,5
10147,4
10148,6
10149,7
10150,2
10151,0
10152,3
10153,1
10154,7
10155,6
10156,4
10157,4
10158,7
10159,3
10160,0
10161,2
10162,2
10163,0
10164,0
10165,2
10166,6
10167,0
10168,4
10169,2
10170,2
10171,3
10172,5
10173,0
10174,4
10175,2
10176,5
10177,2
10178,0
10179,1
10180,2
10181,5
10182,6
10183,5
10184,4
10185,7
10186,4
10187,0
10188,0
10189,6
10190,7
10191,1
10192,2
10193,2
10194,7
10195,0
10196,3
10197,0
10198,0
10199,7
10200,3
10201,0
10202,7
10203,4
10204,3
10205,1
10206,1
10207,0
10208,5
10209,4
10210,0
10211,2
10212,0
10213,6
10214,2
10215,0
10216,4
10217,7
10218,2
10219,5
10220,3
10221,4
10222,4
10223,4
10224,2
10225,1
10226,6
10227,0
10228,2
10229,7
10230,2
10231,7
10232,0
10233,7
10234,0
10235,2
10236,2
10237,0
10238,2
10239,4
10240,3
10241,5
10242,5
10243,0
10244,5
10245,4
10246,1
10247,5
10248,4
10249,3
10250,0
10251,2
10252,0
10253,0
10254,0
10255,0
10256,0
10257,0
10258,6
10259,5
10260,7
10261,0
10262,5
10263,2
10264,4
10265,7
10266,7
10267,0
10268,2
10269,5
10270,4
10271,3
10272,5
10273,3
10274,0
10275,4
10276,2
10277,0
10278,7
10279,5
10280,5
10281,7
10282,3
10283,2
10284,7
10285,4
10286,6
10287,4
10288,5
10289,5
10290,7
10291,6
10292,7
10293,7
10294,0
10295,5
10296,4
10297,4
10298,0
10299,6
10300,0
10301,7
10302,4
10303,2
10304,3
10305,2
10306,4
10307,4
10308,2
10309,2
10310,2
10311,2
10312,2
10313,3
10314,7
10315,6
10316,0
10317,2
10318,4
10319,5
10320,5
10321,3
10322,5
10323,4
10324,2
10325,4
10326,1
10327,3
10328,7
10329,0
10330,4
10331,0
10332,0
10333,4
10334,2
10335,7
10336,0
10337,3
10338,6
10339,6
10340,6
10341,2
10342,3
10343,2
10344,5
10345,2
10346,4
10347,7
10348,2
10349,0
10350,5
10351,4
10352,5
10353,7
10354,1
10355,0
10356,2
10357,0
10358,7
10359,2
10360,5
10361,2
10362,2
10363,0
10364,7
10365,7
10366,1
10367,5
10368,6
10369,6
10370,2
10371,4
10372,5
10373,2
10374,4
10375,2
10376,1
10377,4
10378,2
10379,1
10380,0
10381,3
10382,6
10383,0
10384,2
10385,7
10386,2
10387,2
10388,5
10389,0
10390,7
10391,2
10392,0
10393,4
10394,4
10395,1
10396,2
10397,0
10398,0
10399,2
10400,7
10401,4
10402,1
10403,0
10404,4
10405,7
10406,2
10407,3
10408,2
10409,0
10410,5
10411,4
10412,0
10413,5
10414,3
10415,2
10416,2
10417,0
10418,1
10419,5
10420,1
10421,7
10422,5
10423,5
10424,0
10425,5
10426,5
10427,0
10428,6
10429,3
10430,4
10431,1
10432,7
10433,3
10434,1
10435,3
10436,0
10437,7
10438,5
10439,6
10440,0
10441,4
10442,2
10443,3
10444,0
10445,5
10446,5
10447,0
10448,0
10449,0
10450,4
10451,0
10452,1
10453,5
10454,4
10455,4
10456,4
10457,5
10458,1
10459,2
10460,1
10461,0
10462,3
10463,4
10464,5
10465,4
10466,7
10467,3
10468,7
10469,2
10470,7
10471,5
10472,4
10473,0
10474,7
10475,4
10476,2
10477,0
10478,0
10479,0
10480,4
10481,4
10482,5
10483,5
10484,6
10485,0
10486,5
10487,0
10488,6
10489,6
10490,4
10491,1
10492,0
10493,2
10494,4
10495,7
10496,0
10497,1
10498,1
10499,4
10500,4
10501,4
10502,5
10503,5
10504,7
10505,6
10506,0
10507,0
10508,4
10509,0
10510,0
10511,2
10512,7
10513,5
10514,2
10515,0
10516,1
10517,4
10518,4
10519,3
10520,3
10521,0
10522,5
10523,0
10524,7
10525,7
10526,5
10527,0
10528,0
10529,5
10530,2
10531,7
10532,4
10533,5
10534,1
10535,2
10536,0
10537,4
10538,2
10539,0
10540,5
10541,2
10542,5
10543,3
10544,5
10545,7
10546,0
10547,2
10548,3
10549,2
10550,1
10551,1
10552,6
10553,1
10554,0
10555,1
10556,0
10557,0
10558,5
10559,4
10560,5
10561,0
10562,5
10563,5
10564,6
10565,4
10566,4
10567,0
10568,0
10569,2
10570,3
10571,4
10572,0
10573,7
10574,7
10575,3
10576,0
10577,5
10578,7
10579,5
10580,2
10581,7
10582,0
10583,2
10584,5
10585,0
10586,0
10587,0
10588,6
10589,2
10590,7
10591,0
10592,5
10593,4
10594,4
10595,7
10596,7
10597,3
10598,0
10599,5
10600,2
10601,2
10602,4
10603,7
10604,3
10605,4
10606,2
10607,7
10608,2
10609,5
10610,5
10611,4
10612,5
10613,7
10614,2
10615,5
10616,2
10617,0
10618,6
10619,7
10620,5
10621,0
10622,7
10623,4
10624,4
10625,7
10626,1
10627,0
10628,2
10629,4
10630,2
10631,7
10632,0
10633,4
10634,0
10635,2
10636,5
10637,2
10638,7
10639,7
10640,3
10641,4
10642,4
10643,1
10644,0
10645,0
10646,7
10647,3
10648,7
10649,4
10650,1
10651,1
10652,2
10653,6
10654,0
10655,7
10656,0
10657,0
10658,5
10659,6
10660,5
10661,0
10662,5
10663,5
10664,3
10665,0
10666,3
10667,1
10668,7
10669,4
10670,5
10671,2
10672,2
10673,3
10674,4
10675,0
10676,4
10677,3
10678,4
10679,5
10680,4
10681,0
10682,4
10683,4
10684,4
10685,0
10686,7
10687,2
10688,4
10689,7
10690,5
10691,0
10692,2
10693,2
10694,4
10695,0
10696,0
10697,5
10698,5
10699,7
10700,5
10701,7
10702,5
10703,0
10704,0
10705,5
10706,4
10707,5
10708,6
10709,5
10710,1
10711,3
10712,5
10713,0
10714,2
10715,5
10716,2
10717,6
10718,3
10719,4
10720,4
10721,7
10722,5
10723,7
10724,0
10725,7
10726,3
10727,4
10728,3
10729,4
10730,3
10731,5
10732,3
10733,2
10734,2
10735,0
10736,0
10737,3
10738,5
10739,2
10740,6
10741,2
10742,7
10743,4
10744,7
10745,0
10746,1
10747,5
10748,0
10749,0
10750,4
10751,3
10752,2
10753,7
10754,3
10755,2
10756,5
10757,4
10758,4
10759,2
10760,2
10761,0
10762,5
10763,2
10764,4
10765,6
10766,0
10767,4
10768,0
10769,2
10770,5
10771,2
10772,2
10773,4
10774,3
10775,2
10776,0
10777,4
10778,2
10779,4
10780,3
10781,0
10782,2
10783,0
10784,0
10785,0
10786,2
10787,7
10788,2
10789,4
10790,4
10791,4
10792,0
10793,4
10794,6
10795,2
10796,4
10797,2
10798,7
10799,5
10800,5
10801,2
10802,4
10803,2
10804,4
10805,3
10806,0
10807,5
10808,5
10809,5
10810,5
10811,1
10812,2
10813,5
10814,7
10815,2
10816,5
10817,3
10818,3
10819,2
10820,4
10821,2
10822,1
10823,4
10824,3
10825,3
10826,4
10827,7
10828,5
10829,6
10830,0
10831,3
10832,6
10833,5
10834,3
10835,0
10836,5
10837,0
10838,7
10839,4
10840,7
10841,0
10842,7
10843,3
10844,4
10845,2
10846,5
10847,7
10848,0
10849,3
10850,2
10851,5
10852,2
10853,4
10854,2
10855,2
10856,2
10857,2
10858,5
10859,3
10860,2
10861,7
10862,7
10863,5
10864,7
10865,4
10866,0
10867,0
10868,6
10869,0
10870,5
10871,5
10872,7
10873,4
10874,4
10875,0
10876,0
10877,0
10878,4
10879,3
10880,4
10881,6
10882,0
10883,2
10884,4
10885,0
10886,6
10887,0
10888,1
10889,4
10890,0
10891,0
10892,0
10893,2
10894,2
10895,0
10896,5
10897,2
10898,2
10899,2
10900,1
10901,2
10902,1
10903,1
10904,2
10905,6
10906,0
10907,0
10908,4
10909,2
10910,2
10911,0
10912,7
10913,2
10914,3
10915,0
10916,2
10917,0
10918,6
10919,2
10920,7
10921,5
10922,2
10923,0
10924,3
10925,4
10926,7
10927,6
10928,2
10929,2
10930,4
10931,5
10932,7
10933,0
10934,2
10935,2
10936,1
10937,7
10938,2
10939,7
10940,0
10941,2
10942,2
10943,5
10944,4
10945,5
10946,4
10947,4
10948,7
10949,6
10950,3
10951,0
10952,4
10953,0
10954,2
10955,0
10956,2
10957,4
10958,4
10959,4
10960,0
10961,2
10962,4
10963,7
10964,4
10965,0
10966,7
10967,6
10968,0
10969,5
10970,0
10971,1
10972,0
10973,0
10974,6
10975,0
10976,2
10977,3
10978,2
10979,0
10980,2
10981,4
10982,1
10983,7
10984,2
10985,0
10986,0
10987,7
10988,0
10989,0
10990,4
10991,3
10992,0
10993,0
10994,0
10995,2
10996,5
10997,7
10998,3
10999,0
11000,0
11001,7
11002,2
11003,2
11004,0
11005,0
11006,0
11007,4
11008,4
11009,3
11010,2
11011,5
11012,4
11013,4
11014,5
11015,2
11016,4
11017,5
11018,2
11019,1
11020,7
11021,2
11022,0
11023,7
11024,0
11025,7
11026,7
11027,4
11028,2
11029,4
11030,7
11031,0
11032,6
11033,7
11034,0
11035,4
11036,3
11037,0
11038,5
11039,2
11040,4
11041,7
11042,5
11043,2
11044,2
11045,1
11046,4
11047,0
11048,2
11049,5
11050,4
11051,2
11052,7
11053,7
11054,5
11055,5
11056,7
11057,5
11058,7
11059,4
11060,2
11061,4
11062,5
11063,0
11064,0
11065,5
11066,4
11067,7
11068,4
11069,4
11070,0
11071,3
11072,4
11073,0
11074,7
11075,2
11076,0
11077,4
11078,1
11079,0
11080,5
11081,0
11082,6
11083,4
11084,6
11085,5
11086,1
11087,6
11088,3
11089,7
11090,0
11091,4
11092,4
11093,4
11094,1
11095,7
11096,7
11097,5
11098,4
11099,3
11100,2
11101,1
11102,7
11103,4
11104,0
11105,3
11106,2
11107,3
11108,3
11109,0
11110,7
11111,4
11112,2
11113,7
11114,0
11115,4
11116,0
11117,7
11118,7
11119,0
11120,5
11121,5
11122,6
11123,3
11124,4
11125,2
11126,7
11127,2
11128,0
11129,5
11130,4
11131,5
11132,2
11133,2
11134,2
11135,0
11136,3
11137,5
11138,2
11139,1
11140,7
11141,4
11142,3
11143,2
11144,3
11145,7
11146,6
11147,1
11148,0
11149,5
11150,7
11151,5
11152,3
11153,0
11154,6
11155,0
11156,4
11157,2
11158,2
11159,2
11160,0
11161,7
11162,4
11163,7
11164,5
11165,4
11166,7
11167,0
11168,0
11169,0
11170,0
11171,5
11172,0
11173,2
11174,0
11175,4
11176,2
11177,0
11178,7
11179,5
11180,3
11181,2
11182,0
11183,3
11184,0
11185,0
11186,6
11187,2
11188,4
11189,4
11190,3
11191,2
11192,7
11193,2
11194,4
11195,1
11196,7
11197,0
11198,0
11199,6
11200,2
11201,4
11202,2
11203,2
11204,5
11205,7
11206,5
11207,2
11208,2
11209,7
11210,4
11211,2
11212,7
11213,3
11214,6
11215,5
11216,7
11217,2
11218,7
11219,0
11220,2
11221,6
11222,3
11223,0
11224,7
11225,0
11226,0
11227,0
11228,0
11229,2
11230,5
11231,0
11232,7
11233,2
11234,7
11235,0
11236,5
11237,7
11238,2
11239,0
11240,0
11241,4
11242,7
11243,4
11244,7
11245,5
11246,0
11247,3
11248,0
11249,2
11250,0
11251,2
11252,5
11253,1
11254,0
11255,3
11256,5
11257,7
11258,0
11259,0
11260,0
11261,2
11262,6
11263,2
11264,1
11265,0
11266,0
11267,5
11268,2
11269,4
11270,2
11271,6
11272,5
11273,0
11274,3
11275,7
11276,3
11277,1
11278,5
11279,2
11280,1
11281,7
11282,2
11283,5
11284,5
11285,2
11286,0
11287,7
11288,7
11289,2
11290,0
11291,5
11292,3
11293,4
11294,7
11295,1
11296,6
11297,2
11298,4
11299,0
11300,5
11301,0
11302,4
11303,5
11304,4
11305,0
11306,5
11307,1
11308,4
11309,3
11310,2
11311,2
11312,0
11313,4
11314,2
11315,4
11316,3
11317,1
11318,4
11319,2
11320,7
11321,7
11322,4
11323,2
11324,5
11325,0
11326,7
11327,0
11328,0
11329,0
11330,4
11331,2
11332,1
11333,0
11334,2
11335,0
11336,3
11337,3
11338,5
11339,6
11340,5
11341,2
11342,4
11343,5
11344,7
11345,0
11346,3
11347,5
11348,5
11349,1
11350,3
11351,4
11352,1
11353,4
11354,5
11355,2
11356,5
11357,7
11358,5
11359,6
11360,2
11361,2
11362,6
11363,2
11364,3
11365,2
11366,3
11367,2
11368,0
11369,4
11370,7
11371,0
11372,2
11373,6
11374,4
11375,5
11376,5
11377,2
11378,0
11379,5
11380,1
11381,5
11382,0
11383,7
11384,6
11385,7
11386,6
11387,4
11388,5
11389,7
11390,6
11391,5
11392,0
11393,6
11394,1
11395,7
11396,3
11397,3
11398,2
11399,5
11400,0
11401,2
11402,7
11403,5
11404,2
11405,4
11406,6
11407,5
11408,3
11409,5
11410,1
11411,4
11412,2
11413,7
11414,4
11415,5
11416,1
11417,3
11418,7
11419,5
11420,0
11421,0
11422,4
11423,0
11424,1
11425,0
11426,5
11427,2
11428,3
11429,6
11430,4
11431,5
11432,4
11433,4
11434,0
11435,4
11436,4
11437,2
11438,0
11439,2
11440,4
11441,2
11442,3
11443,2
11444,0
11445,0
11446,0
11447,0
11448,5
11449,0
11450,7
11451,3
11452,0
11453,3
11454,0
11455,3
11456,4
11457,5
11458,7
11459,4
11460,0
11461,7
11462,3
11463,3
11464,7
11465,4
11466,7
11467,6
11468,0
11469,3
11470,7
11471,2
11472,2
11473,4
11474,7
11475,4
11476,4
11477,4
11478,2
11479,0
11480,2
11481,4
11482,0
11483,3
11484,5
11485,3
11486,0
11487,2
11488,5
11489,7
11490,7
11491,5
11492,7
11493,4
11494,2
11495,7
11496,7
11497,6
11498,2
11499,0
11500,0
11501,6
11502,4
11503,7
11504,4
11505,7
11506,3
11507,0
11508,4
11509,6
11510,0
11511,6
11512,0
11513,4
11514,6
11515,3
11516,5
11517,0
11518,0
11519,5
11520,0
11521,0
11522,3
11523,0
11524,4
11525,0
11526,5
11527,4
11528,7
11529,5
11530,0
11531,7
11532,0
11533,5
11534,0
11535,2
11536,0
11537,1
11538,4
11539,2
11540,5
11541,2
11542,7
11543,0
11544,4
11545,1
11546,4
11547,0
11548,2
11549,2
11550,2
11551,7
11552,0
11553,6
11554,0
11555,0
11556,7
11557,0
11558,0
11559,7
11560,7
11561,7
11562,2
11563,1
11564,3
11565,0
11566,0
11567,5
11568,7
11569,4
11570,6
11571,7
11572,1
11573,7
11574,7
11575,0
11576,0
11577,3
11578,4
11579,1
11580,0
11581,4
11582,0
11583,0
11584,0
11585,2
11586,3
11587,2
11588,5
11589,7
11590,0
11591,0
11592,2
11593,7
11594,0
11595,0
11596,4
11597,5
11598,6
11599,2
11600,6
11601,2
11602,0
11603,4
11604,1
11605,2
11606,7
11607,4
11608,6
11609,0
11610,4
11611,4
11612,2
11613,5
11614,0
11615,4
11616,2
11617,3
11618,2
11619,0
11620,6
11621,1
11622,5
11623,7
11624,4
11625,7
11626,5
11627,7
11628,2
11629,5
11630,2
11631,7
11632,6
11633,4
11634,0
11635,6
11636,7
11637,7
11638,0
11639,7
11640,4
11641,4
11642,5
11643,0
11644,2
11645,6
11646,5
11647,0
11648,5
11649,2
11650,4
11651,2
11652,2
11653,4
11654,6
11655,1
11656,3
11657,4
11658,3
11659,5
11660,7
11661,1
11662,5
11663,3
11664,7
11665,3
11666,0
11667,6
11668,2
11669,7
11670,2
11671,6
11672,0
11673,2
11674,2
11675,7
11676,1
11677,4
11678,4
11679,4
11680,4
11681,2
11682,4
11683,7
11684,5
11685,5
11686,2
11687,7
11688,2
11689,5
11690,5
11691,4
11692,5
11693,4
11694,2
11695,4
11696,2
11697,3
11698,4
11699,0
11700,7
11701,2
11702,6
11703,4
11704,7
11705,2
11706,5
11707,0
11708,1
11709,4
11710,0
11711,4
11712,0
11713,7
11714,1
11715,5
11716,7
11717,5
11718,5
11719,5
11720,0
11721,1
11722,6
11723,3
11724,2
11725,2
11726,3
11727,2
11728,0
11729,0
11730,0
11731,4
11732,0
11733,5
11734,5
11735,2
11736,2
11737,2
11738,0
11739,4
11740,0
11741,6
11742,2
11743,5
11744,1
11745,7
11746,6
11747,2
11748,7
11749,6
11750,2
11751,7
11752,5
11753,1
11754,4
11755,2
11756,5
11757,6
11758,2
11759,1
11760,7
11761,0
11762,2
11763,7
11764,2
11765,2
11766,4
11767,0
11768,2
11769,0
11770,0
11771,2
11772,5
11773,0
11774,7
11775,4
11776,0
11777,3
11778,4
11779,0
11780,1
11781,3
11782,0
11783,1
11784,0
11785,0
11786,1
11787,0
11788,4
11789,7
11790,4
11791,7
11792,5
11793,0
11794,0
11795,4
11796,7
11797,1
11798,7
11799,2
11800,5
11801,2
11802,0
11803,7
11804,2
11805,3
11806,7
11807,7
11808,2
11809,3
11810,4
11811,3
11812,0
11813,5
11814,2
11815,2
11816,4
11817,2
11818,0
11819,5
11820,4
11821,0
11822,1
11823,7
11824,5
11825,2
11826,7
11827,5
11828,1
11829,2
11830,5
11831,4
11832,5
11833,3
11834,2
11835,4
11836,5
11837,7
11838,1
11839,4
11840,6
11841,4
11842,2
11843,4
11844,0
11845,7
11846,2
11847,5
11848,2
11849,0
11850,7
11851,7
11852,2
11853,2
11854,0
11855,0
11856,5
11857,5
11858,1
11859,4
11860,5
11861,2
11862,7
11863,5
11864,6
11865,2
11866,4
11867,2
11868,2
11869,3
11870,0
11871,4
11872,2
11873,7
11874,1
11875,7
11876,0
11877,7
11878,7
11879,5
11880,0
11881,4
11882,2
11883,4
11884,2
11885,4
11886,3
11887,6
11888,4
11889,0
11890,4
11891,5
11892,4
11893,7
11894,1
11895,0
11896,4
11897,5
11898,0
11899,6
11900,7
11901,4
11902,5
11903,4
11904,2
11905,7
11906,2
11907,5
11908,4
11909,0
11910,0
11911,7
11912,4
11913,3
11914,5
11915,1
11916,3
11917,5
11918,0
11919,6
11920,4
11921,5
11922,3
11923,0
11924,7
11925,0
11926,5
11927,6
11928,2
11929,4
11930,2
11931,4
11932,0
11933,0
11934,0
11935,0
11936,3
11937,2
11938,4
11939,5
11940,0
11941,7
11942,7
11943,7
11944,2
11945,0
11946,0
11947,3
11948,1
11949,0
11950,0
11951,5
11952,5
11953,0
11954,7
11955,0
11956,7
11957,7
11958,5
11959,0
11960,1
11961,0
11962,1
11963,0
11964,1
11965,2
11966,1
11967,7
11968,0
11969,2
11970,7
11971,4
11972,4
11973,7
11974,6
11975,7
11976,2
11977,0
11978,5
11979,1
11980,5
11981,5
11982,5
11983,7
11984,7
11985,7
11986,0
11987,0
11988,3
11989,3
11990,4
11991,0
11992,0
11993,3
11994,2
11995,0
11996,4
11997,0
11998,7
11999,5
12000,2
12001,0
12002,7
12003,4
12004,4
12005,2
12006,0
12007,1
12008,4
12009,0
12010,5
12011,4
12012,0
12013,3
12014,2
12015,4
12016,7
12017,3
12018,6
12019,2
12020,4
12021,5
12022,0
12023,4
12024,0
12025,0
12026,0
12027,0
12028,4
12029,2
12030,3
12031,4
12032,0
12033,0
12034,4
12035,4
12036,4
12037,1
12038,0
12039,3
12040,4
12041,4
12042,4
12043,0
12044,5
12045,5
12046,6
12047,5
12048,2
12049,4
12050,4
12051,2
12052,1
12053,0
12054,7
12055,2
12056,7
12057,0
12058,0
12059,4
12060,1
12061,5
12062,4
12063,2
12064,0
12065,2
12066,7
12067,5
12068,0
12069,6
12070,7
12071,7
12072,0
12073,3
12074,2
12075,0
12076,3
12077,4
12078,4
12079,0
12080,0
12081,5
12082,2
12083,1
12084,6
12085,0
12086,4
12087,3
12088,0
12089,0
12090,0
12091,0
12092,5
12093,0
12094,2
12095,2
12096,3
12097,0
12098,4
12099,0
12100,2
12101,4
12102,6
12103,6
12104,0
12105,2
12106,7
12107,7
12108,0
12109,4
12110,0
12111,2
12112,3
12113,0
12114,7
12115,5
12116,0
12117,5
12118,4
12119,0
12120,4
12121,2
12122,2
12123,6
12124,1
12125,4
12126,5
12127,3
12128,0
12129,4
12130,2
12131,0
12132,6
12133,6
12134,1
12135,4
12136,0
12137,7
12138,7
12139,7
12140,4
12141,0
12142,0
12143,4
12144,0
12145,5
12146,3
12147,2
12148,4
12149,4
12150,7
12151,4
12152,2
12153,3
12154,4
12155,3
12156,1
12157,5
12158,5
12159,1
12160,7
12161,7
12162,2
12163,4
12164,2
12165,5
12166,4
12167,3
12168,0
12169,0
12170,4
12171,1
12172,5
12173,4
12174,2
12175,4
12176,0
12177,7
12178,4
12179,7
12180,7
12181,3
12182,6
12183,4
12184,2
12185,0
12186,0
12187,0
12188,7
12189,0
12190,0
12191,0
12192,2
12193,1
12194,7
12195,5
12196,6
12197,4
12198,2
12199,0
12200,1
12201,0
12202,5
12203,0
12204,7
12205,0
12206,4
12207,0
12208,5
12209,7
12210,4
12211,0
12212,5
12213,1
12214,7
12215,5
12216,0
12217,4
12218,3
12219,5
12220,4
12221,1
12222,6
12223,5
12224,3
12225,0
12226,2
12227,6
12228,4
12229,0
12230,5
12231,1
12232,1
12233,2
12234,0
12235,6
12236,0
12237,4
12238,5
12239,5
12240,1
12241,0
12242,4
12243,5
12244,1
12245,2
12246,2
12247,2
12248,2
12249,5
12250,0
12251,2
12252,7
12253,3
12254,5
12255,2
12256,0
12257,7
12258,0
12259,3
12260,2
12261,4
12262,2
12263,2
12264,2
12265,4
12266,2
12267,0
12268,7
12269,7
12270,5
12271,2
12272,0
12273,3
12274,3
12275,0
12276,2
12277,0
12278,3
12279,2
12280,7
12281,0
12282,6
12283,5
12284,7
12285,3
12286,4
12287,0
12288,6
12289,0
12290,4
12291,0
12292,7
12293,0
12294,0
12295,2
12296,4
12297,2
12298,7
12299,4
12300,7
12301,5
12302,1
12303,4
12304,7
12305,5
12306,4
12307,4
12308,6
12309,7
12310,1
12311,5
12312,4
12313,2
12314,7
12315,0
12316,0
12317,4
12318,4
12319,4
12320,4
12321,3
12322,4
12323,7
12324,1
12325,7
12326,1
12327,0
12328,2
12329,7
12330,7
12331,0
12332,2
12333,3
12334,6
12335,0
12336,2
12337,2
12338,6
12339,0
12340,5
12341,0
12342,3
12343,5
12344,4
12345,2
12346,4
12347,2
12348,2
12349,4
12350,2
12351,5
12352,6
12353,6
12354,4
12355,4
12356,0
12357,2
12358,2
12359,1
12360,4
12361,7
12362,4
12363,3
12364,4
12365,2
12366,3
12367,0
12368,2
12369,5
12370,7
12371,0
12372,4
12373,7
12374,5
12375,7
12376,1
12377,4
12378,5
12379,5
12380,2
12381,4
12382,3
12383,0
12384,1
12385,0
12386,4
12387,5
12388,0
12389,2
12390,0
12391,5
12392,7
12393,6
12394,0
12395,0
12396,5
12397,5
12398,5
12399,4
12400,5
12401,0
12402,0
12403,3
12404,7
12405,5
12406,0
12407,4
12408,4
12409,0
12410,0
12411,4
12412,2
12413,5
12414,0
12415,4
12416,2
12417,6
12418,0
12419,4
12420,7
12421,2
12422,5
12423,6
12424,7
12425,1
12426,0
12427,7
12428,0
12429,0
12430,2
12431,5
12432,4
12433,1
12434,0
12435,7
12436,2
12437,7
12438,6
12439,5
12440,3
12441,7
12442,4
12443,4
12444,7
12445,4
12446,2
12447,4
12448,6
12449,5
12450,0
12451,5
12452,6
12453,0
12454,0
12455,5
12456,5
12457,4
12458,2
12459,4
12460,0
12461,4
12462,2
12463,2
12464,3
12465,5
12466,0
12467,5
12468,2
12469,3
12470,1
12471,4
12472,2
12473,0
12474,4
12475,7
12476,2
12477,4
12478,0
12479,3
12480,7
12481,3
12482,4
12483,4
12484,4
12485,5
12486,1
12487,0
12488,4
12489,2
12490,0
12491,2
12492,4
12493,0
12494,4
12495,0
12496,5
12497,0
12498,7
12499,7
12500,5
12501,6
12502,2
12503,4
12504,4
12505,5
12506,5
12507,0
12508,3
12509,5
12510,3
12511,0
12512,2
12513,7
12514,1
12515,5
12516,4
12517,1
12518,0
12519,4
12520,0
12521,6
12522,4
12523,0
12524,4
12525,5
12526,0
12527,7
12528,2
12529,2
12530,4
12531,2
12532,5
12533,4
12534,4
12535,4
12536,0
12537,4
12538,6
12539,4
12540,5
12541,2
12542,2
12543,5
12544,3
12545,2
12546,0
12547,4
12548,2
12549,2
12550,3
12551,2
12552,6
12553,4
12554,0
12555,7
12556,5
12557,2
12558,7
12559,7
12560,0
12561,5
12562,5
12563,2
12564,5
12565,2
12566,7
12567,0
12568,5
12569,0
12570,6
12571,0
12572,7
12573,5
12574,1
12575,4
12576,2
12577,1
12578,2
12579,5
12580,4
12581,2
12582,5
12583,7
12584,5
12585,1
12586,0
12587,6
12588,0
12589,0
12590,0
12591,5
12592,7
12593,4
12594,0
12595,0
12596,2
12597,0
12598,2
12599,2
12600,4
12601,7
12602,1
12603,2
12604,5
12605,3
12606,0
12607,3
12608,4
12609,2
12610,0
12611,0
12612,0
12613,3
12614,7
12615,0
12616,7
12617,0
12618,7
12619,4
12620,1
12621,0
12622,0
12623,5
12624,7
12625,3
12626,1
12627,2
12628,1
12629,2
12630,2
12631,1
12632,0
12633,7
12634,6
12635,6
12636,2
12637,5
12638,4
12639,4
12640,0
12641,0
12642,2
12643,5
12644,4
12645,5
12646,6
12647,7
12648,2
12649,5
12650,5
12651,4
12652,5
12653,3
12654,5
12655,4
12656,4
12657,2
12658,2
12659,1
12660,5
12661,5
12662,4
12663,2
12664,1
12665,0
12666,5
12667,7
12668,5
12669,6
12670,6
12671,4
12672,4
12673,4
12674,0
12675,2
12676,0
12677,3
12678,3
12679,4
12680,6
12681,5
12682,2
12683,4
12684,0
12685,5
12686,0
12687,6
12688,0
12689,0
12690,5
12691,0
12692,4
12693,2
12694,0
12695,0
12696,7
12697,5
12698,2
12699,2
12700,2
12701,4
12702,2
12703,0
12704,4
12705,3
12706,2
12707,7
12708,5
12709,4
12710,0
12711,0
12712,4
12713,3
12714,7
12715,5
12716,5
12717,2
12718,0
12719,2
12720,7
12721,2
12722,6
12723,1
12724,5
12725,4
12726,2
12727,7
12728,1
12729,2
12730,0
12731,5
12732,1
12733,0
12734,4
12735,1
12736,4
12737,0
12738,2
12739,4
12740,1
12741,3
12742,0
12743,4
12744,0
12745,1
12746,0
12747,1
12748,4
12749,2
12750,4
12751,7
12752,0
12753,0
12754,6
12755,2
12756,0
12757,7
12758,4
12759,5
12760,0
12761,5
12762,2
12763,5
12764,0
12765,5
12766,2
12767,4
12768,3
12769,5
12770,4
12771,0
12772,7
12773,5
12774,5
12775,4
12776,2
12777,7
12778,2
12779,5
12780,2
12781,5
12782,4
12783,6
12784,7
12785,5
12786,0
12787,5
12788,7
12789,2
12790,0
12791,3
12792,4
12793,3
12794,0
12795,1
12796,3
12797,5
12798,5
12799,4
12800,2
12801,2
12802,2
12803,3
12804,5
12805,2
12806,5
12807,2
12808,7
12809,7
12810,5
12811,7
12812,7
12813,1
12814,4
12815,7
12816,7
12817,2
12818,4
12819,5
12820,7
12821,2
12822,3
12823,4
12824,0
12825,1
12826,2
12827,0
12828,3
12829,0
12830,5
12831,4
12832,3
12833,5
12834,4
12835,2
12836,4
12837,2
12838,3
12839,2
12840,4
12841,2
12842,4
12843,5
12844,0
12845,3
12846,4
12847,3
12848,2
12849,7
12850,5
12851,6
12852,1
12853,5
12854,5
12855,4
12856,4
12857,7
12858,7
12859,0
12860,4
12861,5
12862,7
12863,2
12864,1
12865,0
12866,7
12867,0
12868,2
12869,4
12870,2
12871,6
12872,0
12873,5
12874,0
12875,0
12876,4
12877,3
12878,3
12879,7
12880,2
12881,2
12882,2
12883,1
12884,2
12885,4
12886,0
12887,1
12888,0
12889,0
12890,4
12891,7
12892,6
12893,6
12894,2
12895,0
12896,5
12897,2
12898,0
12899,2
12900,7
12901,4
12902,5
12903,0
12904,4
12905,2
12906,2
12907,6
12908,2
12909,4
12910,5
12911,6
12912,5
12913,0
12914,7
12915,0
12916,2
12917,5
12918,1
12919,7
12920,2
12921,0
12922,7
12923,3
12924,2
12925,7
12926,0
12927,4
12928,0
12929,4
12930,5
12931,7
12932,0
12933,0
12934,4
12935,4
12936,0
12937,2
12938,0
12939,2
12940,3
12941,7
12942,2
12943,6
12944,0
12945,3
12946,5
12947,0
12948,0
12949,0
12950,4
12951,4
12952,4
12953,4
12954,5
12955,5
12956,0
12957,4
12958,5
12959,2
12960,3
12961,7
12962,5
12963,4
12964,4
12965,4
12966,7
12967,5
12968,4
12969,4
12970,3
12971,4
12972,0
12973,7
12974,4
12975,4
12976,3
12977,4
12978,5
12979,1
12980,7
12981,6
12982,0
12983,4
12984,2
12985,3
12986,5
12987,4
12988,5
12989,3
12990,7
12991,4
12992,3
12993,5
12994,4
12995,7
12996,1
12997,4
12998,4
12999,4
13000,4
13001,5
13002,3
13003,7
13004,1
13005,4
13006,0
13007,3
13008,4
13009,4
13010,0
13011,2
13012,2
13013,4
13014,5
13015,6
13016,2
13017,5
13018,4
13019,4
13020,5
13021,1
13022,5
13023,7
13024,2
13025,6
13026,4
13027,5
13028,6
13029,1
13030,3
13031,7
13032,7
13033,2
13034,2
13035,0
13036,2
13037,4
13038,2
13039,0
13040,0
13041,5
13042,0
13043,2
13044,2
13045,2
13046,0
13047,3
13048,0
13049,4
13050,7
13051,2
13052,1
13053,4
13054,0
13055,7
13056,0
13057,5
13058,7
13059,1
13060,4
13061,4
13062,3
13063,7
13064,4
13065,7
13066,3
13067,4
13068,0
13069,5
13070,4
13071,2
13072,5
13073,6
13074,1
13075,0
13076,5
13077,4
13078,5
13079,7
13080,5
13081,5
13082,5
13083,7
13084,7
13085,4
13086,0
13087,2
13088,3
13089,4
13090,1
13091,4
13092,0
13093,2
13094,2
13095,4
13096,4
13097,3
13098,0
13099,3
13100,5
13101,4
13102,3
13103,3
13104,2
13105,0
13106,2
13107,6
13108,2
13109,7
13110,2
13111,2
13112,4
13113,0
13114,2
13115,5
13116,1
13117,4
13118,0
13119,5
13120,2
13121,4
13122,3
13123,0
13124,5
13125,2
13126,0
13127,3
13128,5
13129,7
13130,0
13131,0
13132,4
13133,1
13134,7
13135,3
13136,5
13137,2
13138,7
13139,5
13140,4
13141,2
13142,4
13143,5
13144,0
13145,2
13146,5
13147,0
13148,1
13149,4
13150,7
13151,2
13152,2
13153,5
13154,4
13155,2
13156,5
13157,7
13158,5
13159,1
13160,7
13161,4
13162,3
13163,0
13164,7
13165,0
13166,5
13167,6
13168,5
13169,5
13170,7
13171,4
13172,6
13173,5
13174,2
13175,1
13176,4
13177,7
13178,5
13179,0
13180,2
13181,2
13182,6
13183,4
13184,6
13185,0
13186,1
13187,0
13188,3
13189,7
13190,4
13191,6
13192,0
13193,4
13194,0
13195,1
13196,4
13197,0
13198,3
13199,3
13200,1
13201,0
13202,4
13203,0
13204,0
13205,5
13206,1
13207,2
13208,2
13209,0
13210,3
13211,2
13212,4
13213,5
13214,4
13215,2
13216,7
13217,4
13218,2
13219,2
13220,3
13221,0
13222,2
13223,3
13224,4
13225,7
13226,5
13227,2
13228,7
13229,1
13230,2
13231,3
13232,1
13233,4
13234,4
13235,2
13236,1
13237,7
13238,5
13239,0
13240,3
13241,4
13242,5
13243,4
13244,4
13245,0
13246,4
13247,4
13248,3
13249,6
13250,2
13251,2
13252,5
13253,4
13254,5
13255,5
13256,1
13257,6
13258,7
13259,2
13260,4
13261,0
13262,6
13263,4
13264,4
13265,4
13266,3
13267,5
13268,3
13269,2
13270,6
13271,4
13272,5
13273,7
13274,2
13275,7
13276,2
13277,2
13278,4
13279,0
13280,7
13281,0
13282,2
13283,0
13284,4
13285,5
13286,2
13287,3
13288,0
13289,5
13290,3
13291,0
13292,2
13293,5
13294,5
13295,7
13296,5
13297,2
13298,0
13299,1
13300,2
13301,4
13302,0
13303,5
13304,0
13305,2
13306,5
13307,7
13308,0
13309,5
13310,0
13311,0
13312,2
13313,1
13314,0
13315,0
13316,6
13317,4
13318,2
13319,4
13320,2
13321,0
13322,0
13323,4
13324,0
13325,7
13326,6
13327,4
13328,7
13329,4
13330,0
13331,4
13332,0
13333,2
13334,5
13335,1
13336,4
13337,5
13338,4
13339,4
13340,0
13341,5
13342,4
13343,2
13344,0
13345,2
13346,1
13347,2
13348,3
13349,5
13350,5
13351,4
13352,0
13353,1
13354,2
13355,5
13356,0
13357,7
13358,0
13359,2
13360,5
13361,0
13362,7
13363,0
13364,4
13365,4
13366,0
13367,0
13368,2
13369,6
13370,6
13371,2
13372,5
13373,6
13374,7
13375,7
13376,0
13377,5
13378,6
13379,5
13380,4
13381,7
13382,2
13383,4
13384,0
13385,0
13386,4
13387,2
13388,7
13389,5
13390,0
13391,4
13392,4
13393,1
13394,4
13395,2
13396,7
13397,0
13398,0
13399,4
13400,0
13401,5
13402,0
13403,6
13404,2
13405,2
13406,4
13407,5
13408,0
13409,7
13410,0
13411,0
13412,4
13413,4
13414,5
13415,7
13416,5
13417,7
13418,5
13419,2
13420,0
13421,0
13422,2
13423,5
13424,0
13425,0
13426,2
13427,0
13428,5
13429,0
13430,0
13431,0
13432,0
13433,2
13434,5
13435,4
13436,0
13437,2
13438,0
13439,4
13440,0
13441,5
13442,3
13443,5
13444,0
13445,0
13446,7
13447,2
13448,5
13449,0
13450,2
13451,5
13452,2
13453,2
13454,6
13455,6
13456,5
13457,2
13458,4
13459,2
13460,7
13461,7
13462,4
13463,5
13464,0
13465,7
13466,4
13467,0
13468,7
13469,1
13470,5
13471,0
13472,6
13473,2
13474,5
13475,0
13476,2
13477,5
13478,2
13479,4
13480,3
13481,0
13482,5
13483,1
13484,2
13485,4
13486,4
13487,5
13488,1
13489,7
13490,2
13491,5
13492,5
13493,3
13494,5
13495,2
13496,3
13497,2
13498,0
13499,4
13500,5
13501,2
13502,7
13503,3
13504,4
13505,5
13506,0
13507,0
13508,4
13509,3
13510,0
13511,3
13512,4
13513,5
13514,7
13515,2
13516,5
13517,1
13518,7
13519,0
13520,0
13521,6
13522,0
13523,5
13524,4
13525,6
13526,2
13527,7
13528,2
13529,5
13530,0
13531,2
13532,4
13533,4
13534,3
13535,0
13536,0
13537,4
13538,0
13539,7
13540,0
13541,7
13542,0
13543,2
13544,2
13545,2
13546,2
13547,0
13548,3
13549,0
13550,2
13551,4
13552,2
13553,4
13554,5
13555,5
13556,1
13557,1
13558,2
13559,5
13560,5
13561,2
13562,0
13563,3
13564,0
13565,7
13566,4
13567,6
13568,0
13569,2
13570,7
13571,0
13572,3
13573,0
13574,0
13575,0
13576,5
13577,7
13578,0
13579,6
13580,2
13581,1
13582,0
13583,0
13584,3
13585,5
13586,2
13587,1
13588,5
13589,5
13590,0
13591,3
13592,7
13593,4
13594,2
13595,6
13596,0
13597,0
13598,3
13599,0
13600,4
13601,2
13602,0
13603,0
13604,7
13605,6
13606,2
13607,2
13608,2
13609,6
13610,4
13611,0
13612,4
13613,3
13614,5
13615,4
13616,2
13617,2
13618,7
13619,7
13620,2
13621,0
13622,0
13623,0
13624,2
13625,4
13626,5
13627,5
13628,3
13629,7
13630,5
13631,2
13632,4
13633,2
13634,0
13635,1
13636,5
13637,2
13638,4
13639,2
13640,4
13641,4
13642,6
13643,4
13644,0
13645,7
13646,4
13647,7
13648,6
13649,3
13650,4
13651,0
13652,3
13653,2
13654,5
13655,5
13656,0
13657,2
13658,0
13659,0
13660,5
13661,2
13662,2
13663,5
13664,4
13665,1
13666,7
13667,2
13668,0
13669,0
13670,0
13671,4
13672,0
13673,4
13674,7
13675,7
13676,5
13677,2
13678,4
13679,4
13680,3
13681,7
13682,5
13683,5
13684,0
13685,3
13686,3
13687,4
13688,6
13689,5
13690,2
13691,0
13692,4
13693,2
13694,4
13695,2
13696,2
13697,0
13698,1
13699,3
13700,6
13701,5
13702,0
13703,7
13704,4
13705,2
13706,5
13707,3
13708,0
13709,4
13710,1
13711,4
13712,5
13713,2
13714,6
13715,6
13716,4
13717,2
13718,1
13719,4
13720,7
13721,5
13722,1
13723,3
13724,0
13725,5
13726,3
13727,2
13728,5
13729,7
13730,4
13731,4
13732,5
13733,2
13734,7
13735,4
13736,2
13737,7
13738,2
13739,4
13740,0
13741,5
13742,3
13743,0
13744,2
13745,5
13746,5
13747,2
13748,3
13749,3
13750,1
13751,0
13752,2
13753,0
13754,7
13755,6
13756,2
13757,6
13758,5
13759,5
13760,5
13761,2
13762,5
13763,5
13764,1
13765,3
13766,5
13767,0
13768,5
13769,0
13770,2
13771,5
13772,6
13773,0
13774,2
13775,5
13776,0
13777,7
13778,4
13779,5
13780,4
13781,4
13782,2
13783,2
13784,2
13785,7
13786,4
13787,2
13788,4
13789,3
13790,7
13791,0
13792,4
13793,5
13794,0
13795,2
13796,4
13797,0
13798,0
13799,3
13800,0
13801,0
13802,3
13803,2
13804,7
13805,7
13806,4
13807,5
13808,2
13809,4
13810,5
13811,0
13812,2
13813,4
13814,1
13815,0
13816,0
13817,7
13818,6
13819,7
13820,5
13821,5
13822,5
13823,4
13824,7
13825,7
13826,2
13827,6
13828,2
13829,3
13830,5
13831,4
13832,4
13833,0
13834,6
13835,2
13836,2
13837,5
13838,4
13839,7
13840,2
13841,4
13842,2
13843,0
13844,1
13845,0
13846,5
13847,5
13848,0
13849,0
13850,4
13851,7
13852,0
13853,7
13854,7
13855,7
13856,0
13857,2
13858,2
13859,2
13860,3
13861,6
13862,4
13863,2
13864,3
13865,1
13866,5
13867,0
13868,0
13869,0
13870,0
13871,2
13872,4
13873,0
13874,3
13875,4
13876,5
13877,4
13878,7
13879,5
13880,3
13881,5
13882,2
13883,0
13884,6
13885,5
13886,0
13887,2
13888,7
13889,2
13890,4
13891,2
13892,0
13893,4
13894,1
13895,6
13896,4
13897,0
13898,3
13899,4
13900,5
13901,6
13902,2
13903,1
13904,4
13905,3
13906,3
13907,1
13908,5
13909,5
13910,5
13911,5
13912,7
13913,5
13914,0
13915,5
13916,6
13917,4
13918,5
13919,4
13920,0
13921,6
13922,4
13923,7
13924,4
13925,0
13926,6
13927,0
13928,6
13929,6
13930,2
13931,2
13932,4
13933,7
13934,4
13935,2
13936,5
13937,0
13938,5
13939,4
13940,5
13941,2
13942,6
13943,7
13944,0
13945,2
13946,6
13947,0
13948,4
13949,3
13950,2
13951,0
13952,4
13953,2
13954,5
13955,7
13956,1
13957,4
13958,2
13959,7
13960,2
13961,7
13962,5
13963,7
13964,7
13965,2
13966,0
13967,2
13968,0
13969,5
13970,4
13971,2
13972,4
13973,4
13974,2
13975,3
13976,0
13977,2
13978,3
13979,0
13980,1
13981,2
13982,2
13983,2
13984,7
13985,6
13986,1
13987,7
13988,4
13989,7
13990,0
13991,7
13992,4
13993,3
13994,4
13995,0
13996,4
13997,7
13998,0
13999,6
14000,0
14001,5
14002,2
14003,4
14004,4
14005,3
14006,2
14007,2
14008,5
14009,7
14010,0
14011,0
14012,6
14013,0
14014,0
14015,5
14016,4
14017,3
14018,0
14019,6
14020,7
14021,7
14022,2
14023,3
14024,0
14025,4
14026,4
14027,7
14028,3
14029,7
14030,5
14031,6
14032,6
14033,0
14034,2
14035,6
14036,5
14037,4
14038,3
14039,3
14040,1
14041,2
14042,0
14043,2
14044,2
14045,7
14046,4
14047,6
14048,4
14049,2
14050,0
14051,3
14052,5
14053,0
14054,3
14055,2
14056,2
14057,7
14058,7
14059,3
14060,0
14061,7
14062,0
14063,3
14064,0
14065,7
14066,0
14067,0
14068,5
14069,4
14070,0
14071,2
14072,0
14073,0
14074,7
14075,5
14076,1
14077,7
14078,5
14079,2
14080,3
14081,7
14082,2
14083,7
14084,0
14085,7
14086,4
14087,0
14088,3
14089,0
14090,5
14091,0
14092,4
14093,0
14094,7
14095,5
14096,6
14097,2
14098,4
14099,4
14100,2
14101,4
14102,4
14103,5
14104,5
14105,5
14106,5
14107,2
14108,5
14109,3
14110,0
14111,4
14112,4
14113,7
14114,4
14115,4
14116,3
14117,4
14118,5
14119,6
14120,5
14121,2
14122,3
14123,5
14124,2
14125,4
14126,0
14127,7
14128,5
14129,0
14130,4
14131,2
14132,7
14133,5
14134,2
14135,4
14136,5
14137,0
14138,0
14139,5
14140,1
14141,0
14142,0
14143,5
14144,2
14145,2
14146,2
14147,5
14148,6
14149,5
14150,7
14151,2
14152,7
14153,0
14154,5
14155,5
14156,0
14157,4
14158,3
14159,2
14160,1
14161,2
14162,2
14163,1
14164,4
14165,5
14166,2
14167,2
14168,5
14169,7
14170,4
14171,5
14172,3
14173,0
14174,0
14175,7
14176,5
14177,2
14178,0
14179,4
14180,0
14181,7
14182,5
14183,7
14184,5
14185,0
14186,3
14187,2
14188,0
14189,0
14190,6
14191,5
14192,1
14193,1
14194,4
14195,5
14196,5
14197,4
14198,2
14199,4
14200,5
14201,7
14202,0
14203,2
14204,5
14205,0
14206,4
14207,0
14208,0
14209,2
14210,2
14211,4
14212,2
14213,7
14214,5
14215,4
14216,5
14217,4
14218,5
14219,0
14220,0
14221,2
14222,7
14223,4
14224,5
14225,2
14226,7
14227,6
14228,0
14229,4
14230,2
14231,6
14232,2
14233,7
14234,5
14235,5
14236,7
14237,5
14238,5
14239,5
14240,4
14241,7
14242,4
14243,5
14244,4
14245,5
14246,3
14247,6
14248,7
14249,5
14250,7
14251,0
14252,0
14253,5
14254,2
14255,7
14256,3
14257,5
14258,6
14259,7
14260,7
14261,2
14262,0
14263,0
14264,0
14265,2
14266,3
14267,0
14268,3
14269,2
14270,0
14271,1
14272,2
14273,0
14274,0
14275,2
14276,6
14277,5
14278,5
14279,4
14280,2
14281,4
14282,0
14283,0
14284,5
14285,6
14286,0
14287,0
14288,5
14289,2
14290,0
14291,2
14292,5
14293,5
14294,4
14295,7
14296,2
14297,0
14298,3
14299,5
14300,1
14301,5
14302,6
14303,1
14304,0
14305,0
14306,2
14307,0
14308,5
14309,4
14310,5
14311,0
14312,0
14313,4
14314,5
14315,4
14316,4
14317,7
14318,3
14319,1
14320,4
14321,3
14322,2
14323,7
14324,0
14325,0
14326,6
14327,7
14328,0
14329,3
14330,3
14331,4
14332,2
14333,0
14334,4
14335,0
14336,7
14337,2
14338,1
14339,0
14340,7
14341,2
14342,2
14343,5
14344,0
14345,3
14346,5
14347,7
14348,3
14349,7
14350,2
14351,1
14352,2
14353,4
14354,5
14355,0
14356,5
14357,3
14358,4
14359,2
14360,4
14361,5
14362,4
14363,4
14364,3
14365,4
14366,5
14367,7
14368,0
14369,0
14370,5
14371,0
14372,4
14373,0
14374,4
14375,7
14376,0
14377,4
14378,3
14379,3
14380,7
14381,2
14382,4
14383,2
14384,5
14385,0
14386,5
14387,0
14388,5
14389,7
14390,7
14391,1
14392,5
14393,0
14394,1
14395,1
14396,5
14397,0
14398,0
14399,7
14400,1
14401,1
14402,7
14403,1
14404,2
14405,4
14406,2
14407,4
14408,0
14409,4
14410,2
14411,0
14412,2
14413,2
14414,0
14415,5
14416,7
14417,0
14418,1
14419,0
14420,1
14421,0
14422,4
14423,4
14424,2
14425,4
14426,0
14427,5
14428,4
14429,0
14430,5
14431,0
14432,1
14433,4
14434,4
14435,0
14436,2
14437,5
14438,3
14439,0
14440,3
14441,2
14442,2
14443,0
14444,1
14445,5
14446,5
14447,7
14448,6
14449,5
14450,6
14451,3
14452,0
14453,3
14454,0
14455,0
14456,7
14457,2
14458,1
14459,5
14460,0
14461,5
14462,5
14463,7
14464,4
14465,4
14466,4
14467,0
14468,4
14469,7
14470,4
14471,5
14472,3
14473,6
14474,2
14475,5
14476,6
14477,5
14478,3
14479,4
14480,0
14481,7
14482,2
14483,7
14484,4
14485,0
14486,4
14487,7
14488,6
14489,2
14490,0
14491,7
14492,1
14493,6
14494,4
14495,4
14496,6
14497,7
14498,5
14499,4
14500,4
14501,1
14502,1
14503,5
14504,5
14505,4
14506,2
14507,2
14508,0
14509,5
14510,0
14511,0
14512,0
14513,7
14514,2
14515,3
14516,0
14517,6
14518,0
14519,5
14520,0
14521,5
14522,2
14523,4
14524,2
14525,5
14526,2
14527,0
14528,2
14529,5
14530,1
14531,0
14532,5
14533,4
14534,0
14535,2
14536,2
14537,3
14538,4
14539,2
14540,7
14541,0
14542,7
14543,1
14544,2
14545,2
14546,4
14547,5
14548,7
14549,7
14550,0
14551,5
14552,5
14553,4
14554,0
14555,3
14556,4
14557,2
14558,0
14559,5
14560,5
14561,4
14562,0
14563,0
14564,7
14565,5
14566,2
14567,3
14568,4
14569,4
14570,7
14571,3
14572,4
14573,2
14574,2
14575,5
14576,7
14577,5
14578,4
14579,5
14580,5
14581,1
14582,5
14583,7
14584,2
14585,7
14586,6
14587,0
14588,4
14589,4
14590,7
14591,0
14592,0
14593,0
14594,0
14595,2
14596,0
14597,0
14598,5
14599,1
14600,4
14601,5
14602,3
14603,5
14604,1
14605,3
14606,2
14607,4
14608,7
14609,0
14610,3
14611,0
14612,0
14613,0
14614,7
14615,2
14616,7
14617,4
14618,7
14619,7
14620,0
14621,7
14622,4
14623,2
14624,6
14625,0
14626,3
14627,0
14628,1
14629,2
14630,1
14631,6
14632,3
14633,2
14634,6
14635,6
14636,2
14637,2
14638,3
14639,0
14640,6
14641,4
14642,0
14643,6
14644,5
14645,5
14646,0
14647,6
14648,5
14649,4
14650,7
14651,5
14652,5
14653,2
14654,2
14655,2
14656,5
14657,7
14658,2
14659,7
14660,7
14661,0
14662,7
14663,5
14664,5
14665,4
14666,7
14667,4
14668,0
14669,7
14670,3
14671,0
14672,3
14673,5
14674,0
14675,7
14676,0
14677,7
14678,5
14679,5
14680,1
14681,2
14682,5
14683,1
14684,4
14685,0
14686,4
14687,5
14688,2
14689,4
14690,7
14691,2
14692,7
14693,1
14694,7
14695,2
14696,0
14697,5
14698,5
14699,2
14700,5
14701,4
14702,7
14703,1
14704,5
14705,2
14706,4
14707,7
14708,7
14709,3
14710,6
14711,5
14712,0
14713,2
14714,2
14715,2
14716,1
14717,7
14718,5
14719,5
14720,0
14721,7
14722,0
14723,4
14724,3
14725,5
14726,4
14727,7
14728,0
14729,2
14730,0
14731,1
14732,2
14733,5
14734,2
14735,6
14736,1
14737,7
14738,4
14739,0
14740,0
14741,5
14742,4
14743,5
14744,1
14745,0
14746,5
14747,6
14748,3
14749,2
14750,3
14751,2
14752,4
14753,6
14754,0
14755,5
14756,3
14757,0
14758,0
14759,4
14760,7
14761,2
14762,2
14763,7
14764,2
14765,2
14766,0
14767,2
14768,1
14769,0
14770,4
14771,0
14772,5
14773,4
14774,3
14775,4
14776,4
14777,0
14778,3
14779,3
14780,2
14781,7
14782,4
14783,7
14784,6
14785,0
14786,6
14787,0
14788,0
14789,5
14790,3
14791,0
14792,2
14793,0
14794,7
14795,0
14796,2
14797,4
14798,4
14799,0
14800,6
14801,2
14802,3
14803,5
14804,4
14805,4
14806,2
14807,5
14808,4
14809,7
14810,0
14811,0
14812,7
14813,7
14814,7
14815,4
14816,0
14817,4
14818,7
14819,3
14820,2
14821,1
14822,3
14823,4
14824,0
14825,5
14826,5
14827,4
14828,7
14829,5
14830,0
14831,2
14832,0
14833,5
14834,7
14835,4
14836,1
14837,7
14838,2
14839,5
14840,5
14841,4
14842,5
14843,0
14844,4
14845,3
14846,0
14847,7
14848,0
14849,1
14850,2
14851,5
14852,6
14853,2
14854,3
14855,0
14856,5
14857,4
14858,4
14859,4
14860,0
14861,3
14862,1
14863,1
14864,4
14865,3
14866,0
14867,0
14868,2
14869,2
14870,0
14871,3
14872,5
14873,0
14874,3
14875,6
14876,5
14877,0
14878,2
14879,5
14880,3
14881,4
14882,7
14883,4
14884,0
14885,0
14886,4
14887,2
14888,7
14889,0
14890,3
14891,4
14892,1
14893,0
14894,7
14895,3
14896,4
14897,2
14898,0
14899,0
14900,5
14901,2
14902,2
14903,6
14904,4
14905,2
14906,5
14907,1
14908,3
14909,4
14910,5
14911,7
14912,5
14913,4
14914,5
14915,0
14916,4
14917,3
14918,2
14919,0
14920,2
14921,5
14922,7
14923,7
14924,2
14925,2
14926,4
14927,0
14928,7
14929,4
14930,0
14931,3
14932,7
14933,0
14934,4
14935,5
14936,2
14937,4
14938,1
14939,2
14940,1
14941,3
14942,1
14943,3
14944,7
14945,0
14946,0
14947,7
14948,0
14949,3
14950,2
14951,4
14952,5
14953,4
14954,2
14955,3
14956,0
14957,0
14958,0
14959,2
14960,7
14961,2
14962,4
14963,5
14964,7
14965,1
14966,0
14967,3
14968,0
14969,0
14970,4
14971,1
14972,0
14973,1
14974,2
14975,4
14976,0
14977,4
14978,4
14979,0
14980,7
14981,0
14982,7
14983,5
14984,0
14985,7
14986,0
14987,1
14988,7
14989,3
14990,3
14991,6
14992,2
14993,0
14994,5
14995,0
14996,1
14997,5
14998,3
14999,6
15000,6
15001,2
15002,0
15003,2
15004,0
15005,1
15006,7
15007,2
15008,7
15009,2
15010,0
15011,4
15012,4
15013,0
15014,2
15015,4
15016,2
15017,4
15018,2
15019,4
15020,3
15021,3
15022,2
15023,2
15024,1
15025,5
15026,4
15027,2
15028,0
15029,6
15030,1
15031,2
15032,7
15033,5
15034,4
15035,1
15036,5
15037,2
15038,0
15039,3
15040,6
15041,2
15042,4
15043,4
15044,0
15045,4
15046,0
15047,6
15048,0
15049,0
15050,1
15051,3
15052,2
15053,0
15054,5
15055,5
15056,0
15057,2
15058,3
15059,7
15060,2
15061,4
15062,0
15063,1
15064,1
15065,2
15066,1
15067,0
15068,3
15069,4
15070,6
15071,7
15072,2
15073,0
15074,2
15075,3
15076,2
15077,4
15078,0
15079,3
15080,7
15081,0
15082,4
15083,2
15084,3
15085,5
15086,7
15087,7
15088,4
15089,4
15090,2
15091,6
15092,3
15093,2
15094,4
15095,2
15096,7
15097,0
15098,5
15099,6
15100,0
15101,7
15102,2
15103,2
15104,5
15105,4
15106,5
15107,2
15108,4
15109,0
15110,4
15111,4
15112,0
15113,7
15114,2
15115,3
15116,7
15117,2
15118,5
15119,5
15120,4
15121,4
15122,1
15123,4
15124,7
15125,0
15126,3
15127,0
15128,2
15129,2
15130,4
15131,7
15132,1
15133,7
15134,5
15135,5
15136,4
15137,2
15138,0
15139,5
15140,4
15141,5
15142,6
15143,3
15144,1
15145,0
15146,7
15147,0
15148,0
15149,5
15150,2
15151,0
15152,4
15153,5
15154,0
15155,5
15156,0
15157,3
15158,1
15159,7
15160,0
15161,4
15162,7
15163,0
15164,0
15165,5
15166,0
15167,5
15168,2
15169,2
15170,4
15171,6
15172,4
15173,4
15174,6
15175,2
15176,4
15177,7
15178,2
15179,6
15180,3
15181,2
15182,1
15183,5
15184,4
15185,1
15186,0
15187,1
15188,5
15189,2
15190,4
15191,4
15192,5
15193,5
15194,4
15195,4
15196,2
15197,2
15198,4
15199,4
15200,4
15201,2
15202,2
15203,3
15204,5
15205,1
15206,5
15207,7
15208,7
15209,0
15210,1
15211,5
15212,2
15213,7
15214,5
15215,2
15216,7
15217,6
15218,5
15219,0
15220,2
15221,0
15222,0
15223,3
15224,0
15225,5
15226,5
15227,0
15228,6
15229,4
15230,5
15231,0
15232,5
15233,2
15234,3
15235,1
15236,3
15237,0
15238,7
15239,6
15240,4
15241,0
15242,6
15243,0
15244,0
15245,7
15246,1
15247,2
15248,2
15249,5
15250,0
15251,0
15252,4
15253,2
15254,5
15255,2
15256,1
15257,0
15258,1
15259,2
15260,2
15261,4
15262,6
15263,0
15264,0
15265,4
15266,0
15267,0
15268,4
15269,5
15270,2
15271,0
15272,5
15273,5
15274,0
15275,6
15276,4
15277,5
15278,5
15279,5
15280,4
15281,0
15282,0
15283,4
15284,4
15285,1
15286,2
15287,2
15288,0
15289,3
15290,0
15291,3
15292,3
15293,7
15294,4
15295,2
15296,1
15297,4
15298,2
15299,0
15300,4
15301,5
15302,4
15303,4
15304,4
15305,4
15306,3
15307,5
15308,2
15309,3
15310,2
15311,3
15312,3
15313,4
15314,4
15315,5
15316,4
15317,5
15318,3
15319,2
15320,2
15321,4
15322,3
15323,2
15324,0
15325,1
15326,4
15327,7
15328,7
15329,0
15330,7
15331,2
15332,7
15333,0
15334,5
15335,2
15336,1
15337,6
15338,4
15339,5
15340,5
15341,0
15342,5
15343,0
15344,5
15345,0
15346,4
15347,0
15348,1
15349,2
15350,5
15351,6
15352,5
15353,7
15354,5
15355,0
15356,7
15357,0
15358,0
15359,4
15360,7
15361,4
15362,4
15363,3
15364,4
15365,3
15366,4
15367,0
15368,2
15369,0
15370,0
15371,2
15372,5
15373,3
15374,7
15375,0
15376,2
15377,3
15378,0
15379,0
15380,7
15381,0
15382,4
15383,3
15384,4
15385,4
15386,2
15387,0
15388,5
15389,1
15390,5
15391,3
15392,7
15393,0
15394,2
15395,2
15396,2
15397,7
15398,5
15399,0
15400,7
15401,5
15402,4
15403,2
15404,1
15405,4
15406,4
15407,3
15408,1
15409,5
15410,7
15411,4
15412,0
15413,7
15414,2
15415,0
15416,0
15417,2
15418,1
15419,5
15420,0
15421,2
15422,1
15423,5
15424,1
15425,0
15426,0
15427,0
15428,4
15429,1
15430,0
15431,5
15432,7
15433,2
15434,4
15435,2
15436,3
15437,2
15438,4
15439,4
15440,1
15441,5
15442,2
15443,0
15444,5
15445,2
15446,4
15447,0
15448,2
15449,4
15450,5
15451,5
15452,5
15453,4
15454,0
15455,5
15456,5
15457,4
15458,3
15459,5
15460,2
15461,1
15462,7
15463,7
15464,2
15465,4
15466,2
15467,3
15468,5
15469,4
15470,4
15471,5
15472,0
15473,5
15474,1
15475,4
15476,0
15477,5
15478,0
15479,5
15480,5
15481,2
15482,5
15483,3
15484,2
15485,7
15486,7
15487,7
15488,0
15489,5
15490,5
15491,4
15492,3
15493,2
15494,2
15495,5
15496,5
15497,0
15498,7
15499,7
15500,1
15501,2
15502,1
15503,5
15504,0
15505,4
15506,0
15507,7
15508,4
15509,0
15510,2
15511,7
15512,2
15513,0
15514,0
15515,7
15516,0
15517,7
15518,2
15519,3
15520,2
15521,4
15522,7
15523,2
15524,0
15525,0
15526,5
15527,0
15528,0
15529,2
15530,0
15531,0
15532,6
15533,3
15534,1
15535,1
15536,4
15537,2
15538,2
15539,5
15540,3
15541,4
15542,2
15543,5
15544,7
15545,2
15546,5
15547,6
15548,7
15549,0
15550,7
15551,7
15552,3
15553,0
15554,7
15555,7
15556,6
15557,2
15558,2
15559,2
15560,0
15561,1
15562,6
15563,4
15564,4
15565,3
15566,0
15567,6
15568,0
15569,4
15570,3
15571,6
15572,5
15573,0
15574,0
15575,5
15576,0
15577,5
15578,5
15579,5
15580,7
15581,7
15582,1
15583,5
15584,3
15585,0
15586,3
15587,6
15588,7
15589,5
15590,7
15591,2
15592,6
15593,0
15594,0
15595,3
15596,5
15597,1
15598,0
15599,5
15600,0
15601,7
15602,7
15603,5
15604,3
15605,0
15606,5
15607,7
15608,0
15609,0
15610,6
15611,5
15612,7
15613,5
15614,4
15615,0
15616,4
15617,2
15618,7
15619,0
15620,2
15621,3
15622,7
15623,2
15624,5
15625,7
15626,2
15627,2
15628,7
15629,5
15630,2
15631,6
15632,4
15633,2
15634,0
15635,0
15636,7
15637,2
15638,4
15639,4
15640,5
15641,2
15642,7
15643,7
15644,5
15645,5
15646,1
15647,0
15648,7
15649,0
15650,5
15651,4
15652,2
15653,3
15654,2
15655,4
15656,6
15657,2
15658,2
15659,2
15660,1
15661,4
15662,2
15663,6
15664,7
15665,7
15666,0
15667,4
15668,7
15669,0
15670,4
15671,3
15672,4
15673,0
15674,6
15675,0
15676,7
15677,0
15678,5
15679,4
15680,4
15681,0
15682,7
15683,2
15684,0
15685,3
15686,5
15687,5
15688,2
15689,7
15690,0
15691,4
15692,2
15693,2
15694,4
15695,2
15696,1
15697,2
15698,2
15699,7
15700,4
15701,7
15702,4
15703,5
15704,3
15705,3
15706,0
15707,1
15708,4
15709,6
15710,2
15711,0
15712,5
15713,1
15714,2
15715,6
15716,7
15717,0
15718,2
15719,0
15720,5
15721,2
15722,3
15723,7
15724,5
15725,4
15726,0
15727,4
15728,4
15729,5
15730,5
15731,4
15732,2
15733,0
15734,2
15735,4
15736,2
15737,6
15738,3
15739,5
15740,4
15741,0
15742,5
15743,6
15744,4
15745,2
15746,4
15747,0
15748,6
15749,4
15750,2
15751,7
15752,7
15753,6
15754,0
15755,7
15756,6
15757,4
15758,2
15759,0
15760,4
15761,2
15762,0
15763,7
15764,5
15765,7
15766,4
15767,7
15768,0
15769,4
15770,6
15771,7
15772,4
15773,2
15774,2
15775,2
15776,1
15777,4
15778,0
15779,7
15780,0
15781,5
15782,2
15783,7
15784,4
15785,0
15786,0
15787,5
15788,2
15789,5
15790,1
15791,5
15792,3
15793,2
15794,0
15795,5
15796,4
15797,0
15798,4
15799,2
15800,5
15801,3
15802,5
15803,1
15804,4
15805,3
15806,5
15807,5
15808,4
15809,2
15810,0
15811,0
15812,0
15813,3
15814,7
15815,1
15816,1
15817,3
15818,7
15819,6
15820,6
15821,2
15822,2
15823,7
15824,7
15825,0
15826,0
15827,4
15828,2
15829,3
15830,0
15831,5
15832,0
15833,3
15834,3
15835,0
15836,4
15837,3
15838,0
15839,1
15840,4
15841,2
15842,5
15843,5
15844,2
15845,4
15846,4
15847,0
15848,7
15849,0
15850,1
15851,5
15852,2
15853,4
15854,2
15855,7
15856,4
15857,0
15858,4
15859,3
15860,0
15861,0
15862,5
15863,0
15864,2
15865,5
15866,4
15867,7
15868,6
15869,7
15870,3
15871,0
15872,3
15873,2
15874,4
15875,7
15876,7
15877,7
15878,0
15879,3
15880,0
15881,2
15882,0
15883,3
15884,7
15885,0
15886,7
15887,7
15888,2
15889,3
15890,4
15891,4
15892,1
15893,2
15894,5
15895,5
15896,5
15897,0
15898,4
15899,2
15900,0
15901,1
15902,0
15903,5
15904,0
15905,4
15906,7
15907,0
15908,7
15909,5
15910,1
15911,2
15912,4
15913,4
15914,1
15915,2
15916,5
15917,2
15918,3
15919,7
15920,4
15921,0
15922,6
15923,7
15924,0
15925,7
15926,0
15927,6
15928,4
15929,4
15930,0
15931,3
15932,0
15933,1
15934,4
15935,0
15936,0
15937,2
15938,5
15939,5
15940,1
15941,4
15942,7
15943,2
15944,2
15945,2
15946,7
15947,3
15948,2
15949,7
15950,0
15951,6
15952,0
15953,5
15954,3
15955,5
15956,0
15957,0
15958,5
15959,6
15960,6
15961,3
15962,5
15963,4
15964,1
15965,1
15966,4
15967,5
15968,4
15969,3
15970,5
15971,3
15972,0
15973,4
15974,5
15975,1
15976,4
15977,2
15978,2
15979,7
15980,4
15981,5
15982,0
15983,2
15984,5
15985,5
15986,5
15987,5
15988,0
15989,0
15990,0
15991,0
15992,5
15993,4
15994,2
15995,6
15996,3
15997,0
15998,4
15999,0
16000,1
16001,3
16002,3
16003,1
16004,5
16005,4
16006,5
16007,3
16008,2
16009,7
16010,5
16011,5
16012,7
16013,6
16014,0
16015,1
16016,2
16017,1
16018,1
16019,2
16020,4
16021,2
16022,7
16023,0
16024,2
16025,3
16026,7
16027,2
16028,0
16029,1
16030,3
16031,2
16032,2
16033,6
16034,0
16035,0
16036,4
16037,0
16038,0
16039,0
16040,0
16041,2
16042,4
16043,3
16044,3
16045,1
16046,1
16047,5
16048,4
16049,4
16050,7
16051,3
16052,6
16053,7
16054,5
16055,5
16056,2
16057,2
16058,3
16059,3
16060,5
16061,4
16062,2
16063,2
16064,4
16065,2
16066,7
16067,6
16068,7
16069,7
16070,5
16071,3
16072,6
16073,1
16074,0
16075,7
16076,2
16077,0
16078,2
16079,4
16080,1
16081,0
16082,0
16083,1
16084,0
16085,7
16086,4
16087,1
16088,2
16089,2
16090,6
16091,7
16092,3
16093,4
16094,7
16095,4
16096,0
16097,7
16098,0
16099,7
16100,5
16101,2
16102,0
16103,2
16104,0
16105,4
16106,2
16107,0
16108,0
16109,4
16110,1
16111,7
16112,0
16113,2
16114,7
16115,1
16116,0
16117,0
16118,3
16119,3
16120,2
16121,2
16122,4
16123,3
16124,7
16125,0
16126,2
16127,6
16128,4
16129,0
16130,7
16131,2
16132,6
16133,5
16134,1
16135,2
16136,0
16137,1
16138,5
16139,0
16140,5
16141,1
16142,4
16143,0
16144,4
16145,2
16146,3
16147,4
16148,6
16149,2
16150,1
16151,2
16152,2
16153,5
16154,2
16155,3
16156,5
16157,7
16158,5
16159,0
16160,0
16161,6
16162,3
16163,7
16164,0
16165,2
16166,0
16167,4
16168,6
16169,4
16170,5
16171,7
16172,5
16173,2
16174,2
16175,3
16176,7
16177,4
16178,2
16179,0
16180,5
16181,4
16182,7
16183,2
16184,5
16185,5
16186,0
16187,2
16188,0
16189,7
16190,3
16191,5
16192,0
16193,7
16194,0
16195,7
16196,3
16197,2
16198,7
16199,0
16200,0
16201,4
16202,0
16203,4
16204,7
16205,2
16206,3
16207,0
16208,3
16209,2
16210,4
16211,4
16212,4
16213,5
16214,3
16215,1
16216,0
16217,0
16218,3
16219,4
16220,0
16221,0
16222,2
16223,1
16224,2
16225,7
16226,5
16227,4
16228,1
16229,2
16230,0
16231,2
16232,3
16233,4
16234,7
16235,2
16236,6
16237,0
16238,4
16239,0
16240,5
16241,0
16242,2
16243,2
16244,2
16245,4
16246,0
16247,4
16248,0
16249,0
16250,6
16251,5
16252,0
16253,5
16254,2
16255,6
16256,7
16257,2
16258,2
16259,6
16260,4
16261,0
16262,2
16263,2
16264,0
16265,3
16266,4
16267,0
16268,4
16269,0
16270,0
16271,1
16272,3
16273,7
16274,3
16275,4
16276,5
16277,5
16278,0
16279,4
16280,2
16281,4
16282,4
16283,6
16284,0
16285,2
16286,2
16287,0
16288,6
16289,0
16290,0
16291,4
16292,4
16293,2
16294,2
16295,0
16296,0
16297,2
16298,5
16299,1
16300,2
16301,2
16302,0
16303,4
16304,4
16305,4
16306,2
16307,7
16308,4
16309,4
16310,6
16311,2
16312,0
16313,2
16314,2
16315,2
16316,7
16317,0
16318,7
16319,4
16320,0
16321,1
16322,0
16323,0
16324,4
16325,2
16326,5
16327,0
16328,0
16329,2
16330,4
16331,2
16332,0
16333,0
16334,4
16335,3
16336,2
16337,1
16338,0
16339,5
16340,2
16341,7
16342,4
16343,0
16344,7
16345,0
16346,2
16347,2
16348,4
16349,5
16350,3
16351,0
16352,4
16353,0
16354,3
16355,1
16356,2
16357,7
16358,7
16359,0
16360,0
16361,1
16362,4
16363,5
16364,5
16365,0
16366,0
16367,4
16368,4
16369,0
16370,7
16371,2
16372,2
16373,2
16374,4
16375,4
16376,0
16377,3
16378,4
16379,4
16380,5
16381,2
16382,7
16383,5
16384,2
16385,3
16386,1
16387,0
16388,1
16389,5
16390,5
16391,2
16392,5
16393,0
16394,4
16395,5
16396,7
16397,0
16398,7
16399,7
16400,5
16401,6
16402,3
16403,4
16404,5
16405,5
16406,7
16407,0
16408,2
16409,5
16410,4
16411,2
16412,7
16413,5
16414,5
16415,0
16416,4
16417,7
16418,0
16419,7
16420,7
16421,2
16422,5
16423,5
16424,4
16425,6
16426,5
16427,5
16428,2
16429,4
16430,2
16431,1
16432,4
16433,1
16434,5
16435,1
16436,7
16437,2
16438,0
16439,0
16440,1
16441,1
16442,0
16443,6
16444,0
16445,4
16446,7
16447,7
16448,7
16449,0
16450,5
16451,2
16452,6
16453,2
16454,0
16455,0
16456,5
16457,1
16458,4
16459,7
16460,7
16461,2
16462,5
16463,0
16464,4
16465,0
16466,5
16467,1
16468,2
16469,3
16470,3
16471,4
16472,4
16473,7
16474,2
16475,0
16476,0
16477,4
16478,2
16479,4
16480,4
16481,7
16482,5
16483,4
16484,0
16485,1
16486,7
16487,6
16488,2
16489,7
16490,4
16491,7
16492,2
16493,1
16494,3
16495,2
16496,2
16497,4
16498,1
16499,6
16500,4
16501,5
16502,6
16503,2
16504,2
16505,3
16506,5
16507,2
16508,2
16509,0
16510,0
16511,5
16512,3
16513,7
16514,5
16515,0
16516,7
16517,0
16518,4
16519,5
16520,0
16521,5
16522,6
16523,1
16524,2
16525,5
16526,0
16527,2
16528,1
16529,5
16530,0
16531,5
16532,5
16533,0
16534,1
16535,3
16536,4
16537,0
16538,3
16539,4
16540,4
16541,4
16542,4
16543,2
16544,5
16545,2
16546,2
16547,3
16548,6
16549,2
16550,5
16551,5
16552,4
16553,4
16554,4
16555,7
16556,4
16557,0
16558,3
16559,1
16560,4
16561,1
16562,4
16563,0
16564,0
16565,0
16566,1
16567,4
16568,5
16569,7
16570,6
16571,0
16572,4
16573,7
16574,4
16575,1
16576,4
16577,0
16578,2
16579,2
16580,0
16581,0
16582,1
16583,3
16584,5
16585,3
16586,4
16587,5
16588,6
16589,2
16590,1
16591,4
16592,7
16593,1
16594,7
16595,4
16596,1
16597,2
16598,7
16599,4
16600,0
16601,3
16602,0
16603,2
16604,7
16605,7
16606,4
16607,2
16608,7
16609,0
16610,0
16611,7
16612,0
16613,7
16614,4
16615,7
16616,3
16617,2
16618,1
16619,2
16620,7
16621,7
16622,2
16623,7
16624,6
16625,1
16626,5
16627,0
16628,7
16629,5
16630,4
16631,4
16632,4
16633,3
16634,4
16635,7
16636,6
16637,5
16638,2
16639,5
16640,0
16641,2
16642,0
16643,5
16644,0
16645,2
16646,4
16647,2
16648,0
16649,5
16650,1
16651,5
16652,0
16653,5
16654,2
16655,2
16656,3
16657,3
16658,6
16659,6
16660,0
16661,2
16662,0
16663,0
16664,4
16665,7
16666,2
16667,6
16668,2
16669,7
16670,5
16671,0
16672,3
16673,4
16674,7
16675,0
16676,1
16677,5
16678,7
16679,0
16680,7
16681,6
16682,7
16683,4
16684,5
16685,2
16686,2
16687,4
16688,6
16689,5
16690,0
16691,5
16692,4
16693,3
16694,2
16695,7
16696,2
16697,0
16698,2
16699,2
16700,4
16701,7
16702,2
16703,4
16704,0
16705,3
16706,7
16707,2
16708,4
16709,4
16710,4
16711,4
16712,5
16713,0
16714,2
16715,2
16716,0
16717,1
16718,7
16719,2
16720,4
16721,4
16722,5
16723,2
16724,3
16725,7
16726,4
16727,4
16728,0
16729,5
16730,7
16731,0
16732,7
16733,5
16734,7
16735,1
16736,6
16737,4
16738,5
16739,6
16740,2
16741,0
16742,0
16743,5
16744,5
16745,2
16746,2
16747,1
16748,7
16749,2
16750,3
16751,2
16752,2
16753,5
16754,3
16755,0
16756,3
16757,2
16758,2
16759,0
16760,5
16761,1
16762,4
16763,7
16764,0
16765,3
16766,7
16767,0
16768,3
16769,0
16770,5
16771,0
16772,5
16773,5
16774,6
16775,0
16776,4
16777,5
16778,2
16779,7
16780,2
16781,4
16782,3
16783,4
16784,4
16785,4
16786,2
16787,2
16788,0
16789,1
16790,3
16791,0
16792,2
16793,5
16794,7
16795,0
16796,4
16797,5
16798,5
16799,4
16800,4
16801,2
16802,3
16803,4
16804,5
16805,2
16806,4
16807,2
16808,0
16809,4
16810,1
16811,5
16812,7
16813,2
16814,5
16815,7
16816,2
16817,1
16818,5
16819,3
16820,4
16821,2
16822,5
16823,0
16824,0
16825,1
16826,4
16827,7
16828,3
16829,3
16830,4
16831,0
16832,3
16833,5
16834,2
16835,2
16836,0
16837,7
16838,4
16839,2
16840,0
16841,0
16842,0
16843,6
16844,6
16845,2
16846,0
16847,4
16848,6
16849,5
16850,0
16851,4
16852,1
16853,5
16854,0
16855,0
16856,0
16857,0
16858,4
16859,6
16860,2
16861,0
16862,5
16863,0
16864,0
16865,0
16866,3
16867,3
16868,2
16869,0
16870,2
16871,0
16872,5
16873,2
16874,0
16875,2
16876,4
16877,2
16878,3
16879,2
16880,3
16881,2
16882,3
16883,2
16884,1
16885,7
16886,2
16887,2
16888,3
16889,7
16890,7
16891,6
16892,7
16893,4
16894,4
16895,5
16896,2
16897,7
16898,5
16899,2
16900,7
16901,4
16902,2
16903,4
16904,5
16905,7
16906,5
16907,2
16908,7
16909,6
16910,6
16911,4
16912,6
16913,2
16914,1
16915,2
16916,4
16917,7
16918,4
16919,4
16920,2
16921,5
16922,4
16923,5
16924,4
16925,7
16926,7
16927,0
16928,7
16929,7
16930,6
16931,3
16932,4
16933,4
16934,5
16935,0
16936,7
16937,2
16938,3
16939,7
16940,4
16941,2
16942,2
16943,7
16944,2
16945,0
16946,5
16947,0
16948,2
16949,7
16950,2
16951,3
16952,5
16953,2
16954,4
16955,6
16956,5
16957,4
16958,1
16959,0
16960,5
16961,2
16962,7
16963,0
16964,7
16965,5
16966,7
16967,4
16968,0
16969,7
16970,5
16971,5
16972,0
16973,0
16974,5
16975,0
16976,7
16977,2
16978,2
16979,0
16980,0
16981,3
16982,7
16983,1
16984,0
16985,4
16986,2
16987,3
16988,3
16989,2
16990,0
16991,0
16992,0
16993,3
16994,2
16995,7
16996,3
16997,2
16998,2
16999,2
17000,7
17001,2
17002,0
17003,7
17004,5
17005,2
17006,2
17007,0
17008,2
17009,4
17010,7
17011,5
17012,4
17013,2
17014,0
17015,7
17016,5
17017,2
17018,6
17019,2
17020,6
17021,7
17022,2
17023,2
17024,0
17025,2
17026,1
17027,0
17028,4
17029,4
17030,2
17031,2
17032,3
17033,4
17034,4
17035,7
17036,4
17037,7
17038,4
17039,0
17040,7
17041,5
17042,2
17043,5
17044,7
17045,6
17046,4
17047,4
17048,6
17049,4
17050,5
17051,4
17052,7
17053,5
17054,0
17055,5
17056,4
17057,1
17058,1
17059,4
17060,4
17061,4
17062,2
17063,1
17064,5
17065,2
17066,6
17067,7
17068,3
17069,4
17070,4
17071,2
17072,3
17073,4
17074,0
17075,5
17076,4
17077,0
17078,7
17079,7
17080,1
17081,4
17082,4
17083,7
17084,7
17085,5
17086,5
17087,5
17088,7
17089,7
17090,7
17091,1
17092,6
17093,5
17094,2
17095,5
17096,2
17097,4
17098,2
17099,0
17100,1
17101,2
17102,1
17103,6
17104,0
17105,0
17106,1
17107,0
17108,0
17109,3
17110,0
17111,4
17112,0
17113,2
17114,6
17115,0
17116,7
17117,5
17118,0
17119,7
17120,3
17121,5
17122,7
17123,0
17124,4
17125,7
17126,5
17127,6
17128,1
17129,5
17130,5
17131,5
17132,4
17133,5
17134,3
17135,7
17136,7
17137,2
17138,6
17139,1
17140,4
17141,2
17142,4
17143,2
17144,0
17145,2
17146,0
17147,4
17148,5
17149,2
17150,0
17151,2
17152,7
17153,0
17154,2
17155,0
17156,5
17157,4
17158,2
17159,4
17160,7
17161,0
17162,7
17163,7
17164,0
17165,3
17166,0
17167,7
17168,1
17169,5
17170,2
17171,4
17172,0
17173,5
17174,5
17175,5
17176,5
17177,5
17178,4
17179,0
17180,2
17181,7
17182,0
17183,0
17184,7
17185,5
17186,0
17187,2
17188,6
17189,0
17190,6
17191,4
17192,7
17193,2
17194,3
17195,1
17196,2
17197,0
17198,5
17199,0
17200,0
17201,3
17202,7
17203,3
17204,1
17205,0
17206,0
17207,5
17208,2
17209,7
17210,0
17211,5
17212,2
17213,2
17214,4
17215,7
17216,7
17217,2
17218,5
17219,5
17220,4
17221,3
17222,4
17223,4
17224,0
17225,3
17226,0
17227,4
17228,5
17229,4
17230,7
17231,7
17232,5
17233,2
17234,1
17235,5
17236,7
17237,5
17238,7
17239,7
17240,4
17241,0
17242,2
17243,4
17244,4
17245,0
17246,6
17247,7
17248,0
17249,5
17250,6
17251,5
17252,5
17253,0
17254,0
17255,2
17256,0
17257,7
17258,0
17259,2
17260,5
17261,7
17262,7
17263,4
17264,0
17265,2
17266,4
17267,1
17268,2
17269,5
17270,0
17271,0
17272,0
17273,2
17274,2
17275,1
17276,2
17277,4
17278,2
17279,4
17280,2
17281,4
17282,5
17283,5
17284,0
17285,2
17286,4
17287,7
17288,0
17289,2
17290,3
17291,4
17292,2
17293,1
17294,6
17295,2
17296,7
17297,7
17298,5
17299,3
17300,3
17301,1
17302,2
17303,7
17304,5
17305,7
17306,0
17307,7
17308,2
17309,2
17310,0
17311,5
17312,0
17313,4
17314,1
17315,4
17316,0
17317,0
17318,6
17319,4
17320,0
17321,4
17322,0
17323,0
17324,7
17325,0
17326,0
17327,2
17328,6
17329,2
17330,7
17331,5
17332,2
17333,1
17334,3
17335,3
17336,2
17337,4
17338,6
17339,2
17340,3
17341,2
17342,0
17343,6
17344,6
17345,5
17346,4
17347,0
17348,5
17349,4
17350,4
17351,7
17352,0
17353,7
17354,3
17355,4
17356,6
17357,2
17358,4
17359,0
17360,2
17361,7
17362,4
17363,2
17364,6
17365,1
17366,2
17367,0
17368,0
17369,2
17370,5
17371,2
17372,2
17373,1
17374,0
17375,7
17376,2
17377,2
17378,3
17379,5
17380,2
17381,2
17382,2
17383,0
17384,3
17385,2
17386,4
17387,0
17388,6
17389,3
17390,0
17391,2
17392,7
17393,0
17394,4
17395,4
17396,4
17397,0
17398,2
17399,0
17400,0
17401,3
17402,7
17403,1
17404,0
17405,4
17406,3
17407,5
17408,0
17409,1
17410,0
17411,5
17412,3
17413,4
17414,5
17415,4
17416,2
17417,3
17418,6
17419,2
17420,2
17421,2
17422,5
17423,2
17424,2
17425,2
17426,4
17427,0
17428,1
17429,0
17430,3
17431,3
17432,3
17433,1
17434,0
17435,4
17436,0
17437,4
17438,5
17439,0
17440,0
17441,4
17442,5
17443,2
17444,7
17445,6
17446,2
17447,5
17448,5
17449,5
17450,1
17451,7
17452,2
17453,3
17454,2
17455,7
17456,4
17457,4
17458,5
17459,7
17460,2
17461,0
17462,7
17463,3
17464,0
17465,5
17466,3
17467,0
17468,5
17469,3
17470,1
17471,1
17472,4
17473,7
17474,0
17475,3
17476,0
17477,4
17478,0
17479,7
17480,0
17481,0
17482,0
17483,4
17484,7
17485,7
17486,2
17487,4
17488,3
17489,0
17490,7
17491,2
17492,0
17493,0
17494,0
17495,1
17496,5
17497,0
17498,2
17499,4
17500,0
17501,7
17502,4
17503,6
17504,5
17505,2
17506,7
17507,0
17508,0
17509,7
17510,0
17511,7
17512,4
17513,5
17514,0
17515,1
17516,4
17517,2
17518,2
17519,0
17520,3
17521,0
17522,0
17523,2
17524,7
17525,5
17526,0
17527,7
17528,2
17529,5
17530,4
17531,0
17532,7
17533,2
17534,6
17535,2
17536,0
17537,1
17538,0
17539,5
17540,7
17541,3
17542,4
17543,0
17544,4
17545,1
17546,0
17547,0
17548,0
17549,1
17550,4
17551,5
17552,4
17553,0
17554,0
17555,0
17556,4
17557,0
17558,4
17559,0
17560,0
17561,1
17562,7
17563,0
17564,0
17565,7
17566,4
17567,5
17568,0
17569,6
17570,2
17571,5
17572,2
17573,4
17574,5
17575,7
17576,5
17577,4
17578,3
17579,4
17580,6
17581,6
17582,3
17583,7
17584,0
17585,4
17586,2
17587,0
17588,6
17589,4
17590,5
17591,2
17592,4
17593,4
17594,2
17595,5
17596,2
17597,3
17598,3
17599,5
17600,1
17601,5
17602,4
17603,2
17604,0
17605,6
17606,7
17607,7
17608,0
17609,4
17610,5
17611,0
17612,7
17613,1
17614,5
17615,3
17616,5
17617,0
17618,7
17619,0
17620,4
17621,4
17622,5
17623,0
17624,2
17625,0
17626,0
17627,0
17628,2
17629,5
17630,6
17631,5
17632,0
17633,7
17634,3
17635,4
17636,7
17637,0
17638,0
17639,3
17640,7
17641,0
17642,2
17643,5
17644,5
17645,5
17646,5
17647,4
17648,4
17649,4
17650,0
17651,7
17652,4
17653,0
17654,0
17655,2
17656,0
17657,4
17658,0
17659,2
17660,2
17661,0
17662,0
17663,7
17664,7
17665,0
17666,5
17667,6
17668,7
17669,4
17670,0
17671,3
17672,5
17673,4
17674,0
17675,0
17676,2
17677,0
17678,7
17679,2
17680,0
17681,4
17682,0
17683,5
17684,5
17685,2
17686,0
17687,0
17688,2
17689,1
17690,5
17691,2
17692,0
17693,3
17694,0
17695,3
17696,0
17697,6
17698,0
17699,0
17700,2
17701,6
17702,0
17703,4
17704,6
17705,0
17706,1
17707,2
17708,3
17709,5
17710,4
17711,6
17712,5
17713,4
17714,3
17715,6
17716,2
17717,4
17718,0
17719,7
17720,1
17721,5
17722,5
17723,7
17724,0
17725,0
17726,2
17727,4
17728,1
17729,7
17730,3
17731,5
17732,4
17733,0
17734,0
17735,7
17736,1
17737,6
17738,3
17739,0
17740,0
17741,0
17742,5
17743,6
17744,2
17745,0
17746,4
17747,2
17748,0
17749,4
17750,0
17751,5
17752,3
17753,7
17754,5
17755,2
17756,7
17757,4
17758,6
17759,5
17760,7
17761,4
17762,1
17763,2
17764,2
17765,0
17766,6
17767,7
17768,5
17769,3
17770,7
17771,5
17772,0
17773,0
17774,0
17775,2
17776,5
17777,4
17778,6
17779,5
17780,2
17781,2
17782,2
17783,0
17784,5
17785,0
17786,3
17787,5
17788,0
17789,4
17790,0
17791,3
17792,1
17793,3
17794,4
17795,4
17796,7
17797,2
17798,7
17799,4
17800,4
17801,2
17802,3
17803,3
17804,3
17805,2
17806,2
17807,0
17808,2
17809,2
17810,0
17811,1
17812,4
17813,2
17814,3
17815,4
17816,2
17817,7
17818,2
17819,0
17820,2
17821,2
17822,6
17823,7
17824,0
17825,2
17826,4
17827,2
17828,7
17829,2
17830,2
17831,3
17832,5
17833,4
17834,7
17835,0
17836,4
17837,3
17838,1
17839,2
17840,4
17841,2
17842,0
17843,5
17844,7
17845,3
17846,0
17847,0
17848,7
17849,2
17850,0
17851,6
17852,4
17853,4
17854,6
17855,7
17856,0
17857,0
17858,0
17859,2
17860,0
17861,4
17862,0
17863,5
17864,2
17865,4
17866,4
17867,0
17868,2
17869,5
17870,3
17871,6
17872,4
17873,0
17874,2
17875,1
17876,2
17877,0
17878,2
17879,0
17880,0
17881,5
17882,1
17883,7
17884,1
17885,2
17886,1
17887,5
17888,0
17889,3
17890,0
17891,0
17892,2
17893,0
17894,7
17895,5
17896,4
17897,2
17898,0
17899,4
17900,0
17901,1
17902,0
17903,0
17904,0
17905,7
17906,5
17907,6
17908,2
17909,5
17910,2
17911,5
17912,0
17913,2
17914,4
17915,4
17916,1
17917,7
17918,2
17919,0
17920,0
17921,1
17922,6
17923,5
17924,2
17925,2
17926,7
17927,7
17928,2
17929,5
17930,1
17931,5
17932,6
17933,7
17934,7
17935,6
17936,4
17937,2
17938,4
17939,0
17940,2
17941,2
17942,7
17943,1
17944,2
17945,0
17946,7
17947,3
17948,5
17949,7
17950,3
17951,0
17952,5
17953,7
17954,2
17955,0
17956,4
17957,2
17958,2
17959,0
17960,2
17961,4
17962,4
17963,5
17964,0
17965,4
17966,5
17967,2
17968,5
17969,7
17970,6
17971,2
17972,0
17973,5
17974,7
17975,2
17976,5
17977,3
17978,0
17979,0
17980,5
17981,5
17982,6
17983,2
17984,0
17985,6
17986,4
17987,0
17988,2
17989,4
17990,0
17991,4
17992,5
17993,5
17994,7
17995,0
17996,0
17997,0
17998,4
17999,2
18000,2
18001,2
18002,3
18003,2
18004,5
18005,7
18006,0
18007,4
18008,6
18009,2
18010,2
18011,2
18012,0
18013,1
18014,0
18015,5
18016,6
18017,0
18018,5
18019,2
18020,4
18021,0
18022,7
18023,5
18024,2
18025,4
18026,4
18027,6
18028,7
18029,7
18030,0
18031,3
18032,0
18033,7
18034,6
18035,1
18036,2
18037,6
18038,7
18039,7
18040,4
18041,0
18042,4
18043,5
18044,5
18045,0
18046,0
18047,4
18048,2
18049,1
18050,2
18051,5
18052,1
18053,0
18054,2
18055,2
18056,4
18057,1
18058,1
18059,2
18060,3
18061,7
18062,4
18063,0
18064,0
18065,2
18066,0
18067,7
18068,0
18069,7
18070,7
18071,4
18072,2
18073,5
18074,2
18075,0
18076,4
18077,2
18078,3
18079,5
18080,2
18081,0
18082,5
18083,5
18084,0
18085,7
18086,2
18087,0
18088,0
18089,0
18090,4
18091,5
18092,5
18093,0
18094,4
18095,0
18096,0
18097,6
18098,0
18099,3
18100,6
18101,5
18102,2
18103,0
18104,1
18105,0
18106,3
18107,3
18108,7
18109,0
18110,7
18111,1
18112,4
18113,2
18114,5
18115,5
18116,6
18117,2
18118,0
18119,2
18120,0
18121,1
18122,7
18123,0
18124,2
18125,2
18126,2
18127,3
18128,3
18129,0
18130,5
18131,0
18132,0
18133,2
18134,2
18135,4
18136,4
18137,5
18138,3
18139,1
18140,7
18141,4
18142,7
18143,7
18144,3
18145,5
18146,1
18147,3
18148,4
18149,2
18150,2
18151,2
18152,2
18153,0
18154,6
18155,1
18156,2
18157,2
18158,7
18159,5
18160,7
18161,2
18162,0
18163,5
18164,0
18165,0
18166,5
18167,0
18168,0
18169,5
18170,2
18171,7
18172,0
18173,0
18174,4
18175,7
18176,5
18177,0
18178,0
18179,2
18180,7
18181,0
18182,4
18183,2
18184,4
18185,4
18186,4
18187,5
18188,6
18189,2
18190,0
18191,0
18192,7
18193,4
18194,7
18195,4
18196,2
18197,2
18198,2
18199,0
18200,4
18201,3
18202,7
18203,7
18204,7
18205,0
18206,2
18207,7
18208,4
18209,0
18210,3
18211,5
18212,2
18213,5
18214,0
18215,7
18216,0
18217,5
18218,2
18219,2
18220,0
18221,7
18222,0
18223,5
18224,4
18225,7
18226,4
18227,0
18228,2
18229,7
18230,6
18231,2
18232,5
18233,0
18234,3
18235,0
18236,3
18237,0
18238,3
18239,5
18240,3
18241,6
18242,4
18243,2
18244,1
18245,0
18246,0
18247,0
18248,5
18249,3
18250,2
18251,3
18252,6
18253,4
18254,5
18255,6
18256,7
18257,2
18258,5
18259,4
18260,0
18261,7
18262,4
18263,0
18264,0
18265,3
18266,5
18267,6
18268,3
18269,7
18270,4
18271,5
18272,2
18273,2
18274,1
18275,7
18276,0
18277,0
18278,3
18279,2
18280,0
18281,2
18282,4
18283,7
18284,2
18285,6
18286,3
18287,0
18288,7
18289,3
18290,7
18291,1
18292,1
18293,4
18294,6
18295,5
18296,7
18297,7
18298,7
18299,0
18300,5
18301,7
18302,5
18303,7
18304,0
18305,2
18306,4
18307,7
18308,7
18309,4
18310,7
18311,4
18312,7
18313,7
18314,4
18315,6
18316,7
18317,3
18318,0
18319,6
18320,6
18321,0
18322,0
18323,2
18324,5
18325,1
18326,5
18327,0
18328,5
18329,0
18330,3
18331,4
18332,2
18333,5
18334,7
18335,7
18336,0
18337,7
18338,4
18339,4
18340,2
18341,4
18342,3
18343,3
18344,7
18345,2
18346,4
18347,2
18348,4
18349,5
18350,4
18351,0
18352,4
18353,0
18354,0
18355,2
18356,0
18357,0
18358,0
18359,2
18360,0
18361,4
18362,4
18363,0
18364,2
18365,0
18366,7
18367,5
18368,0
18369,7
18370,4
18371,4
18372,2
18373,1
18374,7
18375,7
18376,4
18377,0
18378,7
18379,4
18380,4
18381,0
18382,0
18383,2
18384,0
18385,5
18386,4
18387,0
18388,0
18389,2
18390,0
18391,4
18392,6
18393,0
18394,2
18395,0
18396,0
18397,0
18398,4
18399,1
18400,2
18401,2
18402,6
18403,1
18404,5
18405,0
18406,0
18407,0
18408,3
18409,2
18410,2
18411,2
18412,7
18413,2
18414,0
18415,7
18416,7
18417,0
18418,6
18419,0
18420,1
18421,5
18422,5
18423,4
18424,0
18425,2
18426,2
18427,5
18428,7
18429,7
18430,0
18431,2
18432,4
18433,4
18434,6
18435,1
18436,7
18437,4
18438,4
18439,0
18440,7
18441,7
18442,4
18443,3
18444,2
18445,5
18446,2
18447,0
18448,6
18449,0
18450,7
18451,0
18452,2
18453,4
18454,2
18455,1
18456,5
18457,7
18458,5
18459,7
18460,7
18461,0
18462,6
18463,0
18464,2
18465,6
18466,6
18467,0
18468,7
18469,4
18470,0
18471,5
18472,0
18473,2
18474,3
18475,5
18476,5
18477,4
18478,5
18479,1
18480,0
18481,5
18482,2
18483,2
18484,3
18485,7
18486,0
18487,3
18488,7
18489,2
18490,0
18491,5
18492,4
18493,4
18494,1
18495,7
18496,6
18497,5
18498,4
18499,4
18500,2
18501,1
18502,1
18503,4
18504,0
18505,0
18506,0
18507,4
18508,0
18509,2
18510,5
18511,2
18512,5
18513,0
18514,4
18515,2
18516,5
18517,5
18518,0
18519,0
18520,4
18521,0
18522,4
18523,4
18524,0
18525,5
18526,7
18527,4
18528,4
18529,5
18530,5
18531,2
18532,2
18533,7
18534,2
18535,6
18536,2
18537,4
18538,0
18539,4
18540,2
18541,0
18542,4
18543,5
18544,6
18545,5
18546,2
18547,5
18548,4
18549,7
18550,0
18551,6
18552,4
18553,0
18554,3
18555,7
18556,3
18557,7
18558,0
18559,0
18560,6
18561,0
18562,5
18563,0
18564,0
18565,7
18566,5
18567,0
18568,0
18569,0
18570,4
18571,5
18572,6
18573,7
18574,0
18575,5
18576,4
18577,2
18578,3
18579,7
18580,0
18581,5
18582,4
18583,4
18584,0
18585,2
18586,4
18587,0
18588,4
18589,5
18590,0
18591,7
18592,5
18593,4
18594,0
18595,6
18596,5
18597,0
18598,2
18599,2
18600,0
18601,2
18602,2
18603,4
18604,7
18605,3
18606,4
18607,0
18608,5
18609,0
18610,2
18611,5
18612,7
18613,4
18614,2
18615,4
18616,7
18617,3
18618,5
18619,5
18620,5
18621,4
18622,6
18623,2
18624,6
18625,7
18626,2
18627,6
18628,0
18629,5
18630,3
18631,0
18632,4
18633,0
18634,4
18635,3
18636,0
18637,0
18638,0
18639,2
18640,4
18641,7
18642,4
18643,4
18644,2
18645,2
18646,7
18647,3
18648,5
18649,2
18650,2
18651,4
18652,5
18653,0
18654,5
18655,4
18656,5
18657,1
18658,2
18659,2
18660,7
18661,5
18662,5
18663,0
18664,4
18665,3
18666,4
18667,1
18668,5
18669,7
18670,5
18671,0
18672,6
18673,1
18674,7
18675,4
18676,0
18677,7
18678,0
18679,4
18680,7
18681,2
18682,5
18683,7
18684,1
18685,5
18686,2
18687,4
18688,2
18689,4
18690,5
18691,2
18692,5
18693,2
18694,4
18695,0
18696,2
18697,5
18698,0
18699,5
18700,2
18701,5
18702,1
18703,0
18704,0
18705,5
18706,1
18707,2
18708,4
18709,2
18710,7
18711,5
18712,7
18713,2
18714,6
18715,4
18716,1
18717,7
18718,4
18719,0
18720,7
18721,4
18722,0
18723,5
18724,3
18725,3
18726,4
18727,4
18728,2
18729,2
18730,2
18731,0
18732,4
18733,4
18734,2
18735,3
18736,2
18737,0
18738,0
18739,7
18740,0
18741,6
18742,2
18743,3
18744,0
18745,2
18746,2
18747,5
18748,2
18749,3
18750,2
18751,7
18752,0
18753,2
18754,5
18755,4
18756,0
18757,0
18758,7
18759,6
18760,2
18761,2
18762,5
18763,7
18764,4
18765,0
18766,4
18767,5
18768,6
18769,0
18770,0
18771,1
18772,2
18773,5
18774,7
18775,3
18776,5
18777,0
18778,5
18779,2
18780,7
18781,1
18782,0
18783,7
18784,4
18785,2
18786,1
18787,3
18788,0
18789,5
18790,0
18791,0
18792,7
18793,7
18794,5
18795,3
18796,2
18797,4
18798,2
18799,0
18800,2
18801,2
18802,0
18803,7
18804,2
18805,6
18806,1
18807,5
18808,4
18809,4
18810,4
18811,0
18812,6
18813,0
18814,0
18815,5
18816,6
18817,0
18818,0
18819,1
18820,0
18821,4
18822,5
18823,5
18824,2
18825,2
18826,1
18827,0
18828,2
18829,1
18830,5
18831,4
18832,4
18833,5
18834,1
18835,7
18836,4
18837,6
18838,0
18839,4
18840,0
18841,3
18842,0
18843,4
18844,2
18845,0
18846,0
18847,4
18848,5
18849,7
18850,0
18851,0
18852,2
18853,0
18854,3
18855,7
18856,0
18857,4
18858,2
18859,5
18860,0
18861,0
18862,0
18863,6
18864,0
18865,4
18866,1
18867,5
18868,5
18869,6
18870,0
18871,5
18872,4
18873,0
18874,1
18875,4
18876,0
18877,3
18878,4
18879,5
18880,3
18881,7
18882,5
18883,2
18884,5
18885,0
18886,4
18887,0
18888,4
18889,2
18890,0
18891,0
18892,4
18893,5
18894,5
18895,2
18896,2
18897,4
18898,2
18899,0
18900,7
18901,3
18902,7
18903,7
18904,1
18905,4
18906,6
18907,7
18908,7
18909,7
18910,4
18911,5
18912,3
18913,5
18914,7
18915,0
18916,0
18917,2
18918,2
18919,2
18920,2
18921,6
18922,5
18923,5
18924,7
18925,7
18926,4
18927,5
18928,0
18929,2
18930,5
18931,2
18932,4
18933,6
18934,0
18935,0
18936,5
18937,5
18938,4
18939,0
18940,0
18941,1
18942,3
18943,5
18944,0
18945,2
18946,0
18947,4
18948,4
18949,2
18950,0
18951,1
18952,2
18953,0
18954,2
18955,5
18956,0
18957,5
18958,1
18959,4
18960,7
18961,0
18962,4
18963,1
18964,4
18965,2
18966,5
18967,4
18968,4
18969,4
18970,5
18971,7
18972,5
18973,7
18974,5
18975,5
18976,3
18977,4
18978,6
18979,1
18980,2
18981,2
18982,4
18983,6
18984,3
18985,4
18986,3
18987,2
18988,7
18989,7
18990,4
18991,6
18992,7
18993,5
18994,7
18995,7
18996,2
18997,4
18998,4
18999,5
19000,7
19001,7
19002,7
19003,5
19004,2
19005,2
19006,0
19007,0
19008,1
19009,0
19010,4
19011,4
19012,4
19013,5
19014,5
19015,7
19016,5
19017,5
19018,0
19019,7
19020,4
19021,4
19022,1
19023,0
19024,5
19025,0
19026,2
19027,2
19028,4
19029,4
19030,0
19031,2
19032,7
19033,0
19034,4
19035,3
19036,7
19037,4
19038,7
19039,0
19040,4
19041,2
19042,2
19043,5
19044,5
19045,1
19046,5
19047,5
19048,7
19049,5
19050,7
19051,2
19052,4
19053,4
19054,1
19055,5
19056,0
19057,4
19058,1
19059,3
19060,7
19061,4
19062,5
19063,2
19064,7
19065,4
19066,5
19067,3
19068,2
19069,4
19070,7
19071,6
19072,2
19073,0
19074,0
19075,6
19076,7
19077,6
19078,0
19079,0
19080,2
19081,0
19082,0
19083,0
19084,7
19085,0
19086,4
19087,2
19088,7
19089,7
19090,3
19091,0
19092,7
19093,3
19094,0
19095,7
19096,7
19097,0
19098,4
19099,6
19100,4
19101,4
19102,0
19103,2
19104,0
19105,7
19106,4
19107,5
19108,3
19109,4
19110,7
19111,2
19112,7
19113,2
19114,2
19115,7
19116,7
19117,0
19118,5
19119,2
19120,2
19121,3
19122,3
19123,7
19124,7
19125,0
19126,2
19127,0
19128,4
19129,5
19130,0
19131,7
19132,3
19133,4
19134,5
19135,7
19136,2
19137,4
19138,2
19139,0
19140,0
19141,3
19142,4
19143,0
19144,2
19145,5
19146,0
19147,4
19148,5
19149,7
19150,0
19151,2
19152,4
19153,4
19154,1
19155,6
19156,4
19157,2
19158,4
19159,7
19160,5
19161,0
19162,7
19163,0
19164,2
19165,5
19166,5
19167,0
19168,7
19169,1
19170,5
19171,0
19172,1
19173,0
19174,0
19175,7
19176,4
19177,7
19178,5
19179,5
19180,2
19181,2
19182,0
19183,2
19184,2
19185,0
19186,2
19187,2
19188,2
19189,4
19190,7
19191,2
19192,0
19193,6
19194,2
19195,4
19196,6
19197,2
19198,2
19199,2
19200,0
19201,7
19202,7
19203,6
19204,0
19205,2
19206,1
19207,6
19208,3
19209,7
19210,7
19211,5
19212,5
19213,0
19214,4
19215,5
19216,7
19217,2
19218,4
19219,5
19220,5
19221,1
19222,5
19223,1
19224,1
19225,3
19226,5
19227,3
19228,7
19229,0
19230,0
19231,0
19232,2
19233,0
19234,2
19235,1
19236,3
19237,4
19238,1
19239,7
19240,7
19241,2
19242,5
19243,4
19244,1
19245,0
19246,3
19247,1
19248,0
19249,4
19250,6
19251,4
19252,7
19253,2
19254,0
19255,2
19256,0
19257,5
19258,2
19259,4
19260,3
19261,3
19262,0
19263,2
19264,7
19265,3
19266,2
19267,0
19268,2
19269,0
19270,7
19271,5
19272,5
19273,5
19274,4
19275,2
19276,0
19277,5
19278,0
19279,0
19280,0
19281,7
19282,0
19283,3
19284,0
19285,4
19286,2
19287,4
19288,3
19289,0
19290,4
19291,7
19292,4
19293,1
19294,4
19295,5
19296,7
19297,0
19298,0
19299,0
19300,3
19301,4
19302,0
19303,3
19304,0
19305,7
19306,5
19307,0
19308,4
19309,0
19310,1
19311,0
19312,5
19313,5
19314,0
19315,7
19316,0
19317,4
19318,2
19319,0
19320,4
19321,5
19322,4
19323,0
19324,2
19325,6
19326,2
19327,3
19328,2
19329,4
19330,3
19331,3
19332,2
19333,0
19334,7
19335,5
19336,1
19337,4
19338,2
19339,2
19340,0
19341,7
19342,2
19343,7
19344,1
19345,4
19346,0
19347,4
19348,0
19349,2
19350,0
19351,2
19352,5
19353,1
19354,0
19355,7
19356,2
19357,2
19358,3
19359,7
19360,1
19361,7
19362,2
19363,7
19364,5
19365,0
19366,7
19367,7
19368,4
19369,6
19370,5
19371,7
19372,5
19373,0
19374,4
19375,2
19376,2
19377,2
19378,0
19379,0
19380,3
19381,4
19382,4
19383,3
19384,4
19385,0
19386,3
19387,0
19388,5
19389,1
19390,0
19391,7
19392,1
19393,0
19394,2
19395,6
19396,2
19397,0
19398,5
19399,1
19400,4
19401,7
19402,3
19403,5
19404,4
19405,1
19406,6
19407,3
19408,0
19409,6
19410,1
19411,1
19412,4
19413,3
19414,4
19415,7
19416,0
19417,2
19418,5
19419,2
19420,3
19421,1
19422,2
19423,2
19424,2
19425,6
19426,0
19427,0
19428,0
19429,5
19430,0
19431,0
19432,4
19433,6
19434,1
19435,2
19436,5
19437,2
19438,0
19439,2
19440,3
19441,0
19442,1
19443,4
19444,0
19445,2
19446,2
19447,0
19448,4
19449,6
19450,0
19451,4
19452,0
19453,3
19454,7
19455,4
19456,2
19457,7
19458,0
19459,2
19460,0
19461,0
19462,0
19463,5
19464,2
19465,2
19466,4
19467,5
19468,5
19469,4
19470,7
19471,4
19472,5
19473,0
19474,7
19475,6
19476,4
19477,1
19478,1
19479,1
19480,2
19481,4
19482,2
19483,1
19484,4
19485,5
19486,2
19487,1
19488,1
19489,0
19490,3
19491,0
19492,0
19493,0
19494,0
19495,0
19496,0
19497,3
19498,0
19499,7
19500,5
19501,0
19502,2
19503,5
19504,4
19505,3
19506,3
19507,0
19508,2
19509,7
19510,4
19511,2
19512,4
19513,5
19514,4
19515,1
19516,0
19517,7
19518,3
19519,4
19520,5
19521,1
19522,0
19523,2
19524,0
19525,1
19526,0
19527,7
19528,0
19529,2
19530,0
19531,0
19532,4
19533,5
19534,1
19535,5
19536,4
19537,0
19538,3
19539,6
19540,4
19541,4
19542,6
19543,2
19544,6
19545,1
19546,4
19547,2
19548,7
19549,2
19550,2
19551,7
19552,4
19553,7
19554,2
19555,7
19556,4
19557,7
19558,0
19559,1
19560,0
19561,0
19562,2
19563,1
19564,5
19565,5
19566,0
19567,5
19568,2
19569,0
19570,2
19571,0
19572,0
19573,1
19574,0
19575,0
19576,2
19577,4
19578,6
19579,0
19580,2
19581,0
19582,0
19583,0
19584,6
19585,1
19586,5
19587,1
19588,5
19589,0
19590,1
19591,4
19592,2
19593,7
19594,4
19595,0
19596,2
19597,7
19598,4
19599,0
19600,5
19601,0
19602,0
19603,7
19604,4
19605,2
19606,5
19607,4
19608,5
19609,7
19610,2
19611,0
19612,7
19613,0
19614,2
19615,4
19616,4
19617,1
19618,0
19619,0
19620,5
19621,0
19622,4
19623,0
19624,4
19625,7
19626,5
19627,5
19628,5
19629,0
19630,7
19631,7
19632,4
19633,4
19634,0
19635,3
19636,4
19637,5
19638,2
19639,0
19640,3
19641,0
19642,0
19643,0
19644,0
19645,0
19646,4
19647,5
19648,4
19649,7
19650,4
19651,1
19652,2
19653,6
19654,0
19655,7
19656,5
19657,6
19658,0
19659,4
19660,1
19661,0
19662,5
19663,2
19664,1
19665,0
19666,0
19667,0
19668,4
19669,7
19670,5
19671,7
19672,1
19673,4
19674,0
19675,5
19676,0
19677,1
19678,4
19679,5
19680,2
19681,6
19682,4
19683,2
19684,0
19685,7
19686,2
19687,5
19688,5
19689,1
19690,7
19691,4
19692,6
19693,4
19694,7
19695,4
19696,0
19697,7
19698,0
19699,5
19700,2
19701,6
19702,3
19703,3
19704,6
19705,7
19706,0
19707,0
19708,2
19709,0
19710,4
19711,7
19712,7
19713,4
19714,5
19715,4
19716,7
19717,3
19718,0
19719,5
19720,3
19721,2
19722,0
19723,5
19724,0
19725,7
19726,2
19727,4
19728,4
19729,7
19730,6
19731,0
19732,5
19733,0
19734,0
19735,4
19736,0
19737,7
19738,2
19739,2
19740,2
19741,0
19742,4
19743,3
19744,0
19745,5
19746,7
19747,2
19748,5
19749,0
19750,0
19751,4
19752,2
19753,5
19754,1
19755,0
19756,7
19757,5
19758,0
19759,0
19760,3
19761,0
19762,5
19763,7
19764,1
19765,3
19766,7
19767,0
19768,3
19769,1
19770,4
19771,4
19772,6
19773,4
19774,2
19775,2
19776,2
19777,1
19778,5
19779,2
19780,7
19781,4
19782,2
19783,0
19784,2
19785,4
19786,5
19787,7
19788,4
19789,7
19790,2
19791,3
19792,4
19793,4
19794,2
19795,1
19796,4
19797,7
19798,5
19799,2
19800,4
19801,6
19802,0
19803,4
19804,2
19805,0
19806,0
19807,4
19808,0
19809,0
19810,5
19811,4
19812,0
19813,0
19814,0
19815,5
19816,7
19817,4
19818,0
19819,5
19820,4
19821,5
19822,4
19823,5
19824,6
19825,0
19826,4
19827,5
19828,6
19829,0
19830,7
19831,0
19832,5
19833,4
19834,7
19835,7
19836,3
19837,0
19838,4
19839,0
19840,5
19841,3
19842,0
19843,5
19844,7
19845,4
19846,4
19847,0
19848,3
19849,0
19850,0
19851,2
19852,2
19853,5
19854,3
19855,1
19856,0
19857,7
19858,1
19859,2
19860,2
19861,3
19862,4
19863,4
19864,4
19865,4
19866,2
19867,1
19868,2
19869,4
19870,1
19871,1
19872,3
19873,0
19874,3
19875,0
19876,2
19877,2
19878,2
19879,2
19880,7
19881,2
19882,5
19883,3
19884,2
19885,4
19886,1
19887,0
19888,0
19889,5
19890,0
19891,2
19892,4
19893,3
19894,0
19895,2
19896,0
19897,7
19898,2
19899,3
19900,4
19901,3
19902,4
19903,5
19904,2
19905,2
19906,5
19907,0
19908,0
19909,2
19910,7
19911,0
19912,7
19913,4
19914,2
19915,1
19916,2
19917,6
19918,5
19919,7
19920,5
19921,0
19922,0
19923,7
19924,5
19925,3
19926,5
19927,0
19928,5
19929,7
19930,4
19931,2
19932,0
19933,0
19934,5
19935,6
19936,1
19937,2
19938,5
19939,6
19940,4
19941,5
19942,2
19943,4
19944,6
19945,4
19946,0
19947,0
19948,7
19949,6
19950,1
19951,7
19952,1
19953,4
19954,0
19955,0
19956,0
19957,2
19958,5
19959,7
19960,0
19961,2
19962,2
19963,0
19964,0
19965,0
19966,0
19967,2
19968,2
19969,0
19970,4
19971,5
19972,0
19973,5
19974,4
19975,0
19976,1
19977,1
19978,1
19979,5
19980,7
19981,0
19982,0
19983,0
19984,7
19985,3
19986,2
19987,7
19988,4
19989,2
19990,3
19991,6
19992,4
19993,7
19994,1
19995,0
19996,1
19997,2
19998,2
19999,1
20000,0
20001,4
20002,1
20003,0
20004,7
20005,1
20006,7
20007,4
20008,4
20009,5
20010,7
20011,0
20012,0
20013,7
20014,6
20015,2
20016,4
20017,4
20018,7
20019,4
20020,5
20021,5
20022,0
20023,5
20024,5
20025,4
20026,3
20027,3
20028,5
20029,1
20030,2
20031,0
20032,4
20033,0
20034,4
20035,5
20036,2
20037,0
20038,0
20039,0
20040,4
20041,4
20042,2
20043,0
20044,6
20045,5
20046,3
20047,4
20048,4
20049,0
20050,2
20051,4
20052,0
20053,6
20054,5
20055,4
20056,2
20057,5
20058,5
20059,5
20060,0
20061,4
20062,0
20063,2
20064,4
20065,5
20066,2
20067,7
20068,7
20069,2
20070,2
20071,2
20072,5
20073,2
20074,4
20075,0
20076,5
20077,5
20078,0
20079,5
20080,0
20081,5
20082,0
20083,4
20084,5
20085,5
20086,4
20087,1
20088,6
20089,4
20090,0
20091,5
20092,1
20093,2
20094,0
20095,2
20096,7
20097,7
20098,0
20099,2
20100,2
20101,4
20102,0
20103,0
20104,2
20105,5
20106,5
20107,4
20108,5
20109,2
20110,2
20111,2
20112,2
20113,4
20114,2
20115,0
20116,3
20117,0
20118,3
20119,7
20120,7
20121,0
20122,2
20123,2
20124,0
20125,6
20126,6
20127,2
20128,0
20129,1
20130,7
20131,2
20132,4
20133,3
20134,3
20135,2
20136,1
20137,2
20138,0
20139,7
20140,3
20141,4
20142,7
20143,5
20144,1
20145,4
20146,4
20147,0
20148,7
20149,5
20150,2
20151,3
20152,0
20153,7
20154,4
20155,3
20156,0
20157,5
20158,4
20159,2
20160,6
20161,7
20162,4
20163,4
20164,7
20165,6
20166,4
20167,4
20168,2
20169,0
20170,5
20171,6
20172,3
20173,4
20174,5
20175,3
20176,7
20177,0
20178,0
20179,0
20180,5
20181,5
20182,0
20183,2
20184,5
20185,7
20186,0
20187,5
20188,7
20189,7
20190,0
20191,7
20192,5
20193,0
20194,5
20195,6
20196,2
20197,4
20198,3
20199,5
20200,3
20201,0
20202,0
20203,7
20204,3
20205,5
20206,4
20207,3
20208,3
20209,7
20210,2
20211,0
20212,0
20213,7
20214,4
20215,2
20216,6
20217,0
20218,7
20219,2
20220,1
20221,7
20222,0
20223,7
20224,0
20225,2
20226,5
20227,3
20228,4
20229,0
20230,0
20231,2
20232,2
20233,5
20234,1
20235,0
20236,7
20237,4
20238,0
20239,0
20240,4
20241,7
20242,4
20243,7
20244,0
20245,2
20246,7
20247,5
20248,3
20249,5
20250,4
20251,0
20252,0
20253,5
20254,0
20255,4
20256,4
20257,5
20258,7
20259,7
20260,1
20261,4
20262,6
20263,0
20264,5
20265,3
20266,5
20267,4
20268,0
20269,7
20270,5
20271,2
20272,6
20273,5
20274,2
20275,4
20276,7
20277,4
20278,5
20279,0
20280,4
20281,0
20282,2
20283,5
20284,4
20285,5
20286,5
20287,5
20288,2
20289,4
20290,3
20291,3
20292,6
20293,5
20294,4
20295,0
20296,7
20297,7
20298,5
20299,5
20300,0
20301,5
20302,4
20303,5
20304,5
20305,4
20306,4
20307,2
20308,0
20309,7
20310,0
20311,5
20312,6
20313,1
20314,3
20315,0
20316,4
20317,7
20318,3
20319,5
20320,0
20321,0
20322,5
20323,0
20324,2
20325,5
20326,7
20327,4
20328,2
20329,7
20330,0
20331,1
20332,0
20333,5
20334,4
20335,0
20336,5
20337,0
20338,4
20339,0
20340,0
20341,0
20342,0
20343,4
20344,4
20345,0
20346,0
20347,0
20348,2
20349,6
20350,4
20351,5
20352,3
20353,7
20354,0
20355,2
20356,7
20357,0
20358,0
20359,0
20360,0
20361,0
20362,2
20363,0
20364,0
20365,1
20366,0
20367,5
20368,3
20369,4
20370,0
20371,5
20372,2
20373,5
20374,5
20375,6
20376,3
20377,0
20378,3
20379,6
20380,0
20381,5
20382,0
20383,2
20384,5
20385,2
20386,1
20387,1
20388,0
20389,4
20390,4
20391,7
20392,0
20393,0
20394,4
20395,5
20396,2
20397,7
20398,2
20399,2
20400,3
20401,1
20402,2
20403,0
20404,5
20405,4
20406,2
20407,4
20408,4
20409,0
20410,5
20411,2
20412,1
20413,7
20414,5
20415,5
20416,0
20417,6
20418,6
20419,2
20420,2
20421,0
20422,4
20423,2
20424,2
20425,7
20426,0
20427,2
20428,7
20429,4
20430,2
20431,5
20432,0
20433,6
20434,4
20435,2
20436,2
20437,2
20438,6
20439,0
20440,5
20441,5
20442,7
20443,4
20444,5
20445,2
20446,3
20447,0
20448,2
20449,0
20450,6
20451,5
20452,2
20453,0
20454,0
20455,2
20456,1
20457,5
20458,7
20459,5
20460,0
20461,4
20462,4
20463,2
20464,4
20465,2
20466,2
20467,4
20468,7
20469,7
20470,2
20471,5
20472,3
20473,2
20474,2
20475,3
20476,2
20477,0
20478,7
20479,5
20480,5
20481,0
20482,1
20483,5
20484,7
20485,5
20486,4
20487,5
20488,5
20489,0
20490,5
20491,5
20492,1
20493,2
20494,3
20495,4
20496,0
20497,4
20498,4
20499,0
20500,5
20501,0
20502,3
20503,7
20504,2
20505,4
20506,0
20507,7
20508,3
20509,2
20510,2
20511,0
20512,5
20513,0
20514,7
20515,6
20516,0
20517,5
20518,0
20519,0
20520,3
20521,0
20522,5
20523,3
20524,0
20525,7
20526,0
20527,4
20528,1
20529,1
20530,4
20531,4
20532,6
20533,5
20534,4
20535,1
20536,6
20537,6
20538,0
20539,5
20540,2
20541,3
20542,1
20543,0
20544,5
20545,4
20546,2
20547,6
20548,5
20549,4
20550,1
20551,5
20552,1
20553,3
20554,0
20555,5
20556,4
20557,4
20558,3
20559,0
20560,3
20561,2
20562,5
20563,1
20564,5
20565,2
20566,4
20567,0
20568,5
20569,7
20570,4
20571,0
20572,1
20573,2
20574,7
20575,2
20576,5
20577,6
20578,6
20579,0
20580,5
20581,0
20582,2
20583,3
20584,4
20585,4
20586,6
20587,2
20588,5
20589,7
20590,2
20591,2
20592,0
20593,7
20594,4
20595,6
20596,2
20597,2
20598,0
20599,0
20600,0
20601,4
20602,3
20603,0
20604,5
20605,4
20606,2
20607,0
20608,0
20609,0
20610,0
20611,7
20612,0
20613,1
20614,5
20615,3
20616,2
20617,5
20618,0
20619,4
20620,7
20621,7
20622,5
20623,0
20624,7
20625,4
20626,2
20627,5
20628,4
20629,7
20630,4
20631,7
20632,0
20633,4
20634,0
20635,0
20636,0
20637,1
20638,1
20639,6
20640,0
20641,0
20642,7
20643,4
20644,4
20645,0
20646,7
20647,1
20648,5
20649,5
20650,7
20651,5
20652,4
20653,4
20654,5
20655,4
20656,7
20657,1
20658,3
20659,2
20660,5
20661,2
20662,5
20663,2
20664,2
20665,3
20666,0
20667,0
20668,0
20669,7
20670,4
20671,0
20672,3
20673,0
20674,1
20675,2
20676,2
20677,0
20678,0
20679,7
20680,5
20681,0
20682,4
20683,2
20684,3
20685,4
20686,2
20687,4
20688,6
20689,3
20690,1
20691,6
20692,4
20693,7
20694,7
20695,0
20696,7
20697,7
20698,0
20699,0
20700,3
20701,7
20702,1
20703,7
20704,7
20705,3
20706,4
20707,3
20708,6
20709,4
20710,2
20711,5
20712,0
20713,4
20714,0
20715,6
20716,4
20717,3
20718,2
20719,2
20720,7
20721,7
20722,2
20723,0
20724,3
20725,7
20726,1
20727,5
20728,5
20729,2
20730,5
20731,4
20732,7
20733,7
20734,0
20735,2
20736,2
20737,4
20738,3
20739,4
20740,0
20741,0
20742,5
20743,5
20744,2
20745,6
20746,3
20747,2
20748,3
20749,2
20750,7
20751,4
20752,7
20753,2
20754,2
20755,4
20756,2
20757,3
20758,1
20759,2
20760,6
20761,6
20762,5
20763,0
20764,4
20765,5
20766,5
20767,0
20768,3
20769,4
20770,5
20771,0
20772,4
20773,7
20774,5
20775,5
20776,2
20777,0
20778,7
20779,3
20780,1
20781,5
20782,4
20783,0
20784,2
20785,3
20786,0
20787,4
20788,1
20789,2
20790,4
20791,4
20792,4
20793,5
20794,0
20795,4
20796,2
20797,0
20798,5
20799,0
20800,2
20801,7
20802,0
20803,0
20804,0
20805,5
20806,5
20807,5
20808,1
20809,6
20810,7
20811,4
20812,0
20813,6
20814,0
20815,2
20816,7
20817,7
20818,7
20819,4
20820,0
20821,5
20822,2
20823,6
20824,4
20825,0
20826,6
20827,0
20828,2
20829,4
20830,0
20831,7
20832,0
20833,4
20834,7
20835,5
20836,1
20837,0
20838,0
20839,0
20840,6
20841,7
20842,2
20843,2
20844,5
20845,0
20846,5
20847,2
20848,4
20849,7
20850,7
20851,0
20852,2
20853,7
20854,5
20855,0
20856,7
20857,7
20858,7
20859,3
20860,3
20861,7
20862,7
20863,6
20864,5
20865,2
20866,0
20867,4
20868,5
20869,5
20870,4
20871,5
20872,0
20873,0
20874,4
20875,5
20876,1
20877,2
20878,3
20879,6
20880,0
20881,0
20882,5
20883,0
20884,3
20885,4
20886,4
20887,4
20888,7
20889,4
20890,0
20891,2
20892,6
20893,4
20894,3
20895,7
20896,4
20897,4
20898,5
20899,3
20900,4
20901,2
20902,0
20903,5
20904,0
20905,5
20906,7
20907,4
20908,2
20909,4
20910,1
20911,0
20912,4
20913,1
20914,7
20915,2
20916,0
20917,3
20918,5
20919,0
20920,1
20921,0
20922,2
20923,7
20924,0
20925,2
20926,0
20927,7
20928,0
20929,7
20930,0
20931,6
20932,4
20933,4
20934,0
20935,1
20936,7
20937,2
20938,2
20939,7
20940,1
20941,4
20942,4
20943,7
20944,4
20945,2
20946,7
20947,1
20948,2
20949,4
20950,5
20951,0
20952,4
20953,3
20954,4
20955,4
20956,7
20957,0
20958,5
20959,6
20960,0
20961,2
20962,5
20963,5
20964,2
20965,2
20966,1
20967,4
20968,5
20969,2
20970,7
20971,0
20972,4
20973,7
20974,7
20975,2
20976,5
20977,2
20978,5
20979,2
20980,0
20981,0
20982,2
20983,0
20984,2
20985,4
20986,0
20987,3
20988,4
20989,4
20990,4
20991,5
20992,3
20993,0
20994,0
20995,0
20996,2
20997,0
20998,5
20999,0
21000,1
21001,0
21002,4
21003,7
21004,5
21005,5
21006,4
21007,7
21008,0
21009,3
21010,7
21011,0
21012,0
21013,7
21014,2
21015,7
21016,2
21017,4
21018,0
21019,0
21020,4
21021,4
21022,5
21023,2
21024,3
21025,4
21026,3
21027,4
21028,7
21029,0
21030,5
21031,4
21032,4
21033,5
21034,0
21035,0
21036,4
21037,4
21038,7
21039,3
21040,0
21041,1
21042,5
21043,0
21044,5
21045,2
21046,5
21047,4
21048,2
21049,0
21050,1
21051,2
21052,0
21053,4
21054,3
21055,7
21056,2
21057,4
21058,1
21059,7
21060,0
21061,5
21062,2
21063,2
21064,7
21065,3
21066,6
21067,1
21068,2
21069,3
21070,3
21071,5
21072,5
21073,4
21074,0
21075,7
21076,2
21077,2
21078,4
21079,1
21080,5
21081,0
21082,5
21083,5
21084,1
21085,0
21086,5
21087,2
21088,5
21089,1
21090,2
21091,4
21092,7
21093,5
21094,0
21095,0
21096,6
21097,5
21098,0
21099,4
21100,4
21101,0
21102,7
21103,7
21104,5
21105,0
21106,2
21107,0
21108,6
21109,0
21110,3
21111,3
21112,0
21113,6
21114,7
21115,0
21116,2
21117,1
21118,7
21119,7
21120,5
21121,7
21122,5
21123,5
21124,0
21125,5
21126,7
21127,6
21128,0
21129,3
21130,4
21131,3
21132,5
21133,3
21134,5
21135,5
21136,5
21137,0
21138,0
21139,4
21140,0
21141,2
21142,4
21143,0
21144,5
21145,6
21146,4
21147,3
21148,0
21149,4
21150,4
21151,3
21152,4
21153,2
21154,0
21155,4
21156,4
21157,7
21158,0
21159,5
21160,5
21161,6
21162,7
21163,6
21164,0
21165,2
21166,5
21167,1
21168,2
21169,7
21170,2
21171,4
21172,2
21173,5
21174,4
21175,0
21176,3
21177,2
21178,0
21179,4
21180,7
21181,6
21182,0
21183,0
21184,0
21185,5
21186,4
21187,0
21188,0
21189,0
21190,7
21191,5
21192,2
21193,0
21194,7
21195,3
21196,5
21197,3
21198,2
21199,5
21200,4
21201,7
21202,0
21203,2
21204,5
21205,5
21206,0
21207,0
21208,1
21209,5
21210,0
21211,3
21212,2
21213,2
21214,2
21215,4
21216,4
21217,5
21218,6
21219,4
21220,2
21221,4
21222,3
21223,5
21224,5
21225,1
21226,0
21227,7
21228,5
21229,2
21230,2
21231,7
21232,0
21233,0
21234,5
21235,7
21236,0
21237,2
21238,3
21239,7
21240,5
21241,1
21242,5
21243,0
21244,0
21245,5
21246,0
21247,0
21248,2
21249,0
21250,4
21251,2
21252,2
21253,2
21254,7
21255,0
21256,1
21257,3
21258,0
21259,7
21260,5
21261,5
21262,0
21263,7
21264,0
21265,7
21266,3
21267,0
21268,4
21269,4
21270,6
21271,5
21272,0
21273,5
21274,0
21275,7
21276,5
21277,2
21278,2
21279,7
21280,7
21281,2
21282,0
21283,5
21284,0
21285,4
21286,2
21287,5
21288,2
21289,0
21290,3
21291,0
21292,2
21293,7
21294,2
21295,0
21296,3
21297,4
21298,7
21299,7
21300,0
21301,2
21302,0
21303,7
21304,4
21305,3
21306,0
21307,5
21308,0
21309,4
21310,4
21311,2
21312,0
21313,4
21314,2
21315,2
21316,7
21317,3
21318,1
21319,0
21320,3
21321,4
21322,2
21323,0
21324,4
21325,0
21326,4
21327,3
21328,5
21329,0
21330,4
21331,4
21332,6
21333,0
21334,0
21335,5
21336,5
21337,5
21338,0
21339,2
21340,4
21341,7
21342,7
21343,4
21344,3
21345,5
21346,3
21347,6
21348,4
21349,2
21350,2
21351,4
21352,0
21353,4
21354,0
21355,0
21356,0
21357,5
21358,1
21359,5
21360,7
21361,5
21362,4
21363,7
21364,5
21365,3
21366,0
21367,3
21368,2
21369,2
21370,4
21371,2
21372,0
21373,2
21374,1
21375,5
21376,5
21377,4
21378,4
21379,5
21380,3
21381,4
21382,4
21383,2
21384,4
21385,7
21386,2
21387,3
21388,0
21389,2
21390,5
21391,0
21392,2
21393,5
21394,4
21395,5
21396,0
21397,0
21398,0
21399,0
21400,5
21401,0
21402,6
21403,4
21404,0
21405,7
21406,6
21407,2
21408,5
21409,2
21410,3
21411,5
21412,5
21413,4
21414,4
21415,3
21416,6
21417,0
21418,2
21419,5
21420,0
21421,6
21422,2
21423,3
21424,7
21425,0
21426,0
21427,7
21428,0
21429,3
21430,7
21431,2
21432,6
21433,2
21434,7
21435,1
21436,7
21437,7
21438,1
21439,5
21440,7
21441,3
21442,0
21443,1
21444,2
21445,7
21446,7
21447,7
21448,3
21449,0
21450,2
21451,2
21452,3
21453,0
21454,4
21455,0
21456,2
21457,7
21458,0
21459,3
21460,7
21461,0
21462,7
21463,3
21464,5
21465,0
21466,7
21467,5
21468,4
21469,5
21470,4
21471,2
21472,0
21473,0
21474,2
21475,2
21476,5
21477,3
21478,2
21479,3
21480,4
21481,2
21482,5
21483,4
21484,6
21485,0
21486,5
21487,0
21488,0
21489,4
21490,0
21491,0
21492,4
21493,7
21494,2
21495,4
21496,3
21497,7
21498,7
21499,1
21500,1
21501,7
21502,6
21503,5
21504,5
21505,0
21506,7
21507,2
21508,5
21509,5
21510,0
21511,0
21512,2
21513,0
21514,0
21515,4
21516,2
21517,7
21518,0
21519,2
21520,1
21521,0
21522,2
21523,1
21524,7
21525,4
21526,2
21527,3
21528,5
21529,2
21530,2
21531,0
21532,2
21533,4
21534,3
21535,7
21536,3
21537,3
21538,7
21539,4
21540,3
21541,5
21542,7
21543,4
21544,5
21545,0
21546,5
21547,2
21548,2
21549,6
21550,4
21551,2
21552,0
21553,2
21554,0
21555,4
21556,0
21557,7
21558,2
21559,5
21560,5
21561,2
21562,2
21563,4
21564,2
21565,7
21566,4
21567,0
21568,2
21569,0
21570,3
21571,5
21572,2
21573,4
21574,7
21575,4
21576,5
21577,2
21578,4
21579,5
21580,2
21581,7
21582,3
21583,6
21584,5
21585,0
21586,0
21587,2
21588,3
21589,5
21590,2
21591,4
21592,6
21593,5
21594,2
21595,7
21596,2
21597,4
21598,0
21599,5
21600,4
21601,7
21602,1
21603,7
21604,0
21605,7
21606,3
21607,7
21608,2
21609,2
21610,1
21611,0
21612,5
21613,0
21614,3
21615,2
21616,4
21617,5
21618,7
21619,1
21620,6
21621,0
21622,3
21623,2
21624,5
21625,3
21626,0
21627,2
21628,0
21629,4
21630,7
21631,2
21632,6
21633,2
21634,4
21635,5
21636,0
21637,4
21638,0
21639,2
21640,3
21641,2
21642,7
21643,2
21644,4
21645,4
21646,4
21647,2
21648,5
21649,7
21650,4
21651,7
21652,5
21653,3
21654,0
21655,4
21656,1
21657,0
21658,2
21659,0
21660,3
21661,7
21662,3
21663,1
21664,7
21665,7
21666,7
21667,0
21668,4
21669,7
21670,2
21671,4
21672,3
21673,6
21674,1
21675,2
21676,2
21677,0
21678,2
21679,6
21680,3
21681,0
21682,7
21683,2
21684,0
21685,7
21686,7
21687,2
21688,2
21689,5
21690,5
21691,6
21692,2
21693,6
21694,2
21695,4
21696,4
21697,0
21698,2
21699,2
21700,0
21701,2
21702,2
21703,4
21704,4
21705,6
21706,0
21707,2
21708,0
21709,7
21710,0
21711,2
21712,7
21713,0
21714,3
21715,4
21716,3
21717,2
21718,4
21719,0
21720,5
21721,0
21722,0
21723,2
21724,3
21725,2
21726,3
21727,4
21728,2
21729,7
21730,0
21731,5
21732,0
21733,5
21734,1
21735,5
21736,5
21737,5
21738,0
21739,5
21740,5
21741,2
21742,1
21743,0
21744,2
21745,0
21746,2
21747,2
21748,4
21749,0
21750,1
21751,0
21752,2
21753,0
21754,2
21755,2
21756,4
21757,7
21758,4
21759,4
21760,0
21761,0
21762,2
21763,1
21764,0
21765,0
21766,4
21767,0
21768,2
21769,0
21770,0
21771,0
21772,7
21773,5
21774,7
21775,7
21776,2
21777,5
21778,7
21779,0
21780,0
21781,5
21782,4
21783,4
21784,0
21785,5
21786,3
21787,3
21788,2
21789,7
21790,7
21791,5
21792,0
21793,0
21794,0
21795,6
21796,3
21797,6
21798,0
21799,7
21800,6
21801,7
21802,0
21803,2
21804,0
21805,2
21806,3
21807,4
21808,4
21809,0
21810,0
21811,7
21812,1
21813,2
21814,6
21815,7
21816,4
21817,3
21818,4
21819,5
21820,2
21821,4
21822,2
21823,2
21824,0
21825,7
21826,1
21827,4
21828,0
21829,5
21830,6
21831,0
21832,2
21833,2
21834,4
21835,3
21836,7
21837,4
21838,6
21839,0
21840,7
21841,5
21842,0
21843,0
21844,5
21845,0
21846,2
21847,4
21848,7
21849,7
21850,2
21851,0
21852,2
21853,4
21854,0
21855,3
21856,3
21857,7
21858,5
21859,5
21860,3
21861,2
21862,4
21863,4
21864,0
21865,5
21866,0
21867,7
21868,0
21869,6
21870,4
21871,7
21872,7
21873,0
21874,5
21875,2
21876,4
21877,7
21878,0
21879,7
21880,2
21881,7
21882,0
21883,2
21884,5
21885,2
21886,2
21887,2
21888,5
21889,7
21890,2
21891,0
21892,7
21893,3
21894,0
21895,4
21896,4
21897,2
21898,0
21899,6
21900,7
21901,0
21902,0
21903,0
21904,0
21905,2
21906,6
21907,2
21908,0
21909,6
21910,6
21911,4
21912,0
21913,0
21914,7
21915,4
21916,7
21917,2
21918,5
21919,5
21920,2
21921,3
21922,5
21923,4
21924,4
21925,2
21926,2
21927,0
21928,0
21929,1
21930,0
21931,2
21932,6
21933,0
21934,0
21935,4
21936,5
21937,2
21938,0
21939,3
21940,5
21941,0
21942,0
21943,6
21944,6
21945,3
21946,2
21947,0
21948,7
21949,2
21950,4
21951,1
21952,7
21953,2
21954,7
21955,2
21956,2
21957,2
21958,7
21959,0
21960,2
21961,4
21962,0
21963,2
21964,5
21965,4
21966,2
21967,5
21968,4
21969,1
21970,2
21971,4
21972,2
21973,0
21974,2
21975,3
21976,4
21977,3
21978,0
21979,4
21980,3
21981,2
21982,0
21983,7
21984,5
21985,3
21986,0
21987,5
21988,0
21989,6
21990,5
21991,2
21992,7
21993,2
21994,5
21995,1
21996,0
21997,4
21998,3
21999,0
22000,0
22001,7
22002,3
22003,4
22004,0
22005,7
22006,6
22007,5
22008,0
22009,4
22010,2
22011,4
22012,5
22013,2
22014,7
22015,2
22016,4
22017,5
22018,5
22019,5
22020,5
22021,4
22022,7
22023,3
22024,2
22025,2
22026,5
22027,0
22028,2
22029,3
22030,1
22031,4
22032,5
22033,6
22034,2
22035,4
22036,7
22037,1
22038,0
22039,5
22040,3
22041,3
22042,0
22043,2
22044,7
22045,0
22046,0
22047,6
22048,2
22049,0
22050,3
22051,4
22052,4
22053,4
22054,4
22055,0
22056,0
22057,7
22058,7
22059,0
22060,0
22061,0
22062,4
22063,3
22064,0
22065,0
22066,7
22067,0
22068,0
22069,6
22070,6
22071,0
22072,4
22073,0
22074,5
22075,5
22076,3
22077,7
22078,2
22079,4
22080,7
22081,5
22082,7
22083,2
22084,7
22085,2
22086,5
22087,5
22088,0
22089,3
22090,1
22091,5
22092,5
22093,0
22094,1
22095,2
22096,0
22097,3
22098,5
22099,6
22100,7
22101,2
22102,4
22103,7
22104,4
22105,2
22106,3
22107,2
22108,7
22109,0
22110,4
22111,2
22112,0
22113,5
22114,0
22115,7
22116,6
22117,7
22118,0
22119,1
22120,7
22121,7
22122,3
22123,5
22124,6
22125,4
22126,5
22127,7
22128,5
22129,0
22130,5
22131,4
22132,5
22133,3
22134,0
22135,4
22136,7
22137,2
22138,2
22139,6
22140,1
22141,5
22142,4
22143,0
22144,4
22145,7
22146,2
22147,3
22148,0
22149,2
22150,5
22151,5
22152,6
22153,5
22154,2
22155,2
22156,5
22157,4
22158,2
22159,2
22160,2
22161,4
22162,5
22163,3
22164,1
22165,5
22166,1
22167,5
22168,7
22169,6
22170,7
22171,0
22172,0
22173,2
22174,4
22175,2
22176,6
22177,0
22178,7
22179,4
22180,6
22181,4
22182,2
22183,1
22184,0
22185,6
22186,4
22187,0
22188,5
22189,2
22190,1
22191,0
22192,2
22193,5
22194,6
22195,5
22196,0
22197,5
22198,5
22199,6
22200,4
22201,4
22202,0
22203,7
22204,3
22205,2
22206,0
22207,7
22208,7
22209,5
22210,4
22211,3
22212,4
22213,5
22214,2
22215,4
22216,4
22217,7
22218,0
22219,1
22220,6
22221,7
22222,0
22223,7
22224,1
22225,0
22226,7
22227,2
22228,0
22229,5
22230,3
22231,0
22232,4
22233,4
22234,6
22235,5
22236,2
22237,0
22238,5
22239,0
22240,5
22241,1
22242,4
22243,0
22244,0
22245,7
22246,7
22247,7
22248,0
22249,4
22250,4
22251,0
22252,4
22253,3
22254,2
22255,5
22256,2
22257,4
22258,0
22259,2
22260,6
22261,0
22262,6
22263,0
22264,1
22265,3
22266,0
22267,3
22268,2
22269,7
22270,2
22271,3
22272,6
22273,4
22274,7
22275,1
22276,5
22277,7
22278,5
22279,0
22280,2
22281,0
22282,2
22283,7
22284,2
22285,0
22286,0
22287,7
22288,5
22289,7
22290,5
22291,0
22292,5
22293,5
22294,4
22295,5
22296,2
22297,0
22298,4
22299,7
22300,5
22301,4
22302,0
22303,7
22304,4
22305,4
22306,2
22307,2
22308,2
22309,7
22310,7
22311,7
22312,2
22313,7
22314,3
22315,2
22316,7
22317,3
22318,2
22319,0
22320,0
22321,2
22322,0
22323,0
22324,2
22325,0
22326,0
22327,0
22328,3
22329,0
22330,2
22331,2
22332,4
22333,0
22334,0
22335,2
22336,4
22337,5
22338,5
22339,2
22340,6
22341,1
22342,1
22343,2
22344,5
22345,5
22346,3
22347,3
22348,3
22349,5
22350,4
22351,1
22352,7
22353,7
22354,7
22355,2
22356,4
22357,5
22358,3
22359,0
22360,0
22361,7
22362,4
22363,2
22364,2
22365,4
22366,5
22367,3
22368,4
22369,0
22370,2
22371,5
22372,4
22373,1
22374,0
22375,4
22376,5
22377,4
22378,4
22379,4
22380,5
22381,1
22382,3
22383,2
22384,7
22385,2
22386,3
22387,2
22388,7
22389,0
22390,6
22391,0
22392,4
22393,0
22394,5
22395,2
22396,7
22397,3
22398,0
22399,2
22400,0
22401,2
22402,5
22403,1
22404,3
22405,5
22406,7
22407,3
22408,7
22409,4
22410,0
22411,3
22412,0
22413,2
22414,4
22415,2
22416,4
22417,6
22418,1
22419,6
22420,5
22421,4
22422,0
22423,4
22424,2
22425,2
22426,0
22427,4
22428,7
22429,0
22430,5
22431,1
22432,4
22433,6
22434,4
22435,4
22436,2
22437,4
22438,5
22439,4
22440,6
22441,0
22442,4
22443,3
22444,2
22445,4
22446,3
22447,0
22448,0
22449,0
22450,2
22451,1
22452,2
22453,2
22454,2
22455,5
22456,0
22457,1
22458,7
22459,7
22460,5
22461,2
22462,6
22463,4
22464,4
22465,1
22466,5
22467,2
22468,6
22469,1
22470,0
22471,2
22472,2
22473,7
22474,2
22475,4
22476,0
22477,1
22478,2
22479,2
22480,3
22481,2
22482,2
22483,4
22484,7
22485,0
22486,3
22487,1
22488,4
22489,5
22490,0
22491,1
22492,7
22493,0
22494,0
22495,0
22496,5
22497,4
22498,2
22499,4
22500,0
22501,3
22502,4
22503,0
22504,0
22505,5
22506,0
22507,0
22508,2
22509,4
22510,0
22511,0
22512,2
22513,5
22514,4
22515,4
22516,0
22517,3
22518,3
22519,4
22520,0
22521,7
22522,5
22523,5
22524,7
22525,0
22526,0
22527,0
22528,7
22529,7
22530,2
22531,5
22532,3
22533,1
22534,2
22535,5
22536,1
22537,2
22538,6
22539,2
22540,2
22541,7
22542,5
22543,3
22544,7
22545,1
22546,2
22547,7
22548,6
22549,0
22550,3
22551,5
22552,0
22553,2
22554,2
22555,3
22556,0
22557,3
22558,0
22559,2
22560,7
22561,2
22562,0
22563,5
22564,2
22565,0
22566,5
22567,2
22568,0
22569,4
22570,2
22571,4
22572,0
22573,4
22574,7
22575,2
22576,6
22577,0
22578,1
22579,2
22580,5
22581,2
22582,3
22583,4
22584,6
22585,2
22586,1
22587,0
22588,2
22589,4
22590,5
22591,2
22592,3
22593,3
22594,2
22595,1
22596,3
22597,4
22598,1
22599,7
22600,7
22601,3
22602,7
22603,0
22604,0
22605,7
22606,7
22607,4
22608,3
22609,4
22610,2
22611,6
22612,3
22613,6
22614,4
22615,2
22616,7
22617,2
22618,0
22619,3
22620,2
22621,5
22622,6
22623,2
22624,6
22625,7
22626,2
22627,4
22628,4
22629,2
22630,7
22631,0
22632,0
22633,2
22634,0
22635,3
22636,1
22637,5
22638,0
22639,4
22640,4
22641,0
22642,2
22643,7
22644,3
22645,0
22646,7
22647,2
22648,2
22649,2
22650,0
22651,2
22652,6
22653,2
22654,1
22655,3
22656,4
22657,0
22658,7
22659,3
22660,4
22661,2
22662,3
22663,2
22664,3
22665,2
22666,5
22667,5
22668,2
22669,4
22670,4
22671,5
22672,3
22673,3
22674,6
22675,4
22676,2
22677,0
22678,3
22679,2
22680,0
22681,4
22682,4
22683,4
22684,5
22685,6
22686,4
22687,0
22688,5
22689,6
22690,0
22691,2
22692,5
22693,2
22694,4
22695,4
22696,1
22697,7
22698,0
22699,0
22700,7
22701,0
22702,4
22703,7
22704,0
22705,0
22706,5
22707,2
22708,0
22709,5
22710,3
22711,2
22712,2
22713,5
22714,4
22715,5
22716,7
22717,7
22718,2
22719,5
22720,4
22721,3
22722,6
22723,0
22724,4
22725,7
22726,5
22727,7
22728,4
22729,3
22730,4
22731,0
22732,4
22733,6
22734,5
22735,2
22736,0
22737,0
22738,3
22739,7
22740,5
22741,4
22742,2
22743,3
22744,0
22745,0
22746,2
22747,0
22748,4
22749,0
22750,4
22751,4
22752,2
22753,5
22754,0
22755,6
22756,5
22757,5
22758,0
22759,7
22760,4
22761,1
22762,2
22763,2
22764,7
22765,4
22766,0
22767,7
22768,5
22769,2
22770,4
22771,0
22772,6
22773,0
22774,3
22775,4
22776,5
22777,0
22778,0
22779,1
22780,0
22781,0
22782,6
22783,3
22784,0
22785,0
22786,2
22787,0
22788,0
22789,2
22790,2
22791,3
22792,7
22793,2
22794,0
22795,3
22796,5
22797,0
22798,0
22799,4
22800,5
22801,2
22802,0
22803,1
22804,6
22805,0
22806,2
22807,2
22808,4
22809,5
22810,4
22811,6
22812,0
22813,0
22814,6
22815,3
22816,1
22817,3
22818,2
22819,2
22820,3
22821,5
22822,6
22823,0
22824,3
22825,4
22826,4
22827,7
22828,1
22829,2
22830,2
22831,4
22832,5
22833,3
22834,5
22835,3
22836,0
22837,6
22838,4
22839,2
22840,2
22841,2
22842,4
22843,6
22844,0
22845,4
22846,1
22847,4
22848,2
22849,5
22850,5
22851,0
22852,0
22853,1
22854,6
22855,4
22856,5
22857,2
22858,2
22859,7
22860,5
22861,4
22862,4
22863,5
22864,7
22865,5
22866,4
22867,2
22868,5
22869,2
22870,5
22871,2
22872,2
22873,7
22874,6
22875,4
22876,5
22877,0
22878,4
22879,1
22880,3
22881,2
22882,0
22883,4
22884,0
22885,3
22886,0
22887,4
22888,1
22889,4
22890,4
22891,6
22892,6
22893,4
22894,7
22895,2
22896,7
22897,3
22898,4
22899,5
22900,7
22901,3
22902,4
22903,4
22904,1
22905,5
22906,2
22907,2
22908,1
22909,0
22910,7
22911,0
22912,6
22913,4
22914,4
22915,0
22916,7
22917,2
22918,7
22919,4
22920,3
22921,1
22922,4
22923,5
22924,7
22925,2
22926,2
22927,7
22928,0
22929,0
22930,2
22931,0
22932,3
22933,5
22934,5
22935,3
22936,5
22937,1
22938,4
22939,2
22940,2
22941,2
22942,7
22943,4
22944,5
22945,0
22946,0
22947,0
22948,7
22949,0
22950,7
22951,3
22952,7
22953,4
22954,0
22955,7
22956,7
22957,2
22958,0
22959,7
22960,4
22961,1
22962,7
22963,7
22964,4
22965,5
22966,2
22967,4
22968,4
22969,5
22970,0
22971,4
22972,3
22973,6
22974,0
22975,4
22976,4
22977,2
22978,4
22979,5
22980,5
22981,5
22982,7
22983,5
22984,0
22985,0
22986,7
22987,5
22988,2
22989,4
22990,7
22991,4
22992,7
22993,0
22994,2
22995,2
22996,6
22997,7
22998,4
22999,4
23000,7
23001,2
23002,5
23003,2
23004,1
23005,7
23006,2
23007,0
23008,5
23009,4
23010,2
23011,5
23012,2
23013,2
23014,7
23015,5
23016,7
23017,5
23018,1
23019,5
23020,4
23021,7
23022,1
23023,4
23024,1
23025,7
23026,4
23027,4
23028,4
23029,4
23030,2
23031,2
23032,4
23033,2
23034,5
23035,7
23036,2
23037,2
23038,6
23039,2
23040,4
23041,0
23042,5
23043,2
23044,4
23045,4
23046,5
23047,2
23048,0
23049,2
23050,2
23051,3
23052,0
23053,7
23054,0
23055,0
23056,1
23057,1
23058,0
23059,2
23060,5
23061,3
23062,2
23063,0
23064,2
23065,7
23066,4
23067,2
23068,4
23069,2
23070,5
23071,4
23072,1
23073,1
23074,7
23075,2
23076,4
23077,0
23078,0
23079,2
23080,5
23081,4
23082,0
23083,2
23084,7
23085,1
23086,2
23087,0
23088,5
23089,7
23090,0
23091,5
23092,2
23093,7
23094,4
23095,0
23096,2
23097,7
23098,6
23099,5
23100,4
23101,2
23102,1
23103,2
23104,7
23105,4
23106,6
23107,2
23108,0
23109,2
23110,4
23111,4
23112,4
23113,3
23114,6
23115,2
23116,5
23117,2
23118,2
23119,7
23120,5
23121,7
23122,5
23123,0
23124,2
23125,0
23126,2
23127,4
23128,0
23129,2
23130,0
23131,4
23132,2
23133,2
23134,2
23135,0
23136,0
23137,7
23138,6
23139,5
23140,2
23141,3
23142,6
23143,7
23144,3
23145,1
23146,5
23147,4
23148,0
23149,0
23150,1
23151,2
23152,3
23153,1
23154,0
23155,2
23156,3
23157,5
23158,2
23159,7
23160,4
23161,7
23162,4
23163,5
23164,5
23165,7
23166,6
23167,5
23168,4
23169,7
23170,2
23171,0
23172,2
23173,4
23174,6
23175,0
23176,4
23177,0
23178,5
23179,5
23180,3
23181,7
23182,7
23183,4
23184,4
23185,2
23186,1
23187,1
23188,2
23189,4
23190,5
23191,0
23192,7
23193,7
23194,1
23195,1
23196,2
23197,3
23198,7
23199,5
23200,5
23201,4
23202,2
23203,7
23204,5
23205,3
23206,7
23207,4
23208,2
23209,2
23210,1
23211,3
23212,2
23213,6
23214,4
23215,5
23216,4
23217,0
23218,6
23219,3
23220,6
23221,6
23222,4
23223,2
23224,3
23225,7
23226,7
23227,5
23228,5
23229,4
23230,7
23231,2
23232,0
23233,0
23234,2
23235,3
23236,2
23237,0
23238,7
23239,4
23240,2
23241,3
23242,7
23243,0
23244,3
23245,6
23246,5
23247,0
23248,4
23249,0
23250,2
23251,0
23252,1
23253,7
23254,7
23255,2
23256,4
23257,2
23258,4
23259,4
23260,4
23261,1
23262,7
23263,0
23264,0
23265,5
23266,5
23267,4
23268,1
23269,4
23270,5
23271,5
23272,4
23273,2
23274,5
23275,0
23276,0
23277,2
23278,2
23279,0
23280,4
23281,5
23282,4
23283,6
23284,4
23285,0
23286,5
23287,2
23288,7
23289,2
23290,4
23291,5
23292,4
23293,0
23294,4
23295,1
23296,3
23297,0
23298,4
23299,5
23300,1
23301,1
23302,7
23303,0
23304,0
23305,4
23306,1
23307,1
23308,4
23309,0
23310,5
23311,7
23312,0
23313,2
23314,5
23315,0
23316,2
23317,4
23318,0
23319,2
23320,0
23321,5
23322,2
23323,6
23324,3
23325,6
23326,3
23327,6
23328,0
23329,4
23330,1
23331,5
23332,0
23333,5
23334,2
23335,4
23336,4
23337,0
23338,7
23339,2
23340,6
23341,2
23342,5
23343,0
23344,1
23345,0
23346,4
23347,2
23348,6
23349,0
23350,2
23351,5
23352,7
23353,5
23354,6
23355,4
23356,4
23357,4
23358,7
23359,0
23360,7
23361,0
23362,5
23363,7
23364,1
23365,5
23366,3
23367,5
23368,0
23369,0
23370,1
23371,5
23372,2
23373,0
23374,5
23375,5
23376,4
23377,5
23378,2
23379,2
23380,0
23381,3
23382,2
23383,6
23384,4
23385,2
23386,3
23387,5
23388,0
23389,4
23390,0
23391,0
23392,2
23393,4
23394,6
23395,2
23396,1
23397,4
23398,0
23399,2
23400,1
23401,0
23402,0
23403,3
23404,3
23405,0
23406,5
23407,4
23408,7
23409,0
23410,0
23411,0
23412,5
23413,4
23414,4
23415,3
23416,2
23417,4
23418,4
23419,5
23420,2
23421,4
23422,6
23423,0
23424,0
23425,2
23426,5
23427,5
23428,2
23429,4
23430,7
23431,5
23432,2
23433,5
23434,0
23435,3
23436,3
23437,7
23438,4
23439,3
23440,0
23441,7
23442,0
23443,7
23444,2
23445,7
23446,2
23447,2
23448,4
23449,1
23450,2
23451,4
23452,4
23453,5
23454,1
23455,2
23456,2
23457,1
23458,4
23459,5
23460,2
23461,2
23462,4
23463,0
23464,4
23465,7
23466,5
23467,4
23468,0
23469,7
23470,0
23471,2
23472,0
23473,4
23474,2
23475,1
23476,0
23477,7
23478,2
23479,4
23480,6
23481,4
23482,0
23483,2
23484,0
23485,3
23486,2
23487,2
23488,5
23489,2
23490,5
23491,5
23492,2
23493,0
23494,7
23495,0
23496,0
23497,0
23498,0
23499,7
23500,1
23501,2
23502,4
23503,2
23504,0
23505,4
23506,0
23507,1
23508,7
23509,2
23510,4
23511,1
23512,5
23513,4
23514,7
23515,2
23516,7
23517,5
23518,2
23519,4
23520,0
23521,4
23522,7
23523,1
23524,0
23525,2
23526,2
23527,1
23528,3
23529,5
23530,7
23531,2
23532,5
23533,2
23534,4
23535,7
23536,4
23537,4
23538,2
23539,0
23540,1
23541,0
23542,6
23543,4
23544,7
23545,4
23546,0
23547,7
23548,1
23549,0
23550,1
23551,1
23552,2
23553,3
23554,5
23555,5
23556,0
23557,1
23558,2
23559,5
23560,0
23561,7
23562,5
23563,4
23564,6
23565,3
23566,2
23567,1
23568,5
23569,7
23570,6
23571,0
23572,0
23573,2
23574,7
23575,4
23576,7
23577,3
23578,4
23579,2
23580,2
23581,7
23582,4
23583,2
23584,0
23585,1
23586,3
23587,2
23588,0
23589,7
23590,0
23591,4
23592,4
23593,2
23594,2
23595,2
23596,0
23597,7
23598,0
23599,2
23600,6
23601,4
23602,3
23603,2
23604,5
23605,0
23606,4
23607,4
23608,0
23609,1
23610,4
23611,4
23612,4
23613,2
23614,3
23615,0
23616,3
23617,7
23618,0
23619,6
23620,4
23621,1
23622,2
23623,0
23624,5
23625,0
23626,0
23627,5
23628,5
23629,7
23630,0
23631,0
23632,7
23633,2
23634,3
23635,4
23636,4
23637,7
23638,5
23639,6
23640,2
23641,2
23642,7
23643,2
23644,4
23645,2
23646,6
23647,7
23648,2
23649,1
23650,6
23651,4
23652,7
23653,2
23654,2
23655,6
23656,0
23657,4
23658,0
23659,2
23660,3
23661,4
23662,2
23663,2
23664,0
23665,4
23666,0
23667,2
23668,3
23669,0
23670,4
23671,4
23672,0
23673,0
23674,4
23675,7
23676,4
23677,7
23678,2
23679,4
23680,4
23681,6
23682,7
23683,0
23684,6
23685,0
23686,4
23687,1
23688,2
23689,0
23690,2
23691,3
23692,6
23693,5
23694,0
23695,4
23696,2
23697,1
23698,0
23699,4
23700,4
23701,0
23702,4
23703,5
23704,2
23705,5
23706,1
23707,4
23708,2
23709,3
23710,4
23711,3
23712,2
23713,0
23714,4
23715,4
23716,4
23717,1
23718,5
23719,0
23720,2
23721,6
23722,0
23723,6
23724,5
23725,2
23726,2
23727,7
23728,0
23729,7
23730,2
23731,0
23732,1
23733,0
23734,5
23735,4
23736,0
23737,3
23738,5
23739,7
23740,0
23741,0
23742,4
23743,5
23744,5
23745,1
23746,5
23747,2
23748,1
23749,5
23750,0
23751,4
23752,4
23753,6
23754,7
23755,0
23756,5
23757,2
23758,2
23759,4
23760,4
23761,0
23762,4
23763,5
23764,4
23765,2
23766,1
23767,7
23768,1
23769,4
23770,5
23771,7
23772,0
23773,6
23774,1
23775,3
23776,7
23777,5
23778,3
23779,4
23780,2
23781,2
23782,7
23783,5
23784,7
23785,7
23786,0
23787,5
23788,4
23789,2
23790,0
23791,4
23792,3
23793,0
23794,7
23795,5
23796,3
23797,4
23798,7
23799,2
23800,4
23801,5
23802,0
23803,4
23804,4
23805,7
23806,7
23807,4
23808,5
23809,4
23810,0
23811,0
23812,1
23813,2
23814,7
23815,7
23816,2
23817,2
23818,2
23819,0
23820,2
23821,5
23822,0
23823,4
23824,4
23825,7
23826,6
23827,5
23828,0
23829,0
23830,7
23831,5
23832,1
23833,2
23834,2
23835,2
23836,4
23837,0
23838,0
23839,2
23840,5
23841,0
23842,5
23843,6
23844,2
23845,5
23846,4
23847,0
23848,5
23849,4
23850,3
23851,0
23852,2
23853,4
23854,0
23855,3
23856,4
23857,1
23858,4
23859,6
23860,2
23861,2
23862,4
23863,0
23864,4
23865,6
23866,2
23867,3
23868,7
23869,5
23870,2
23871,3
23872,6
23873,5
23874,2
23875,7
23876,4
23877,2
23878,6
23879,5
23880,4
23881,3
23882,5
23883,3
23884,1
23885,3
23886,0
23887,4
23888,4
23889,0
23890,7
23891,7
23892,4
23893,0
23894,4
23895,0
23896,3
23897,4
23898,0
23899,7
23900,5
23901,1
23902,4
23903,0
23904,7
23905,5
23906,0
23907,1
23908,1
23909,7
23910,0
23911,2
23912,0
23913,5
23914,2
23915,5
23916,0
23917,7
23918,0
23919,5
23920,0
23921,1
23922,6
23923,4
23924,2
23925,5
23926,0
23927,4
23928,3
23929,3
23930,5
23931,2
23932,2
23933,4
23934,0
23935,0
23936,6
23937,5
23938,7
23939,5
23940,0
23941,0
23942,0
23943,2
23944,0
23945,0
23946,4
23947,4
23948,3
23949,5
23950,0
23951,6
23952,4
23953,1
23954,2
23955,1
23956,0
23957,5
23958,2
23959,0
23960,2
23961,4
23962,5
23963,2
23964,6
23965,2
23966,2
23967,7
23968,5
23969,7
23970,4
23971,2
23972,0
23973,5
23974,4
23975,2
23976,2
23977,6
23978,2
23979,0
23980,4
23981,7
23982,4
23983,6
23984,3
23985,4
23986,3
23987,5
23988,5
23989,6
23990,2
23991,3
23992,6
23993,5
23994,2
23995,2
23996,2
23997,2
23998,0
23999,7
24000,2
24001,6
24002,3
24003,2
24004,0
24005,2
24006,0
24007,4
24008,1
24009,1
24010,7
24011,4
24012,4
24013,2
24014,2
24015,1
24016,2
24017,4
24018,0
24019,5
24020,3
24021,2
24022,7
24023,7
24024,0
24025,0
24026,2
24027,2
24028,7
24029,5
24030,2
24031,2
24032,7
24033,4
24034,0
24035,7
24036,7
24037,3
24038,7
24039,2
24040,4
24041,6
24042,2
24043,5
24044,0
24045,2
24046,4
24047,7
24048,0
24049,7
24050,0
24051,4
24052,1
24053,0
24054,7
24055,2
24056,3
24057,7
24058,0
24059,5
24060,5
24061,7
24062,5
24063,0
24064,4
24065,6
24066,5
24067,2
24068,4
24069,0
24070,1
24071,4
24072,4
24073,7
24074,2
24075,6
24076,3
24077,4
24078,0
24079,2
24080,4
24081,7
24082,5
24083,6
24084,0
24085,0
24086,3
24087,4
24088,4
24089,2
24090,7
24091,0
24092,0
24093,2
24094,3
24095,2
24096,5
24097,2
24098,7
24099,0
24100,2
24101,5
24102,3
24103,5
24104,3
24105,2
24106,0
24107,0
24108,3
24109,4
24110,0
24111,4
24112,3
24113,0
24114,4
24115,0
24116,2
24117,5
24118,4
24119,4
24120,2
24121,0
24122,2
24123,0
24124,4
24125,2
24126,4
24127,0
24128,7
24129,1
24130,2
24131,2
24132,5
24133,4
24134,7
24135,2
24136,4
24137,6
24138,1
24139,0
24140,3
24141,4
24142,0
24143,4
24144,7
24145,0
24146,2
24147,4
24148,3
24149,0
24150,1
24151,0
24152,0
24153,4
24154,2
24155,7
24156,2
24157,4
24158,0
24159,6
24160,0
24161,0
24162,5
24163,5
24164,1
24165,0
24166,0
24167,5
24168,0
24169,2
24170,4
24171,0
24172,0
24173,2
24174,4
24175,0
24176,0
24177,7
24178,4
24179,4
24180,4
24181,6
24182,7
24183,7
24184,5
24185,2
24186,2
24187,2
24188,5
24189,6
24190,0
24191,2
24192,4
24193,4
24194,2
24195,2
24196,5
24197,5
24198,2
24199,4
24200,7
24201,4
24202,7
24203,4
24204,6
24205,5
24206,0
24207,1
24208,6
24209,0
24210,1
24211,6
24212,1
24213,3
24214,6
24215,6
24216,5
24217,0
24218,0
24219,2
24220,7
24221,2
24222,3
24223,0
24224,1
24225,2
24226,5
24227,7
24228,2
24229,6
24230,7
24231,4
24232,5
24233,5
24234,7
24235,0
24236,5
24237,5
24238,7
24239,1
24240,3
24241,4
24242,7
24243,0
24244,0
24245,1
24246,2
24247,2
24248,5
24249,4
24250,0
24251,4
24252,1
24253,0
24254,4
24255,2
24256,3
24257,0
24258,4
24259,7
24260,6
24261,7
24262,2
24263,7
24264,4
24265,4
24266,3
24267,4
24268,6
24269,0
24270,5
24271,2
24272,0
24273,6
24274,0
24275,5
24276,1
24277,1
24278,0
24279,0
24280,4
24281,3
24282,2
24283,0
24284,5
24285,2
24286,6
24287,7
24288,0
24289,1
24290,2
24291,0
24292,2
24293,2
24294,3
24295,2
24296,1
24297,2
24298,3
24299,4
24300,2
24301,6
24302,0
24303,4
24304,0
24305,0
24306,0
24307,6
24308,5
24309,7
24310,0
24311,0
24312,5
24313,2
24314,4
24315,6
24316,2
24317,0
24318,2
24319,5
24320,0
24321,3
24322,6
24323,7
24324,7
24325,2
24326,1
24327,0
24328,4
24329,1
24330,0
24331,2
24332,7
24333,1
24334,0
24335,2
24336,4
24337,0
24338,4
24339,0
24340,4
24341,0
24342,2
24343,7
24344,2
24345,0
24346,2
24347,7
24348,0
24349,5
24350,7
24351,6
24352,5
24353,7
24354,7
24355,5
24356,0
24357,0
24358,0
24359,4
24360,4
24361,5
24362,2
24363,7
24364,5
24365,7
24366,0
24367,4
24368,3
24369,5
24370,7
24371,5
24372,0
24373,4
24374,7
24375,0
24376,1
24377,7
24378,5
24379,7
24380,1
24381,4
24382,1
24383,0
24384,2
24385,4
24386,5
24387,0
24388,5
24389,6
24390,1
24391,2
24392,1
24393,2
24394,0
24395,5
24396,0
24397,0
24398,7
24399,4
24400,0
24401,0
24402,2
24403,7
24404,2
24405,7
24406,5
24407,2
24408,0
24409,0
24410,0
24411,4
24412,0
24413,2
24414,5
24415,0
24416,3
24417,3
24418,4
24419,2
24420,2
24421,0
24422,5
24423,2
24424,0
24425,7
24426,4
24427,7
24428,7
24429,7
24430,4
24431,5
24432,0
24433,2
24434,2
24435,5
24436,0
24437,2
24438,4
24439,4
24440,4
24441,2
24442,0
24443,0
24444,2
24445,7
24446,0
24447,6
24448,2
24449,5
24450,2
24451,5
24452,0
24453,0
24454,2
24455,0
24456,2
24457,2
24458,2
24459,2
24460,4
24461,0
24462,1
24463,7
24464,5
24465,5
24466,6
24467,2
24468,5
24469,2
24470,0
24471,5
24472,7
24473,2
24474,2
24475,7
24476,0
24477,0
24478,4
24479,0
24480,2
24481,4
24482,2
24483,3
24484,2
24485,5
24486,2
24487,0
24488,0
24489,7
24490,0
24491,3
24492,0
24493,1
24494,4
24495,7
24496,4
24497,2
24498,3
24499,3
24500,5
24501,7
24502,5
24503,0
24504,4
24505,2
24506,2
24507,5
24508,7
24509,2
24510,2
24511,1
24512,1
24513,0
24514,1
24515,7
24516,0
24517,0
24518,1
24519,3
24520,0
24521,7
24522,0
24523,7
24524,1
24525,0
24526,5
24527,0
24528,5
24529,0
24530,2
24531,0
24532,0
24533,5
24534,3
24535,3
24536,7
24537,0
24538,7
24539,0
24540,2
24541,7
24542,4
24543,3
24544,6
24545,0
24546,5
24547,4
24548,5
24549,6
24550,4
24551,2
24552,7
24553,7
24554,0
24555,2
24556,3
24557,7
24558,5
24559,4
24560,5
24561,2
24562,1
24563,1
24564,2
24565,7
24566,5
24567,4
24568,5
24569,4
24570,0
24571,4
24572,4
24573,4
24574,7
24575,2
24576,2
24577,1
24578,2
24579,5
24580,6
24581,7
24582,7
24583,7
24584,0
24585,5
24586,7
24587,7
24588,2
24589,7
24590,7
24591,4
24592,7
24593,2
24594,0
24595,2
24596,2
24597,2
24598,3
24599,2
24600,3
24601,0
24602,4
24603,5
24604,2
24605,6
24606,0
24607,7
24608,2
24609,0
24610,0
24611,5
24612,6
24613,7
24614,0
24615,2
24616,5
24617,0
24618,1
24619,5
24620,0
24621,4
24622,2
24623,5
24624,6
24625,2
24626,0
24627,0
24628,0
24629,3
24630,0
24631,5
24632,5
24633,5
24634,4
24635,7
24636,0
24637,4
24638,3
24639,2
24640,0
24641,0
24642,2
24643,0
24644,7
24645,2
24646,0
24647,0
24648,7
24649,0
24650,4
24651,0
24652,1
24653,3
24654,0
24655,1
24656,4
24657,5
24658,3
24659,0
24660,7
24661,7
24662,0
24663,0
24664,3
24665,5
24666,1
24667,0
24668,6
24669,0
24670,7
24671,3
24672,2
24673,0
24674,1
24675,6
24676,2
24677,5
24678,4
24679,0
24680,4
24681,4
24682,6
24683,3
24684,5
24685,2
24686,7
24687,5
24688,6
24689,2
24690,0
24691,2
24692,2
24693,7
24694,2
24695,4
24696,5
24697,0
24698,0
24699,0
24700,3
24701,5
24702,5
24703,2
24704,6
24705,2
24706,2
24707,4
24708,5
24709,2
24710,6
24711,3
24712,2
24713,6
24714,2
24715,3
24716,4
24717,0
24718,5
24719,0
24720,3
24721,5
24722,5
24723,1
24724,3
24725,1
24726,5
24727,5
24728,2
24729,0
24730,7
24731,1
24732,0
24733,7
24734,2
24735,4
24736,6
24737,2
24738,5
24739,7
24740,0
24741,0
24742,2
24743,4
24744,0
24745,5
24746,0
24747,2
24748,0
24749,4
24750,2
24751,2
24752,2
24753,2
24754,7
24755,7
24756,4
24757,5
24758,4
24759,0
24760,3
24761,1
24762,5
24763,1
24764,4
24765,2
24766,0
24767,4
24768,5
24769,7
24770,5
24771,5
24772,4
24773,6
24774,4
24775,0
24776,0
24777,4
24778,5
24779,2
24780,7
24781,6
24782,7
24783,5
24784,3
24785,0
24786,3
24787,2
24788,7
24789,4
24790,6
24791,4
24792,2
24793,1
24794,0
24795,6
24796,1
24797,1
24798,5
24799,1
24800,5
24801,4
24802,3
24803,7
24804,0
24805,4
24806,2
24807,5
24808,7
24809,4
24810,2
24811,0
24812,0
24813,7
24814,0
24815,4
24816,7
24817,3
24818,4
24819,2
24820,0
24821,3
24822,2
24823,0
24824,1
24825,7
24826,0
24827,5
24828,5
24829,2
24830,7
24831,2
24832,5
24833,5
24834,5
24835,5
24836,4
24837,4
24838,4
24839,5
24840,7
24841,5
24842,5
24843,4
24844,3
24845,5
24846,2
24847,2
24848,5
24849,4
24850,0
24851,0
24852,0
24853,4
24854,0
24855,2
24856,2
24857,0
24858,4
24859,5
24860,2
24861,2
24862,1
24863,5
24864,1
24865,5
24866,5
24867,7
24868,0
24869,5
24870,7
24871,5
24872,0
24873,3
24874,5
24875,1
24876,0
24877,5
24878,4
24879,0
24880,7
24881,4
24882,4
24883,4
24884,2
24885,2
24886,0
24887,0
24888,2
24889,2
24890,7
24891,4
24892,5
24893,7
24894,4
24895,2
24896,1
24897,5
24898,1
24899,4
24900,2
24901,0
24902,0
24903,0
24904,7
24905,2
24906,7
24907,5
24908,4
24909,0
24910,7
24911,2
24912,5
24913,2
24914,4
24915,0
24916,5
24917,0
24918,0
24919,4
24920,4
24921,7
24922,4
24923,4
24924,4
24925,5
24926,5
24927,6
24928,7
24929,4
24930,7
24931,1
24932,7
24933,4
24934,5
24935,2
24936,1
24937,3
24938,3
24939,4
24940,3
24941,5
24942,4
24943,6
24944,1
24945,0
24946,1
24947,3
24948,5
24949,4
24950,4
24951,5
24952,0
24953,2
24954,2
24955,1
24956,4
24957,3
24958,4
24959,4
24960,5
24961,5
24962,4
24963,3
24964,5
24965,2
24966,0
24967,7
24968,4
24969,0
24970,0
24971,6
24972,5
24973,0
24974,1
24975,4
24976,1
24977,3
24978,2
24979,6
24980,5
24981,5
24982,3
24983,7
24984,2
24985,0
24986,7
24987,7
24988,0
24989,5
24990,7
24991,3
24992,4
24993,2
24994,0
24995,3
24996,3
24997,7
24998,4
24999,2
25000,2
25001,2
25002,2
25003,6
25004,0
25005,7
25006,2
25007,7
25008,2
25009,0
25010,4
25011,0
25012,4
25013,2
25014,6
25015,7
25016,4
25017,0
25018,7
25019,7
25020,4
25021,2
25022,0
25023,6
25024,2
25025,5
25026,7
25027,2
25028,6
25029,2
25030,0
25031,0
25032,0
25033,3
25034,2
25035,2
25036,0
25037,2
25038,0
25039,2
25040,6
25041,5
25042,2
25043,0
25044,4
25045,1
25046,2
25047,6
25048,1
25049,6
25050,2
25051,2
25052,7
25053,2
25054,4
25055,2
25056,0
25057,4
25058,0
25059,0
25060,0
25061,5
25062,2
25063,3
25064,6
25065,0
25066,2
25067,7
25068,6
25069,7
25070,3
25071,0
25072,7
25073,4
25074,3
25075,0
25076,0
25077,0
25078,2
25079,4
25080,0
25081,5
25082,5
25083,2
25084,4
25085,2
25086,7
25087,2
25088,2
25089,2
25090,3
25091,7
25092,7
25093,5
25094,2
25095,2
25096,0
25097,7
25098,4
25099,6
25100,5
25101,6
25102,4
25103,2
25104,4
25105,0
25106,4
25107,0
25108,2
25109,7
25110,7
25111,6
25112,2
25113,6
25114,6
25115,2
25116,5
25117,2
25118,5
25119,5
25120,2
25121,4
25122,0
25123,0
25124,2
25125,7
25126,4
25127,4
25128,2
25129,6
25130,5
25131,6
25132,0
25133,4
25134,1
25135,5
25136,6
25137,5
25138,7
25139,1
25140,3
25141,0
25142,4
25143,4
25144,5
25145,4
25146,0
25147,0
25148,6
25149,0
25150,0
25151,0
25152,2
25153,5
25154,0
25155,4
25156,3
25157,2
25158,4
25159,1
25160,4
25161,5
25162,2
25163,0
25164,1
25165,2
25166,4
25167,3
25168,1
25169,4
25170,4
25171,4
25172,7
25173,0
25174,0
25175,6
25176,0
25177,6
25178,4
25179,0
25180,4
25181,0
25182,3
25183,7
25184,5
25185,0
25186,0
25187,7
25188,4
25189,2
25190,0
25191,5
25192,4
25193,0
25194,7
25195,0
25196,2
25197,4
25198,0
25199,0
25200,0
25201,5
25202,2
25203,1
25204,7
25205,5
25206,0
25207,5
25208,4
25209,0
25210,0
25211,1
25212,2
25213,4
25214,0
25215,2
25216,0
25217,0
25218,0
25219,4
25220,0
25221,2
25222,2
25223,3
25224,7
25225,4
25226,2
25227,2
25228,3
25229,0
25230,2
25231,6
25232,7
25233,2
25234,2
25235,5
25236,7
25237,7
25238,0
25239,5
25240,7
25241,4
25242,4
25243,5
25244,5
25245,4
25246,2
25247,2
25248,0
25249,1
25250,4
25251,2
25252,3
25253,4
25254,1
25255,0
25256,5
25257,7
25258,5
25259,7
25260,2
25261,0
25262,2
25263,7
25264,0
25265,5
25266,5
25267,0
25268,3
25269,2
25270,2
25271,4
25272,3
25273,3
25274,2
25275,2
25276,0
25277,4
25278,4
25279,5
25280,0
25281,3
25282,3
25283,0
25284,5
25285,1
25286,5
25287,2
25288,7
25289,0
25290,7
25291,2
25292,7
25293,2
25294,4
25295,6
25296,5
25297,3
25298,3
25299,7
25300,0
25301,4
25302,0
25303,7
25304,6
25305,3
25306,3
25307,0
25308,5
25309,0
25310,6
25311,5
25312,7
25313,2
25314,7
25315,6
25316,3
25317,0
25318,0
25319,4
25320,6
25321,5
25322,0
25323,5
25324,0
25325,0
25326,0
25327,2
25328,2
25329,4
25330,4
25331,4
25332,0
25333,2
25334,0
25335,3
25336,7
25337,0
25338,2
25339,4
25340,2
25341,7
25342,4
25343,0
25344,5
25345,2
25346,2
25347,3
25348,2
25349,7
25350,4
25351,0
25352,0
25353,7
25354,5
25355,0
25356,7
25357,0
25358,2
25359,7
25360,7
25361,0
25362,5
25363,2
25364,0
25365,2
25366,4
25367,4
25368,5
25369,4
25370,4
25371,4
25372,3
25373,4
25374,0
25375,0
25376,4
25377,1
25378,4
25379,4
25380,0
25381,7
25382,5
25383,0
25384,3
25385,4
25386,3
25387,3
25388,1
25389,4
25390,2
25391,1
25392,3
25393,7
25394,0
25395,2
25396,5
25397,0
25398,2
25399,2
25400,2
25401,0
25402,3
25403,2
25404,7
25405,0
25406,2
25407,7
25408,5
25409,4
25410,3
25411,0
25412,5
25413,4
25414,0
25415,7
25416,1
25417,4
25418,4
25419,2
25420,4
25421,2
25422,2
25423,2
25424,5
25425,3
25426,5
25427,5
25428,0
25429,2
25430,4
25431,5
25432,2
25433,5
25434,1
25435,4
25436,4
25437,4
25438,0
25439,0
25440,4
25441,4
25442,5
25443,4
25444,3
25445,4
25446,0
25447,1
25448,0
25449,0
25450,0
25451,1
25452,7
25453,2
25454,2
25455,0
25456,6
25457,2
25458,0
25459,2
25460,0
25461,2
25462,7
25463,0
25464,2
25465,6
25466,5
25467,5
25468,0
25469,2
25470,3
25471,0
25472,0
25473,4
25474,7
25475,2
25476,0
25477,3
25478,2
25479,4
25480,3
25481,1
25482,4
25483,7
25484,7
25485,2
25486,7
25487,0
25488,3
25489,0
25490,0
25491,2
25492,2
25493,5
25494,1
25495,2
25496,7
25497,4
25498,2
25499,7
25500,2
25501,3
25502,3
25503,4
25504,5
25505,7
25506,7
25507,0
25508,0
25509,7
25510,2
25511,0
25512,6
25513,0
25514,2
25515,5
25516,4
25517,3
25518,0
25519,5
25520,1
25521,7
25522,0
25523,5
25524,6
25525,5
25526,6
25527,7
25528,3
25529,0
25530,7
25531,6
25532,0
25533,5
25534,0
25535,0
25536,5
25537,5
25538,2
25539,3
25540,0
25541,6
25542,5
25543,3
25544,2
25545,6
25546,3
25547,3
25548,7
25549,4
25550,2
25551,5
25552,4
25553,6
25554,7
25555,4
25556,0
25557,3
25558,7
25559,2
25560,1
25561,6
25562,4
25563,2
25564,5
25565,4
25566,7
25567,5
25568,3
25569,7
25570,4
25571,1
25572,4
25573,2
25574,5
25575,0
25576,0
25577,6
25578,3
25579,4
25580,5
25581,2
25582,4
25583,7
25584,4
25585,1
25586,2
25587,5
25588,5
25589,2
25590,4
25591,0
25592,7
25593,4
25594,7
25595,7
25596,0
25597,7
25598,7
25599,1
25600,7
25601,4
25602,5
25603,7
25604,5
25605,5
25606,2
25607,2
25608,0
25609,5
25610,0
25611,5
25612,7
25613,2
25614,0
25615,3
25616,2
25617,7
25618,7
25619,3
25620,0
25621,6
25622,5
25623,0
25624,2
25625,5
25626,0
25627,3
25628,1
25629,0
25630,2
25631,4
25632,3
25633,0
25634,4
25635,0
25636,5
25637,7
25638,5
25639,0
25640,0
25641,2
25642,0
25643,7
25644,4
25645,4
25646,0
25647,0
25648,2
25649,0
25650,4
25651,4
25652,5
25653,7
25654,0
25655,4
25656,3
25657,0
25658,4
25659,0
25660,3
25661,4
25662,1
25663,1
25664,4
25665,4
25666,4
25667,2
25668,0
25669,2
25670,2
25671,6
25672,5
25673,0
25674,2
25675,0
25676,4
25677,5
25678,4
25679,0
25680,3
25681,6
25682,2
25683,0
25684,4
25685,0
25686,1
25687,5
25688,2
25689,4
25690,4
25691,6
25692,6
25693,4
25694,0
25695,7
25696,7
25697,5
25698,0
25699,2
25700,4
25701,4
25702,7
25703,6
25704,4
25705,6
25706,0
25707,0
25708,2
25709,5
25710,2
25711,7
25712,4
25713,4
25714,2
25715,0
25716,2
25717,7
25718,3
25719,0
25720,2
25721,2
25722,2
25723,5
25724,6
25725,7
25726,2
25727,2
25728,0
25729,0
25730,3
25731,7
25732,2
25733,2
25734,7
25735,0
25736,4
25737,5
25738,5
25739,2
25740,5
25741,2
25742,6
25743,0
25744,2
25745,2
25746,5
25747,7
25748,7
25749,0
25750,5
25751,7
25752,5
25753,0
25754,7
25755,2
25756,4
25757,7
25758,7
25759,0
25760,0
25761,0
25762,4
25763,2
25764,0
25765,4
25766,0
25767,7
25768,4
25769,2
25770,5
25771,2
25772,4
25773,7
25774,5
25775,1
25776,6
25777,5
25778,4
25779,4
25780,0
25781,4
25782,2
25783,0
25784,5
25785,0
25786,5
25787,4
25788,4
25789,2
25790,4
25791,5
25792,2
25793,0
25794,0
25795,0
25796,5
25797,3
25798,2
25799,7
25800,4
25801,2
25802,2
25803,0
25804,4
25805,0
25806,2
25807,2
25808,3
25809,3
25810,3
25811,0
25812,1
25813,0
25814,2
25815,3
25816,1
25817,4
25818,2
25819,0
25820,5
25821,5
25822,0
25823,0
25824,2
25825,0
25826,4
25827,4
25828,7
25829,4
25830,4
25831,0
25832,5
25833,4
25834,7
25835,4
25836,2
25837,5
25838,3
25839,2
25840,5
25841,1
25842,1
25843,2
25844,2
25845,2
25846,5
25847,0
25848,2
25849,0
25850,4
25851,7
25852,0
25853,3
25854,2
25855,5
25856,1
25857,2
25858,2
25859,4
25860,2
25861,5
25862,1
25863,3
25864,6
25865,5
25866,6
25867,2
25868,7
25869,0
25870,4
25871,0
25872,2
25873,0
25874,7
25875,5
25876,3
25877,3
25878,5
25879,2
25880,1
25881,5
25882,1
25883,7
25884,7
25885,4
25886,5
25887,7
25888,3
25889,7
25890,4
25891,5
25892,6
25893,4
25894,5
25895,7
25896,0
25897,6
25898,0
25899,5
25900,3
25901,4
25902,0
25903,2
25904,4
25905,7
25906,2
25907,4
25908,2
25909,0
25910,2
25911,0
25912,4
25913,2
25914,2
25915,5
25916,3
25917,0
25918,3
25919,2
25920,0
25921,0
25922,2
25923,0
25924,2
25925,7
25926,2
25927,3
25928,2
25929,4
25930,3
25931,4
25932,3
25933,4
25934,5
25935,3
25936,5
25937,4
25938,6
25939,2
25940,4
25941,7
25942,4
25943,2
25944,5
25945,6
25946,5
25947,2
25948,2
25949,4
25950,2
25951,7
25952,4
25953,5
25954,5
25955,5
25956,2
25957,0
25958,0
25959,0
25960,0
25961,4
25962,4
25963,2
25964,7
25965,6
25966,4
25967,0
25968,4
25969,1
25970,2
25971,0
25972,3
25973,1
25974,7
25975,5
25976,2
25977,6
25978,4
25979,7
25980,7
25981,4
25982,2
25983,0
25984,3
25985,4
25986,6
25987,0
25988,5
25989,0
25990,4
25991,0
25992,3
25993,0
25994,0
25995,0
25996,5
25997,2
25998,7
25999,0
26000,0
26001,0
26002,1
26003,2
26004,4
26005,1
26006,5
26007,0
26008,7
26009,0
26010,0
26011,2
26012,5
26013,2
26014,7
26015,4
26016,0
26017,7
26018,2
26019,7
26020,3
26021,3
26022,7
26023,2
26024,7
26025,0
26026,4
26027,0
26028,6
26029,4
26030,4
26031,3
26032,3
26033,2
26034,0
26035,7
26036,5
26037,0
26038,0
26039,3
26040,0
26041,5
26042,5
26043,1
26044,7
26045,6
26046,7
26047,2
26048,2
26049,2
26050,2
26051,0
26052,7
26053,7
26054,4
26055,3
26056,5
26057,7
26058,5
26059,0
26060,3
26061,2
26062,5
26063,0
26064,3
26065,0
26066,5
26067,6
26068,5
26069,3
26070,4
26071,4
26072,5
26073,7
26074,0
26075,0
26076,4
26077,2
26078,5
26079,1
26080,7
26081,0
26082,5
26083,4
26084,2
26085,4
26086,0
26087,0
26088,7
26089,0
26090,4
26091,6
26092,3
26093,7
26094,4
26095,4
26096,2
26097,0
26098,5
26099,0
26100,1
26101,5
26102,7
26103,7
26104,6
26105,7
26106,4
26107,0
26108,4
26109,1
26110,3
26111,4
26112,0
26113,7
26114,5
26115,5
26116,5
26117,2
26118,0
26119,0
26120,5
26121,0
26122,0
26123,1
26124,4
26125,0
26126,3
26127,4
26128,1
26129,4
26130,2
26131,5
26132,0
26133,3
26134,7
26135,2
26136,2
26137,2
26138,0
26139,2
26140,4
26141,4
26142,1
26143,2
26144,2
26145,7
26146,5
26147,7
26148,0
26149,6
26150,5
26151,4
26152,5
26153,7
26154,4
26155,4
26156,0
26157,2
26158,6
26159,7
26160,2
26161,2
26162,3
26163,5
26164,7
26165,0
26166,3
26167,4
26168,7
26169,0
26170,6
26171,2
26172,5
26173,4
26174,4
26175,2
26176,2
26177,5
26178,1
26179,4
26180,0
26181,6
26182,2
26183,6
26184,6
26185,4
26186,2
26187,5
26188,6
26189,0
26190,6
26191,4
26192,5
26193,2
26194,2
26195,0
26196,2
26197,2
26198,4
26199,6
26200,0
26201,0
26202,7
26203,2
26204,6
26205,6
26206,7
26207,1
26208,3
26209,2
26210,6
26211,3
26212,7
26213,2
26214,0
26215,5
26216,5
26217,3
26218,7
26219,0
26220,3
26221,5
26222,6
26223,3
26224,4
26225,7
26226,2
26227,0
26228,2
26229,7
26230,1
26231,1
26232,0
26233,5
26234,7
26235,4
26236,5
26237,0
26238,6
26239,5
26240,5
26241,4
26242,5
26243,2
26244,5
26245,5
26246,0
26247,0
26248,4
26249,0
26250,6
26251,2
26252,5
26253,1
26254,0
26255,0
26256,5
26257,5
26258,3
26259,3
26260,2
26261,1
26262,0
26263,5
26264,0
26265,6
26266,4
26267,2
26268,1
26269,0
26270,0
26271,5
26272,5
26273,7
26274,4
26275,0
26276,0
26277,1
26278,1
26279,2
26280,3
26281,7
26282,2
26283,4
26284,4
26285,2
26286,5
26287,2
26288,3
26289,2
26290,0
26291,2
26292,0
26293,4
26294,0
26295,0
26296,6
26297,7
26298,6
26299,0
26300,2
26301,7
26302,3
26303,2
26304,3
26305,5
26306,6
26307,7
26308,2
26309,7
26310,1
26311,7
26312,2
26313,4
26314,2
26315,5
26316,7
26317,5
26318,5
26319,4
26320,2
26321,7
26322,5
26323,0
26324,0
26325,5
26326,0
26327,4
26328,0
26329,7
26330,6
26331,4
26332,6
26333,4
26334,0
26335,7
26336,4
26337,0
26338,0
26339,4
26340,0
26341,5
26342,0
26343,7
26344,5
26345,4
26346,7
26347,4
26348,0
26349,4
26350,7
26351,2
26352,1
26353,1
26354,0
26355,5
26356,5
26357,0
26358,4
26359,2
26360,1
26361,1
26362,5
26363,7
26364,5
26365,5
26366,2
26367,5
26368,0
26369,1
26370,0
26371,1
26372,4
26373,7
26374,0
26375,2
26376,5
26377,1
26378,2
26379,3
26380,1
26381,2
26382,6
26383,5
26384,0
26385,5
26386,6
26387,5
26388,5
26389,2
26390,7
26391,7
26392,5
26393,5
26394,2
26395,3
26396,0
26397,6
26398,1
26399,4
26400,2
26401,5
26402,4
26403,7
26404,6
26405,5
26406,3
26407,6
26408,0
26409,4
26410,4
26411,2
26412,2
26413,5
26414,5
26415,0
26416,3
26417,1
26418,0
26419,0
26420,5
26421,4
26422,4
26423,1
26424,7
26425,4
26426,1
26427,5
26428,4
26429,4
26430,1
26431,2
26432,2
26433,7
26434,3
26435,2
26436,4
26437,0
26438,5
26439,4
26440,5
26441,0
26442,4
26443,3
26444,0
26445,7
26446,6
26447,0
26448,1
26449,5
26450,4
26451,0
26452,4
26453,5
26454,4
26455,5
26456,0
26457,3
26458,1
26459,5
26460,1
26461,7
26462,5
26463,1
26464,4
26465,7
26466,0
26467,4
26468,0
26469,4
26470,5
26471,4
26472,7
26473,4
26474,6
26475,4
26476,0
26477,0
26478,3
26479,7
26480,2
26481,0
26482,6
26483,0
26484,7
26485,4
26486,1
26487,0
26488,5
26489,5
26490,4
26491,0
26492,2
26493,2
26494,4
26495,0
26496,4
26497,2
26498,1
26499,0
26500,1
26501,5
26502,2
26503,3
26504,5
26505,2
26506,7
26507,5
26508,5
26509,5
26510,4
26511,0
26512,0
26513,2
26514,0
26515,4
26516,4
26517,4
26518,0
26519,2
26520,5
26521,4
26522,1
26523,0
26524,4
26525,4
26526,2
26527,4
26528,4
26529,5
26530,2
26531,7
26532,0
26533,5
26534,2
26535,6
26536,4
26537,7
26538,0
26539,4
26540,1
26541,7
26542,0
26543,2
26544,4
26545,0
26546,5
26547,0
26548,0
26549,4
26550,4
26551,2
26552,7
26553,3
26554,5
26555,0
26556,7
26557,5
26558,6
26559,3
26560,0
26561,0
26562,5
26563,5
26564,7
26565,2
26566,6
26567,0
26568,4
26569,2
26570,1
26571,4
26572,5
26573,7
26574,0
26575,0
26576,2
26577,7
26578,2
26579,2
26580,0
26581,3
26582,4
26583,0
26584,4
26585,4
26586,7
26587,2
26588,4
26589,2
26590,4
26591,4
26592,3
26593,0
26594,0
26595,0
26596,4
26597,2
26598,2
26599,2
26600,2
26601,3
26602,7
26603,5
26604,5
26605,2
26606,5
26607,0
26608,1
26609,0
26610,5
26611,2
26612,7
26613,7
26614,5
26615,5
26616,1
26617,0
26618,5
26619,6
26620,4
26621,7
26622,2
26623,2
26624,2
26625,2
26626,0
26627,4
26628,7
26629,4
26630,7
26631,4
26632,0
26633,5
26634,0
26635,1
26636,2
26637,0
26638,2
26639,5
26640,0
26641,0
26642,4
26643,5
26644,4
26645,5
26646,5
26647,5
26648,5
26649,2
26650,7
26651,5
26652,2
26653,2
26654,5
26655,3
26656,0
26657,0
26658,7
26659,1
26660,5
26661,6
26662,4
26663,0
26664,5
26665,0
26666,4
26667,2
26668,2
26669,0
26670,2
26671,4
26672,0
26673,4
26674,0
26675,7
26676,4
26677,5
26678,7
26679,1
26680,5
26681,0
26682,2
26683,2
26684,1
26685,7
26686,2
26687,1
26688,2
26689,2
26690,2
26691,4
26692,4
26693,1
26694,7
26695,5
26696,4
26697,2
26698,2
26699,5
26700,6
26701,1
26702,4
26703,4
26704,7
26705,2
26706,2
26707,2
26708,2
26709,6
26710,0
26711,0
26712,6
26713,5
26714,4
26715,7
26716,0
26717,0
26718,2
26719,5
26720,0
26721,7
26722,4
26723,5
26724,4
26725,5
26726,4
26727,2
26728,2
26729,5
26730,0
26731,1
26732,3
26733,7
26734,3
26735,2
26736,0
26737,2
26738,4
26739,5
26740,6
26741,5
26742,1
26743,6
26744,5
26745,2
26746,7
26747,2
26748,4
26749,4
26750,3
26751,2
26752,1
26753,6
26754,0
26755,0
26756,5
26757,0
26758,3
26759,5
26760,0
26761,6
26762,3
26763,2
26764,2
26765,3
26766,2
26767,5
26768,2
26769,2
26770,6
26771,2
26772,3
26773,7
26774,0
26775,7
26776,4
26777,7
26778,3
26779,2
26780,1
26781,2
26782,3
26783,5
26784,2
26785,7
26786,2
26787,4
26788,2
26789,4
26790,7
26791,2
26792,4
26793,2
26794,3
26795,0
26796,0
26797,4
26798,1
26799,0
26800,2
26801,7
26802,6
26803,7
26804,0
26805,7
26806,4
26807,7
26808,0
26809,7
26810,5
26811,0
26812,7
26813,2
26814,7
26815,0
26816,5
26817,4
26818,0
26819,3
26820,3
26821,3
26822,4
26823,6
26824,7
26825,4
26826,4
26827,0
26828,4
26829,7
26830,5
26831,5
26832,4
26833,0
26834,3
26835,3
26836,0
26837,3
26838,4
26839,0
26840,7
26841,4
26842,7
26843,4
26844,7
26845,4
26846,2
26847,1
26848,4
26849,4
26850,7
26851,7
26852,7
26853,0
26854,4
26855,4
26856,0
26857,0
26858,3
26859,5
26860,2
26861,4
26862,3
26863,2
26864,4
26865,7
26866,4
26867,0
26868,5
26869,0
26870,4
26871,7
26872,7
26873,5
26874,2
26875,0
26876,1
26877,6
26878,5
26879,3
26880,7
26881,0
26882,7
26883,0
26884,4
26885,7
26886,4
26887,7
26888,2
26889,7
26890,7
26891,5
26892,5
26893,4
26894,1
26895,7
26896,5
26897,0
26898,6
26899,2
26900,0
26901,0
26902,5
26903,5
26904,0
26905,6
26906,0
26907,4
26908,7
26909,1
26910,0
26911,2
26912,2
26913,0
26914,3
26915,1
26916,0
26917,0
26918,2
26919,1
26920,6
26921,1
26922,0
26923,0
26924,5
26925,5
26926,7
26927,7
26928,2
26929,2
26930,0
26931,1
26932,7
26933,7
26934,4
26935,6
26936,2
26937,4
26938,7
26939,4
26940,6
26941,7
26942,0
26943,2
26944,0
26945,5
26946,4
26947,7
26948,0
26949,1
26950,4
26951,2
26952,3
26953,0
26954,0
26955,0
26956,2
26957,4
26958,1
26959,5
26960,6
26961,0
26962,4
26963,0
26964,5
26965,1
26966,7
26967,5
26968,4
26969,7
26970,5
26971,7
26972,4
26973,2
26974,4
26975,0
26976,2
26977,2
26978,4
26979,4
26980,1
26981,0
26982,0
26983,0
26984,0
26985,5
26986,0
26987,2
26988,4
26989,4
26990,7
26991,7
26992,0
26993,0
26994,3
26995,1
26996,0
26997,1
26998,7
26999,0
27000,0
27001,6
27002,0
27003,5
27004,6
27005,6
27006,2
27007,7
27008,0
27009,5
27010,1
27011,4
27012,1
27013,2
27014,2
27015,7
27016,3
27017,5
27018,4
27019,4
27020,1
27021,3
27022,0
27023,5
27024,7
27025,1
27026,2
27027,0
27028,2
27029,4
27030,2
27031,5
27032,0
27033,0
27034,4
27035,7
27036,2
27037,6
27038,0
27039,4
27040,2
27041,3
27042,2
27043,0
27044,2
27045,7
27046,2
27047,5
27048,0
27049,0
27050,0
27051,2
27052,4
27053,6
27054,2
27055,7
27056,0
27057,7
27058,0
27059,4
27060,0
27061,2
27062,5
27063,5
27064,7
27065,2
27066,0
27067,5
27068,3
27069,7
27070,0
27071,0
27072,2
27073,0
27074,5
27075,4
27076,0
27077,0
27078,2
27079,4
27080,2
27081,7
27082,5
27083,3
27084,3
27085,7
27086,3
27087,0
27088,6
27089,5
27090,7
27091,7
27092,2
27093,5
27094,2
27095,2
27096,4
27097,6
27098,1
27099,0
27100,4
27101,7
27102,4
27103,7
27104,2
27105,1
27106,2
27107,7
27108,4
27109,2
27110,3
27111,0
27112,1
27113,7
27114,5
27115,0
27116,2
27117,0
27118,0
27119,2
27120,3
27121,2
27122,4
27123,0
27124,5
27125,0
27126,2
27127,4
27128,7
27129,2
27130,4
27131,0
27132,0
27133,4
27134,4
27135,5
27136,4
27137,2
27138,7
27139,0
27140,1
27141,5
27142,5
27143,2
27144,7
27145,0
27146,0
27147,3
27148,7
27149,2
27150,7
27151,0
27152,2
27153,3
27154,4
27155,5
27156,4
27157,0
27158,5
27159,0
27160,2
27161,1
27162,7
27163,5
27164,3
27165,7
27166,2
27167,4
27168,0
27169,5
27170,2
27171,0
27172,2
27173,0
27174,5
27175,7
27176,0
27177,7
27178,0
27179,7
27180,2
27181,2
27182,3
27183,4
27184,2
27185,5
27186,4
27187,5
27188,2
27189,7
27190,2
27191,1
27192,6
27193,4
27194,0
27195,0
27196,4
27197,2
27198,3
27199,1
27200,7
27201,5
27202,0
27203,2
27204,2
27205,7
27206,0
27207,4
27208,6
27209,4
27210,2
27211,5
27212,0
27213,3
27214,0
27215,0
27216,2
27217,4
27218,1
27219,0
27220,4
27221,0
27222,0
27223,5
27224,4
27225,4
27226,2
27227,5
27228,5
27229,5
27230,0
27231,4
27232,0
27233,6
27234,0
27235,0
27236,7
27237,7
27238,5
27239,2
27240,2
27241,2
27242,0
27243,2
27244,6
27245,7
27246,4
27247,0
27248,5
27249,4
27250,1
27251,4
27252,0
27253,1
27254,4
27255,3
27256,5
27257,7
27258,4
27259,4
27260,5
27261,4
27262,0
27263,2
27264,2
27265,7
27266,7
27267,7
27268,4
27269,0
27270,4
27271,6
27272,7
27273,5
27274,0
27275,0
27276,2
27277,0
27278,0
27279,3
27280,5
27281,2
27282,0
27283,0
27284,2
27285,5
27286,1
27287,5
27288,7
27289,5
27290,2
27291,7
27292,1
27293,5
27294,2
27295,5
27296,0
27297,2
27298,1
27299,7
27300,3
27301,1
27302,1
27303,2
27304,0
27305,0
27306,7
27307,5
27308,4
27309,4
27310,2
27311,4
27312,4
27313,0
27314,3
27315,3
27316,0
27317,0
27318,2
27319,4
27320,7
27321,7
27322,3
27323,2
27324,2
27325,0
27326,4
27327,2
27328,3
27329,7
27330,5
27331,6
27332,4
27333,4
27334,1
27335,1
27336,2
27337,5
27338,2
27339,0
27340,2
27341,5
27342,0
27343,4
27344,0
27345,4
27346,6
27347,6
27348,2
27349,0
27350,5
27351,0
27352,7
27353,0
27354,7
27355,0
27356,2
27357,0
27358,2
27359,5
27360,2
27361,5
27362,1
27363,4
27364,7
27365,4
27366,7
27367,4
27368,1
27369,0
27370,2
27371,6
27372,5
27373,4
27374,0
27375,2
27376,7
27377,6
27378,7
27379,2
27380,4
27381,5
27382,7
27383,0
27384,2
27385,1
27386,4
27387,0
27388,0
27389,0
27390,7
27391,7
27392,7
27393,2
27394,0
27395,5
27396,5
27397,7
27398,4
27399,0
27400,2
27401,7
27402,6
27403,3
27404,0
27405,1
27406,4
27407,1
27408,7
27409,2
27410,0
27411,7
27412,0
27413,5
27414,0
27415,0
27416,3
27417,5
27418,3
27419,2
27420,3
27421,4
27422,5
27423,0
27424,0
27425,1
27426,7
27427,4
27428,5
27429,0
27430,7
27431,6
27432,4
27433,2
27434,7
27435,7
27436,2
27437,5
27438,0
27439,0
27440,0
27441,7
27442,5
27443,5
27444,0
27445,7
27446,2
27447,7
27448,7
27449,0
27450,4
27451,7
27452,6
27453,2
27454,4
27455,6
27456,7
27457,2
27458,5
27459,0
27460,2
27461,6
27462,2
27463,2
27464,7
27465,4
27466,5
27467,7
27468,4
27469,7
27470,7
27471,2
27472,2
27473,2
27474,6
27475,6
27476,0
27477,2
27478,2
27479,5
27480,2
27481,4
27482,3
27483,2
27484,0
27485,5
27486,4
27487,5
27488,6
27489,0
27490,7
27491,2
27492,2
27493,4
27494,2
27495,1
27496,6
27497,5
27498,5
27499,4
27500,4
27501,1
27502,4
27503,5
27504,4
27505,7
27506,0
27507,2
27508,0
27509,4
27510,0
27511,5
27512,6
27513,7
27514,0
27515,2
27516,4
27517,4
27518,3
27519,4
27520,0
27521,1
27522,2
27523,7
27524,0
27525,3
27526,6
27527,6
27528,1
27529,3
27530,4
27531,3
27532,2
27533,3
27534,0
27535,5
27536,1
27537,0
27538,2
27539,2
27540,6
27541,5
27542,2
27543,4
27544,0
27545,5
27546,2
27547,2
27548,6
27549,2
27550,4
27551,0
27552,5
27553,0
27554,2
27555,0
27556,3
27557,7
27558,4
27559,2
27560,7
27561,3
27562,5
27563,3
27564,5
27565,5
27566,0
27567,5
27568,0
27569,3
27570,4
27571,7
27572,6
27573,7
27574,1
27575,6
27576,2
27577,0
27578,4
27579,0
27580,5
27581,0
27582,7
27583,3
27584,2
27585,5
27586,1
27587,4
27588,1
27589,0
27590,1
27591,7
27592,0
27593,7
27594,5
27595,3
27596,0
27597,4
27598,4
27599,0
27600,2
27601,0
27602,4
27603,0
27604,2
27605,4
27606,3
27607,0
27608,5
27609,5
27610,0
27611,1
27612,6
27613,2
27614,4
27615,5
27616,3
27617,0
27618,0
27619,3
27620,1
27621,4
27622,7
27623,4
27624,7
27625,5
27626,1
27627,7
27628,2
27629,3
27630,6
27631,2
27632,0
27633,2
27634,6
27635,4
27636,7
27637,7
27638,2
27639,3
27640,6
27641,0
27642,3
27643,7
27644,2
27645,1
27646,4
27647,4
27648,7
27649,7
27650,2
27651,6
27652,0
27653,2
27654,0
27655,4
27656,5
27657,4
27658,0
27659,4
27660,2
27661,7
27662,0
27663,1
27664,5
27665,2
27666,0
27667,2
27668,4
27669,1
27670,4
27671,2
27672,5
27673,7
27674,4
27675,0
27676,4
27677,2
27678,0
27679,6
27680,4
27681,5
27682,0
27683,7
27684,7
27685,3
27686,7
27687,2
27688,4
27689,2
27690,0
27691,7
27692,2
27693,7
27694,2
27695,0
27696,6
27697,4
27698,3
27699,2
27700,2
27701,2
27702,2
27703,7
27704,2
27705,7
27706,0
27707,7
27708,5
27709,4
27710,0
27711,2
27712,3
27713,5
27714,0
27715,0
27716,0
27717,3
27718,2
27719,0
27720,5
27721,4
27722,7
27723,4
27724,5
27725,4
27726,6
27727,6
27728,6
27729,6
27730,7
27731,6
27732,1
27733,7
27734,0
27735,0
27736,0
27737,5
27738,4
27739,6
27740,0
27741,4
27742,2
27743,1
27744,3
27745,0
27746,4
27747,2
27748,0
27749,5
27750,5
27751,7
27752,2
27753,7
27754,5
27755,6
27756,5
27757,0
27758,5
27759,5
27760,0
27761,2
27762,5
27763,0
27764,4
27765,0
27766,0
27767,2
27768,2
27769,3
27770,7
27771,0
27772,5
27773,0
27774,2
27775,4
27776,7
27777,2
27778,4
27779,7
27780,2
27781,3
27782,6
27783,7
27784,6
27785,7
27786,7
27787,7
27788,2
27789,4
27790,3
27791,7
27792,2
27793,6
27794,0
27795,7
27796,2
27797,5
27798,7
27799,0
27800,0
27801,7
27802,1
27803,0
27804,4
27805,6
27806,0
27807,6
27808,4
27809,4
27810,2
27811,0
27812,7
27813,1
27814,0
27815,4
27816,6
27817,1
27818,5
27819,7
27820,5
27821,2
27822,2
27823,5
27824,2
27825,7
27826,0
27827,4
27828,0
27829,3
27830,4
27831,3
27832,2
27833,0
27834,7
27835,0
27836,0
27837,7
27838,7
27839,2
27840,4
27841,4
27842,0
27843,3
27844,5
27845,0
27846,1
27847,4
27848,7
27849,2
27850,5
27851,4
27852,0
27853,5
27854,4
27855,4
27856,3
27857,2
27858,7
27859,7
27860,4
27861,4
27862,0
27863,0
27864,7
27865,5
27866,3
27867,5
27868,0
27869,5
27870,2
27871,4
27872,2
27873,1
27874,5
27875,5
27876,4
27877,2
27878,7
27879,4
27880,5
27881,6
27882,2
27883,1
27884,0
27885,6
27886,4
27887,2
27888,2
27889,7
27890,5
27891,0
27892,2
27893,7
27894,2
27895,0
27896,0
27897,0
27898,0
27899,0
27900,0
27901,0
27902,2
27903,3
27904,3
27905,3
27906,4
27907,2
27908,3
27909,0
27910,1
27911,2
27912,5
27913,0
27914,4
27915,0
27916,4
27917,4
27918,4
27919,5
27920,2
27921,3
27922,2
27923,3
27924,2
27925,7
27926,4
27927,6
27928,2
27929,5
27930,2
27931,4
27932,7
27933,6
27934,5
27935,0
27936,0
27937,5
27938,2
27939,4
27940,0
27941,2
27942,7
27943,5
27944,0
27945,6
27946,0
27947,1
27948,7
27949,1
27950,5
27951,6
27952,1
27953,3
27954,7
27955,2
27956,0
27957,0
27958,0
27959,1
27960,4
27961,2
27962,5
27963,0
27964,7
27965,1
27966,7
27967,3
27968,1
27969,0
27970,4
27971,0
27972,6
27973,7
27974,0
27975,0
27976,7
27977,3
27978,0
27979,0
27980,7
27981,5
27982,2
27983,4
27984,2
27985,5
27986,4
27987,3
27988,0
27989,2
27990,4
27991,7
27992,7
27993,1
27994,0
27995,2
27996,5
27997,1
27998,6
27999,5
28000,3
28001,0
28002,2
28003,5
28004,2
28005,5
28006,7
28007,7
28008,7
28009,7
28010,0
28011,7
28012,0
28013,4
28014,5
28015,0
28016,0
28017,7
28018,7
28019,4
28020,7
28021,0
28022,7
28023,1
28024,2
28025,1
28026,0
28027,5
28028,2
28029,3
28030,0
28031,7
28032,7
28033,0
28034,3
28035,1
28036,4
28037,5
28038,2
28039,0
28040,2
28041,0
28042,0
28043,7
28044,1
28045,5
28046,0
28047,3
28048,0
28049,7
28050,7
28051,1
28052,1
28053,2
28054,2
28055,5
28056,0
28057,6
28058,2
28059,2
28060,5
28061,0
28062,4
28063,1
28064,7
28065,6
28066,7
28067,0
28068,2
28069,5
28070,4
28071,3
28072,1
28073,0
28074,4
28075,2
28076,2
28077,7
28078,0
28079,0
28080,2
28081,4
28082,7
28083,0
28084,2
28085,5
28086,3
28087,0
28088,5
28089,4
28090,5
28091,7
28092,0
28093,0
28094,5
28095,0
28096,2
28097,3
28098,0
28099,2
28100,3
28101,0
28102,4
28103,2
28104,7
28105,5
28106,4
28107,0
28108,4
28109,7
28110,5
28111,3
28112,0
28113,3
28114,1
28115,3
28116,4
28117,5
28118,4
28119,4
28120,0
28121,0
28122,1
28123,7
28124,7
28125,3
28126,5
28127,0
28128,4
28129,0
28130,2
28131,3
28132,0
28133,5
28134,4
28135,4
28136,2
28137,4
28138,7
28139,5
28140,3
28141,4
28142,5
28143,4
28144,2
28145,0
28146,5
28147,3
28148,4
28149,4
28150,7
28151,1
28152,7
28153,0
28154,5
28155,0
28156,6
28157,2
28158,0
28159,2
28160,5
28161,0
28162,2
28163,0
28164,3
28165,7
28166,7
28167,3
28168,5
28169,5
28170,0
28171,5
28172,7
28173,6
28174,4
28175,1
28176,1
28177,3
28178,3
28179,4
28180,4
28181,3
28182,4
28183,0
28184,5
28185,0
28186,2
28187,3
28188,5
28189,4
28190,0
28191,5
28192,2
28193,5
28194,0
28195,4
28196,0
28197,5
28198,7
28199,5
28200,5
28201,1
28202,7
28203,1
28204,3
28205,0
28206,5
28207,1
28208,0
28209,2
28210,5
28211,1
28212,4
28213,5
28214,2
28215,2
28216,0
28217,5
28218,2
28219,6
28220,7
28221,7
28222,7
28223,2
28224,0
28225,2
28226,5
28227,5
28228,5
28229,3
28230,7
28231,3
28232,6
28233,1
28234,7
28235,2
28236,0
28237,2
28238,3
28239,3
28240,1
28241,7
28242,0
28243,5
28244,7
28245,2
28246,3
28247,2
28248,4
28249,3
28250,4
28251,3
28252,5
28253,0
28254,3
28255,2
28256,3
28257,0
28258,0
28259,4
28260,5
28261,2
28262,0
28263,0
28264,2
28265,0
28266,1
28267,0
28268,4
28269,1
28270,0
28271,0
28272,4
28273,4
28274,7
28275,4
28276,2
28277,6
28278,0
28279,7
28280,3
28281,0
28282,7
28283,5
28284,6
28285,0
28286,4
28287,7
28288,4
28289,7
28290,2
28291,0
28292,3
28293,7
28294,2
28295,0
28296,2
28297,3
28298,2
28299,0
28300,1
28301,4
28302,0
28303,4
28304,7
28305,0
28306,2
28307,4
28308,0
28309,1
28310,4
28311,2
28312,2
28313,4
28314,6
28315,2
28316,3
28317,0
28318,2
28319,0
28320,0
28321,0
28322,0
28323,7
28324,3
28325,5
28326,2
28327,3
28328,5
28329,0
28330,3
28331,0
28332,2
28333,4
28334,7
28335,3
28336,7
28337,4
28338,4
28339,6
28340,0
28341,0
28342,5
28343,2
28344,7
28345,0
28346,2
28347,1
28348,2
28349,2
28350,7
28351,6
28352,2
28353,5
28354,7
28355,6
28356,1
28357,2
28358,4
28359,5
28360,0
28361,2
28362,0
28363,0
28364,0
28365,0
28366,6
28367,4
28368,0
28369,5
28370,5
28371,1
28372,7
28373,0
28374,2
28375,4
28376,1
28377,0
28378,4
28379,0
28380,7
28381,4
28382,0
28383,3
28384,6
28385,7
28386,5
28387,2
28388,5
28389,4
28390,4
28391,7
28392,0
28393,4
28394,0
28395,7
28396,4
28397,5
28398,1
28399,0
28400,4
28401,6
28402,5
28403,5
28404,0
28405,4
28406,4
28407,0
28408,2
28409,4
28410,3
28411,4
28412,7
28413,7
28414,4
28415,3
28416,3
28417,5
28418,3
28419,2
28420,1
28421,4
28422,4
28423,4
28424,1
28425,0
28426,7
28427,7
28428,2
28429,5
28430,5
28431,3
28432,5
28433,0
28434,0
28435,5
28436,2
28437,1
28438,2
28439,2
28440,4
28441,2
28442,5
28443,3
28444,5
28445,6
28446,6
28447,7
28448,0
28449,0
28450,0
28451,3
28452,7
28453,2
28454,2
28455,2
28456,6
28457,4
28458,0
28459,5
28460,3
28461,2
28462,3
28463,0
28464,2
28465,2
28466,0
28467,4
28468,7
28469,2
28470,1
28471,7
28472,1
28473,0
28474,4
28475,4
28476,2
28477,4
28478,2
28479,2
28480,3
28481,6
28482,0
28483,6
28484,0
28485,5
28486,2
28487,0
28488,1
28489,0
28490,4
28491,4
28492,2
28493,2
28494,6
28495,5
28496,5
28497,6
28498,7
28499,2
28500,7
28501,0
28502,4
28503,7
28504,1
28505,1
28506,5
28507,7
28508,4
28509,1
28510,0
28511,7
28512,0
28513,2
28514,3
28515,6
28516,0
28517,2
28518,4
28519,6
28520,4
28521,4
28522,1
28523,7
28524,0
28525,5
28526,5
28527,3
28528,4
28529,3
28530,5
28531,4
28532,0
28533,5
28534,5
28535,2
28536,5
28537,3
28538,4
28539,5
28540,7
28541,5
28542,6
28543,1
28544,1
28545,2
28546,5
28547,4
28548,5
28549,4
28550,7
28551,2
28552,4
28553,2
28554,0
28555,2
28556,0
28557,2
28558,0
28559,4
28560,0
28561,5
28562,3
28563,1
28564,2
28565,5
28566,7
28567,7
28568,4
28569,2
28570,5
28571,0
28572,2
28573,2
28574,0
28575,0
28576,2
28577,0
28578,2
28579,0
28580,2
28581,0
28582,4
28583,2
28584,2
28585,2
28586,2
28587,5
28588,0
28589,2
28590,5
28591,7
28592,2
28593,2
28594,2
28595,4
28596,4
28597,5
28598,3
28599,4
28600,1
28601,0
28602,3
28603,4
28604,2
28605,0
28606,6
28607,2
28608,3
28609,0
28610,4
28611,3
28612,0
28613,4
28614,0
28615,5
28616,2
28617,0
28618,2
28619,0
28620,5
28621,0
28622,4
28623,7
28624,5
28625,4
28626,4
28627,7
28628,3
28629,6
28630,0
28631,4
28632,2
28633,2
28634,4
28635,5
28636,4
28637,3
28638,7
28639,5
28640,6
28641,1
28642,2
28643,0
28644,6
28645,0
28646,5
28647,3
28648,1
28649,7
28650,0
28651,5
28652,2
28653,5
28654,5
28655,5
28656,4
28657,1
28658,1
28659,2
28660,3
28661,2
28662,5
28663,3
28664,0
28665,0
28666,5
28667,7
28668,0
28669,6
28670,7
28671,4
28672,5
28673,4
28674,2
28675,0
28676,2
28677,2
28678,0
28679,2
28680,2
28681,7
28682,2
28683,2
28684,4
28685,5
28686,2
28687,6
28688,2
28689,0
28690,0
28691,5
28692,7
28693,7
28694,7
28695,7
28696,0
28697,1
28698,0
28699,5
28700,2
28701,0
28702,5
28703,1
28704,7
28705,0
28706,3
28707,0
28708,2
28709,4
28710,2
28711,7
28712,2
28713,7
28714,5
28715,7
28716,4
28717,2
28718,0
28719,4
28720,5
28721,3
28722,0
28723,2
28724,7
28725,0
28726,4
28727,2
28728,3
28729,4
28730,3
28731,2
28732,4
28733,5
28734,4
28735,4
28736,1
28737,2
28738,4
28739,7
28740,3
28741,7
28742,5
28743,5
28744,6
28745,2
28746,1
28747,0
28748,0
28749,2
28750,5
28751,7
28752,0
28753,2
28754,3
28755,5
28756,5
28757,5
28758,0
28759,7
28760,2
28761,2
28762,4
28763,1
28764,2
28765,2
28766,4
28767,0
28768,2
28769,0
28770,0
28771,0
28772,0
28773,3
28774,7
28775,4
28776,0
28777,7
28778,1
28779,2
28780,6
28781,7
28782,7
28783,2
28784,4
28785,0
28786,4
28787,2
28788,4
28789,5
28790,5
28791,2
28792,2
28793,0
28794,7
28795,7
28796,4
28797,3
28798,4
28799,3
28800,2
28801,0
28802,4
28803,3
28804,4
28805,0
28806,7
28807,2
28808,7
28809,0
28810,0
28811,4
28812,4
28813,1
28814,4
28815,2
28816,0
28817,7
28818,0
28819,4
28820,7
28821,7
28822,2
28823,5
28824,0
28825,3
28826,4
28827,2
28828,7
28829,5
28830,7
28831,5
28832,0
28833,5
28834,6
28835,0
28836,2
28837,2
28838,4
28839,7
28840,5
28841,4
28842,0
28843,2
28844,2
28845,5
28846,0
28847,3
28848,5
28849,0
28850,2
28851,0
28852,6
28853,3
28854,4
28855,0
28856,7
28857,2
28858,1
28859,0
28860,1
28861,0
28862,0
28863,3
28864,5
28865,3
28866,5
28867,5
28868,4
28869,7
28870,4
28871,0
28872,4
28873,0
28874,0
28875,0
28876,2
28877,3
28878,2
28879,6
28880,7
28881,5
28882,0
28883,5
28884,1
28885,2
28886,5
28887,2
28888,0
28889,6
28890,0
28891,4
28892,6
28893,5
28894,4
28895,5
28896,5
28897,4
28898,3
28899,7
28900,7
28901,7
28902,4
28903,2
28904,4
28905,4
28906,0
28907,2
28908,2
28909,2
28910,4
28911,6
28912,2
28913,4
28914,2
28915,0
28916,2
28917,2
28918,2
28919,4
28920,0
28921,0
28922,2
28923,4
28924,2
28925,2
28926,4
28927,0
28928,3
28929,2
28930,5
28931,2
28932,0
28933,0
28934,3
28935,6
28936,2
28937,3
28938,1
28939,1
28940,2
28941,0
28942,4
28943,2
28944,7
28945,7
28946,1
28947,2
28948,7
28949,0
28950,5
28951,4
28952,2
28953,7
28954,4
28955,5
28956,7
28957,5
28958,2
28959,4
28960,4
28961,5
28962,0
28963,2
28964,1
28965,2
28966,3
28967,3
28968,2
28969,0
28970,0
28971,3
28972,2
28973,5
28974,2
28975,2
28976,3
28977,1
28978,2
28979,3
28980,6
28981,1
28982,7
28983,4
28984,7
28985,5
28986,7
28987,3
28988,3
28989,3
28990,3
28991,5
28992,2
28993,4
28994,6
28995,0
28996,1
28997,2
28998,1
28999,4
29000,7
29001,4
29002,0
29003,0
29004,4
29005,6
29006,7
29007,2
29008,2
29009,2
29010,2
29011,0
29012,0
29013,1
29014,1
29015,2
29016,4
29017,2
29018,0
29019,2
29020,2
29021,0
29022,3
29023,7
29024,4
29025,4
29026,3
29027,0
29028,2
29029,6
29030,4
29031,0
29032,2
29033,0
29034,5
29035,2
29036,4
29037,2
29038,3
29039,2
29040,3
29041,0
29042,2
29043,6
29044,0
29045,1
29046,0
29047,0
29048,7
29049,6
29050,2
29051,5
29052,3
29053,0
29054,5
29055,2
29056,2
29057,0
29058,2
29059,2
29060,5
29061,5
29062,4
29063,0
29064,0
29065,4
29066,4
29067,4
29068,0
29069,2
29070,7
29071,7
29072,7
29073,4
29074,0
29075,2
29076,6
29077,4
29078,2
29079,6
29080,3
29081,3
29082,0
29083,5
29084,7
29085,2
29086,0
29087,1
29088,1
29089,6
29090,2
29091,2
29092,7
29093,4
29094,3
29095,0
29096,2
29097,3
29098,7
29099,4
29100,7
29101,4
29102,4
29103,1
29104,7
29105,3
29106,4
29107,2
29108,5
29109,4
29110,5
29111,0
29112,7
29113,4
29114,0
29115,0
29116,5
29117,0
29118,5
29119,4
29120,1
29121,7
29122,3
29123,4
29124,2
29125,5
29126,3
29127,5
29128,5
29129,6
29130,4
29131,1
29132,7
29133,4
29134,7
29135,0
29136,3
29137,0
29138,4
29139,4
29140,0
29141,2
29142,5
29143,4
29144,0
29145,2
29146,2
29147,1
29148,7
29149,0
29150,0
29151,2
29152,4
29153,1
29154,0
29155,2
29156,5
29157,4
29158,6
29159,3
29160,5
29161,2
29162,5
29163,7
29164,0
29165,4
29166,3
29167,2
29168,4
29169,2
29170,2
29171,6
29172,1
29173,6
29174,5
29175,7
29176,2
29177,5
29178,2
29179,0
29180,2
29181,2
29182,2
29183,7
29184,4
29185,2
29186,4
29187,2
29188,0
29189,0
29190,2
29191,0
29192,0
29193,1
29194,2
29195,1
29196,7
29197,5
29198,4
29199,2
29200,0
29201,0
29202,5
29203,4
29204,5
29205,7
29206,4
29207,7
29208,3
29209,7
29210,5
29211,4
29212,1
29213,4
29214,0
29215,0
29216,5
29217,6
29218,2
29219,0
29220,4
29221,7
29222,0
29223,2
29224,4
29225,3
29226,0
29227,0
29228,1
29229,2
29230,5
29231,2
29232,6
29233,2
29234,5
29235,0
29236,6
29237,5
29238,5
29239,0
29240,4
29241,6
29242,7
29243,1
29244,0
29245,0
29246,0
29247,5
29248,1
29249,7
29250,7
29251,0
29252,1
29253,4
29254,1
29255,1
29256,0
29257,4
29258,0
29259,0
29260,4
29261,7
29262,7
29263,4
29264,4
29265,4
29266,5
29267,0
29268,2
29269,7
29270,2
29271,2
29272,5
29273,2
29274,1
29275,5
29276,3
29277,2
29278,3
29279,5
29280,0
29281,6
29282,5
29283,3
29284,5
29285,7
29286,7
29287,2
29288,0
29289,3
29290,4
29291,4
29292,0
29293,4
29294,0
29295,0
29296,0
29297,6
29298,5
29299,0
29300,7
29301,1
29302,7
29303,3
29304,7
29305,2
29306,4
29307,5
29308,2
29309,2
29310,0
29311,2
29312,1
29313,4
29314,7
29315,2
29316,2
29317,0
29318,0
29319,1
29320,0
29321,3
29322,5
29323,2
29324,0
29325,0
29326,3
29327,5
29328,5
29329,3
29330,4
29331,5
29332,0
29333,4
29334,4
29335,7
29336,0
29337,6
29338,7
29339,0
29340,2
29341,2
29342,0
29343,4
29344,3
29345,5
29346,7
29347,5
29348,2
29349,1
29350,5
29351,3
29352,5
29353,2
29354,6
29355,1
29356,2
29357,4
29358,2
29359,2
29360,0
29361,2
29362,1
29363,2
29364,6
29365,4
29366,4
29367,3
29368,5
29369,0
29370,6
29371,6
29372,5
29373,3
29374,2
29375,1
29376,1
29377,3
29378,5
29379,0
29380,1
29381,2
29382,1
29383,0
29384,7
29385,4
29386,2
29387,5
29388,7
29389,4
29390,0
29391,7
29392,1
29393,0
29394,4
29395,5
29396,7
29397,2
29398,1
29399,2
29400,4
29401,5
29402,6
29403,2
29404,4
29405,4
29406,7
29407,4
29408,7
29409,4
29410,0
29411,0
29412,5
29413,5
29414,0
29415,5
29416,5
29417,2
29418,0
29419,2
29420,2
29421,5
29422,0
29423,2
29424,5
29425,2
29426,7
29427,3
29428,0
29429,7
29430,5
29431,0
29432,2
29433,5
29434,3
29435,4
29436,4
29437,4
29438,7
29439,2
29440,3
29441,4
29442,2
29443,4
29444,7
29445,4
29446,0
29447,3
29448,0
29449,2
29450,2
29451,1
29452,5
29453,5
29454,6
29455,2
29456,6
29457,2
29458,2
29459,0
29460,4
29461,5
29462,4
29463,6
29464,1
29465,7
29466,3
29467,7
29468,3
29469,2
29470,7
29471,0
29472,4
29473,5
29474,4
29475,2
29476,0
29477,7
29478,5
29479,7
29480,0
29481,5
29482,0
29483,6
29484,7
29485,5
29486,4
29487,2
29488,1
29489,7
29490,0
29491,5
29492,2
29493,0
29494,5
29495,5
29496,5
29497,4
29498,5
29499,2
29500,2
29501,7
29502,0
29503,5
29504,7
29505,4
29506,0
29507,0
29508,5
29509,7
29510,5
29511,2
29512,2
29513,0
29514,5
29515,2
29516,0
29517,5
29518,7
29519,0
29520,7
29521,4
29522,0
29523,0
29524,7
29525,4
29526,1
29527,4
29528,5
29529,3
29530,5
29531,5
29532,5
29533,6
29534,1
29535,6
29536,7
29537,1
29538,5
29539,6
29540,0
29541,0
29542,0
29543,5
29544,1
29545,3
29546,0
29547,0
29548,6
29549,6
29550,3
29551,5
29552,4
29553,3
29554,0
29555,7
29556,2
29557,4
29558,4
29559,3
29560,2
29561,3
29562,0
29563,2
29564,6
29565,0
29566,7
29567,2
29568,2
29569,2
29570,2
29571,5
29572,0
29573,5
29574,5
29575,3
29576,5
29577,4
29578,5
29579,0
29580,4
29581,2
29582,0
29583,6
29584,2
29585,0
29586,2
29587,7
29588,4
29589,3
29590,2
29591,4
29592,5
29593,2
29594,4
29595,4
29596,7
29597,6
29598,5
29599,7
29600,1
29601,4
29602,0
29603,0
29604,2
29605,4
29606,7
29607,2
29608,0
29609,3
29610,1
29611,0
29612,6
29613,4
29614,6
29615,4
29616,1
29617,0
29618,5
29619,7
29620,2
29621,4
29622,2
29623,5
29624,2
29625,3
29626,0
29627,4
29628,1
29629,0
29630,1
29631,5
29632,5
29633,3
29634,2
29635,4
29636,2
29637,1
29638,2
29639,4
29640,2
29641,2
29642,7
29643,0
29644,4
29645,2
29646,7
29647,7
29648,6
29649,0
29650,0
29651,5
29652,2
29653,7
29654,2
29655,3
29656,0
29657,0
29658,0
29659,6
29660,4
29661,2
29662,5
29663,1
29664,3
29665,0
29666,6
29667,7
29668,2
29669,0
29670,4
29671,2
29672,0
29673,3
29674,2
29675,0
29676,1
29677,5
29678,2
29679,0
29680,4
29681,2
29682,0
29683,2
29684,7
29685,0
29686,7
29687,7
29688,2
29689,2
29690,2
29691,1
29692,0
29693,1
29694,1
29695,5
29696,7
29697,1
29698,7
29699,4
29700,5
29701,4
29702,2
29703,5
29704,4
29705,5
29706,7
29707,1
29708,3
29709,4
29710,3
29711,6
29712,7
29713,0
29714,4
29715,6
29716,0
29717,4
29718,4
29719,7
29720,0
29721,0
29722,5
29723,0
29724,0
29725,5
29726,2
29727,0
29728,7
29729,7
29730,4
29731,2
29732,0
29733,2
29734,6
29735,0
29736,7
29737,5
29738,6
29739,2
29740,4
29741,7
29742,2
29743,0
29744,5
29745,4
29746,5
29747,4
29748,2
29749,1
29750,6
29751,0
29752,4
29753,4
29754,5
29755,6
29756,7
29757,4
29758,0
29759,0
29760,2
29761,1
29762,3
29763,5
29764,5
29765,2
29766,7
29767,0
29768,7
29769,4
29770,7
29771,0
29772,5
29773,2
29774,4
29775,6
29776,2
29777,0
29778,5
29779,0
29780,4
29781,2
29782,7
29783,7
29784,4
29785,4
29786,0
29787,7
29788,5
29789,5
29790,7
29791,2
29792,2
29793,4
29794,7
29795,3
29796,2
29797,7
29798,7
29799,0
29800,0
29801,0
29802,2
29803,3
29804,0
29805,0
29806,7
29807,0
29808,2
29809,4
29810,7
29811,5
29812,2
29813,0
29814,2
29815,4
29816,5
29817,4
29818,7
29819,0
29820,2
29821,2
29822,0
29823,1
29824,0
29825,0
29826,5
29827,1
29828,7
29829,3
29830,2
29831,0
29832,5
29833,2
29834,4
29835,5
29836,0
29837,5
29838,4
29839,0
29840,2
29841,3
29842,7
29843,0
29844,0
29845,2
29846,2
29847,1
29848,4
29849,2
29850,3
29851,2
29852,4
29853,7
29854,0
29855,6
29856,0
29857,4
29858,0
29859,2
29860,0
29861,2
29862,4
29863,5
29864,2
29865,6
29866,0
29867,4
29868,0
29869,7
29870,4
29871,7
29872,6
29873,4
29874,5
29875,7
29876,4
29877,0
29878,2
29879,3
29880,2
29881,1
29882,3
29883,7
29884,2
29885,2
29886,2
29887,3
29888,0
29889,5
29890,4
29891,2
29892,4
29893,2
29894,2
29895,4
29896,0
29897,7
29898,7
29899,2
29900,2
29901,4
29902,2
29903,4
29904,0
29905,5
29906,0
29907,4
29908,4
29909,4
29910,2
29911,7
29912,2
29913,5
29914,2
29915,2
29916,7
29917,3
29918,4
29919,3
29920,4
29921,4
29922,6
29923,4
29924,0
29925,2
29926,5
29927,5
29928,7
29929,2
29930,2
29931,4
29932,1
29933,5
29934,5
29935,2
29936,7
29937,4
29938,0
29939,4
29940,1
29941,5
29942,2
29943,3
29944,0
29945,2
29946,0
29947,2
29948,0
29949,5
29950,0
29951,2
29952,6
29953,0
29954,7
29955,7
29956,7
29957,0
29958,2
29959,5
29960,2
29961,7
29962,1
29963,4
29964,2
29965,2
29966,6
29967,7
29968,2
29969,1
29970,2
29971,6
29972,3
29973,4
29974,2
29975,0
29976,4
29977,5
29978,0
29979,0
29980,0
29981,3
29982,2
29983,7
29984,0
29985,0
29986,0
29987,6
29988,3
29989,4
29990,4
29991,7
29992,0
29993,0
29994,2
29995,1
29996,2
29997,2
29998,0
29999,0
30000,5
30001,2
30002,7
30003,4
30004,2
30005,7
30006,0
30007,4
30008,7
30009,4
30010,0
30011,0
30012,2
30013,0
30014,1
30015,0
30016,2
30017,4
30018,4
30019,4
30020,0
30021,2
30022,2
30023,7
30024,6
30025,4
30026,7
30027,2
30028,7
30029,5
30030,0
30031,2
30032,5
30033,4
30034,0
30035,0
30036,0
30037,0
30038,4
30039,3
30040,7
30041,6
30042,6
30043,0
30044,4
30045,2
30046,7
30047,0
30048,2
30049,4
30050,2
30051,3
30052,0
30053,7
30054,4
30055,7
30056,0
30057,2
30058,2
30059,0
30060,1
30061,7
30062,7
30063,5
30064,2
30065,0
30066,5
30067,1
30068,5
30069,5
30070,0
30071,1
30072,2
30073,0
30074,0
30075,0
30076,7
30077,6
30078,3
30079,0
30080,7
30081,7
30082,2
30083,2
30084,7
30085,2
30086,0
30087,4
30088,7
30089,0
30090,7
30091,2
30092,0
30093,5
30094,0
30095,5
30096,0
30097,7
30098,2
30099,0
30100,6
30101,1
30102,4
30103,7
30104,3
30105,4
30106,5
30107,0
30108,2
30109,2
30110,2
30111,0
30112,4
30113,3
30114,3
30115,7
30116,7
30117,3
30118,2
30119,0
30120,7
30121,4
30122,7
30123,3
30124,2
30125,7
30126,5
30127,6
30128,5
30129,2
30130,5
30131,5
30132,5
30133,5
30134,1
30135,0
30136,0
30137,0
30138,0
30139,4
30140,4
30141,5
30142,0
30143,0
30144,2
30145,7
30146,3
30147,6
30148,5
30149,2
30150,0
30151,4
30152,4
30153,4
30154,2
30155,5
30156,0
30157,0
30158,1
30159,3
30160,4
30161,5
30162,3
30163,0
30164,1
30165,3
30166,5
30167,0
30168,2
30169,2
30170,0
30171,4
30172,4
30173,5
30174,7
30175,4
30176,4
30177,4
30178,2
30179,2
30180,4
30181,4
30182,0
30183,0
30184,4
30185,7
30186,4
30187,4
30188,2
30189,3
30190,5
30191,5
30192,2
30193,7
30194,1
30195,1
30196,1
30197,0
30198,3
30199,5
30200,4
30201,4
30202,1
30203,0
30204,7
30205,2
30206,5
30207,7
30208,2
30209,4
30210,2
30211,0
30212,3
30213,4
30214,4
30215,2
30216,7
30217,0
30218,5
30219,0
30220,7
30221,2
30222,0
30223,0
30224,5
30225,4
30226,0
30227,6
30228,5
30229,5
30230,4
30231,2
30232,3
30233,3
30234,5
30235,5
30236,7
30237,2
30238,1
30239,5
30240,2
30241,0
30242,4
30243,7
30244,0
30245,4
30246,4
30247,0
30248,5
30249,0
30250,4
30251,5
30252,2
30253,2
30254,5
30255,4
30256,5
30257,5
30258,1
30259,6
30260,3
30261,3
30262,7
30263,0
30264,2
30265,5
30266,0
30267,0
30268,0
30269,4
30270,4
30271,4
30272,2
30273,2
30274,4
30275,3
30276,7
30277,2
30278,0
30279,7
30280,0
30281,6
30282,2
30283,2
30284,2
30285,5
30286,2
30287,4
30288,0
30289,0
30290,0
30291,4
30292,7
30293,7
30294,1
30295,5
30296,4
30297,0
30298,7
30299,5
30300,0
30301,4
30302,0
30303,4
30304,0
30305,0
30306,5
30307,2
30308,1
30309,0
30310,0
30311,0
30312,5
30313,5
30314,2
30315,2
30316,0
30317,5
30318,4
30319,5
30320,1
30321,6
30322,7
30323,4
30324,5
30325,0
30326,7
30327,0
30328,2
30329,5
30330,0
30331,2
30332,4
30333,2
30334,7
30335,1
30336,5
30337,4
30338,0
30339,1
30340,4
30341,7
30342,1
30343,0
30344,3
30345,5
30346,4
30347,4
30348,5
30349,6
30350,2
30351,0
30352,7
30353,7
30354,1
30355,4
30356,0
30357,7
30358,2
30359,1
30360,4
30361,0
30362,1
30363,0
30364,1
30365,2
30366,2
30367,2
30368,7
30369,2
30370,7
30371,2
30372,2
30373,2
30374,4
30375,0
30376,0
30377,1
30378,5
30379,5
30380,5
30381,4
30382,0
30383,0
30384,3
30385,4
30386,0
30387,5
30388,1
30389,0
30390,1
30391,2
30392,7
30393,0
30394,1
30395,6
30396,4
30397,0
30398,3
30399,0
30400,2
30401,3
30402,5
30403,1
30404,3
30405,4
30406,2
30407,7
30408,6
30409,5
30410,1
30411,7
30412,5
30413,0
30414,7
30415,6
30416,4
30417,7
30418,3
30419,4
30420,3
30421,3
30422,5
30423,7
30424,6
30425,7
30426,5
30427,4
30428,3
30429,2
30430,0
30431,2
30432,0
30433,0
30434,0
30435,5
30436,0
30437,4
30438,6
30439,3
30440,7
30441,5
30442,6
30443,6
30444,6
30445,2
30446,0
30447,4
30448,4
30449,4
30450,1
30451,2
30452,1
30453,7
30454,4
30455,7
30456,4
30457,5
30458,2
30459,7
30460,4
30461,0
30462,5
30463,0
30464,4
30465,2
30466,4
30467,2
30468,0
30469,2
30470,7
30471,5
30472,2
30473,3
30474,2
30475,5
30476,4
30477,0
30478,5
30479,0
30480,4
30481,0
30482,4
30483,5
30484,2
30485,0
30486,4
30487,4
30488,0
30489,4
30490,2
30491,6
30492,0
30493,6
30494,4
30495,4
30496,0
30497,4
30498,2
30499,5
30500,5
30501,0
30502,4
30503,7
30504,5
30505,2
30506,0
30507,6
30508,5
30509,0
30510,2
30511,4
30512,0
30513,3
30514,2
30515,6
30516,0
30517,4
30518,7
30519,4
30520,0
30521,1
30522,0
30523,5
30524,7
30525,4
30526,5
30527,4
30528,5
30529,0
30530,0
30531,0
30532,5
30533,0
30534,2
30535,2
30536,5
30537,2
30538,1
30539,1
30540,2
30541,2
30542,0
30543,5
30544,7
30545,0
30546,5
30547,0
30548,5
30549,0
30550,0
30551,2
30552,3
30553,1
30554,1
30555,4
30556,0
30557,2
30558,2
30559,7
30560,0
30561,4
30562,2
30563,4
30564,5
30565,6
30566,0
30567,4
30568,4
30569,4
30570,5
30571,0
30572,7
30573,7
30574,4
30575,2
30576,6
30577,7
30578,0
30579,5
30580,4
30581,4
30582,0
30583,2
30584,0
30585,5
30586,4
30587,6
30588,2
30589,5
30590,1
30591,0
30592,5
30593,5
30594,2
30595,3
30596,0
30597,7
30598,3
30599,4
30600,7
30601,2
30602,0
30603,0
30604,1
30605,0
30606,2
30607,5
30608,0
30609,0
30610,7
30611,2
30612,5
30613,0
30614,5
30615,7
30616,4
30617,6
30618,5
30619,2
30620,4
30621,5
30622,2
30623,5
30624,4
30625,4
30626,4
30627,0
30628,4
30629,5
30630,4
30631,4
30632,2
30633,1
30634,3
30635,2
30636,3
30637,7
30638,7
30639,7
30640,0
30641,0
30642,0
30643,7
30644,7
30645,4
30646,3
30647,0
30648,4
30649,0
30650,3
30651,2
30652,0
30653,0
30654,2
30655,1
30656,2
30657,2
30658,3
30659,0
30660,3
30661,4
30662,5
30663,2
30664,5
30665,0
30666,0
30667,5
30668,0
30669,4
30670,7
30671,4
30672,3
30673,0
30674,2
30675,2
30676,0
30677,6
30678,1
30679,2
30680,2
30681,1
30682,2
30683,2
30684,3
30685,0
30686,7
30687,5
30688,7
30689,2
30690,2
30691,7
30692,2
30693,4
30694,0
30695,7
30696,2
30697,5
30698,0
30699,0
30700,0
30701,7
30702,0
30703,2
30704,7
30705,7
30706,0
30707,0
30708,4
30709,4
30710,4
30711,6
30712,5
30713,4
30714,4
30715,3
30716,2
30717,4
30718,2
30719,4
30720,3
30721,3
30722,0
30723,1
30724,6
30725,0
30726,4
30727,4
30728,5
30729,7
30730,4
30731,0
30732,3
30733,2
30734,6
30735,2
30736,4
30737,2
30738,0
30739,5
30740,2
30741,5
30742,4
30743,1
30744,0
30745,2
30746,2
30747,1
30748,2
30749,4
30750,3
30751,1
30752,0
30753,2
30754,4
30755,4
30756,1
30757,4
30758,7
30759,4
30760,3
30761,0
30762,7
30763,7
30764,3
30765,7
30766,2
30767,4
30768,4
30769,0
30770,4
30771,0
30772,5
30773,2
30774,2
30775,4
30776,3
30777,5
30778,1
30779,0
30780,2
30781,0
30782,7
30783,3
30784,0
30785,2
30786,2
30787,0
30788,0
30789,0
30790,2
30791,5
30792,0
30793,3
30794,6
30795,2
30796,7
30797,4
30798,0
30799,4
30800,4
30801,1
30802,5
30803,2
30804,5
30805,4
30806,4
30807,7
30808,2
30809,5
30810,2
30811,0
30812,0
30813,4
30814,5
30815,7
30816,0
30817,2
30818,4
30819,6
30820,2
30821,2
30822,2
30823,2
30824,3
30825,5
30826,4
30827,0
30828,5
30829,4
30830,2
30831,4
30832,0
30833,0
30834,0
30835,2
30836,1
30837,0
30838,6
30839,7
30840,3
30841,4
30842,4
30843,7
30844,7
30845,0
30846,6
30847,2
30848,4
30849,2
30850,5
30851,7
30852,7
30853,6
30854,2
30855,2
30856,4
30857,6
30858,2
30859,6
30860,4
30861,6
30862,0
30863,5
30864,6
30865,2
30866,5
30867,7
30868,4
30869,4
30870,2
30871,0
30872,3
30873,1
30874,7
30875,3
30876,5
30877,5
30878,3
30879,1
30880,4
30881,7
30882,2
30883,4
30884,7
30885,0
30886,0
30887,0
30888,0
30889,0
30890,2
30891,4
30892,5
30893,2
30894,1
30895,2
30896,2
30897,2
30898,4
30899,4
30900,4
30901,1
30902,0
30903,2
30904,2
30905,0
30906,5
30907,3
30908,4
30909,0
30910,0
30911,2
30912,2
30913,2
30914,5
30915,0
30916,4
30917,0
30918,7
30919,4
30920,4
30921,0
30922,6
30923,1
30924,5
30925,5
30926,7
30927,1
30928,2
30929,0
30930,7
30931,5
30932,4
30933,0
30934,3
30935,6
30936,2
30937,6
30938,0
30939,2
30940,3
30941,4
30942,2
30943,5
30944,5
30945,4
30946,4
30947,2
30948,6
30949,7
30950,4
30951,7
30952,1
30953,3
30954,7
30955,7
30956,4
30957,1
30958,7
30959,4
30960,0
30961,5
30962,2
30963,0
30964,0
30965,2
30966,2
30967,4
30968,4
30969,1
30970,2
30971,5
30972,5
30973,4
30974,0
30975,0
30976,2
30977,0
30978,0
30979,0
30980,4
30981,2
30982,3
30983,0
30984,4
30985,7
30986,2
30987,4
30988,4
30989,2
30990,2
30991,7
30992,0
30993,2
30994,4
30995,5
30996,4
30997,2
30998,2
30999,1
31000,5
31001,6
31002,0
31003,5
31004,2
31005,0
31006,3
31007,2
31008,4
31009,0
31010,0
31011,0
31012,4
31013,4
31014,4
31015,2
31016,5
31017,3
31018,3
31019,5
31020,0
31021,5
31022,7
31023,2
31024,5
31025,3
31026,2
31027,0
31028,0
31029,4
31030,0
31031,0
31032,0
31033,3
31034,0
31035,1
31036,4
31037,2
31038,2
31039,3
31040,0
31041,0
31042,7
31043,7
31044,2
31045,5
31046,4
31047,4
31048,2
31049,0
31050,5
31051,0
31052,6
31053,2
31054,7
31055,3
31056,2
31057,2
31058,0
31059,1
31060,3
31061,1
31062,6
31063,4
31064,2
31065,0
31066,2
31067,0
31068,0
31069,0
31070,7
31071,2
31072,7
31073,5
31074,7
31075,0
31076,2
31077,4
31078,0
31079,2
31080,0
31081,6
31082,2
31083,2
31084,5
31085,3
31086,7
31087,0
31088,1
31089,6
31090,7
31091,4
31092,1
31093,4
31094,4
31095,6
31096,4
31097,1
31098,4
31099,7
31100,4
31101,0
31102,4
31103,6
31104,5
31105,2
31106,3
31107,4
31108,7
31109,4
31110,0
31111,6
31112,5
31113,5
31114,2
31115,7
31116,0
31117,3
31118,4
31119,2
31120,3
31121,4
31122,4
31123,3
31124,5
31125,1
31126,2
31127,0
31128,5
31129,3
31130,0
31131,2
31132,1
31133,5
31134,0
31135,7
31136,4
31137,6
31138,5
31139,0
31140,5
31141,5
31142,0
31143,5
31144,0
31145,2
31146,3
31147,0
31148,0
31149,2
31150,3
31151,2
31152,0
31153,5
31154,7
31155,2
31156,4
31157,0
31158,4
31159,7
31160,0
31161,2
31162,0
31163,5
31164,6
31165,4
31166,2
31167,0
31168,5
31169,4
31170,5
31171,4
31172,2
31173,4
31174,0
31175,0
31176,4
31177,7
31178,7
31179,4
31180,2
31181,5
31182,2
31183,2
31184,0
31185,4
31186,6
31187,2
31188,5
31189,2
31190,2
31191,5
31192,0
31193,7
31194,0
31195,0
31196,0
31197,1
31198,7
31199,3
31200,4
31201,2
31202,0
31203,2
31204,7
31205,4
31206,2
31207,7
31208,0
31209,7
31210,3
31211,0
31212,0
31213,5
31214,3
31215,6
31216,7
31217,5
31218,5
31219,6
31220,3
31221,2
31222,0
31223,7
31224,7
31225,2
31226,5
31227,5
31228,3
31229,5
31230,2
31231,1
31232,5
31233,5
31234,2
31235,2
31236,4
31237,2
31238,4
31239,7
31240,3
31241,2
31242,0
31243,0
31244,7
31245,7
31246,2
31247,1
31248,3
31249,3
31250,3
31251,4
31252,2
31253,2
31254,4
31255,3
31256,4
31257,5
31258,4
31259,4
31260,2
31261,6
31262,3
31263,0
31264,5
31265,2
31266,5
31267,0
31268,4
31269,0
31270,4
31271,5
31272,3
31273,0
31274,2
31275,2
31276,2
31277,4
31278,0
31279,0
31280,5
31281,0
31282,2
31283,0
31284,0
31285,3
31286,7
31287,2
31288,1
31289,0
31290,0
31291,2
31292,3
31293,6
31294,5
31295,0
31296,4
31297,5
31298,0
31299,7
31300,4
31301,0
31302,7
31303,7
31304,4
31305,3
31306,2
31307,0
31308,5
31309,5
31310,4
31311,2
31312,0
31313,0
31314,4
31315,0
31316,7
31317,1
31318,5
31319,5
31320,2
31321,0
31322,1
31323,7
31324,2
31325,4
31326,4
31327,1
31328,6
31329,0
31330,1
31331,7
31332,5
31333,2
31334,7
31335,5
31336,4
31337,6
31338,6
31339,5
31340,7
31341,0
31342,0
31343,2
31344,0
31345,0
31346,6
31347,0
31348,0
31349,1
31350,4
31351,0
31352,7
31353,6
31354,2
31355,1
31356,4
31357,6
31358,2
31359,3
31360,2
31361,5
31362,2
31363,0
31364,0
31365,5
31366,4
31367,0
31368,0
31369,2
31370,2
31371,0
31372,2
31373,0
31374,7
31375,4
31376,5
31377,4
31378,5
31379,4
31380,3
31381,0
31382,0
31383,2
31384,0
31385,1
31386,5
31387,0
31388,0
31389,5
31390,0
31391,5
31392,1
31393,3
31394,4
31395,4
31396,0
31397,5
31398,2
31399,1
31400,2
31401,1
31402,5
31403,0
31404,2
31405,0
31406,5
31407,5
31408,2
31409,2
31410,4
31411,5
31412,0
31413,7
31414,4
31415,4
31416,3
31417,4
31418,7
31419,0
31420,0
31421,7
31422,6
31423,4
31424,2
31425,3
31426,2
31427,0
31428,0
31429,7
31430,4
31431,2
31432,0
31433,6
31434,0
31435,2
31436,2
31437,0
31438,4
31439,6
31440,0
31441,0
31442,2
31443,7
31444,5
31445,5
31446,5
31447,2
31448,2
31449,4
31450,0
31451,2
31452,0
31453,5
31454,3
31455,4
31456,6
31457,2
31458,3
31459,4
31460,7
31461,0
31462,2
31463,2
31464,5
31465,0
31466,2
31467,4
31468,6
31469,5
31470,6
31471,5
31472,0
31473,4
31474,2
31475,5
31476,7
31477,3
31478,6
31479,3
31480,0
31481,7
31482,4
31483,2
31484,2
31485,5
31486,2
31487,7
31488,0
31489,6
31490,2
31491,0
31492,3
31493,5
31494,2
31495,5
31496,7
31497,7
31498,1
31499,6
31500,2
31501,2
31502,7
31503,3
31504,7
31505,1
31506,5
31507,3
31508,5
31509,2
31510,4
31511,4
31512,7
31513,0
31514,2
31515,1
31516,7
31517,2
31518,4
31519,5
31520,4
31521,3
31522,2
31523,0
31524,7
31525,5
31526,0
31527,5
31528,4
31529,2
31530,4
31531,0
31532,5
31533,4
31534,4
31535,7
31536,0
31537,7
31538,2
31539,7
31540,2
31541,4
31542,6
31543,7
31544,7
31545,3
31546,3
31547,7
31548,0
31549,4
31550,0
31551,7
31552,4
31553,4
31554,2
31555,7
31556,5
31557,5
31558,4
31559,4
31560,3
31561,1
31562,4
31563,1
31564,7
31565,6
31566,0
31567,4
31568,3
31569,7
31570,2
31571,3
31572,2
31573,4
31574,7
31575,7
31576,4
31577,4
31578,4
31579,0
31580,2
31581,2
31582,2
31583,4
31584,4
31585,0
31586,0
31587,6
31588,5
31589,3
31590,0
31591,7
31592,2
31593,1
31594,6
31595,0
31596,4
31597,2
31598,5
31599,0
31600,0
31601,5
31602,5
31603,0
31604,1
31605,0
31606,7
31607,2
31608,5
31609,4
31610,1
31611,2
31612,0
31613,3
31614,2
31615,7
31616,7
31617,0
31618,3
31619,0
31620,3
31621,2
31622,0
31623,1
31624,5
31625,4
31626,2
31627,5
31628,4
31629,5
31630,5
31631,2
31632,4
31633,5
31634,7
31635,2
31636,0
31637,7
31638,7
31639,4
31640,7
31641,0
31642,5
31643,4
31644,5
31645,3
31646,5
31647,2
31648,2
31649,4
31650,1
31651,6
31652,4
31653,7
31654,3
31655,5
31656,5
31657,7
31658,7
31659,0
31660,2
31661,2
31662,4
31663,7
31664,7
31665,0
31666,3
31667,5
31668,2
31669,7
31670,3
31671,4
31672,2
31673,4
31674,4
31675,1
31676,5
31677,0
31678,2
31679,4
31680,7
31681,0
31682,5
31683,6
31684,7
31685,2
31686,0
31687,6
31688,0
31689,2
31690,5
31691,0
31692,2
31693,7
31694,1
31695,4
31696,2
31697,0
31698,0
31699,0
31700,5
31701,0
31702,4
31703,2
31704,0
31705,5
31706,0
31707,4
31708,2
31709,2
31710,7
31711,6
31712,1
31713,2
31714,5
31715,7
31716,1
31717,0
31718,0
31719,4
31720,2
31721,5
31722,2
31723,3
31724,1
31725,0
31726,3
31727,3
31728,6
31729,5
31730,1
31731,2
31732,7
31733,5
31734,6
31735,2
31736,2
31737,7
31738,2
31739,5
31740,5
31741,0
31742,5
31743,0
31744,2
31745,0
31746,2
31747,7
31748,1
31749,5
31750,1
31751,2
31752,4
31753,1
31754,7
31755,2
31756,7
31757,4
31758,2
31759,2
31760,0
31761,0
31762,4
31763,5
31764,4
31765,3
31766,5
31767,0
31768,5
31769,0
31770,5
31771,4
31772,2
31773,7
31774,0
31775,4
31776,7
31777,4
31778,2
31779,4
31780,4
31781,0
31782,5
31783,0
31784,4
31785,0
31786,2
31787,6
31788,6
31789,3
31790,3
31791,7
31792,7
31793,2
31794,1
31795,5
31796,0
31797,0
31798,3
31799,1
31800,0
31801,0
31802,0
31803,0
31804,2
31805,7
31806,2
31807,1
31808,7
31809,2
31810,4
31811,6
31812,3
31813,1
31814,4
31815,0
31816,5
31817,0
31818,5
31819,0
31820,1
31821,4
31822,5
31823,0
31824,4
31825,2
31826,5
31827,5
31828,0
31829,2
31830,3
31831,1
31832,1
31833,0
31834,2
31835,0
31836,0
31837,7
31838,4
31839,3
31840,4
31841,1
31842,4
31843,0
31844,3
31845,4
31846,5
31847,0
31848,2
31849,0
31850,2
31851,4
31852,0
31853,3
31854,2
31855,6
31856,7
31857,7
31858,3
31859,0
31860,5
31861,2
31862,6
31863,0
31864,5
31865,7
31866,3
31867,2
31868,7
31869,7
31870,1
31871,7
31872,6
31873,6
31874,4
31875,5
31876,5
31877,3
31878,2
31879,0
31880,7
31881,6
31882,5
31883,2
31884,3
31885,4
31886,2
31887,4
31888,4
31889,0
31890,0
31891,4
31892,3
31893,7
31894,0
31895,3
31896,2
31897,7
31898,1
31899,7
31900,5
31901,4
31902,0
31903,4
31904,2
31905,2
31906,5
31907,1
31908,7
31909,0
31910,1
31911,7
31912,2
31913,0
31914,0
31915,5
31916,4
31917,4
31918,2
31919,1
31920,0
31921,6
31922,7
31923,7
31924,3
31925,2
31926,0
31927,5
31928,0
31929,0
31930,0
31931,4
31932,2
31933,5
31934,1
31935,0
31936,6
31937,2
31938,7
31939,0
31940,2
31941,0
31942,2
31943,1
31944,2
31945,5
31946,5
31947,2
31948,5
31949,0
31950,2
31951,0
31952,3
31953,4
31954,1
31955,0
31956,4
31957,4
31958,0
31959,4
31960,2
31961,2
31962,7
31963,6
31964,7
31965,0
31966,0
31967,2
31968,1
31969,3
31970,2
31971,3
31972,6
31973,4
31974,6
31975,0
31976,4
31977,7
31978,2
31979,4
31980,0
31981,1
31982,7
31983,4
31984,5
31985,6
31986,2
31987,5
31988,0
31989,4
31990,6
31991,5
31992,0
31993,4
31994,5
31995,7
31996,3
31997,3
31998,5
31999,1
32000,0
32001,7
32002,4
32003,0
32004,4
32005,2
32006,7
32007,5
32008,2
32009,4
32010,2
32011,2
32012,2
32013,7
32014,6
32015,3
32016,2
32017,0
32018,4
32019,7
32020,0
32021,4
32022,5
32023,2
32024,5
32025,1
32026,3
32027,0
32028,0
32029,7
32030,0
32031,3
32032,4
32033,0
32034,4
32035,7
32036,5
32037,7
32038,2
32039,0
32040,3
32041,4
32042,3
32043,5
32044,4
32045,0
32046,0
32047,0
32048,7
32049,4
32050,2
32051,1
32052,7
32053,7
32054,5
32055,7
32056,5
32057,7
32058,7
32059,2
32060,0
32061,7
32062,2
32063,1
32064,0
32065,0
32066,3
32067,2
32068,6
32069,3
32070,4
32071,0
32072,3
32073,2
32074,4
32075,5
32076,4
32077,3
32078,5
32079,0
32080,7
32081,6
32082,0
32083,6
32084,3
32085,0
32086,7
32087,4
32088,7
32089,7
32090,0
32091,4
32092,0
32093,7
32094,2
32095,5
32096,1
32097,3
32098,0
32099,4
32100,2
32101,2
32102,0
32103,7
32104,2
32105,0
32106,0
32107,5
32108,7
32109,3
32110,6
32111,0
32112,4
32113,0
32114,2
32115,1
32116,5
32117,0
32118,4
32119,4
32120,0
32121,3
32122,0
32123,4
32124,7
32125,0
32126,4
32127,2
32128,6
32129,7
32130,5
32131,5
32132,4
32133,4
32134,1
32135,7
32136,5
32137,2
32138,2
32139,0
32140,7
32141,6
32142,7
32143,0
32144,7
32145,5
32146,6
32147,7
32148,2
32149,7
32150,4
32151,3
32152,2
32153,4
32154,4
32155,2
32156,7
32157,4
32158,4
32159,2
32160,1
32161,2
32162,1
32163,4
32164,5
32165,2
32166,0
32167,0
32168,3
32169,2
32170,1
32171,7
32172,0
32173,0
32174,0
32175,0
32176,4
32177,5
32178,2
32179,5
32180,6
32181,7
32182,0
32183,4
32184,0
32185,0
32186,7
32187,4
32188,0
32189,2
32190,2
32191,5
32192,5
32193,0
32194,4
32195,4
32196,6
32197,7
32198,5
32199,0
32200,0
32201,2
32202,2
32203,3
32204,1
32205,4
32206,5
32207,4
32208,7
32209,0
32210,7
32211,1
32212,7
32213,5
32214,3
32215,0
32216,4
32217,4
32218,4
32219,2
32220,5
32221,7
32222,4
32223,5
32224,3
32225,0
32226,6
32227,1
32228,2
32229,7
32230,4
32231,5
32232,4
32233,4
32234,1
32235,1
32236,0
32237,0
32238,7
32239,4
32240,4
32241,3
32242,2
32243,5
32244,1
32245,0
32246,0
32247,7
32248,2
32249,7
32250,4
32251,2
32252,5
32253,6
32254,3
32255,4
32256,2
32257,0
32258,2
32259,4
32260,0
32261,5
32262,2
32263,5
32264,7
32265,4
32266,5
32267,0
32268,0
32269,0
32270,7
32271,0
32272,0
32273,0
32274,4
32275,5
32276,7
32277,6
32278,4
32279,5
32280,6
32281,0
32282,4
32283,0
32284,1
32285,1
32286,3
32287,2
32288,0
32289,5
32290,3
32291,0
32292,5
32293,4
32294,2
32295,7
32296,0
32297,0
32298,0
32299,7
32300,2
32301,0
32302,1
32303,2
32304,1
32305,0
32306,7
32307,2
32308,0
32309,2
32310,0
32311,0
32312,0
32313,3
32314,0
32315,4
32316,0
32317,7
32318,0
32319,4
32320,6
32321,3
32322,4
32323,2
32324,5
32325,7
32326,3
32327,7
32328,0
32329,5
32330,5
32331,0
32332,0
32333,5
32334,2
32335,4
32336,5
32337,6
32338,2
32339,0
32340,0
32341,4
32342,5
32343,5
32344,0
32345,4
32346,4
32347,0
32348,0
32349,4
32350,4
32351,4
32352,4
32353,7
32354,0
32355,6
32356,5
32357,7
32358,0
32359,0
32360,1
32361,2
32362,1
32363,0
32364,2
32365,2
32366,6
32367,5
32368,4
32369,1
32370,7
32371,0
32372,2
32373,5
32374,7
32375,7
32376,7
32377,4
32378,4
32379,4
32380,4
32381,1
32382,7
32383,5
32384,0
32385,4
32386,7
32387,3
32388,2
32389,2
32390,2
32391,2
32392,5
32393,2
32394,4
32395,4
32396,0
32397,6
32398,4
32399,7
32400,0
32401,5
32402,5
32403,2
32404,2
32405,2
32406,4
32407,0
32408,2
32409,0
32410,3
32411,4
32412,5
32413,5
32414,2
32415,5
32416,3
32417,0
32418,3
32419,6
32420,6
32421,7
32422,2
32423,0
32424,4
32425,6
32426,0
32427,1
32428,4
32429,0
32430,5
32431,7
32432,2
32433,6
32434,0
32435,0
32436,5
32437,5
32438,2
32439,4
32440,5
32441,4
32442,0
32443,4
32444,2
32445,5
32446,2
32447,7
32448,2
32449,5
32450,3
32451,3
32452,5
32453,4
32454,2
32455,0
32456,3
32457,5
32458,0
32459,3
32460,3
32461,0
32462,5
32463,3
32464,4
32465,2
32466,5
32467,4
32468,4
32469,6
32470,3
32471,3
32472,5
32473,2
32474,5
32475,2
32476,2
32477,4
32478,2
32479,2
32480,4
32481,4
32482,3
32483,3
32484,3
32485,2
32486,4
32487,7
32488,2
32489,4
32490,7
32491,5
32492,4
32493,4
32494,4
32495,4
32496,1
32497,4
32498,2
32499,2
32500,0
32501,1
32502,2
32503,7
32504,4
32505,2
32506,0
32507,6
32508,0
32509,3
32510,2
32511,7
32512,7
32513,7
32514,5
32515,1
32516,0
32517,5
32518,0
32519,3
32520,0
32521,2
32522,2
32523,0
32524,2
32525,2
32526,2
32527,1
32528,7
32529,0
32530,7
32531,7
32532,6
32533,0
32534,0
32535,2
32536,2
32537,2
32538,3
32539,2
32540,0
32541,0
32542,5
32543,3
32544,3
32545,2
32546,4
32547,0
32548,7
32549,5
32550,2
32551,5
32552,4
32553,5
32554,5
32555,4
32556,7
32557,0
32558,5
32559,5
32560,4
32561,2
32562,0
32563,7
32564,2
32565,2
32566,0
32567,5
32568,4
32569,4
32570,5
32571,0
32572,7
32573,0
32574,5
32575,2
32576,5
32577,6
32578,1
32579,0
32580,0
32581,5
32582,7
32583,2
32584,0
32585,2
32586,7
32587,5
32588,3
32589,4
32590,1
32591,2
32592,5
32593,2
32594,1
32595,2
32596,5
32597,4
32598,0
32599,6
32600,2
32601,4
32602,4
32603,4
32604,2
32605,5
32606,6
32607,6
32608,4
32609,0
32610,0
32611,4
32612,0
32613,1
32614,3
32615,1
32616,3
32617,4
32618,2
32619,5
32620,6
32621,4
32622,7
32623,0
32624,4
32625,0
32626,0
32627,5
32628,3
32629,2
32630,4
32631,7
32632,2
32633,2
32634,3
32635,6
32636,4
32637,5
32638,7
32639,7
32640,0
32641,4
32642,5
32643,3
32644,7
32645,0
32646,0
32647,0
32648,4
32649,1
32650,2
32651,3
32652,0
32653,7
32654,0
32655,4
32656,2
32657,1
32658,0
32659,3
32660,4
32661,2
32662,0
32663,0
32664,1
32665,7
32666,7
32667,1
32668,2
32669,4
32670,7
32671,2
32672,1
32673,4
32674,0
32675,2
32676,1
32677,1
32678,4
32679,4
32680,2
32681,2
32682,7
32683,4
32684,2
32685,6
32686,0
32687,4
32688,4
32689,7
32690,5
32691,4
32692,0
32693,5
32694,4
32695,4
32696,1
32697,4
32698,5
32699,0
32700,7
32701,2
32702,4
32703,4
32704,0
32705,3
32706,2
32707,2
32708,4
32709,5
32710,6
32711,6
32712,6
32713,7
32714,7
32715,5
32716,4
32717,5
32718,4
32719,5
32720,2
32721,5
32722,5
32723,0
32724,2
32725,2
32726,4
32727,5
32728,2
32729,5
32730,2
32731,6
32732,7
32733,2
32734,0
32735,0
32736,2
32737,7
32738,2
32739,2
32740,3
32741,0
32742,3
32743,0
32744,3
32745,1
32746,4
32747,4
32748,4
32749,2
32750,4
32751,1
32752,5
32753,4
32754,2
32755,0
32756,5
32757,2
32758,2
32759,0
32760,4
32761,6
32762,5
32763,5
32764,6
32765,1
32766,4
32767,2
32768,0
32769,6
32770,7
32771,3
32772,5
32773,0
32774,3
32775,4
32776,7
32777,2
32778,0
32779,2
32780,1
32781,2
32782,1
32783,2
32784,0
32785,2
32786,0
32787,4
32788,4
32789,5
32790,2
32791,2
32792,6
32793,1
32794,6
32795,4
32796,0
32797,5
32798,0
32799,0
32800,2
32801,0
32802,4
32803,4
32804,7
32805,3
32806,4
32807,6
32808,2
32809,0
32810,0
32811,5
32812,2
32813,4
32814,2
32815,5
32816,1
32817,0
32818,3
32819,0
32820,5
32821,0
32822,3
32823,2
32824,5
32825,7
32826,4
32827,0
32828,4
32829,0
32830,5
32831,2
32832,1
32833,0
32834,7
32835,4
32836,4
32837,2
32838,2
32839,6
32840,5
32841,3
32842,1
32843,5
32844,2
32845,3
32846,2
32847,7
32848,1
32849,5
32850,0
32851,5
32852,1
32853,4
32854,3
32855,5
32856,0
32857,0
32858,0
32859,4
32860,3
32861,5
32862,5
32863,7
32864,2
32865,5
32866,2
32867,5
32868,1
32869,7
32870,0
32871,7
32872,0
32873,7
32874,2
32875,3
32876,3
32877,0
32878,4
32879,7
32880,5
32881,0
32882,0
32883,0
32884,7
32885,3
32886,5
32887,2
32888,0
32889,4
32890,6
32891,4
32892,4
32893,2
32894,0
32895,0
32896,2
32897,4
32898,7
32899,2
32900,4
32901,5
32902,3
32903,7
32904,0
32905,5
32906,4
32907,0
32908,0
32909,5
32910,0
32911,5
32912,7
32913,2
32914,5
32915,3
32916,0
32917,0
32918,0
32919,4
32920,4
32921,0
32922,4
32923,1
32924,3
32925,3
32926,0
32927,4
32928,3
32929,2
32930,3
32931,4
32932,5
32933,2
32934,0
32935,0
32936,0
32937,0
32938,3
32939,0
32940,4
32941,5
32942,4
32943,7
32944,5
32945,2
32946,6
32947,3
32948,0
32949,4
32950,5
32951,4
32952,2
32953,0
32954,5
32955,4
32956,3
32957,0
32958,7
32959,5
32960,4
32961,6
32962,4
32963,7
32964,0
32965,2
32966,7
32967,3
32968,4
32969,0
32970,2
32971,2
32972,3
32973,5
32974,0
32975,5
32976,5
32977,5
32978,2
32979,6
32980,4
32981,7
32982,0
32983,2
32984,5
32985,1
32986,6
32987,2
32988,1
32989,1
32990,0
32991,0
32992,4
32993,0
32994,0
32995,5
32996,3
32997,0
32998,7
32999,3
33000,4
33001,2
33002,4
33003,4
33004,3
33005,3
33006,0
33007,7
33008,7
33009,3
33010,2
33011,3
33012,4
33013,7
33014,2
33015,7
33016,5
33017,5
33018,6
33019,2
33020,3
33021,4
33022,0
33023,0
33024,0
33025,4
33026,1
33027,0
33028,0
33029,0
33030,2
33031,4
33032,2
33033,0
33034,4
33035,2
33036,1
33037,0
33038,7
33039,2
33040,6
33041,4
33042,3
33043,3
33044,2
33045,2
33046,7
33047,2
33048,0
33049,0
33050,2
33051,4
33052,7
33053,5
33054,4
33055,0
33056,1
33057,2
33058,3
33059,6
33060,0
33061,6
33062,4
33063,0
33064,3
33065,4
33066,4
33067,7
33068,0
33069,1
33070,7
33071,0
33072,0
33073,0
33074,6
33075,0
33076,0
33077,5
33078,0
33079,2
33080,2
33081,2
33082,7
33083,2
33084,2
33085,7
33086,5
33087,0
33088,4
33089,4
33090,2
33091,4
33092,5
33093,0
33094,0
33095,0
33096,4
33097,5
33098,4
33099,2
33100,0
33101,0
33102,2
33103,5
33104,2
33105,4
33106,4
33107,6
33108,6
33109,2
33110,2
33111,2
33112,5
33113,5
33114,5
33115,4
33116,1
33117,4
33118,2
33119,3
33120,5
33121,5
33122,2
33123,5
33124,0
33125,4
33126,4
33127,6
33128,0
33129,4
33130,3
33131,1
33132,4
33133,3
33134,6
33135,4
33136,5
33137,2
33138,6
33139,5
33140,1
33141,0
33142,5
33143,4
33144,5
33145,4
33146,7
33147,0
33148,3
33149,2
33150,5
33151,4
33152,5
33153,5
33154,7
33155,5
33156,0
33157,4
33158,5
33159,2
33160,0
33161,1
33162,2
33163,4
33164,2
33165,7
33166,3
33167,0
33168,5
33169,0
33170,7
33171,2
33172,1
33173,0
33174,3
33175,4
33176,7
33177,5
33178,0
33179,5
33180,6
33181,2
33182,5
33183,7
33184,3
33185,7
33186,3
33187,2
33188,0
33189,4
33190,4
33191,2
33192,3
33193,2
33194,7
33195,7
33196,6
33197,0
33198,4
33199,2
33200,7
33201,1
33202,4
33203,0
33204,2
33205,0
33206,2
33207,5
33208,0
33209,4
33210,1
33211,5
33212,7
33213,7
33214,0
33215,0
33216,4
33217,7
33218,1
33219,0
33220,2
33221,7
33222,7
33223,5
33224,4
33225,4
33226,7
33227,1
33228,3
33229,5
33230,3
33231,2
33232,2
33233,2
33234,2
33235,4
33236,1
33237,2
33238,4
33239,7
33240,1
33241,7
33242,7
33243,0
33244,4
33245,5
33246,0
33247,1
33248,0
33249,0
33250,0
33251,0
33252,5
33253,0
33254,4
33255,4
33256,6
33257,3
33258,5
33259,2
33260,5
33261,0
33262,2
33263,7
33264,2
33265,5
33266,2
33267,6
33268,0
33269,7
33270,7
33271,2
33272,3
33273,4
33274,1
33275,7
33276,7
33277,2
33278,4
33279,0
33280,2
33281,4
33282,4
33283,1
33284,2
33285,2
33286,2
33287,2
33288,0
33289,2
33290,4
33291,7
33292,3
33293,7
33294,0
33295,2
33296,1
33297,2
33298,1
33299,0
33300,1
33301,7
33302,0
33303,2
33304,2
33305,6
33306,0
33307,7
33308,2
33309,5
33310,5
33311,4
33312,4
33313,2
33314,6
33315,5
33316,4
33317,7
33318,4
33319,4
33320,7
33321,0
33322,7
33323,4
33324,2
33325,0
33326,6
33327,6
33328,0
33329,5
33330,3
33331,0
33332,7
33333,4
33334,6
33335,7
33336,1
33337,3
33338,5
33339,0
33340,5
33341,0
33342,2
33343,6
33344,4
33345,3
33346,0
33347,7
33348,7
33349,2
33350,4
33351,6
33352,0
33353,5
33354,0
33355,0
33356,2
33357,3
33358,0
33359,0
33360,1
33361,5
33362,4
33363,1
33364,4
33365,4
33366,4
33367,6
33368,0
33369,0
33370,7
33371,2
33372,1
33373,7
33374,6
33375,2
33376,3
33377,0
33378,7
33379,3
33380,0
33381,2
33382,2
33383,0
33384,0
33385,6
33386,0
33387,2
33388,4
33389,2
33390,3
33391,0
33392,6
33393,7
33394,2
33395,5
33396,6
33397,4
33398,5
33399,4
33400,0
33401,0
33402,2
33403,5
33404,3
33405,0
33406,5
33407,7
33408,3
33409,2
33410,7
33411,0
33412,2
33413,4
33414,4
33415,3
33416,4
33417,7
33418,7
33419,1
33420,0
33421,4
33422,7
33423,0
33424,0
33425,2
33426,3
33427,4
33428,2
33429,0
33430,7
33431,7
33432,0
33433,4
33434,5
33435,7
33436,7
33437,2
33438,5
33439,0
33440,0
33441,4
33442,1
33443,0
33444,7
33445,4
33446,1
33447,1
33448,3
33449,0
33450,0
33451,5
33452,0
33453,4
33454,2
33455,2
33456,0
33457,4
33458,5
33459,2
33460,7
33461,0
33462,0
33463,2
33464,2
33465,2
33466,5
33467,4
33468,4
33469,2
33470,4
33471,4
33472,5
33473,0
33474,1
33475,0
33476,1
33477,0
33478,7
33479,5
33480,0
33481,3
33482,2
33483,5
33484,7
33485,3
33486,0
33487,4
33488,4
33489,2
33490,4
33491,1
33492,4
33493,5
33494,0
33495,0
33496,0
33497,2
33498,0
33499,2
33500,5
33501,2
33502,7
33503,7
33504,4
33505,5
33506,2
33507,1
33508,0
33509,0
33510,4
33511,5
33512,1
33513,3
33514,0
33515,5
33516,5
33517,4
33518,5
33519,4
33520,3
33521,3
33522,3
33523,0
33524,7
33525,0
33526,3
33527,3
33528,7
33529,3
33530,0
33531,2
33532,0
33533,4
33534,2
33535,4
33536,4
33537,4
33538,4
33539,0
33540,5
33541,1
33542,4
33543,5
33544,7
33545,1
33546,1
33547,0
33548,0
33549,5
33550,2
33551,7
33552,1
33553,7
33554,2
33555,7
33556,7
33557,5
33558,5
33559,4
33560,5
33561,7
33562,4
33563,0
33564,7
33565,1
33566,7
33567,4
33568,5
33569,0
33570,3
33571,7
33572,0
33573,0
33574,0
33575,4
33576,0
33577,2
33578,2
33579,0
33580,0
33581,7
33582,0
33583,3
33584,2
33585,2
33586,1
33587,5
33588,1
33589,4
33590,2
33591,7
33592,5
33593,0
33594,2
33595,0
33596,5
33597,7
33598,2
33599,0
33600,2
33601,6
33602,2
33603,0
33604,4
33605,0
33606,4
33607,5
33608,4
33609,0
33610,0
33611,5
33612,4
33613,0
33614,1
33615,0
33616,7
33617,2
33618,2
33619,4
33620,2
33621,0
33622,0
33623,7
33624,4
33625,3
33626,0
33627,0
33628,3
33629,4
33630,4
33631,0
33632,7
33633,2
33634,5
33635,6
33636,2
33637,4
33638,5
33639,3
33640,2
33641,3
33642,1
33643,5
33644,3
33645,0
33646,0
33647,4
33648,1
33649,1
33650,2
33651,0
33652,0
33653,7
33654,0
33655,0
33656,3
33657,4
33658,4
33659,5
33660,1
33661,0
33662,2
33663,0
33664,7
33665,0
33666,3
33667,1
33668,7
33669,1
33670,3
33671,4
33672,0
33673,0
33674,5
33675,2
33676,5
33677,2
33678,0
33679,7
33680,0
33681,2
33682,2
33683,2
33684,0
33685,4
33686,7
33687,4
33688,4
33689,2
33690,2
33691,2
33692,2
33693,4
33694,0
33695,4
33696,2
33697,2
33698,3
33699,0
33700,4
33701,3
33702,4
33703,0
33704,2
33705,7
33706,0
33707,4
33708,0
33709,6
33710,5
33711,4
33712,2
33713,3
33714,2
33715,2
33716,0
33717,2
33718,5
33719,2
33720,5
33721,4
33722,0
33723,1
33724,0
33725,5
33726,7
33727,0
33728,7
33729,4
33730,6
33731,3
33732,7
33733,3
33734,4
33735,0
33736,2
33737,5
33738,6
33739,1
33740,2
33741,3
33742,0
33743,4
33744,4
33745,6
33746,7
33747,4
33748,7
33749,0
33750,1
33751,2
33752,3
33753,5
33754,2
33755,4
33756,5
33757,4
33758,0
33759,4
33760,0
33761,3
33762,4
33763,2
33764,6
33765,2
33766,0
33767,4
33768,2
33769,1
33770,3
33771,1
33772,0
33773,7
33774,4
33775,0
33776,5
33777,0
33778,2
33779,0
33780,2
33781,7
33782,7
33783,1
33784,7
33785,4
33786,0
33787,6
33788,5
33789,0
33790,7
33791,0
33792,4
33793,2
33794,5
33795,6
33796,2
33797,4
33798,5
33799,2
33800,4
33801,6
33802,1
33803,0
33804,2
33805,4
33806,0
33807,5
33808,7
33809,1
33810,6
33811,2
33812,0
33813,3
33814,5
33815,0
33816,5
33817,0
33818,2
33819,2
33820,5
33821,5
33822,4
33823,6
33824,5
33825,0
33826,6
33827,5
33828,2
33829,4
33830,6
33831,7
33832,0
33833,4
33834,1
33835,5
33836,2
33837,1
33838,5
33839,0
33840,4
33841,6
33842,4
33843,0
33844,1
33845,0
33846,2
33847,2
33848,6
33849,7
33850,0
33851,4
33852,0
33853,2
33854,6
33855,2
33856,7
33857,0
33858,3
33859,4
33860,7
33861,2
33862,7
33863,0
33864,2
33865,5
33866,0
33867,0
33868,7
33869,5
33870,0
33871,2
33872,2
33873,2
33874,2
33875,0
33876,0
33877,7
33878,5
33879,0
33880,0
33881,3
33882,0
33883,2
33884,6
33885,5
33886,5
33887,6
33888,7
33889,3
33890,0
33891,2
33892,4
33893,6
33894,2
33895,7
33896,4
33897,2
33898,0
33899,4
33900,4
33901,2
33902,7
33903,0
33904,5
33905,4
33906,3
33907,3
33908,1
33909,2
33910,0
33911,4
33912,5
33913,2
33914,4
33915,7
33916,2
33917,3
33918,2
33919,5
33920,4
33921,0
33922,5
33923,5
33924,5
33925,5
33926,5
33927,4
33928,4
33929,2
33930,7
33931,5
33932,7
33933,6
33934,7
33935,0
33936,7
33937,2
33938,0
33939,3
33940,7
33941,2
33942,5
33943,0
33944,4
33945,3
33946,0
33947,2
33948,0
33949,0
33950,6
33951,0
33952,5
33953,0
33954,0
33955,5
33956,5
33957,2
33958,3
33959,6
33960,0
33961,7
33962,5
33963,5
33964,5
33965,4
33966,0
33967,5
33968,7
33969,1
33970,0
33971,2
33972,6
33973,0
33974,4
33975,0
33976,0
33977,4
33978,6
33979,3
33980,7
33981,0
33982,0
33983,4
33984,0
33985,6
33986,2
33987,1
33988,0
33989,7
33990,2
33991,4
33992,3
33993,2
33994,0
33995,1
33996,4
33997,3
33998,2
33999,0
34000,7
34001,7
34002,4
34003,7
34004,0
34005,0
34006,6
34007,2
34008,3
34009,4
34010,3
34011,5
34012,7
34013,6
34014,3
34015,0
34016,0
34017,0
34018,6
34019,4
34020,2
34021,4
34022,2
34023,2
34024,7
34025,1
34026,0
34027,2
34028,5
34029,2
34030,2
34031,7
34032,7
34033,3
34034,5
34035,3
34036,5
34037,2
34038,7
34039,2
34040,4
34041,3
34042,0
34043,4
34044,0
34045,5
34046,7
34047,4
34048,0
34049,4
34050,0
34051,2
34052,7
34053,4
34054,4
34055,5
34056,6
34057,3
34058,6
34059,1
34060,6
34061,7
34062,6
34063,0
34064,2
34065,5
34066,1
34067,7
34068,3
34069,4
34070,0
34071,5
34072,0
34073,4
34074,5
34075,4
34076,0
34077,2
34078,4
34079,7
34080,2
34081,4
34082,4
34083,7
34084,4
34085,5
34086,2
34087,2
34088,4
34089,4
34090,2
34091,1
34092,4
34093,6
34094,4
34095,5
34096,2
34097,2
34098,2
34099,4
34100,3
34101,3
34102,4
34103,2
34104,0
34105,5
34106,4
34107,0
34108,1
34109,1
34110,4
34111,2
34112,6
34113,2
34114,0
34115,0
34116,0
34117,1
34118,0
34119,6
34120,6
34121,1
34122,2
34123,7
34124,7
34125,6
34126,7
34127,4
34128,5
34129,5
34130,0
34131,7
34132,1
34133,7
34134,7
34135,2
34136,2
34137,7
34138,1
34139,3
34140,5
34141,1
34142,4
34143,4
34144,5
34145,5
34146,0
34147,0
34148,7
34149,0
34150,2
34151,2
34152,0
34153,0
34154,5
34155,0
34156,4
34157,2
34158,0
34159,3
34160,4
34161,0
34162,0
34163,0
34164,2
34165,0
34166,3
34167,7
34168,1
34169,2
34170,4
34171,3
34172,0
34173,4
34174,3
34175,2
34176,5
34177,0
34178,0
34179,0
34180,0
34181,2
34182,2
34183,1
34184,0
34185,4
34186,0
34187,7
34188,3
34189,0
34190,4
34191,2
34192,0
34193,5
34194,2
34195,2
34196,2
34197,0
34198,5
34199,4
34200,7
34201,4
34202,4
34203,1
34204,0
34205,4
34206,4
34207,2
34208,2
34209,2
34210,3
34211,3
34212,6
34213,5
34214,5
34215,0
34216,2
34217,2
34218,3
34219,0
34220,1
34221,4
34222,6
34223,7
34224,0
34225,7
34226,6
34227,5
34228,1
34229,6
34230,1
34231,7
34232,2
34233,2
34234,6
34235,2
34236,0
34237,0
34238,7
34239,2
34240,7
34241,6
34242,0
34243,7
34244,2
34245,4
34246,2
34247,1
34248,5
34249,1
34250,6
34251,7
34252,4
34253,2
34254,2
34255,4
34256,2
34257,5
34258,5
34259,2
34260,4
34261,2
34262,5
34263,7
34264,2
34265,5
34266,4
34267,0
34268,3
34269,0
34270,4
34271,5
34272,5
34273,5
34274,0
34275,7
34276,5
34277,7
34278,6
34279,2
34280,0
34281,4
34282,0
34283,4
34284,5
34285,0
34286,4
34287,0
34288,2
34289,4
34290,2
34291,2
34292,4
34293,0
34294,2
34295,0
34296,3
34297,4
34298,5
34299,5
34300,2
34301,4
34302,7
34303,5
34304,4
34305,7
34306,0
34307,3
34308,4
34309,3
34310,4
34311,2
34312,5
34313,2
34314,5
34315,6
34316,2
34317,5
34318,2
34319,1
34320,5
34321,6
34322,2
34323,0
34324,4
34325,5
34326,2
34327,2
34328,1
34329,5
34330,6
34331,4
34332,5
34333,7
34334,3
34335,4
34336,0
34337,7
34338,4
34339,4
34340,0
34341,5
34342,0
34343,3
34344,1
34345,2
34346,7
34347,5
34348,4
34349,2
34350,4
34351,5
34352,1
34353,2
34354,4
34355,2
34356,0
34357,2
34358,2
34359,0
34360,5
34361,2
34362,4
34363,4
34364,2
34365,3
34366,4
34367,4
34368,0
34369,3
34370,4
34371,2
34372,0
34373,0
34374,7
34375,1
34376,4
34377,5
34378,4
34379,7
34380,0
34381,5
34382,0
34383,4
34384,1
34385,5
34386,2
34387,2
34388,5
34389,2
34390,2
34391,0
34392,6
34393,5
34394,4
34395,4
34396,5
34397,4
34398,2
34399,6
34400,4
34401,4
34402,4
34403,5
34404,2
34405,0
34406,7
34407,0
34408,7
34409,0
34410,7
34411,5
34412,4
34413,0
34414,2
34415,7
34416,7
34417,1
34418,3
34419,4
34420,5
34421,3
34422,0
34423,5
34424,2
34425,3
34426,5
34427,2
34428,0
34429,7
34430,4
34431,4
34432,3
34433,4
34434,4
34435,1
34436,3
34437,2
34438,6
34439,2
34440,2
34441,7
34442,5
34443,7
34444,2
34445,2
34446,2
34447,7
34448,1
34449,0
34450,7
34451,4
34452,0
34453,3
34454,2
34455,2
34456,0
34457,0
34458,2
34459,2
34460,2
34461,5
34462,2
34463,5
34464,2
34465,6
34466,7
34467,0
34468,5
34469,5
34470,2
34471,2
34472,6
34473,4
34474,5
34475,7
34476,0
34477,2
34478,4
34479,5
34480,2
34481,1
34482,0
34483,4
34484,2
34485,3
34486,7
34487,4
34488,5
34489,1
34490,7
34491,5
34492,5
34493,5
34494,5
34495,7
34496,2
34497,0
34498,2
34499,0
34500,4
34501,0
34502,3
34503,1
34504,2
34505,7
34506,2
34507,0
34508,5
34509,1
34510,3
34511,2
34512,0
34513,2
34514,2
34515,2
34516,0
34517,4
34518,0
34519,5
34520,1
34521,2
34522,2
34523,7
34524,7
34525,2
34526,0
34527,3
34528,1
34529,6
34530,0
34531,4
34532,2
34533,0
34534,5
34535,5
34536,5
34537,6
34538,4
34539,4
34540,4
34541,0
34542,4
34543,2
34544,7
34545,4
34546,7
34547,3
34548,4
34549,1
34550,4
34551,0
34552,4
34553,2
34554,2
34555,4
34556,4
34557,4
34558,5
34559,7
34560,7
34561,4
34562,4
34563,7
34564,7
34565,0
34566,7
34567,2
34568,2
34569,0
34570,5
34571,1
34572,2
34573,0
34574,4
34575,4
34576,5
34577,2
34578,0
34579,7
34580,4
34581,4
34582,1
34583,4
34584,7
34585,4
34586,0
34587,7
34588,2
34589,4
34590,5
34591,4
34592,7
34593,3
34594,2
34595,4
34596,4
34597,0
34598,4
34599,5
34600,7
34601,4
34602,6
34603,4
34604,0
34605,7
34606,4
34607,6
34608,7
34609,1
34610,0
34611,7
34612,4
34613,0
34614,6
34615,2
34616,2
34617,4
34618,0
34619,0
34620,3
34621,5
34622,5
34623,0
34624,0
34625,0
34626,7
34627,7
34628,5
34629,3
34630,0
34631,0
34632,7
34633,0
34634,4
34635,4
34636,2
34637,0
34638,4
34639,5
34640,4
34641,0
34642,5
34643,7
34644,4
34645,1
34646,0
34647,4
34648,4
34649,7
34650,0
34651,3
34652,0
34653,2
34654,5
34655,2
34656,2
34657,3
34658,4
34659,7
34660,1
34661,4
34662,4
34663,2
34664,0
34665,0
34666,3
34667,2
34668,7
34669,4
34670,4
34671,2
34672,3
34673,7
34674,0
34675,0
34676,2
34677,5
34678,5
34679,5
34680,2
34681,0
34682,6
34683,5
34684,7
34685,2
34686,6
34687,2
34688,0
34689,3
34690,5
34691,3
34692,2
34693,0
34694,7
34695,7
34696,1
34697,7
34698,5
34699,6
34700,5
34701,6
34702,4
34703,2
34704,7
34705,2
34706,0
34707,2
34708,3
34709,0
34710,4
34711,0
34712,5
34713,4
34714,6
34715,7
34716,4
34717,0
34718,2
34719,4
34720,0
34721,0
34722,0
34723,0
34724,5
34725,2
34726,1
34727,2
34728,0
34729,2
34730,4
34731,3
34732,2
34733,1
34734,2
34735,4
34736,2
34737,1
34738,0
34739,5
34740,5
34741,1
34742,4
34743,1
34744,5
34745,0
34746,2
34747,4
34748,0
34749,5
34750,7
34751,4
34752,4
34753,4
34754,0
34755,5
34756,1
34757,7
34758,2
34759,0
34760,2
34761,5
34762,1
34763,1
34764,2
34765,2
34766,2
34767,4
34768,7
34769,6
34770,2
34771,5
34772,7
34773,0
34774,6
34775,0
34776,2
34777,7
34778,5
34779,4
34780,0
34781,0
34782,4
34783,0
34784,4
34785,7
34786,0
34787,0
34788,5
34789,2
34790,5
34791,7
34792,2
34793,1
34794,0
34795,0
34796,5
34797,6
34798,7
34799,7
34800,7
34801,5
34802,0
34803,1
34804,5
34805,3
34806,6
34807,2
34808,5
34809,7
34810,5
34811,5
34812,0
34813,4
34814,7
34815,7
34816,0
34817,3
34818,2
34819,5
34820,2
34821,0
34822,3
34823,4
34824,4
34825,6
34826,7
34827,3
34828,1
34829,0
34830,3
34831,2
34832,2
34833,5
34834,6
34835,0
34836,3
34837,7
34838,4
34839,2
34840,5
34841,1
34842,7
34843,7
34844,0
34845,0
34846,4
34847,1
34848,5
34849,0
34850,0
34851,0
34852,5
34853,7
34854,1
34855,0
34856,2
34857,0
34858,6
34859,3
34860,5
34861,1
34862,5
34863,2
34864,4
34865,1
34866,4
34867,1
34868,2
34869,4
34870,2
34871,2
34872,5
34873,1
34874,4
34875,0
34876,2
34877,2
34878,0
34879,5
34880,1
34881,0
34882,0
34883,2
34884,4
34885,0
34886,5
34887,2
34888,5
34889,6
34890,5
34891,5
34892,0
34893,6
34894,5
34895,5
34896,4
34897,5
34898,7
34899,4
34900,3
34901,0
34902,5
34903,5
34904,2
34905,7
34906,7
34907,4
34908,0
34909,0
34910,0
34911,4
34912,5
34913,7
34914,4
34915,0
34916,0
34917,4
34918,2
34919,2
34920,1
34921,4
34922,4
34923,1
34924,4
34925,7
34926,0
34927,2
34928,5
34929,2
34930,5
34931,2
34932,5
34933,2
34934,7
34935,7
34936,5
34937,3
34938,4
34939,5
34940,6
34941,6
34942,5
34943,6
34944,4
34945,5
34946,3
34947,3
34948,0
34949,7
34950,2
34951,4
34952,1
34953,3
34954,4
34955,7
34956,4
34957,0
34958,4
34959,7
34960,4
34961,7
34962,7
34963,6
34964,7
34965,0
34966,5
34967,4
34968,4
34969,0
34970,2
34971,3
34972,4
34973,6
34974,3
34975,0
34976,2
34977,2
34978,2
34979,1
34980,4
34981,2
34982,4
34983,2
34984,5
34985,0
34986,4
34987,0
34988,0
34989,5
34990,2
34991,2
34992,5
34993,5
34994,6
34995,2
34996,3
34997,7
34998,5
34999,5
35000,7
35001,5
35002,7
35003,0
35004,3
35005,7
35006,0
35007,6
35008,0
35009,5
35010,3
35011,0
35012,2
35013,4
35014,1
35015,4
35016,5
35017,2
35018,2
35019,1
35020,4
35021,6
35022,1
35023,4
35024,5
35025,5
35026,2
35027,5
35028,0
35029,4
35030,3
35031,7
35032,2
35033,5
35034,4
35035,5
35036,6
35037,5
35038,3
35039,3
35040,7
35041,2
35042,4
35043,7
35044,5
35045,4
35046,4
35047,0
35048,4
35049,4
35050,4
35051,0
35052,1
35053,4
35054,7
35055,2
35056,3
35057,4
35058,7
35059,5
35060,5
35061,4
35062,6
35063,7
35064,7
35065,0
35066,4
35067,6
35068,5
35069,2
35070,0
35071,0
35072,0
35073,3
35074,4
35075,4
35076,5
35077,7
35078,6
35079,4
35080,5
35081,0
35082,2
35083,2
35084,4
35085,4
35086,5
35087,1
35088,7
35089,1
35090,4
35091,7
35092,3
35093,0
35094,0
35095,4
35096,2
35097,5
35098,0
35099,0
35100,4
35101,0
35102,1
35103,4
35104,2
35105,5
35106,0
35107,0
35108,7
35109,0
35110,2
35111,0
35112,7
35113,3
35114,2
35115,2
35116,0
35117,2
35118,4
35119,3
35120,7
35121,2
35122,2
35123,4
35124,7
35125,4
35126,0
35127,2
35128,3
35129,0
35130,6
35131,0
35132,7
35133,6
35134,7
35135,0
35136,4
35137,2
35138,0
35139,3
35140,1
35141,5
35142,2
35143,3
35144,2
35145,2
35146,0
35147,2
35148,2
35149,4
35150,4
35151,4
35152,0
35153,1
35154,0
35155,0
35156,5
35157,2
35158,5
35159,7
35160,5
35161,7
35162,0
35163,3
35164,4
35165,4
35166,7
35167,2
35168,3
35169,7
35170,2
35171,2
35172,3
35173,0
35174,2
35175,2
35176,0
35177,0
35178,7
35179,0
35180,3
35181,3
35182,7
35183,7
35184,5
35185,0
35186,2
35187,7
35188,5
35189,2
35190,5
35191,4
35192,3
35193,7
35194,2
35195,1
35196,2
35197,4
35198,5
35199,4
35200,6
35201,5
35202,2
35203,7
35204,2
35205,0
35206,5
35207,4
35208,1
35209,4
35210,2
35211,7
35212,7
35213,6
35214,0
35215,6
35216,4
35217,7
35218,2
35219,0
35220,0
35221,6
35222,0
35223,2
35224,4
35225,4
35226,0
35227,5
35228,0
35229,2
35230,0
35231,5
35232,5
35233,4
35234,2
35235,5
35236,4
35237,7
35238,2
35239,1
35240,0
35241,4
35242,4
35243,4
35244,0
35245,5
35246,3
35247,0
35248,2
35249,0
35250,2
35251,3
35252,4
35253,1
35254,5
35255,7
35256,0
35257,0
35258,0
35259,7
35260,3
35261,7
35262,1
35263,4
35264,0
35265,4
35266,4
35267,7
35268,4
35269,3
35270,7
35271,5
35272,0
35273,4
35274,0
35275,5
35276,2
35277,6
35278,0
35279,5
35280,4
35281,0
35282,3
35283,0
35284,4
35285,0
35286,7
35287,2
35288,0
35289,7
35290,2
35291,2
35292,4
35293,4
35294,2
35295,7
35296,5
35297,0
35298,5
35299,0
35300,4
35301,4
35302,0
35303,2
35304,2
35305,3
35306,0
35307,0
35308,0
35309,4
35310,7
35311,5
35312,2
35313,3
35314,7
35315,7
35316,7
35317,3
35318,4
35319,2
35320,7
35321,4
35322,0
35323,0
35324,2
35325,2
35326,4
35327,2
35328,5
35329,0
35330,0
35331,0
35332,2
35333,4
35334,2
35335,1
35336,2
35337,5
35338,4
35339,5
35340,4
35341,4
35342,0
35343,0
35344,4
35345,7
35346,0
35347,4
35348,0
35349,2
35350,0
35351,2
35352,7
35353,0
35354,3
35355,1
35356,4
35357,1
35358,0
35359,5
35360,3
35361,5
35362,7
35363,6
35364,7
35365,0
35366,3
35367,5
35368,4
35369,2
35370,7
35371,2
35372,5
35373,3
35374,1
35375,4
35376,1
35377,6
35378,0
35379,7
35380,6
35381,4
35382,3
35383,3
35384,6
35385,5
35386,1
35387,7
35388,5
35389,4
35390,4
35391,3
35392,2
35393,4
35394,6
35395,4
35396,4
35397,1
35398,3
35399,0
35400,5
35401,2
35402,7
35403,7
35404,2
35405,7
35406,7
35407,5
35408,5
35409,4
35410,7
35411,3
35412,5
35413,4
35414,2
35415,4
35416,5
35417,1
35418,4
35419,4
35420,5
35421,3
35422,4
35423,4
35424,4
35425,5
35426,5
35427,3
35428,6
35429,3
35430,3
35431,0
35432,4
35433,3
35434,2
35435,0
35436,4
35437,4
35438,0
35439,5
35440,1
35441,4
35442,5
35443,4
35444,2
35445,5
35446,5
35447,3
35448,7
35449,0
35450,0
35451,2
35452,2
35453,7
35454,0
35455,5
35456,0
35457,2
35458,6
35459,2
35460,7
35461,2
35462,3
35463,1
35464,4
35465,0
35466,0
35467,0
35468,2
35469,2
35470,5
35471,2
35472,2
35473,4
35474,4
35475,0
35476,3
35477,2
35478,0
35479,3
35480,0
35481,7
35482,7
35483,2
35484,7
35485,5
35486,5
35487,5
35488,7
35489,2
35490,3
35491,5
35492,2
35493,7
35494,4
35495,4
35496,4
35497,7
35498,5
35499,7
35500,4
35501,0
35502,2
35503,6
35504,7
35505,5
35506,5
35507,0
35508,6
35509,4
35510,0
35511,2
35512,5
35513,4
35514,7
35515,3
35516,4
35517,5
35518,0
35519,7
35520,5
35521,4
35522,7
35523,0
35524,5
35525,2
35526,3
35527,7
35528,0
35529,0
35530,1
35531,0
35532,7
35533,4
35534,4
35535,7
35536,7
35537,2
35538,0
35539,0
35540,0
35541,1
35542,0
35543,5
35544,2
35545,6
35546,0
35547,5
35548,0
35549,3
35550,7
35551,3
35552,5
35553,0
35554,1
35555,2
35556,2
35557,4
35558,5
35559,4
35560,6
35561,4
35562,4
35563,0
35564,1
35565,2
35566,5
35567,5
35568,1
35569,7
35570,5
35571,2
35572,6
35573,2
35574,6
35575,5
35576,2
35577,4
35578,5
35579,1
35580,5
35581,2
35582,0
35583,0
35584,7
35585,3
35586,2
35587,4
35588,2
35589,4
35590,0
35591,3
35592,4
35593,2
35594,2
35595,5
35596,5
35597,2
35598,5
35599,2
35600,7
35601,4
35602,4
35603,0
35604,4
35605,5
35606,5
35607,4
35608,3
35609,7
35610,4
35611,0
35612,7
35613,1
35614,2
35615,4
35616,0
35617,2
35618,4
35619,2
35620,7
35621,0
35622,7
35623,6
35624,5
35625,5
35626,6
35627,7
35628,1
35629,7
35630,3
35631,5
35632,5
35633,0
35634,0
35635,0
35636,2
35637,6
35638,3
35639,7
35640,7
35641,0
35642,7
35643,0
35644,0
35645,6
35646,4
35647,7
35648,0
35649,7
35650,5
35651,1
35652,5
35653,0
35654,7
35655,0
35656,3
35657,5
35658,4
35659,0
35660,4
35661,0
35662,0
35663,4
35664,0
35665,6
35666,2
35667,4
35668,7
35669,0
35670,7
35671,5
35672,7
35673,4
35674,3
35675,3
35676,0
35677,7
35678,4
35679,1
35680,2
35681,4
35682,5
35683,0
35684,7
35685,4
35686,2
35687,3
35688,0
35689,5
35690,4
35691,3
35692,6
35693,6
35694,4
35695,0
35696,4
35697,0
35698,5
35699,0
35700,0
35701,4
35702,0
35703,3
35704,4
35705,3
35706,7
35707,0
35708,0
35709,7
35710,3
35711,5
35712,7
35713,2
35714,4
35715,7
35716,0
35717,0
35718,5
35719,2
35720,1
35721,1
35722,0
35723,2
35724,4
35725,2
35726,5
35727,2
35728,0
35729,4
35730,4
35731,5
35732,5
35733,1
35734,3
35735,7
35736,0
35737,4
35738,4
35739,0
35740,4
35741,2
35742,2
35743,3
35744,0
35745,2
35746,4
35747,0
35748,0
35749,0
35750,5
35751,0
35752,0
35753,1
35754,5
35755,2
35756,3
35757,7
35758,1
35759,0
35760,3
35761,4
35762,4
35763,0
35764,0
35765,6
35766,5
35767,4
35768,7
35769,5
35770,0
35771,6
35772,0
35773,0
35774,7
35775,3
35776,0
35777,2
35778,7
35779,4
35780,1
35781,1
35782,7
35783,5
35784,7
35785,5
35786,7
35787,0
35788,2
35789,3
35790,2
35791,3
35792,1
35793,2
35794,1
35795,2
35796,0
35797,4
35798,4
35799,6
35800,5
35801,0
35802,7
35803,0
35804,3
35805,4
35806,3
35807,4
35808,2
35809,5
35810,4
35811,7
35812,1
35813,5
35814,4
35815,3
35816,0
35817,3
35818,5
35819,5
35820,2
35821,0
35822,5
35823,0
35824,5
35825,7
35826,7
35827,5
35828,4
35829,2
35830,4
35831,2
35832,5
35833,0
35834,7
35835,4
35836,5
35837,0
35838,2
35839,5
35840,7
35841,0
35842,4
35843,5
35844,1
35845,0
35846,7
35847,4
35848,2
35849,7
35850,6
35851,4
35852,0
35853,4
35854,2
35855,0
35856,4
35857,2
35858,3
35859,1
35860,1
35861,3
35862,6
35863,4
35864,4
35865,2
35866,2
35867,5
35868,5
35869,0
35870,3
35871,0
35872,5
35873,6
35874,7
35875,3
35876,6
35877,6
35878,2
35879,3
35880,4
35881,0
35882,4
35883,7
35884,6
35885,2
35886,5
35887,3
35888,5
35889,4
35890,2
35891,4
35892,1
35893,2
35894,7
35895,5
35896,0
35897,3
35898,7
35899,2
35900,5
35901,4
35902,0
35903,7
35904,4
35905,4
35906,2
35907,5
35908,2
35909,6
35910,4
35911,3
35912,0
35913,1
35914,0
35915,7
35916,4
35917,4
35918,7
35919,6
35920,0
35921,4
35922,7
35923,2
35924,0
35925,0
35926,4
35927,0
35928,4
35929,1
35930,6
35931,2
35932,6
35933,3
35934,2
35935,3
35936,6
35937,5
35938,4
35939,4
35940,4
35941,4
35942,2
35943,0
35944,3
35945,0
35946,6
35947,4
35948,5
35949,5
35950,3
35951,0
35952,6
35953,6
35954,0
35955,7
35956,5
35957,5
35958,6
35959,0
35960,6
35961,3
35962,3
35963,5
35964,2
35965,0
35966,0
35967,2
35968,6
35969,4
35970,0
35971,2
35972,2
35973,2
35974,0
35975,5
35976,0
35977,4
35978,3
35979,4
35980,3
35981,0
35982,0
35983,3
35984,5
35985,2
35986,2
35987,2
35988,2
35989,6
35990,2
35991,2
35992,0
35993,2
35994,1
35995,7
35996,0
35997,1
35998,1
35999,1
36000,2
36001,0
36002,0
36003,4
36004,0
36005,5
36006,7
36007,7
36008,0
36009,7
36010,0
36011,0
36012,1
36013,7
36014,7
36015,0
36016,5
36017,6
36018,5
36019,0
36020,4
36021,2
36022,3
36023,2
36024,7
36025,5
36026,2
36027,0
36028,4
36029,7
36030,5
36031,5
36032,0
36033,5
36034,0
36035,5
36036,3
36037,1
36038,0
36039,0
36040,6
36041,5
36042,4
36043,5
36044,3
36045,2
36046,0
36047,5
36048,0
36049,0
36050,4
36051,0
36052,0
36053,3
36054,0
36055,2
36056,2
36057,2
36058,5
36059,0
36060,4
36061,4
36062,0
36063,7
36064,0
36065,0
36066,0
36067,2
36068,0
36069,4
36070,0
36071,7
36072,0
36073,3
36074,5
36075,0
36076,6
36077,7
36078,4
36079,0
36080,2
36081,0
36082,0
36083,4
36084,7
36085,4
36086,2
36087,0
36088,7
36089,2
36090,3
36091,0
36092,5
36093,4
36094,0
36095,4
36096,2
36097,0
36098,0
36099,4
36100,4
36101,2
36102,7
36103,0
36104,2
36105,2
36106,4
36107,6
36108,4
36109,4
36110,6
36111,7
36112,2
36113,0
36114,5
36115,7
36116,5
36117,4
36118,2
36119,5
36120,5
36121,0
36122,4
36123,4
36124,0
36125,7
36126,5
36127,0
36128,4
36129,2
36130,0
36131,0
36132,5
36133,1
36134,4
36135,4
36136,0
36137,0
36138,2
36139,3
36140,5
36141,7
36142,2
36143,1
36144,6
36145,5
36146,1
36147,7
36148,2
36149,7
36150,2
36151,5
36152,5
36153,2
36154,7
36155,0
36156,0
36157,7
36158,0
36159,7
36160,4
36161,4
36162,2
36163,2
36164,0
36165,4
36166,2
36167,4
36168,0
36169,2
36170,1
36171,0
36172,0
36173,5
36174,0
36175,1
36176,2
36177,5
36178,0
36179,3
36180,1
36181,0
36182,5
36183,0
36184,5
36185,7
36186,1
36187,2
36188,3
36189,5
36190,4
36191,2
36192,7
36193,2
36194,0
36195,2
36196,2
36197,0
36198,6
36199,4
36200,0
36201,0
36202,0
36203,0
36204,3
36205,2
36206,6
36207,3
36208,2
36209,3
36210,7
36211,0
36212,4
36213,2
36214,4
36215,2
36216,7
36217,1
36218,4
36219,0
36220,7
36221,6
36222,3
36223,2
36224,4
36225,3
36226,2
36227,7
36228,2
36229,7
36230,0
36231,2
36232,5
36233,7
36234,5
36235,2
36236,2
36237,2
36238,4
36239,0
36240,3
36241,5
36242,7
36243,7
36244,2
36245,4
36246,3
36247,4
36248,7
36249,0
36250,5
36251,3
36252,2
36253,4
36254,5
36255,0
36256,2
36257,7
36258,7
36259,4
36260,7
36261,0
36262,6
36263,4
36264,4
36265,3
36266,2
36267,7
36268,0
36269,4
36270,3
36271,6
36272,5
36273,1
36274,4
36275,5
36276,2
36277,4
36278,0
36279,4
36280,7
36281,0
36282,2
36283,3
36284,2
36285,4
36286,2
36287,6
36288,0
36289,0
36290,2
36291,6
36292,0
36293,5
36294,2
36295,7
36296,2
36297,2
36298,0
36299,0
36300,0
36301,0
36302,5
36303,7
36304,2
36305,5
36306,2
36307,0
36308,1
36309,3
36310,4
36311,2
36312,0
36313,7
36314,0
36315,3
36316,3
36317,0
36318,2
36319,2
36320,4
36321,0
36322,2
36323,2
36324,2
36325,4
36326,1
36327,1
36328,0
36329,2
36330,1
36331,2
36332,3
36333,0
36334,3
36335,3
36336,3
36337,2
36338,4
36339,1
36340,0
36341,7
36342,0
36343,7
36344,5
36345,5
36346,4
36347,7
36348,2
36349,2
36350,0
36351,4
36352,2
36353,3
36354,2
36355,7
36356,3
36357,4
36358,3
36359,7
36360,2
36361,2
36362,2
36363,4
36364,4
36365,7
36366,5
36367,0
36368,3
36369,3
36370,2
36371,1
36372,3
36373,5
36374,0
36375,5
36376,4
36377,5
36378,6
36379,4
36380,4
36381,5
36382,4
36383,4
36384,2
36385,4
36386,0
36387,0
36388,1
36389,7
36390,4
36391,2
36392,0
36393,1
36394,4
36395,2
36396,5
36397,4
36398,6
36399,0
36400,1
36401,0
36402,4
36403,0
36404,0
36405,2
36406,0
36407,2
36408,3
36409,3
36410,4
36411,1
36412,0
36413,7
36414,0
36415,6
36416,5
36417,3
36418,5
36419,7
36420,2
36421,7
36422,0
36423,2
36424,2
36425,2
36426,2
36427,4
36428,2
36429,2
36430,7
36431,2
36432,2
36433,0
36434,2
36435,2
36436,7
36437,5
36438,7
36439,0
36440,7
36441,3
36442,0
36443,4
36444,3
36445,7
36446,6
36447,5
36448,1
36449,7
36450,6
36451,0
36452,0
36453,0
36454,6
36455,7
36456,0
36457,0
36458,2
36459,1
36460,4
36461,5
36462,5
36463,0
36464,7
36465,4
36466,7
36467,2
36468,1
36469,0
36470,2
36471,7
36472,2
36473,5
36474,6
36475,5
36476,5
36477,4
36478,0
36479,2
36480,5
36481,5
36482,4
36483,5
36484,7
36485,0
36486,5
36487,1
36488,0
36489,5
36490,3
36491,4
36492,0
36493,4
36494,7
36495,7
36496,3
36497,0
36498,2
36499,5
36500,4
36501,2
36502,4
36503,7
36504,2
36505,2
36506,0
36507,5
36508,2
36509,4
36510,2
36511,5
36512,5
36513,4
36514,6
36515,0
36516,0
36517,4
36518,7
36519,0
36520,0
36521,4
36522,0
36523,5
36524,5
36525,7
36526,0
36527,1
36528,2
36529,4
36530,1
36531,4
36532,3
36533,4
36534,3
36535,4
36536,7
36537,5
36538,7
36539,3
36540,2
36541,2
36542,5
36543,4
36544,7
36545,0
36546,2
36547,7
36548,4
36549,2
36550,5
36551,0
36552,2
36553,0
36554,3
36555,0
36556,2
36557,5
36558,4
36559,5
36560,4
36561,6
36562,1
36563,7
36564,6
36565,4
36566,6
36567,0
36568,2
36569,2
36570,2
36571,4
36572,6
36573,7
36574,4
36575,4
36576,6
36577,7
36578,2
36579,2
36580,5
36581,4
36582,1
36583,0
36584,2
36585,3
36586,7
36587,0
36588,4
36589,6
36590,5
36591,0
36592,0
36593,2
36594,2
36595,1
36596,0
36597,3
36598,4
36599,7
36600,0
36601,5
36602,7
36603,3
36604,5
36605,5
36606,0
36607,5
36608,2
36609,3
36610,7
36611,5
36612,3
36613,3
36614,4
36615,1
36616,4
36617,5
36618,3
36619,4
36620,2
36621,0
36622,4
36623,3
36624,0
36625,7
36626,0
36627,2
36628,0
36629,1
36630,2
36631,0
36632,0
36633,2
36634,0
36635,7
36636,3
36637,2
36638,0
36639,0
36640,1
36641,6
36642,0
36643,2
36644,6
36645,2
36646,3
36647,0
36648,3
36649,0
36650,3
36651,4
36652,4
36653,2
36654,4
36655,1
36656,6
36657,2
36658,2
36659,3
36660,6
36661,2
36662,3
36663,2
36664,3
36665,4
36666,7
36667,2
36668,4
36669,0
36670,0
36671,2
36672,4
36673,0
36674,4
36675,2
36676,0
36677,0
36678,4
36679,1
36680,5
36681,3
36682,0
36683,2
36684,0
36685,0
36686,3
36687,5
36688,6
36689,7
36690,5
36691,0
36692,0
36693,3
36694,4
36695,7
36696,0
36697,4
36698,2
36699,4
36700,7
36701,0
36702,2
36703,4
36704,2
36705,2
36706,7
36707,5
36708,2
36709,4
36710,4
36711,2
36712,0
36713,1
36714,4
36715,0
36716,7
36717,2
36718,7
36719,5
36720,0
36721,2
36722,7
36723,3
36724,3
36725,0
36726,4
36727,4
36728,0
36729,4
36730,5
36731,4
36732,2
36733,7
36734,2
36735,1
36736,3
36737,5
36738,4
36739,6
36740,6
36741,0
36742,0
36743,3
36744,4
36745,5
36746,5
36747,2
36748,2
36749,2
36750,2
36751,3
36752,2
36753,5
36754,5
36755,0
36756,0
36757,3
36758,1
36759,7
36760,4
36761,3
36762,0
36763,2
36764,2
36765,0
36766,5
36767,0
36768,0
36769,3
36770,0
36771,4
36772,5
36773,4
36774,4
36775,3
36776,6
36777,4
36778,4
36779,4
36780,2
36781,5
36782,0
36783,2
36784,5
36785,0
36786,0
36787,0
36788,7
36789,4
36790,3
36791,4
36792,5
36793,4
36794,4
36795,4
36796,4
36797,4
36798,7
36799,5
36800,2
36801,4
36802,0
36803,2
36804,4
36805,0
36806,6
36807,7
36808,5
36809,0
36810,0
36811,5
36812,2
36813,4
36814,5
36815,1
36816,4
36817,7
36818,5
36819,5
36820,1
36821,2
36822,3
36823,0
36824,1
36825,6
36826,1
36827,5
36828,7
36829,0
36830,0
36831,2
36832,2
36833,0
36834,4
36835,0
36836,2
36837,0
36838,1
36839,7
36840,0
36841,2
36842,2
36843,4
36844,0
36845,0
36846,2
36847,0
36848,0
36849,7
36850,5
36851,7
36852,5
36853,2
36854,1
36855,3
36856,0
36857,5
36858,7
36859,4
36860,0
36861,4
36862,4
36863,5
36864,0
36865,4
36866,0
36867,0
36868,0
36869,2
36870,5
36871,2
36872,0
36873,5
36874,4
36875,3
36876,4
36877,5
36878,4
36879,1
36880,0
36881,0
36882,7
36883,2
36884,7
36885,0
36886,0
36887,0
36888,5
36889,4
36890,5
36891,0
36892,0
36893,0
36894,0
36895,0
36896,4
36897,0
36898,2
36899,0
36900,7
36901,6
36902,2
36903,2
36904,5
36905,5
36906,0
36907,2
36908,0
36909,5
36910,1
36911,2
36912,0
36913,1
36914,0
36915,7
36916,5
36917,2
36918,4
36919,0
36920,5
36921,3
36922,1
36923,0
36924,7
36925,0
36926,2
36927,2
36928,7
36929,0
36930,1
36931,2
36932,1
36933,0
36934,7
36935,2
36936,5
36937,4
36938,0
36939,7
36940,6
36941,4
36942,2
36943,4
36944,3
36945,0
36946,7
36947,7
36948,0
36949,2
36950,5
36951,2
36952,2
36953,3
36954,4
36955,4
36956,2
36957,6
36958,7
36959,7
36960,6
36961,6
36962,4
36963,6
36964,7
36965,4
36966,0
36967,0
36968,6
36969,0
36970,4
36971,2
36972,7
36973,4
36974,2
36975,3
36976,3
36977,4
36978,0
36979,0
36980,0
36981,4
36982,3
36983,0
36984,5
36985,3
36986,4
36987,5
36988,5
36989,5
36990,7
36991,1
36992,3
36993,0
36994,0
36995,4
36996,3
36997,5
36998,5
36999,4
37000,3
37001,4
37002,2
37003,0
37004,0
37005,2
37006,0
37007,6
37008,3
37009,2
37010,5
37011,7
37012,5
37013,5
37014,2
37015,2
37016,0
37017,0
37018,0
37019,5
37020,0
37021,2
37022,4
37023,1
37024,7
37025,5
37026,7
37027,5
37028,2
37029,1
37030,3
37031,4
37032,1
37033,0
37034,4
37035,0
37036,5
37037,2
37038,4
37039,5
37040,7
37041,5
37042,4
37043,7
37044,4
37045,0
37046,4
37047,6
37048,4
37049,0
37050,0
37051,1
37052,4
37053,0
37054,2
37055,4
37056,0
37057,5
37058,4
37059,7
37060,4
37061,7
37062,3
37063,0
37064,5
37065,2
37066,7
37067,0
37068,5
37069,1
37070,0
37071,2
37072,0
37073,6
37074,4
37075,5
37076,1
37077,6
37078,6
37079,3
37080,2
37081,0
37082,7
37083,7
37084,5
37085,4
37086,7
37087,1
37088,4
37089,4
37090,3
37091,7
37092,3
37093,4
37094,2
37095,2
37096,2
37097,2
37098,7
37099,7
37100,2
37101,5
37102,2
37103,4
37104,5
37105,0
37106,4
37107,2
37108,7
37109,2
37110,5
37111,0
37112,1
37113,2
37114,5
37115,1
37116,0
37117,4
37118,2
37119,5
37120,2
37121,1
37122,0
37123,4
37124,0
37125,5
37126,0
37127,5
37128,2
37129,1
37130,3
37131,1
37132,6
37133,0
37134,3
37135,5
37136,2
37137,4
37138,6
37139,6
37140,7
37141,4
37142,4
37143,4
37144,5
37145,3
37146,5
37147,0
37148,2
37149,3
37150,2
37151,0
37152,5
37153,5
37154,7
37155,7
37156,2
37157,4
37158,6
37159,1
37160,5
37161,0
37162,3
37163,2
37164,6
37165,0
37166,4
37167,7
37168,0
37169,0
37170,7
37171,0
37172,0
37173,0
37174,6
37175,0
37176,0
37177,5
37178,4
37179,1
37180,1
37181,4
37182,5
37183,0
37184,2
37185,7
37186,0
37187,5
37188,6
37189,7
37190,3
37191,7
37192,4
37193,1
37194,2
37195,0
37196,2
37197,7
37198,0
37199,3
37200,7
37201,0
37202,0
37203,7
37204,2
37205,0
37206,4
37207,0
37208,0
37209,4
37210,7
37211,0
37212,4
37213,7
37214,1
37215,3
37216,7
37217,4
37218,5
37219,0
37220,0
37221,4
37222,2
37223,2
37224,3
37225,6
37226,0
37227,4
37228,7
37229,7
37230,0
37231,4
37232,3
37233,0
37234,3
37235,4
37236,4
37237,2
37238,5
37239,6
37240,5
37241,4
37242,4
37243,4
37244,4
37245,2
37246,0
37247,5
37248,2
37249,4
37250,5
37251,1
37252,0
37253,2
37254,2
37255,7
37256,1
37257,4
37258,0
37259,0
37260,6
37261,2
37262,5
37263,4
37264,4
37265,4
37266,1
37267,2
37268,4
37269,4
37270,2
37271,2
37272,7
37273,4
37274,3
37275,4
37276,2
37277,2
37278,7
37279,0
37280,5
37281,2
37282,5
37283,3
37284,4
37285,5
37286,1
37287,0
37288,2
37289,3
37290,2
37291,1
37292,5
37293,5
37294,7
37295,4
37296,2
37297,7
37298,6
37299,0
37300,2
37301,5
37302,0
37303,4
37304,0
37305,0
37306,0
37307,6
37308,2
37309,3
37310,1
37311,5
37312,0
37313,5
37314,4
37315,4
37316,2
37317,0
37318,1
37319,4
37320,7
37321,2
37322,3
37323,1
37324,6
37325,2
37326,2
37327,6
37328,5
37329,0
37330,2
37331,4
37332,1
37333,0
37334,5
37335,0
37336,0
37337,2
37338,5
37339,7
37340,0
37341,7
37342,0
37343,6
37344,4
37345,2
37346,0
37347,2
37348,6
37349,0
37350,4
37351,0
37352,1
37353,1
37354,0
37355,6
37356,4
37357,7
37358,2
37359,0
37360,1
37361,0
37362,7
37363,0
37364,4
37365,0
37366,0
37367,1
37368,0
37369,4
37370,0
37371,0
37372,4
37373,0
37374,3
37375,2
37376,3
37377,4
37378,1
37379,4
37380,5
37381,2
37382,4
37383,0
37384,5
37385,5
37386,0
37387,0
37388,5
37389,0
37390,1
37391,7
37392,0
37393,3
37394,6
37395,2
37396,2
37397,2
37398,4
37399,5
37400,7
37401,2
37402,4
37403,1
37404,6
37405,0
37406,4
37407,7
37408,0
37409,7
37410,0
37411,2
37412,0
37413,7
37414,4
37415,5
37416,5
37417,4
37418,6
37419,0
37420,4
37421,0
37422,4
37423,7
37424,5
37425,4
37426,2
37427,0
37428,2
37429,4
37430,5
37431,7
37432,7
37433,1
37434,2
37435,5
37436,0
37437,7
37438,2
37439,0
37440,0
37441,3
37442,5
37443,5
37444,3
37445,1
37446,0
37447,4
37448,0
37449,7
37450,3
37451,5
37452,2
37453,2
37454,4
37455,3
37456,3
37457,2
37458,0
37459,2
37460,2
37461,4
37462,0
37463,4
37464,2
37465,0
37466,5
37467,4
37468,2
37469,0
37470,5
37471,5
37472,5
37473,2
37474,5
37475,5
37476,0
37477,1
37478,7
37479,0
37480,0
37481,4
37482,5
37483,3
37484,4
37485,2
37486,1
37487,7
37488,2
37489,0
37490,0
37491,3
37492,6
37493,4
37494,4
37495,7
37496,1
37497,2
37498,4
37499,5
37500,0
37501,0
37502,4
37503,2
37504,7
37505,7
37506,7
37507,1
37508,5
37509,7
37510,7
37511,0
37512,2
37513,5
37514,4
37515,0
37516,2
37517,4
37518,2
37519,4
37520,1
37521,2
37522,0
37523,5
37524,2
37525,5
37526,1
37527,0
37528,0
37529,2
37530,5
37531,7
37532,0
37533,5
37534,0
37535,4
37536,7
37537,1
37538,4
37539,1
37540,0
37541,7
37542,4
37543,6
37544,3
37545,1
37546,6
37547,4
37548,4
37549,0
37550,5
37551,5
37552,5
37553,2
37554,5
37555,3
37556,0
37557,7
37558,6
37559,0
37560,0
37561,7
37562,5
37563,5
37564,0
37565,4
37566,3
37567,7
37568,1
37569,3
37570,5
37571,7
37572,1
37573,0
37574,0
37575,6
37576,0
37577,0
37578,7
37579,4
37580,2
37581,0
37582,5
37583,0
37584,7
37585,1
37586,2
37587,5
37588,1
37589,0
37590,0
37591,0
37592,7
37593,0
37594,2
37595,7
37596,4
37597,2
37598,2
37599,5
37600,2
37601,3
37602,7
37603,2
37604,0
37605,0
37606,0
37607,5
37608,5
37609,4
37610,0
37611,1
37612,5
37613,0
37614,0
37615,2
37616,3
37617,0
37618,2
37619,1
37620,0
37621,2
37622,0
37623,5
37624,1
37625,0
37626,0
37627,3
37628,0
37629,2
37630,4
37631,2
37632,4
37633,1
37634,0
37635,1
37636,3
37637,0
37638,3
37639,1
37640,2
37641,0
37642,4
37643,2
37644,2
37645,2
37646,2
37647,4
37648,2
37649,0
37650,0
37651,2
37652,0
37653,5
37654,5
37655,2
37656,0
37657,0
37658,2
37659,2
37660,4
37661,5
37662,4
37663,0
37664,0
37665,0
37666,7
37667,7
37668,0
37669,7
37670,4
37671,4
37672,7
37673,7
37674,5
37675,0
37676,1
37677,2
37678,4
37679,2
37680,2
37681,4
37682,4
37683,0
37684,5
37685,2
37686,5
37687,2
37688,5
37689,2
37690,0
37691,0
37692,2
37693,2
37694,5
37695,4
37696,0
37697,4
37698,6
37699,3
37700,0
37701,0
37702,4
37703,6
37704,5
37705,7
37706,5
37707,2
37708,5
37709,3
37710,7
37711,2
37712,0
37713,3
37714,2
37715,2
37716,5
37717,0
37718,4
37719,0
37720,0
37721,3
37722,7
37723,4
37724,0
37725,4
37726,0
37727,0
37728,3
37729,4
37730,0
37731,5
37732,0
37733,7
37734,2
37735,3
37736,2
37737,4
37738,5
37739,4
37740,2
37741,0
37742,0
37743,7
37744,0
37745,2
37746,7
37747,0
37748,0
37749,1
37750,4
37751,4
37752,0
37753,3
37754,4
37755,5
37756,7
37757,6
37758,0
37759,3
37760,6
37761,0
37762,7
37763,2
37764,2
37765,2
37766,5
37767,1
37768,3
37769,7
37770,2
37771,7
37772,5
37773,5
37774,3
37775,0
37776,3
37777,6
37778,4
37779,4
37780,5
37781,4
37782,7
37783,0
37784,5
37785,0
37786,2
37787,5
37788,7
37789,2
37790,3
37791,0
37792,4
37793,4
37794,5
37795,2
37796,4
37797,4
37798,0
37799,5
37800,0
37801,7
37802,4
37803,0
37804,2
37805,2
37806,1
37807,4
37808,0
37809,7
37810,2
37811,0
37812,0
37813,7
37814,0
37815,0
37816,5
37817,0
37818,0
37819,7
37820,0
37821,5
37822,5
37823,5
37824,6
37825,6
37826,2
37827,5
37828,7
37829,4
37830,7
37831,5
37832,4
37833,4
37834,5
37835,5
37836,7
37837,5
37838,2
37839,0
37840,7
37841,4
37842,5
37843,4
37844,4
37845,2
37846,4
37847,5
37848,2
37849,0
37850,7
37851,3
37852,4
37853,0
37854,5
37855,2
37856,4
37857,5
37858,3
37859,0
37860,0
37861,4
37862,5
37863,4
37864,5
37865,2
37866,4
37867,4
37868,4
37869,4
37870,5
37871,0
37872,3
37873,0
37874,3
37875,0
37876,2
37877,0
37878,7
37879,1
37880,6
37881,0
37882,5
37883,0
37884,0
37885,0
37886,5
37887,3
37888,3
37889,2
37890,7
37891,2
37892,5
37893,5
37894,7
37895,7
37896,2
37897,0
37898,7
37899,2
37900,6
37901,1
37902,2
37903,5
37904,2
37905,4
37906,0
37907,5
37908,4
37909,6
37910,7
37911,4
37912,4
37913,5
37914,4
37915,4
37916,3
37917,0
37918,5
37919,2
37920,0
37921,0
37922,7
37923,2
37924,4
37925,2
37926,2
37927,5
37928,0
37929,5
37930,4
37931,2
37932,7
37933,5
37934,0
37935,6
37936,4
37937,5
37938,1
37939,2
37940,2
37941,4
37942,4
37943,0
37944,1
37945,4
37946,4
37947,0
37948,2
37949,0
37950,2
37951,0
37952,2
37953,0
37954,1
37955,6
37956,2
37957,2
37958,2
37959,1
37960,7
37961,0
37962,2
37963,7
37964,0
37965,2
37966,0
37967,2
37968,1
37969,3
37970,4
37971,7
37972,0
37973,4
37974,7
37975,5
37976,7
37977,2
37978,4
37979,3
37980,4
37981,7
37982,1
37983,1
37984,4
37985,2
37986,4
37987,2
37988,7
37989,5
37990,2
37991,5
37992,4
37993,0
37994,4
37995,3
37996,5
37997,3
37998,0
37999,4
38000,5
38001,7
38002,3
38003,4
38004,5
38005,4
38006,0
38007,0
38008,4
38009,4
38010,4
38011,7
38012,4
38013,1
38014,2
38015,1
38016,3
38017,0
38018,7
38019,0
38020,4
38021,1
38022,4
38023,1
38024,3
38025,5
38026,7
38027,1
38028,0
38029,4
38030,4
38031,2
38032,7
38033,6
38034,3
38035,2
38036,5
38037,0
38038,0
38039,3
38040,2
38041,0
38042,6
38043,2
38044,3
38045,2
38046,4
38047,0
38048,2
38049,4
38050,4
38051,6
38052,0
38053,4
38054,5
38055,5
38056,7
38057,5
38058,6
38059,7
38060,5
38061,2
38062,1
38063,2
38064,0
38065,6
38066,3
38067,4
38068,5
38069,7
38070,4
38071,1
38072,2
38073,5
38074,5
38075,3
38076,6
38077,4
38078,4
38079,2
38080,4
38081,6
38082,2
38083,4
38084,1
38085,2
38086,2
38087,1
38088,0
38089,0
38090,7
38091,5
38092,2
38093,4
38094,0
38095,0
38096,3
38097,3
38098,4
38099,1
38100,4
38101,3
38102,5
38103,0
38104,2
38105,1
38106,6
38107,2
38108,3
38109,5
38110,4
38111,7
38112,2
38113,7
38114,7
38115,0
38116,0
38117,2
38118,0
38119,2
38120,4
38121,4
38122,5
38123,4
38124,2
38125,4
38126,4
38127,0
38128,3
38129,2
38130,5
38131,5
38132,0
38133,1
38134,0
38135,2
38136,7
38137,2
38138,4
38139,3
38140,0
38141,3
38142,2
38143,0
38144,4
38145,5
38146,5
38147,3
38148,4
38149,1
38150,1
38151,0
38152,4
38153,2
38154,2
38155,2
38156,2
38157,0
38158,4
38159,7
38160,5
38161,3
38162,4
38163,5
38164,6
38165,2
38166,4
38167,0
38168,1
38169,4
38170,4
38171,1
38172,2
38173,7
38174,2
38175,1
38176,6
38177,1
38178,3
38179,2
38180,0
38181,0
38182,5
38183,2
38184,0
38185,4
38186,0
38187,7
38188,7
38189,2
38190,2
38191,7
38192,0
38193,2
38194,7
38195,0
38196,0
38197,7
38198,4
38199,4
38200,7
38201,7
38202,0
38203,2
38204,0
38205,4
38206,4
38207,2
38208,4
38209,4
38210,2
38211,2
38212,1
38213,4
38214,2
38215,0
38216,3
38217,2
38218,0
38219,6
38220,2
38221,2
38222,4
38223,3
38224,0
38225,2
38226,0
38227,6
38228,7
38229,0
38230,6
38231,5
38232,7
38233,4
38234,2
38235,5
38236,3
38237,7
38238,4
38239,0
38240,5
38241,2
38242,7
38243,5
38244,6
38245,4
38246,0
38247,1
38248,5
38249,7
38250,4
38251,7
38252,7
38253,3
38254,0
38255,4
38256,4
38257,0
38258,1
38259,5
38260,3
38261,7
38262,6
38263,2
38264,4
38265,4
38266,3
38267,4
38268,2
38269,4
38270,5
38271,3
38272,3
38273,7
38274,4
38275,0
38276,2
38277,1
38278,4
38279,0
38280,7
38281,2
38282,0
38283,7
38284,2
38285,0
38286,5
38287,0
38288,7
38289,7
38290,3
38291,5
38292,5
38293,5
38294,3
38295,0
38296,3
38297,5
38298,1
38299,5
38300,5
38301,2
38302,5
38303,0
38304,4
38305,1
38306,7
38307,4
38308,5
38309,1
38310,1
38311,1
38312,4
38313,2
38314,4
38315,0
38316,2
38317,0
38318,7
38319,7
38320,2
38321,3
38322,0
38323,7
38324,7
38325,0
38326,7
38327,3
38328,4
38329,0
38330,5
38331,7
38332,7
38333,0
38334,0
38335,4
38336,2
38337,1
38338,2
38339,7
38340,7
38341,3
38342,2
38343,1
38344,2
38345,3
38346,5
38347,1
38348,4
38349,2
38350,0
38351,5
38352,7
38353,0
38354,2
38355,2
38356,4
38357,2
38358,3
38359,7
38360,4
38361,4
38362,0
38363,0
38364,0
38365,5
38366,2
38367,0
38368,4
38369,1
38370,4
38371,0
38372,5
38373,1
38374,3
38375,2
38376,4
38377,4
38378,2
38379,2
38380,2
38381,5
38382,0
38383,2
38384,7
38385,3
38386,4
38387,7
38388,0
38389,4
38390,5
38391,2
38392,7
38393,4
38394,2
38395,4
38396,2
38397,4
38398,2
38399,7
38400,2
38401,4
38402,3
38403,5
38404,3
38405,0
38406,4
38407,2
38408,2
38409,7
38410,0
38411,2
38412,7
38413,0
38414,2
38415,0
38416,2
38417,4
38418,0
38419,4
38420,7
38421,1
38422,4
38423,3
38424,5
38425,7
38426,5
38427,0
38428,4
38429,0
38430,4
38431,6
38432,7
38433,4
38434,0
38435,2
38436,4
38437,5
38438,7
38439,0
38440,5
38441,5
38442,0
38443,7
38444,4
38445,6
38446,0
38447,5
38448,4
38449,3
38450,7
38451,2
38452,0
38453,5
38454,2
38455,7
38456,0
38457,4
38458,6
38459,4
38460,4
38461,0
38462,0
38463,3
38464,4
38465,2
38466,0
38467,7
38468,3
38469,5
38470,6
38471,7
38472,7
38473,4
38474,2
38475,2
38476,5
38477,7
38478,0
38479,2
38480,0
38481,4
38482,5
38483,2
38484,0
38485,6
38486,7
38487,7
38488,4
38489,0
38490,0
38491,4
38492,0
38493,0
38494,4
38495,7
38496,1
38497,4
38498,0
38499,0
38500,0
38501,0
38502,0
38503,2
38504,7
38505,5
38506,7
38507,3
38508,3
38509,0
38510,3
38511,2
38512,0
38513,5
38514,2
38515,1
38516,2
38517,6
38518,5
38519,0
38520,2
38521,0
38522,0
38523,4
38524,0
38525,2
38526,7
38527,5
38528,3
38529,0
38530,7
38531,4
38532,4
38533,0
38534,0
38535,5
38536,0
38537,6
38538,5
38539,7
38540,3
38541,5
38542,5
38543,4
38544,4
38545,2
38546,0
38547,2
38548,2
38549,4
38550,0
38551,5
38552,4
38553,2
38554,7
38555,2
38556,0
38557,2
38558,4
38559,0
38560,6
38561,0
38562,1
38563,3
38564,2
38565,1
38566,1
38567,0
38568,5
38569,4
38570,0
38571,2
38572,2
38573,7
38574,2
38575,2
38576,5
38577,4
38578,4
38579,1
38580,4
38581,0
38582,0
38583,5
38584,2
38585,2
38586,4
38587,5
38588,7
38589,0
38590,1
38591,0
38592,0
38593,2
38594,5
38595,4
38596,7
38597,0
38598,1
38599,1
38600,7
38601,0
38602,2
38603,6
38604,5
38605,1
38606,7
38607,4
38608,0
38609,2
38610,0
38611,4
38612,5
38613,7
38614,2
38615,2
38616,2
38617,6
38618,2
38619,3
38620,6
38621,0
38622,2
38623,1
38624,4
38625,0
38626,3
38627,3
38628,2
38629,2
38630,0
38631,0
38632,0
38633,1
38634,4
38635,5
38636,3
38637,0
38638,2
38639,2
38640,2
38641,2
38642,2
38643,0
38644,2
38645,0
38646,2
38647,4
38648,0
38649,0
38650,4
38651,0
38652,6
38653,3
38654,4
38655,2
38656,7
38657,2
38658,0
38659,5
38660,2
38661,7
38662,0
38663,6
38664,0
38665,4
38666,2
38667,1
38668,5
38669,1
38670,2
38671,0
38672,2
38673,4
38674,2
38675,5
38676,3
38677,4
38678,2
38679,0
38680,4
38681,5
38682,2
38683,2
38684,7
38685,0
38686,5
38687,3
38688,5
38689,5
38690,2
38691,2
38692,4
38693,0
38694,5
38695,0
38696,0
38697,0
38698,7
38699,2
38700,2
38701,1
38702,0
38703,2
38704,6
38705,1
38706,7
38707,0
38708,0
38709,5
38710,5
38711,6
38712,6
38713,2
38714,4
38715,0
38716,7
38717,0
38718,7
38719,0
38720,2
38721,4
38722,0
38723,5
38724,0
38725,0
38726,4
38727,3
38728,2
38729,0
38730,0
38731,6
38732,7
38733,6
38734,0
38735,0
38736,0
38737,2
38738,5
38739,2
38740,4
38741,0
38742,4
38743,0
38744,7
38745,2
38746,4
38747,7
38748,5
38749,1
38750,4
38751,5
38752,0
38753,0
38754,1
38755,4
38756,0
38757,0
38758,5
38759,0
38760,6
38761,5
38762,7
38763,4
38764,4
38765,2
38766,7
38767,7
38768,4
38769,4
38770,4
38771,2
38772,3
38773,2
38774,4
38775,5
38776,0
38777,1
38778,2
38779,7
38780,5
38781,0
38782,3
38783,0
38784,0
38785,0
38786,2
38787,2
38788,5
38789,6
38790,1
38791,3
38792,3
38793,4
38794,3
38795,0
38796,7
38797,0
38798,0
38799,5
38800,2
38801,4
38802,6
38803,2
38804,5
38805,0
38806,0
38807,2
38808,0
38809,0
38810,7
38811,2
38812,7
38813,3
38814,4
38815,4
38816,5
38817,7
38818,4
38819,1
38820,2
38821,2
38822,7
38823,4
38824,6
38825,7
38826,2
38827,4
38828,4
38829,0
38830,4
38831,0
38832,0
38833,4
38834,0
38835,2
38836,2
38837,7
38838,0
38839,0
38840,4
38841,2
38842,5
38843,0
38844,0
38845,2
38846,2
38847,2
38848,2
38849,3
38850,0
38851,7
38852,5
38853,6
38854,4
38855,5
38856,5
38857,2
38858,0
38859,7
38860,5
38861,5
38862,7
38863,3
38864,0
38865,2
38866,2
38867,7
38868,7
38869,2
38870,4
38871,7
38872,0
38873,4
38874,2
38875,4
38876,0
38877,2
38878,5
38879,0
38880,0
38881,0
38882,2
38883,7
38884,2
38885,1
38886,1
38887,0
38888,2
38889,4
38890,4
38891,5
38892,1
38893,4
38894,6
38895,2
38896,4
38897,0
38898,3
38899,6
38900,2
38901,6
38902,7
38903,0
38904,5
38905,5
38906,7
38907,2
38908,4
38909,0
38910,5
38911,2
38912,0
38913,7
38914,1
38915,1
38916,6
38917,3
38918,2
38919,5
38920,5
38921,6
38922,0
38923,7
38924,0
38925,0
38926,4
38927,3
38928,6
38929,2
38930,5
38931,2
38932,5
38933,4
38934,0
38935,2
38936,5
38937,3
38938,2
38939,2
38940,2
38941,2
38942,5
38943,5
38944,3
38945,4
38946,4
38947,1
38948,4
38949,1
38950,0
38951,2
38952,0
38953,4
38954,4
38955,3
38956,2
38957,2
38958,2
38959,2
38960,4
38961,3
38962,5
38963,6
38964,0
38965,7
38966,2
38967,5
38968,4
38969,7
38970,0
38971,2
38972,3
38973,5
38974,1
38975,1
38976,2
38977,5
38978,2
38979,7
38980,2
38981,2
38982,7
38983,2
38984,0
38985,7
38986,0
38987,0
38988,0
38989,7
38990,0
38991,6
38992,7
38993,0
38994,6
38995,0
38996,3
38997,5
38998,0
38999,0
39000,7
39001,5
39002,4
39003,1
39004,1
39005,0
39006,4
39007,5
39008,5
39009,2
39010,0
39011,4
39012,0
39013,3
39014,0
39015,5
39016,4
39017,0
39018,7
39019,0
39020,2
39021,7
39022,4
39023,7
39024,5
39025,4
39026,5
39027,5
39028,2
39029,5
39030,4
39031,3
39032,6
39033,0
39034,7
39035,7
39036,4
39037,5
39038,4
39039,0
39040,4
39041,0
39042,4
39043,4
39044,1
39045,4
39046,4
39047,2
39048,1
39049,5
39050,7
39051,3
39052,6
39053,0
39054,5
39055,0
39056,0
39057,1
39058,7
39059,2
39060,7
39061,0
39062,2
39063,0
39064,0
39065,0
39066,5
39067,2
39068,4
39069,3
39070,0
39071,4
39072,3
39073,4
39074,0
39075,2
39076,0
39077,4
39078,6
39079,5
39080,7
39081,0
39082,5
39083,0
39084,5
39085,5
39086,3
39087,0
39088,7
39089,5
39090,7
39091,7
39092,4
39093,7
39094,2
39095,0
39096,0
39097,7
39098,2
39099,1
39100,2
39101,2
39102,1
39103,2
39104,4
39105,4
39106,7
39107,2
39108,2
39109,1
39110,1
39111,4
39112,4
39113,3
39114,7
39115,1
39116,1
39117,2
39118,2
39119,3
39120,6
39121,5
39122,2
39123,3
39124,0
39125,7
39126,6
39127,4
39128,4
39129,6
39130,6
39131,0
39132,2
39133,4
39134,2
39135,0
39136,4
39137,7
39138,7
39139,0
39140,2
39141,5
39142,2
39143,3
39144,5
39145,4
39146,0
39147,6
39148,2
39149,2
39150,3
39151,2
39152,2
39153,5
39154,4
39155,2
39156,5
39157,4
39158,1
39159,2
39160,0
39161,0
39162,5
39163,6
39164,6
39165,0
39166,4
39167,2
39168,0
39169,4
39170,4
39171,0
39172,4
39173,5
39174,4
39175,4
39176,2
39177,0
39178,2
39179,3
39180,2
39181,2
39182,0
39183,2
39184,4
39185,5
39186,0
39187,7
39188,2
39189,7
39190,1
39191,0
39192,0
39193,3
39194,5
39195,5
39196,3
39197,0
39198,1
39199,0
39200,7
39201,2
39202,0
39203,5
39204,5
39205,5
39206,3
39207,0
39208,2
39209,4
39210,7
39211,2
39212,4
39213,3
39214,4
39215,4
39216,7
39217,0
39218,0
39219,0
39220,2
39221,0
39222,5
39223,4
39224,2
39225,5
39226,4
39227,4
39228,4
39229,2
39230,4
39231,0
39232,6
39233,0
39234,5
39235,0
39236,4
39237,4
39238,0
39239,0
39240,2
39241,0
39242,1
39243,3
39244,2
39245,2
39246,5
39247,5
39248,4
39249,5
39250,3
39251,5
39252,7
39253,2
39254,7
39255,7
39256,0
39257,5
39258,3
39259,2
39260,5
39261,0
39262,1
39263,5
39264,2
39265,5
39266,7
39267,5
39268,3
39269,0
39270,7
39271,4
39272,5
39273,0
39274,2
39275,1
39276,3
39277,7
39278,7
39279,4
39280,5
39281,2
39282,0
39283,0
39284,6
39285,0
39286,4
39287,7
39288,4
39289,0
39290,0
39291,2
39292,5
39293,5
39294,3
39295,0
39296,0
39297,6
39298,7
39299,2
39300,0
39301,4
39302,0
39303,2
39304,4
39305,3
39306,0
39307,0
39308,0
39309,0
39310,3
39311,5
39312,4
39313,7
39314,0
39315,7
39316,4
39317,0
39318,5
39319,2
39320,7
39321,7
39322,4
39323,2
39324,2
39325,0
39326,1
39327,2
39328,6
39329,7
39330,1
39331,0
39332,2
39333,4
39334,2
39335,2
39336,1
39337,7
39338,3
39339,5
39340,0
39341,2
39342,6
39343,7
39344,4
39345,4
39346,0
39347,0
39348,5
39349,3
39350,4
39351,4
39352,4
39353,0
39354,5
39355,0
39356,0
39357,4
39358,7
39359,4
39360,0
39361,2
39362,6
39363,3
39364,5
39365,0
39366,0
39367,0
39368,7
39369,7
39370,0
39371,0
39372,0
39373,7
39374,7
39375,6
39376,5
39377,7
39378,3
39379,4
39380,7
39381,2
39382,0
39383,2
39384,4
39385,5
39386,6
39387,2
39388,3
39389,7
39390,7
39391,3
39392,6
39393,2
39394,5
39395,4
39396,6
39397,4
39398,7
39399,7
39400,0
39401,4
39402,6
39403,5
39404,1
39405,2
39406,2
39407,0
39408,3
39409,2
39410,5
39411,0
39412,4
39413,1
39414,6
39415,7
39416,5
39417,0
39418,2
39419,4
39420,5
39421,6
39422,7
39423,5
39424,1
39425,2
39426,0
39427,4
39428,4
39429,5
39430,3
39431,0
39432,4
39433,0
39434,6
39435,0
39436,2
39437,0
39438,5
39439,0
39440,4
39441,2
39442,7
39443,2
39444,2
39445,1
39446,0
39447,4
39448,1
39449,2
39450,1
39451,6
39452,7
39453,5
39454,3
39455,7
39456,0
39457,7
39458,2
39459,0
39460,2
39461,5
39462,5
39463,5
39464,6
39465,4
39466,5
39467,2
39468,0
39469,4
39470,2
39471,1
39472,2
39473,2
39474,4
39475,2
39476,7
39477,2
39478,5
39479,5
39480,5
39481,7
39482,2
39483,4
39484,4
39485,3
39486,2
39487,7
39488,4
39489,5
39490,4
39491,6
39492,4
39493,1
39494,4
39495,7
39496,5
39497,5
39498,2
39499,4
39500,4
39501,2
39502,2
39503,4
39504,2
39505,0
39506,2
39507,2
39508,3
39509,4
39510,0
39511,0
39512,5
39513,3
39514,0
39515,5
39516,0
39517,2
39518,0
39519,2
39520,2
39521,2
39522,0
39523,5
39524,0
39525,2
39526,2
39527,3
39528,0
39529,2
39530,7
39531,5
39532,3
39533,5
39534,4
39535,2
39536,0
39537,5
39538,5
39539,4
39540,7
39541,1
39542,0
39543,0
39544,2
39545,2
39546,2
39547,2
39548,5
39549,4
39550,4
39551,0
39552,5
39553,2
39554,0
39555,2
39556,2
39557,1
39558,2
39559,6
39560,7
39561,0
39562,7
39563,4
39564,0
39565,0
39566,4
39567,4
39568,0
39569,7
39570,3
39571,0
39572,2
39573,4
39574,3
39575,0
39576,1
39577,0
39578,2
39579,1
39580,7
39581,5
39582,0
39583,0
39584,3
39585,5
39586,2
39587,3
39588,5
39589,5
39590,0
39591,0
39592,5
39593,5
39594,0
39595,2
39596,5
39597,2
39598,0
39599,0
39600,0
39601,4
39602,7
39603,5
39604,6
39605,2
39606,3
39607,0
39608,0
39609,2
39610,1
39611,5
39612,0
39613,5
39614,3
39615,4
39616,4
39617,1
39618,2
39619,0
39620,0
39621,7
39622,5
39623,1
39624,5
39625,0
39626,0
39627,0
39628,2
39629,4
39630,4
39631,2
39632,4
39633,4
39634,1
39635,0
39636,4
39637,2
39638,5
39639,6
39640,6
39641,1
39642,0
39643,5
39644,4
39645,5
39646,1
39647,0
39648,0
39649,1
39650,0
39651,2
39652,4
39653,2
39654,1
39655,7
39656,4
39657,5
39658,1
39659,4
39660,7
39661,3
39662,2
39663,0
39664,7
39665,5
39666,0
39667,2
39668,3
39669,4
39670,7
39671,2
39672,3
39673,2
39674,0
39675,7
39676,5
39677,2
39678,1
39679,3
39680,4
39681,0
39682,5
39683,4
39684,4
39685,2
39686,5
39687,4
39688,7
39689,3
39690,6
39691,1
39692,7
39693,0
39694,2
39695,0
39696,4
39697,4
39698,2
39699,3
39700,5
39701,4
39702,2
39703,0
39704,0
39705,7
39706,6
39707,4
39708,0
39709,0
39710,3
39711,0
39712,4
39713,4
39714,0
39715,0
39716,0
39717,3
39718,7
39719,2
39720,0
39721,2
39722,6
39723,0
39724,2
39725,7
39726,6
39727,4
39728,3
39729,0
39730,2
39731,5
39732,4
39733,0
39734,7
39735,4
39736,7
39737,2
39738,0
39739,5
39740,5
39741,4
39742,3
39743,2
39744,5
39745,4
39746,0
39747,5
39748,2
39749,0
39750,3
39751,5
39752,6
39753,5
39754,1
39755,0
39756,5
39757,2
39758,0
39759,7
39760,7
39761,0
39762,4
39763,3
39764,0
39765,5
39766,4
39767,4
39768,4
39769,2
39770,4
39771,0
39772,7
39773,2
39774,0
39775,5
39776,7
39777,2
39778,0
39779,2
39780,0
39781,6
39782,2
39783,7
39784,0
39785,7
39786,2
39787,3
39788,5
39789,0
39790,4
39791,0
39792,5
39793,4
39794,0
39795,2
39796,2
39797,0
39798,0
39799,2
39800,6
39801,5
39802,4
39803,1
39804,2
39805,2
39806,0
39807,0
39808,2
39809,6
39810,0
39811,6
39812,0
39813,2
39814,5
39815,7
39816,6
39817,4
39818,2
39819,3
39820,1
39821,7
39822,5
39823,5
39824,0
39825,4
39826,5
39827,3
39828,4
39829,6
39830,7
39831,7
39832,7
39833,7
39834,7
39835,6
39836,4
39837,0
39838,0
39839,7
39840,4
39841,7
39842,6
39843,5
39844,2
39845,0
39846,0
39847,2
39848,0
39849,5
39850,2
39851,2
39852,4
39853,7
39854,0
39855,0
39856,2
39857,0
39858,7
39859,0
39860,2
39861,0
39862,3
39863,5
39864,0
39865,1
39866,5
39867,2
39868,5
39869,7
39870,0
39871,0
39872,2
39873,0
39874,7
39875,0
39876,4
39877,1
39878,3
39879,4
39880,0
39881,0
39882,3
39883,0
39884,1
39885,0
39886,0
39887,3
39888,4
39889,6
39890,5
39891,2
39892,1
39893,1
39894,3
39895,5
39896,6
39897,4
39898,1
39899,2
39900,2
39901,3
39902,4
39903,6
39904,6
39905,4
39906,7
39907,2
39908,7
39909,0
39910,0
39911,2
39912,4
39913,5
39914,7
39915,7
39916,2
39917,2
39918,2
39919,1
39920,6
39921,1
39922,4
39923,5
39924,3
39925,4
39926,0
39927,6
39928,5
39929,0
39930,0
39931,0
39932,4
39933,2
39934,7
39935,2
39936,0
39937,2
39938,5
39939,2
39940,1
39941,5
39942,2
39943,1
39944,2
39945,0
39946,3
39947,7
39948,4
39949,5
39950,0
39951,7
39952,2
39953,4
39954,0
39955,0
39956,0
39957,1
39958,2
39959,7
39960,7
39961,2
39962,0
39963,0
39964,3
39965,7
39966,5
39967,5
39968,0
39969,4
39970,0
39971,1
39972,0
39973,0
39974,0
39975,5
39976,7
39977,4
39978,6
39979,1
39980,5
39981,0
39982,2
39983,4
39984,7
39985,4
39986,5
39987,4
39988,4
39989,7
39990,4
39991,0
39992,5
39993,0
39994,3
39995,5
39996,2
39997,2
39998,4
39999,0
40000,0
40001,7
40002,2
40003,4
40004,5
40005,0
40006,5
40007,5
40008,4
40009,0
40010,0
40011,6
40012,4
40013,4
40014,4
40015,0
40016,0
40017,4
40018,0
40019,6
40020,0
40021,0
40022,7
40023,6
40024,1
40025,4
40026,7
40027,4
40028,7
40029,7
40030,0
40031,5
40032,2
40033,0
40034,7
40035,0
40036,2
40037,0
40038,2
40039,0
40040,0
40041,5
40042,0
40043,0
40044,2
40045,4
40046,4
40047,2
40048,4
40049,7
40050,5
40051,5
40052,4
40053,0
40054,3
40055,5
40056,2
40057,0
40058,5
40059,2
40060,5
40061,4
40062,2
40063,2
40064,4
40065,4
40066,3
40067,0
40068,1
40069,5
40070,7
40071,0
40072,6
40073,1
40074,0
40075,4
40076,4
40077,0
40078,0
40079,0
40080,0
40081,3
40082,4
40083,4
40084,0
40085,4
40086,0
40087,3
40088,6
40089,5
40090,5
40091,3
40092,3
40093,2
40094,5
40095,5
40096,1
40097,0
40098,3
40099,4
40100,0
40101,2
40102,5
40103,4
40104,1
40105,0
40106,2
40107,0
40108,2
40109,0
40110,0
40111,1
40112,3
40113,2
40114,0
40115,2
40116,2
40117,2
40118,3
40119,5
40120,1
40121,4
40122,6
40123,5
40124,4
40125,2
40126,1
40127,7
40128,5
40129,1
40130,7
40131,7
40132,5
40133,4
40134,4
40135,4
40136,1
40137,6
40138,7
40139,5
40140,2
40141,2
40142,7
40143,2
40144,7
40145,3
40146,4
40147,7
40148,2
40149,0
40150,0
40151,2
40152,5
40153,7
40154,3
40155,5
40156,3
40157,0
40158,2
40159,1
40160,1
40161,4
40162,0
40163,5
40164,7
40165,4
40166,5
40167,7
40168,4
40169,5
40170,4
40171,1
40172,0
40173,2
40174,3
40175,4
40176,5
40177,4
40178,0
40179,2
40180,5
40181,0
40182,3
40183,2
40184,4
40185,7
40186,3
40187,3
40188,4
40189,4
40190,7
40191,7
40192,0
40193,0
40194,2
40195,2
40196,2
40197,4
40198,7
40199,5
40200,5
40201,0
40202,2
40203,1
40204,6
40205,5
40206,7
40207,4
40208,7
40209,2
40210,0
40211,7
40212,4
40213,2
40214,2
40215,3
40216,1
40217,0
40218,4
40219,2
40220,2
40221,0
40222,7
40223,6
40224,0
40225,0
40226,2
40227,5
40228,4
40229,2
40230,3
40231,2
40232,0
40233,0
40234,7
40235,4
40236,5
40237,2
40238,4
40239,2
40240,5
40241,4
40242,3
40243,4
40244,0
40245,2
40246,2
40247,0
40248,5
40249,5
40250,7
40251,5
40252,1
40253,2
40254,5
40255,2
40256,2
40257,2
40258,3
40259,5
40260,4
40261,2
40262,5
40263,1
40264,1
40265,4
40266,7
40267,2
40268,7
40269,2
40270,5
40271,2
40272,6
40273,5
40274,5
40275,1
40276,4
40277,4
40278,4
40279,3
40280,2
40281,4
40282,7
40283,0
40284,0
40285,7
40286,5
40287,5
40288,3
40289,5
40290,4
40291,2
40292,6
40293,0
40294,7
40295,7
40296,0
40297,1
40298,7
40299,5
40300,5
40301,2
40302,5
40303,2
40304,0
40305,7
40306,0
40307,2
40308,2
40309,1
40310,1
40311,4
40312,6
40313,5
40314,1
40315,7
40316,4
40317,5
40318,4
40319,2
40320,4
40321,0
40322,4
40323,0
40324,2
40325,3
40326,6
40327,0
40328,3
40329,7
40330,5
40331,0
40332,1
40333,0
40334,2
40335,5
40336,4
40337,3
40338,2
40339,4
40340,3
40341,5
40342,7
40343,0
40344,0
40345,2
40346,5
40347,2
40348,3
40349,7
40350,5
40351,0
40352,1
40353,1
40354,7
40355,1
40356,0
40357,2
40358,0
40359,7
40360,0
40361,4
40362,0
40363,5
40364,3
40365,0
40366,7
40367,1
40368,5
40369,3
40370,0
40371,4
40372,6
40373,4
40374,2
40375,4
40376,5
40377,7
40378,3
40379,7
40380,5
40381,3
40382,0
40383,2
40384,5
40385,2
40386,2
40387,4
40388,7
40389,0
40390,2
40391,0
40392,0
40393,4
40394,4
40395,0
40396,1
40397,4
40398,3
40399,5
40400,2
40401,5
40402,0
40403,2
40404,7
40405,4
40406,0
40407,6
40408,7
40409,6
40410,5
40411,5
40412,7
40413,2
40414,2
40415,1
40416,7
40417,2
40418,4
40419,3
40420,5
40421,0
40422,3
40423,4
40424,5
40425,4
40426,5
40427,6
40428,1
40429,5
40430,7
40431,1
40432,5
40433,4
40434,5
40435,7
40436,3
40437,0
40438,0
40439,1
40440,0
40441,4
40442,2
40443,4
40444,4
40445,1
40446,0
40447,4
40448,2
40449,2
40450,2
40451,7
40452,2
40453,4
40454,2
40455,4
40456,6
40457,4
40458,5
40459,3
40460,5
40461,2
40462,2
40463,0
40464,4
40465,2
40466,2
40467,0
40468,4
40469,0
40470,4
40471,1
40472,5
40473,0
40474,2
40475,6
40476,7
40477,0
40478,4
40479,6
40480,6
40481,3
40482,4
40483,4
40484,7
40485,4
40486,6
40487,7
40488,7
40489,4
40490,4
40491,7
40492,0
40493,0
40494,4
40495,0
40496,3
40497,4
40498,2
40499,2
40500,0
40501,3
40502,3
40503,2
40504,7
40505,0
40506,0
40507,0
40508,6
40509,2
40510,4
40511,0
40512,4
40513,0
40514,2
40515,1
40516,2
40517,2
40518,0
40519,3
40520,2
40521,2
40522,5
40523,4
40524,5
40525,4
40526,4
40527,7
40528,0
40529,4
40530,0
40531,5
40532,5
40533,2
40534,5
40535,4
40536,3
40537,4
40538,0
40539,7
40540,3
40541,7
40542,0
40543,7
40544,0
40545,4
40546,2
40547,0
40548,0
40549,4
40550,0
40551,4
40552,2
40553,2
40554,4
40555,0
40556,5
40557,5
40558,6
40559,2
40560,2
40561,2
40562,3
40563,4
40564,2
40565,7
40566,5
40567,0
40568,6
40569,4
40570,3
40571,5
40572,1
40573,6
40574,1
40575,7
40576,6
40577,5
40578,5
40579,0
40580,0
40581,3
40582,4
40583,2
40584,4
40585,4
40586,5
40587,3
40588,0
40589,0
40590,7
40591,4
40592,0
40593,4
40594,4
40595,4
40596,3
40597,0
40598,0
40599,0
40600,5
40601,7
40602,0
40603,7
40604,4
40605,2
40606,0
40607,5
40608,1
40609,4
40610,2
40611,0
40612,4
40613,5
40614,4
40615,2
40616,4
40617,5
40618,0
40619,7
40620,2
40621,4
40622,7
40623,6
40624,2
40625,0
40626,4
40627,1
40628,7
40629,0
40630,6
40631,0
40632,4
40633,0
40634,0
40635,2
40636,2
40637,5
40638,3
40639,5
40640,3
40641,0
40642,5
40643,4
40644,2
40645,5
40646,5
40647,4
40648,6
40649,4
40650,7
40651,5
40652,2
40653,4
40654,4
40655,2
40656,2
40657,7
40658,7
40659,0
40660,6
40661,0
40662,5
40663,0
40664,0
40665,0
40666,1
40667,0
40668,6
40669,5
40670,4
40671,7
40672,0
40673,5
40674,6
40675,0
40676,2
40677,6
40678,0
40679,4
40680,2
40681,5
40682,4
40683,2
40684,1
40685,7
40686,7
40687,0
40688,2
40689,2
40690,5
40691,6
40692,3
40693,4
40694,1
40695,2
40696,5
40697,4
40698,0
40699,4
40700,5
40701,7
40702,7
40703,0
40704,7
40705,4
40706,2
40707,2
40708,0
40709,6
40710,2
40711,2
40712,2
40713,7
40714,2
40715,0
40716,7
40717,0
40718,7
40719,2
40720,6
40721,6
40722,0
40723,2
40724,6
40725,4
40726,2
40727,4
40728,5
40729,5
40730,1
40731,0
40732,0
40733,7
40734,4
40735,4
40736,4
40737,0
40738,0
40739,7
40740,4
40741,0
40742,5
40743,5
40744,7
40745,4
40746,1
40747,1
40748,4
40749,3
40750,7
40751,4
40752,4
40753,2
40754,0
40755,6
40756,2
40757,3
40758,2
40759,0
40760,0
40761,5
40762,5
40763,7
40764,0
40765,2
40766,0
40767,2
40768,6
40769,5
40770,0
40771,4
40772,1
40773,1
40774,0
40775,4
40776,0
40777,5
40778,2
40779,0
40780,5
40781,6
40782,4
40783,7
40784,7
40785,0
40786,0
40787,5
40788,5
40789,7
40790,6
40791,1
40792,5
40793,3
40794,5
40795,1
40796,2
40797,2
40798,0
40799,5
40800,2
40801,4
40802,0
40803,0
40804,4
40805,5
40806,5
40807,3
40808,7
40809,0
40810,7
40811,7
40812,2
40813,1
40814,5
40815,2
40816,7
40817,2
40818,7
40819,0
40820,2
40821,0
40822,2
40823,7
40824,0
40825,2
40826,4
40827,3
40828,2
40829,1
40830,7
40831,2
40832,0
40833,5
40834,4
40835,0
40836,4
40837,1
40838,0
40839,0
40840,5
40841,7
40842,7
40843,0
40844,0
40845,0
40846,2
40847,7
40848,7
40849,1
40850,4
40851,7
40852,3
40853,5
40854,4
40855,1
40856,5
40857,0
40858,0
40859,0
40860,5
40861,3
40862,6
40863,2
40864,6
40865,5
40866,6
40867,2
40868,2
40869,2
40870,1
40871,4
40872,4
40873,0
40874,3
40875,5
40876,2
40877,0
40878,0
40879,5
40880,3
40881,7
40882,4
40883,4
40884,5
40885,4
40886,5
40887,4
40888,4
40889,0
40890,5
40891,5
40892,2
40893,0
40894,0
40895,4
40896,7
40897,4
40898,7
40899,7
40900,4
40901,3
40902,0
40903,0
40904,0
40905,5
40906,7
40907,0
40908,0
40909,2
40910,0
40911,2
40912,4
40913,4
40914,1
40915,0
40916,3
40917,0
40918,2
40919,0
40920,7
40921,5
40922,3
40923,1
40924,2
40925,0
40926,4
40927,2
40928,1
40929,5
40930,0
40931,5
40932,3
40933,7
40934,5
40935,0
40936,2
40937,3
40938,2
40939,3
40940,0
40941,7
40942,0
40943,7
40944,5
40945,7
40946,5
40947,2
40948,2
40949,5
40950,5
40951,0
40952,0
40953,0
40954,5
40955,2
40956,7
40957,2
40958,2
40959,0
40960,4
40961,4
40962,5
40963,7
40964,5
40965,1
40966,0
40967,1
40968,3
40969,0
40970,0
40971,2
40972,5
40973,3
40974,4
40975,0
40976,0
40977,2
40978,1
40979,1
40980,0
40981,4
40982,4
40983,4
40984,5
40985,3
40986,3
40987,7
40988,2
40989,0
40990,4
40991,0
40992,0
40993,0
40994,1
40995,4
40996,2
40997,5
40998,4
40999,5
41000,2
41001,0
41002,7
41003,2
41004,7
41005,4
41006,5
41007,4
41008,5
41009,4
41010,4
41011,3
41012,7
41013,7
41014,2
41015,1
41016,4
41017,0
41018,4
41019,6
41020,2
41021,2
41022,0
41023,4
41024,4
41025,7
41026,4
41027,2
41028,0
41029,3
41030,0
41031,3
41032,0
41033,4
41034,5
41035,4
41036,0
41037,7
41038,2
41039,7
41040,7
41041,6
41042,2
41043,5
41044,3
41045,4
41046,5
41047,2
41048,7
41049,2
41050,4
41051,4
41052,6
41053,2
41054,7
41055,0
41056,3
41057,2
41058,4
41059,0
41060,3
41061,0
41062,7
41063,4
41064,4
41065,4
41066,2
41067,5
41068,7
41069,1
41070,2
41071,2
41072,1
41073,2
41074,0
41075,2
41076,4
41077,1
41078,1
41079,4
41080,0
41081,7
41082,4
41083,0
41084,2
41085,4
41086,2
41087,5
41088,7
41089,1
41090,5
41091,4
41092,0
41093,5
41094,2
41095,0
41096,4
41097,2
41098,0
41099,4
41100,2
41101,0
41102,2
41103,4
41104,7
41105,2
41106,2
41107,7
41108,0
41109,6
41110,4
41111,2
41112,0
41113,3
41114,7
41115,0
41116,3
41117,2
41118,7
41119,2
41120,0
41121,4
41122,7
41123,2
41124,2
41125,5
41126,1
41127,3
41128,2
41129,4
41130,6
41131,0
41132,0
41133,4
41134,7
41135,2
41136,5
41137,5
41138,4
41139,7
41140,4
41141,5
41142,5
41143,5
41144,6
41145,5
41146,5
41147,7
41148,1
41149,5
41150,7
41151,7
41152,5
41153,2
41154,0
41155,2
41156,0
41157,7
41158,2
41159,4
41160,5
41161,4
41162,2
41163,4
41164,1
41165,7
41166,2
41167,4
41168,3
41169,2
41170,2
41171,0
41172,0
41173,0
41174,0
41175,7
41176,7
41177,3
41178,7
41179,4
41180,2
41181,1
41182,5
41183,4
41184,2
41185,7
41186,0
41187,7
41188,6
41189,0
41190,5
41191,2
41192,5
41193,5
41194,4
41195,3
41196,0
41197,2
41198,6
41199,6
41200,5
41201,6
41202,7
41203,5
41204,7
41205,4
41206,7
41207,7
41208,2
41209,4
41210,4
41211,2
41212,1
41213,0
41214,0
41215,7
41216,7
41217,5
41218,2
41219,0
41220,2
41221,3
41222,4
41223,4
41224,0
41225,6
41226,4
41227,0
41228,5
41229,7
41230,0
41231,0
41232,0
41233,1
41234,7
41235,5
41236,2
41237,2
41238,4
41239,0
41240,0
41241,4
41242,0
41243,5
41244,4
41245,4
41246,5
41247,4
41248,0
41249,5
41250,2
41251,7
41252,3
41253,1
41254,7
41255,4
41256,0
41257,4
41258,5
41259,2
41260,2
41261,2
41262,0
41263,0
41264,0
41265,3
41266,3
41267,5
41268,0
41269,4
41270,7
41271,2
41272,4
41273,0
41274,7
41275,7
41276,4
41277,7
41278,4
41279,2
41280,2
41281,5
41282,4
41283,7
41284,5
41285,4
41286,2
41287,5
41288,3
41289,0
41290,2
41291,2
41292,7
41293,5
41294,3
41295,4
41296,0
41297,3
41298,4
41299,7
41300,5
41301,2
41302,0
41303,3
41304,7
41305,0
41306,2
41307,0
41308,0
41309,0
41310,5
41311,0
41312,1
41313,2
41314,4
41315,4
41316,5
41317,3
41318,0
41319,0
41320,2
41321,2
41322,4
41323,2
41324,4
41325,0
41326,5
41327,5
41328,7
41329,2
41330,4
41331,0
41332,0
41333,4
41334,2
41335,0
41336,5
41337,0
41338,0
41339,2
41340,2
41341,4
41342,7
41343,0
41344,2
41345,5
41346,4
41347,1
41348,3
41349,0
41350,2
41351,3
41352,4
41353,7
41354,0
41355,0
41356,1
41357,6
41358,0
41359,6
41360,3
41361,7
41362,5
41363,7
41364,0
41365,2
41366,1
41367,4
41368,0
41369,1
41370,0
41371,1
41372,7
41373,0
41374,0
41375,4
41376,7
41377,7
41378,0
41379,2
41380,5
41381,7
41382,3
41383,7
41384,0
41385,0
41386,2
41387,2
41388,5
41389,2
41390,0
41391,1
41392,2
41393,2
41394,2
41395,4
41396,2
41397,0
41398,5
41399,0
41400,2
41401,2
41402,0
41403,6
41404,5
41405,6
41406,6
41407,7
41408,2
41409,7
41410,4
41411,4
41412,4
41413,4
41414,5
41415,3
41416,5
41417,5
41418,7
41419,7
41420,4
41421,3
41422,5
41423,4
41424,7
41425,4
41426,1
41427,4
41428,2
41429,0
41430,0
41431,7
41432,7
41433,7
41434,2
41435,2
41436,2
41437,0
41438,5
41439,7
41440,3
41441,3
41442,4
41443,7
41444,6
41445,6
41446,0
41447,4
41448,5
41449,5
41450,2
41451,1
41452,4
41453,6
41454,0
41455,3
41456,6
41457,7
41458,1
41459,4
41460,2
41461,5
41462,5
41463,7
41464,2
41465,5
41466,4
41467,2
41468,4
41469,3
41470,5
41471,4
41472,1
41473,2
41474,2
41475,4
41476,0
41477,7
41478,5
41479,7
41480,0
41481,4
41482,5
41483,0
41484,0
41485,4
41486,2
41487,5
41488,6
41489,5
41490,7
41491,5
41492,0
41493,1
41494,3
41495,5
41496,4
41497,2
41498,0
41499,4
41500,4
41501,0
41502,0
41503,0
41504,0
41505,2
41506,2
41507,0
41508,0
41509,3
41510,0
41511,4
41512,0
41513,4
41514,5
41515,5
41516,2
41517,4
41518,2
41519,3
41520,5
41521,6
41522,0
41523,4
41524,0
41525,5
41526,3
41527,3
41528,2
41529,5
41530,2
41531,0
41532,3
41533,2
41534,4
41535,0
41536,4
41537,4
41538,5
41539,2
41540,6
41541,0
41542,2
41543,2
41544,5
41545,3
41546,7
41547,4
41548,2
41549,0
41550,0
41551,4
41552,4
41553,3
41554,3
41555,6
41556,5
41557,6
41558,3
41559,2
41560,2
41561,7
41562,0
41563,7
41564,0
41565,6
41566,5
41567,4
41568,2
41569,1
41570,0
41571,4
41572,7
41573,2
41574,7
41575,4
41576,2
41577,0
41578,2
41579,4
41580,7
41581,4
41582,3
41583,5
41584,1
41585,2
41586,4
41587,5
41588,2
41589,1
41590,2
41591,4
41592,7
41593,2
41594,1
41595,5
41596,1
41597,4
41598,0
41599,7
41600,5
41601,0
41602,4
41603,2
41604,0
41605,0
41606,3
41607,7
41608,1
41609,4
41610,3
41611,5
41612,2
41613,1
41614,5
41615,2
41616,1
41617,7
41618,5
41619,0
41620,5
41621,0
41622,2
41623,4
41624,0
41625,2
41626,5
41627,4
41628,1
41629,2
41630,2
41631,0
41632,2
41633,5
41634,2
41635,5
41636,0
41637,2
41638,7
41639,0
41640,4
41641,0
41642,2
41643,7
41644,5
41645,5
41646,4
41647,0
41648,2
41649,0
41650,0
41651,5
41652,0
41653,3
41654,0
41655,4
41656,2
41657,0
41658,7
41659,7
41660,0
41661,1
41662,6
41663,1
41664,1
41665,7
41666,7
41667,1
41668,2
41669,4
41670,0
41671,4
41672,6
41673,0
41674,7
41675,3
41676,4
41677,7
41678,4
41679,2
41680,0
41681,2
41682,1
41683,5
41684,2
41685,0
41686,4
41687,4
41688,4
41689,0
41690,0
41691,5
41692,4
41693,0
41694,5
41695,3
41696,4
41697,5
41698,5
41699,5
41700,1
41701,7
41702,7
41703,0
41704,6
41705,6
41706,2
41707,2
41708,4
41709,6
41710,5
41711,0
41712,2
41713,5
41714,0
41715,1
41716,3
41717,2
41718,3
41719,7
41720,1
41721,0
41722,5
41723,2
41724,4
41725,7
41726,0
41727,7
41728,2
41729,5
41730,2
41731,4
41732,1
41733,4
41734,2
41735,7
41736,4
41737,0
41738,2
41739,0
41740,2
41741,3
41742,7
41743,6
41744,0
41745,4
41746,4
41747,6
41748,7
41749,7
41750,2
41751,7
41752,0
41753,7
41754,0
41755,0
41756,5
41757,4
41758,6
41759,1
41760,4
41761,0
41762,7
41763,3
41764,7
41765,2
41766,6
41767,4
41768,2
41769,7
41770,4
41771,7
41772,0
41773,3
41774,7
41775,0
41776,2
41777,2
41778,0
41779,7
41780,0
41781,4
41782,0
41783,4
41784,3
41785,6
41786,4
41787,4
41788,0
41789,1
41790,5
41791,1
41792,7
41793,3
41794,1
41795,0
41796,2
41797,1
41798,2
41799,0
41800,2
41801,0
41802,3
41803,5
41804,4
41805,7
41806,4
41807,5
41808,3
41809,3
41810,3
41811,7
41812,0
41813,5
41814,7
41815,5
41816,0
41817,0
41818,7
41819,5
41820,0
41821,0
41822,7
41823,6
41824,4
41825,4
41826,3
41827,7
41828,2
41829,4
41830,3
41831,3
41832,0
41833,6
41834,0
41835,4
41836,5
41837,7
41838,0
41839,0
41840,6
41841,2
41842,2
41843,7
41844,1
41845,5
41846,2
41847,5
41848,3
41849,4
41850,5
41851,2
41852,0
41853,0
41854,1
41855,2
41856,4
41857,6
41858,0
41859,4
41860,7
41861,0
41862,2
41863,2
41864,6
41865,4
41866,1
41867,1
41868,7
41869,7
41870,5
41871,0
41872,5
41873,7
41874,2
41875,4
41876,2
41877,5
41878,5
41879,3
41880,0
41881,4
41882,7
41883,4
41884,5
41885,7
41886,4
41887,0
41888,2
41889,6
41890,2
41891,2
41892,5
41893,4
41894,7
41895,5
41896,3
41897,0
41898,4
41899,7
41900,3
41901,1
41902,4
41903,2
41904,5
41905,3
41906,0
41907,5
41908,6
41909,2
41910,3
41911,5
41912,0
41913,2
41914,0
41915,7
41916,0
41917,4
41918,0
41919,0
41920,4
41921,2
41922,7
41923,2
41924,0
41925,6
41926,4
41927,4
41928,2
41929,0
41930,4
41931,0
41932,2
41933,0
41934,0
41935,2
41936,2
41937,1
41938,0
41939,0
41940,2
41941,4
41942,7
41943,2
41944,5
41945,2
41946,3
41947,0
41948,7
41949,2
41950,2
41951,1
41952,4
41953,2
41954,2
41955,5
41956,0
41957,0
41958,0
41959,4
41960,6
41961,2
41962,4
41963,4
41964,2
41965,7
41966,3
41967,6
41968,2
41969,7
41970,5
41971,3
41972,4
41973,7
41974,0
41975,7
41976,1
41977,0
41978,4
41979,3
41980,7
41981,0
41982,4
41983,2
41984,2
41985,2
41986,0
41987,7
41988,7
41989,3
41990,7
41991,7
41992,4
41993,2
41994,4
41995,4
41996,2
41997,5
41998,7
41999,5
42000,7
42001,2
42002,3
42003,4
42004,5
42005,0
42006,5
42007,4
42008,7
42009,4
42010,2
42011,7
42012,5
42013,4
42014,3
42015,7
42016,1
42017,2
42018,4
42019,0
42020,4
42021,2
42022,3
42023,0
42024,0
42025,3
42026,4
42027,4
42028,5
42029,3
42030,4
42031,0
42032,2
42033,0
42034,6
42035,5
42036,3
42037,3
42038,6
42039,2
42040,0
42041,7
42042,0
42043,2
42044,2
42045,3
42046,2
42047,5
42048,3
42049,0
42050,0
42051,2
42052,0
42053,4
42054,0
42055,6
42056,1
42057,5
42058,3
42059,4
42060,2
42061,7
42062,2
42063,7
42064,3
42065,7
42066,1
42067,0
42068,4
42069,6
42070,2
42071,3
42072,4
42073,0
42074,4
42075,0
42076,4
42077,2
42078,4
42079,7
42080,3
42081,2
42082,5
42083,5
42084,7
42085,4
42086,1
42087,5
42088,0
42089,5
42090,2
42091,0
42092,7
42093,0
42094,0
42095,4
42096,5
42097,4
42098,5
42099,5
42100,7
42101,2
42102,5
42103,3
42104,0
42105,2
42106,4
42107,0
42108,0
42109,2
42110,7
42111,0
42112,4
42113,4
42114,2
42115,0
42116,4
42117,2
42118,4
42119,0
42120,7
42121,6
42122,1
42123,7
42124,2
42125,7
42126,3
42127,3
42128,3
42129,0
42130,7
42131,7
42132,7
42133,7
42134,0
42135,5
42136,0
42137,5
42138,0
42139,7
42140,6
42141,5
42142,5
42143,4
42144,7
42145,4
42146,2
42147,6
42148,4
42149,0
42150,2
42151,7
42152,7
42153,5
42154,1
42155,5
42156,7
42157,5
42158,2
42159,7
42160,7
42161,2
42162,4
42163,5
42164,7
42165,4
42166,0
42167,2
42168,5
42169,2
42170,3
42171,1
42172,0
42173,0
42174,2
42175,0
42176,1
42177,0
42178,1
42179,0
42180,0
42181,7
42182,6
42183,2
42184,5
42185,5
42186,2
42187,6
42188,1
42189,1
42190,0
42191,2
42192,0
42193,0
42194,0
42195,6
42196,4
42197,2
42198,0
42199,4
42200,3
42201,2
42202,7
42203,0
42204,1
42205,5
42206,6
42207,0
42208,0
42209,3
42210,5
42211,4
42212,0
42213,0
42214,1
42215,4
42216,4
42217,0
42218,5
42219,4
42220,5
42221,4
42222,5
42223,7
42224,7
42225,0
42226,2
42227,4
42228,2
42229,1
42230,5
42231,0
42232,5
42233,1
42234,2
42235,4
42236,7
42237,4
42238,3
42239,0
42240,0
42241,5
42242,0
42243,2
42244,4
42245,5
42246,2
42247,7
42248,6
42249,2
42250,0
42251,0
42252,2
42253,0
42254,0
42255,5
42256,7
42257,2
42258,0
42259,7
42260,6
42261,0
42262,2
42263,2
42264,0
42265,4
42266,1
42267,2
42268,0
42269,7
42270,2
42271,0
42272,0
42273,4
42274,7
42275,4
42276,7
42277,5
42278,4
42279,2
42280,3
42281,2
42282,4
42283,7
42284,7
42285,4
42286,7
42287,0
42288,4
42289,7
42290,2
42291,2
42292,3
42293,2
42294,7
42295,5
42296,0
42297,4
42298,5
42299,1
42300,5
42301,7
42302,3
42303,2
42304,2
42305,0
42306,4
42307,2
42308,2
42309,0
42310,6
42311,1
42312,4
42313,7
42314,7
42315,5
42316,0
42317,0
42318,2
42319,5
42320,1
42321,0
42322,7
42323,2
42324,2
42325,0
42326,0
42327,3
42328,7
42329,6
42330,0
42331,0
42332,5
42333,3
42334,7
42335,1
42336,4
42337,0
42338,6
42339,3
42340,7
42341,2
42342,4
42343,4
42344,7
42345,3
42346,3
42347,7
42348,5
42349,5
42350,2
42351,4
42352,6
42353,3
42354,6
42355,4
42356,4
42357,5
42358,4
42359,6
42360,2
42361,7
42362,0
42363,0
42364,6
42365,5
42366,4
42367,5
42368,4
42369,2
42370,1
42371,2
42372,5
42373,2
42374,5
42375,0
42376,1
42377,2
42378,2
42379,1
42380,3
42381,7
42382,6
42383,4
42384,7
42385,6
42386,7
42387,4
42388,4
42389,2
42390,2
42391,0
42392,2
42393,3
42394,2
42395,2
42396,0
42397,1
42398,5
42399,2
42400,2
42401,2
42402,2
42403,0
42404,2
42405,0
42406,6
42407,2
42408,3
42409,0
42410,7
42411,7
42412,5
42413,4
42414,0
42415,0
42416,4
42417,4
42418,0
42419,2
42420,0
42421,7
42422,7
42423,4
42424,2
42425,5
42426,7
42427,2
42428,0
42429,6
42430,5
42431,0
42432,5
42433,2
42434,0
42435,7
42436,0
42437,3
42438,6
42439,4
42440,2
42441,0
42442,0
42443,3
42444,6
42445,1
42446,4
42447,1
42448,6
42449,0
42450,0
42451,4
42452,5
42453,0
42454,0
42455,7
42456,0
42457,0
42458,0
42459,4
42460,7
42461,2
42462,3
42463,2
42464,0
42465,1
42466,0
42467,7
42468,0
42469,3
42470,7
42471,4
42472,2
42473,6
42474,2
42475,7
42476,6
42477,1
42478,2
42479,2
42480,0
42481,1
42482,0
42483,0
42484,4
42485,1
42486,2
42487,5
42488,5
42489,4
42490,0
42491,4
42492,4
42493,4
42494,1
42495,2
42496,3
42497,7
42498,0
42499,2
42500,4
42501,0
42502,1
42503,2
42504,5
42505,4
42506,5
42507,5
42508,2
42509,5
42510,0
42511,0
42512,7
42513,2
42514,2
42515,4
42516,2
42517,2
42518,5
42519,2
42520,0
42521,2
42522,0
42523,6
42524,2
42525,0
42526,7
42527,4
42528,7
42529,0
42530,2
42531,7
42532,3
42533,7
42534,0
42535,2
42536,6
42537,2
42538,4
42539,2
42540,4
42541,5
42542,5
42543,0
42544,0
42545,3
42546,2
42547,2
42548,2
42549,4
42550,0
42551,7
42552,2
42553,3
42554,2
42555,1
42556,0
42557,4
42558,0
42559,2
42560,0
42561,0
42562,4
42563,0
42564,7
42565,1
42566,4
42567,3
42568,1
42569,0
42570,0
42571,7
42572,2
42573,4
42574,5
42575,2
42576,0
42577,4
42578,0
42579,4
42580,7
42581,0
42582,4
42583,0
42584,0
42585,5
42586,2
42587,0
42588,4
42589,6
42590,0
42591,4
42592,2
42593,0
42594,0
42595,7
42596,4
42597,5
42598,5
42599,0
42600,4
42601,6
42602,2
42603,4
42604,7
42605,6
42606,5
42607,5
42608,3
42609,2
42610,2
42611,7
42612,7
42613,2
42614,7
42615,0
42616,2
42617,4
42618,7
42619,7
42620,2
42621,0
42622,2
42623,5
42624,5
42625,2
42626,0
42627,2
42628,4
42629,4
42630,1
42631,7
42632,4
42633,7
42634,0
42635,0
42636,5
42637,5
42638,5
42639,2
42640,7
42641,5
42642,7
42643,5
42644,6
42645,4
42646,0
42647,4
42648,4
42649,3
42650,0
42651,7
42652,7
42653,4
42654,4
42655,1
42656,2
42657,4
42658,0
42659,3
42660,5
42661,4
42662,4
42663,0
42664,0
42665,2
42666,6
42667,5
42668,5
42669,4
42670,4
42671,0
42672,1
42673,5
42674,2
42675,2
42676,7
42677,4
42678,0
42679,0
42680,4
42681,2
42682,0
42683,1
42684,3
42685,3
42686,5
42687,0
42688,0
42689,4
42690,0
42691,0
42692,0
42693,0
42694,2
42695,2
42696,7
42697,4
42698,5
42699,2
42700,6
42701,7
42702,5
42703,4
42704,5
42705,4
42706,6
42707,4
42708,2
42709,2
42710,5
42711,4
42712,5
42713,7
42714,5
42715,2
42716,5
42717,2
42718,4
42719,3
42720,5
42721,4
42722,5
42723,2
42724,4
42725,2
42726,5
42727,4
42728,6
42729,2
42730,5
42731,1
42732,2
42733,0
42734,0
42735,2
42736,3
42737,4
42738,0
42739,1
42740,1
42741,0
42742,3
42743,4
42744,5
42745,2
42746,0
42747,0
42748,5
42749,0
42750,1
42751,0
42752,7
42753,2
42754,0
42755,4
42756,7
42757,0
42758,0
42759,0
42760,2
42761,5
42762,3
42763,7
42764,2
42765,4
42766,0
42767,4
42768,4
42769,3
42770,4
42771,0
42772,1
42773,2
42774,6
42775,4
42776,1
42777,5
42778,4
42779,6
42780,0
42781,0
42782,7
42783,2
42784,2
42785,5
42786,4
42787,7
42788,0
42789,7
42790,0
42791,5
42792,4
42793,0
42794,0
42795,0
42796,5
42797,1
42798,7
42799,0
42800,0
42801,5
42802,5
42803,4
42804,2
42805,3
42806,5
42807,3
42808,7
42809,3
42810,6
42811,2
42812,2
42813,2
42814,1
42815,7
42816,4
42817,0
42818,2
42819,1
42820,7
42821,4
42822,6
42823,1
42824,0
42825,3
42826,0
42827,5
42828,5
42829,1
42830,0
42831,7
42832,0
42833,7
42834,2
42835,7
42836,5
42837,0
42838,4
42839,4
42840,2
42841,7
42842,2
42843,0
42844,2
42845,5
42846,2
42847,3
42848,4
42849,4
42850,1
42851,0
42852,2
42853,7
42854,0
42855,6
42856,4
42857,5
42858,5
42859,7
42860,5
42861,0
42862,0
42863,5
42864,0
42865,3
42866,5
42867,4
42868,4
42869,0
42870,5
42871,7
42872,7
42873,7
42874,0
42875,2
42876,0
42877,0
42878,1
42879,2
42880,0
42881,5
42882,6
42883,4
42884,6
42885,2
42886,4
42887,5
42888,4
42889,7
42890,0
42891,1
42892,2
42893,5
42894,7
42895,3
42896,4
42897,3
42898,6
42899,0
42900,4
42901,4
42902,2
42903,0
42904,2
42905,7
42906,0
42907,5
42908,2
42909,7
42910,0
42911,6
42912,5
42913,2
42914,5
42915,1
42916,5
42917,7
42918,5
42919,4
42920,2
42921,3
42922,4
42923,2
42924,0
42925,0
42926,1
42927,1
42928,4
42929,7
42930,2
42931,6
42932,7
42933,0
42934,4
42935,6
42936,7
42937,5
42938,0
42939,2
42940,3
42941,4
42942,5
42943,5
42944,1
42945,5
42946,2
42947,4
42948,4
42949,5
42950,2
42951,2
42952,4
42953,5
42954,3
42955,0
42956,2
42957,2
42958,2
42959,5
42960,0
42961,2
42962,2
42963,4
42964,2
42965,3
42966,0
42967,6
42968,2
42969,4
42970,2
42971,5
42972,7
42973,2
42974,7
42975,0
42976,0
42977,5
42978,0
42979,7
42980,2
42981,7
42982,3
42983,5
42984,0
42985,4
42986,0
42987,0
42988,4
42989,5
42990,2
42991,2
42992,0
42993,0
42994,0
42995,7
42996,7
42997,3
42998,2
42999,5
43000,3
43001,3
43002,4
43003,7
43004,7
43005,4
43006,7
43007,2
43008,1
43009,4
43010,0
43011,7
43012,0
43013,0
43014,4
43015,2
43016,6
43017,6
43018,0
43019,6
43020,4
43021,4
43022,7
43023,2
43024,0
43025,4
43026,0
43027,5
43028,0
43029,4
43030,0
43031,0
43032,4
43033,4
43034,3
43035,0
43036,0
43037,0
43038,4
43039,5
43040,7
43041,5
43042,0
43043,3
43044,2
43045,5
43046,2
43047,5
43048,5
43049,0
43050,0
43051,3
43052,4
43053,0
43054,5
43055,0
43056,2
43057,1
43058,1
43059,5
43060,7
43061,5
43062,4
43063,0
43064,4
43065,5
43066,3
43067,4
43068,4
43069,5
43070,2
43071,4
43072,1
43073,4
43074,5
43075,5
43076,7
43077,4
43078,4
43079,7
43080,3
43081,6
43082,0
43083,4
43084,1
43085,2
43086,5
43087,1
43088,2
43089,5
43090,4
43091,4
43092,6
43093,0
43094,7
43095,4
43096,7
43097,5
43098,2
43099,2
43100,2
43101,6
43102,0
43103,7
43104,3
43105,6
43106,2
43107,2
43108,1
43109,0
43110,7
43111,3
43112,6
43113,2
43114,5
43115,2
43116,4
43117,4
43118,4
43119,3
43120,5
43121,1
43122,4
43123,5
43124,7
43125,0
43126,7
43127,4
43128,5
43129,1
43130,1
43131,7
43132,1
43133,7
43134,1
43135,3
43136,0
43137,4
43138,7
43139,4
43140,5
43141,3
43142,0
43143,0
43144,4
43145,0
43146,6
43147,2
43148,4
43149,4
43150,1
43151,1
43152,2
43153,3
43154,0
43155,2
43156,7
43157,4
43158,0
43159,3
43160,2
43161,0
43162,3
43163,4
43164,5
43165,4
43166,3
43167,4
43168,2
43169,2
43170,4
43171,1
43172,5
43173,7
43174,6
43175,5
43176,4
43177,5
43178,5
43179,0
43180,4
43181,3
43182,0
43183,0
43184,7
43185,3
43186,4
43187,4
43188,5
43189,6
43190,0
43191,4
43192,2
43193,0
43194,6
43195,0
43196,2
43197,5
43198,0
43199,5
43200,7
43201,5
43202,0
43203,5
43204,3
43205,4
43206,7
43207,3
43208,7
43209,2
43210,1
43211,5
43212,2
43213,1
43214,0
43215,5
43216,3
43217,2
43218,2
43219,3
43220,0
43221,3
43222,3
43223,5
43224,7
43225,2
43226,4
43227,2
43228,0
43229,0
43230,2
43231,6
43232,5
43233,5
43234,0
43235,1
43236,0
43237,7
43238,4
43239,2
43240,4
43241,5
43242,4
43243,7
43244,0
43245,4
43246,5
43247,4
43248,5
43249,2
43250,5
43251,6
43252,4
43253,0
43254,4
43255,0
43256,3
43257,0
43258,5
43259,0
43260,2
43261,6
43262,2
43263,7
43264,7
43265,4
43266,5
43267,7
43268,3
43269,7
43270,5
43271,7
43272,5
43273,7
43274,2
43275,5
43276,0
43277,0
43278,4
43279,0
43280,5
43281,3
43282,0
43283,0
43284,2
43285,2
43286,5
43287,7
43288,0
43289,0
43290,5
43291,2
43292,0
43293,0
43294,2
43295,4
43296,7
43297,2
43298,7
43299,5
43300,7
43301,0
43302,2
43303,7
43304,5
43305,1
43306,2
43307,7
43308,2
43309,0
43310,2
43311,7
43312,4
43313,4
43314,0
43315,5
43316,3
43317,5
43318,5
43319,1
43320,0
43321,2
43322,0
43323,0
43324,0
43325,5
43326,2
43327,1
43328,4
43329,1
43330,0
43331,1
43332,0
43333,2
43334,0
43335,2
43336,7
43337,1
43338,7
43339,4
43340,2
43341,6
43342,4
43343,7
43344,7
43345,7
43346,0
43347,7
43348,5
43349,0
43350,0
43351,4
43352,7
43353,5
43354,5
43355,0
43356,6
43357,7
43358,5
43359,2
43360,3
43361,2
43362,0
43363,2
43364,7
43365,1
43366,7
43367,1
43368,1
43369,0
43370,4
43371,4
43372,5
43373,4
43374,6
43375,5
43376,5
43377,5
43378,4
43379,3
43380,1
43381,6
43382,5
43383,7
43384,7
43385,4
43386,4
43387,0
43388,0
43389,5
43390,0
43391,2
43392,2
43393,5
43394,3
43395,1
43396,0
43397,5
43398,5
43399,4
43400,4
43401,1
43402,4
43403,2
43404,2
43405,4
43406,5
43407,2
43408,5
43409,0
43410,7
43411,2
43412,6
43413,2
43414,3
43415,7
43416,4
43417,6
43418,1
43419,2
43420,7
43421,5
43422,4
43423,4
43424,0
43425,6
43426,4
43427,2
43428,1
43429,7
43430,0
43431,5
43432,5
43433,0
43434,5
43435,4
43436,4
43437,7
43438,0
43439,7
43440,0
43441,0
43442,0
43443,2
43444,7
43445,0
43446,4
43447,1
43448,0
43449,1
43450,4
43451,4
43452,2
43453,1
43454,0
43455,5
43456,7
43457,7
43458,2
43459,5
43460,1
43461,2
43462,0
43463,2
43464,7
43465,0
43466,4
43467,0
43468,4
43469,1
43470,2
43471,4
43472,4
43473,0
43474,7
43475,5
43476,4
43477,4
43478,5
43479,5
43480,4
43481,2
43482,6
43483,2
43484,3
43485,1
43486,4
43487,0
43488,6
43489,2
43490,3
43491,0
43492,5
43493,2
43494,5
43495,5
43496,2
43497,5
43498,4
43499,4
43500,0
43501,4
43502,0
43503,7
43504,7
43505,4
43506,1
43507,2
43508,0
43509,7
43510,6
43511,4
43512,7
43513,3
43514,4
43515,4
43516,2
43517,0
43518,2
43519,4
43520,4
43521,2
43522,5
43523,5
43524,3
43525,0
43526,2
43527,7
43528,7
43529,0
43530,7
43531,7
43532,4
43533,7
43534,6
43535,0
43536,2
43537,0
43538,2
43539,5
43540,3
43541,3
43542,4
43543,6
43544,5
43545,7
43546,2
43547,0
43548,1
43549,7
43550,2
43551,0
43552,0
43553,4
43554,4
43555,3
43556,2
43557,4
43558,3
43559,0
43560,4
43561,2
43562,1
43563,3
43564,4
43565,2
43566,2
43567,6
43568,2
43569,4
43570,7
43571,2
43572,0
43573,6
43574,5
43575,6
43576,3
43577,0
43578,4
43579,5
43580,3
43581,3
43582,0
43583,7
43584,6
43585,4
43586,2
43587,5
43588,4
43589,3
43590,7
43591,7
43592,4
43593,7
43594,6
43595,2
43596,5
43597,2
43598,4
43599,2
43600,5
43601,0
43602,5
43603,6
43604,2
43605,2
43606,4
43607,6
43608,7
43609,4
43610,7
43611,7
43612,4
43613,5
43614,4
43615,4
43616,2
43617,4
43618,0
43619,2
43620,7
43621,5
43622,2
43623,4
43624,0
43625,3
43626,0
43627,2
43628,7
43629,7
43630,4
43631,5
43632,4
43633,7
43634,6
43635,0
43636,2
43637,0
43638,0
43639,2
43640,3
43641,4
43642,0
43643,0
43644,3
43645,2
43646,6
43647,2
43648,4
43649,2
43650,7
43651,3
43652,3
43653,5
43654,3
43655,7
43656,7
43657,2
43658,1
43659,4
43660,7
43661,0
43662,2
43663,3
43664,7
43665,5
43666,4
43667,4
43668,7
43669,5
43670,5
43671,0
43672,5
43673,5
43674,2
43675,7
43676,7
43677,0
43678,4
43679,7
43680,4
43681,0
43682,3
43683,0
43684,2
43685,7
43686,7
43687,2
43688,4
43689,2
43690,0
43691,7
43692,2
43693,5
43694,6
43695,0
43696,0
43697,6
43698,5
43699,5
43700,1
43701,2
43702,2
43703,2
43704,3
43705,4
43706,3
43707,0
43708,0
43709,0
43710,0
43711,5
43712,4
43713,1
43714,3
43715,5
43716,2
43717,7
43718,4
43719,2
43720,4
43721,5
43722,7
43723,0
43724,2
43725,5
43726,1
43727,1
43728,7
43729,7
43730,7
43731,0
43732,1
43733,7
43734,3
43735,4
43736,1
43737,4
43738,2
43739,3
43740,1
43741,4
43742,1
43743,2
43744,4
43745,0
43746,4
43747,2
43748,0
43749,4
43750,0
43751,3
43752,0
43753,2
43754,6
43755,4
43756,7
43757,2
43758,3
43759,1
43760,2
43761,7
43762,0
43763,7
43764,0
43765,0
43766,5
43767,2
43768,0
43769,6
43770,0
43771,4
43772,0
43773,5
43774,0
43775,4
43776,4
43777,4
43778,0
43779,0
43780,1
43781,0
43782,2
43783,4
43784,2
43785,2
43786,2
43787,5
43788,2
43789,4
43790,6
43791,5
43792,5
43793,7
43794,4
43795,0
43796,1
43797,1
43798,2
43799,7
43800,7
43801,7
43802,2
43803,0
43804,2
43805,5
43806,7
43807,7
43808,2
43809,0
43810,5
43811,4
43812,2
43813,2
43814,0
43815,2
43816,0
43817,1
43818,0
43819,0
43820,5
43821,0
43822,0
43823,5
43824,2
43825,5
43826,3
43827,5
43828,4
43829,2
43830,0
43831,4
43832,0
43833,0
43834,7
43835,4
43836,6
43837,0
43838,2
43839,4
43840,2
43841,2
43842,2
43843,4
43844,5
43845,4
43846,1
43847,2
43848,3
43849,3
43850,7
43851,2
43852,5
43853,4
43854,3
43855,0
43856,0
43857,7
43858,3
43859,7
43860,5
43861,7
43862,0
43863,4
43864,6
43865,3
43866,5
43867,2
43868,6
43869,2
43870,2
43871,1
43872,4
43873,6
43874,0
43875,4
43876,7
43877,3
43878,0
43879,0
43880,7
43881,0
43882,0
43883,2
43884,2
43885,4
43886,0
43887,0
43888,0
43889,0
43890,4
43891,0
43892,1
43893,5
43894,5
43895,4
43896,2
43897,2
43898,5
43899,2
43900,3
43901,5
43902,1
43903,3
43904,7
43905,4
43906,4
43907,3
43908,0
43909,2
43910,1
43911,7
43912,7
43913,7
43914,7
43915,3
43916,1
43917,2
43918,4
43919,6
43920,6
43921,5
43922,4
43923,1
43924,4
43925,0
43926,2
43927,7
43928,4
43929,7
43930,2
43931,0
43932,0
43933,2
43934,5
43935,2
43936,3
43937,4
43938,6
43939,2
43940,0
43941,1
43942,2
43943,3
43944,2
43945,4
43946,2
43947,0
43948,5
43949,5
43950,0
43951,1
43952,2
43953,6
43954,1
43955,0
43956,0
43957,2
43958,2
43959,7
43960,7
43961,4
43962,7
43963,0
43964,7
43965,3
43966,4
43967,0
43968,0
43969,5
43970,7
43971,0
43972,7
43973,5
43974,0
43975,7
43976,7
43977,4
43978,2
43979,7
43980,5
43981,0
43982,2
43983,3
43984,2
43985,5
43986,2
43987,0
43988,7
43989,6
43990,2
43991,3
43992,3
43993,7
43994,0
43995,6
43996,0
43997,0
43998,0
43999,5
44000,4
44001,4
44002,6
44003,4
44004,6
44005,7
44006,5
44007,1
44008,0
44009,7
44010,0
44011,2
44012,1
44013,6
44014,2
44015,4
44016,0
44017,7
44018,0
44019,3
44020,0
44021,7
44022,7
44023,5
44024,1
44025,4
44026,6
44027,7
44028,2
44029,2
44030,6
44031,2
44032,5
44033,5
44034,6
44035,0
44036,6
44037,7
44038,5
44039,0
44040,4
44041,5
44042,0
44043,5
44044,0
44045,7
44046,0
44047,4
44048,2
44049,7
44050,2
44051,3
44052,2
44053,6
44054,3
44055,2
44056,2
44057,2
44058,2
44059,2
44060,4
44061,3
44062,3
44063,0
44064,4
44065,2
44066,0
44067,4
44068,4
44069,7
44070,3
44071,4
44072,4
44073,4
44074,7
44075,4
44076,0
44077,7
44078,7
44079,7
44080,2
44081,5
44082,4
44083,5
44084,3
44085,4
44086,0
44087,5
44088,4
44089,4
44090,3
44091,5
44092,2
44093,6
44094,2
44095,4
44096,4
44097,2
44098,4
44099,4
44100,2
44101,4
44102,0
44103,3
44104,2
44105,0
44106,4
44107,0
44108,2
44109,7
44110,6
44111,6
44112,4
44113,1
44114,0
44115,5
44116,4
44117,2
44118,2
44119,5
44120,4
44121,0
44122,4
44123,0
44124,0
44125,7
44126,1
44127,2
44128,7
44129,0
44130,2
44131,5
44132,4
44133,0
44134,0
44135,1
44136,4
44137,2
44138,4
44139,0
44140,2
44141,7
44142,1
44143,6
44144,0
44145,2
44146,3
44147,6
44148,0
44149,0
44150,4
44151,6
44152,2
44153,0
44154,4
44155,0
44156,4
44157,1
44158,5
44159,0
44160,5
44161,5
44162,3
44163,0
44164,4
44165,3
44166,7
44167,7
44168,7
44169,2
44170,6
44171,0
44172,0
44173,3
44174,7
44175,5
44176,7
44177,6
44178,0
44179,7
44180,5
44181,5
44182,5
44183,2
44184,5
44185,7
44186,7
44187,0
44188,7
44189,6
44190,4
44191,5
44192,7
44193,0
44194,4
44195,0
44196,7
44197,2
44198,2
44199,2
44200,2
44201,6
44202,2
44203,2
44204,2
44205,6
44206,7
44207,2
44208,0
44209,0
44210,7
44211,2
44212,2
44213,0
44214,2
44215,0
44216,2
44217,2
44218,0
44219,5
44220,4
44221,7
44222,2
44223,0
44224,5
44225,3
44226,3
44227,1
44228,4
44229,5
44230,7
44231,7
44232,4
44233,0
44234,5
44235,2
44236,2
44237,3
44238,5
44239,4
44240,1
44241,4
44242,0
44243,5
44244,0
44245,5
44246,7
44247,0
44248,6
44249,0
44250,2
44251,0
44252,4
44253,4
44254,2
44255,5
44256,4
44257,4
44258,2
44259,0
44260,4
44261,2
44262,2
44263,5
44264,2
44265,5
44266,2
44267,5
44268,5
44269,1
44270,4
44271,1
44272,2
44273,0
44274,0
44275,2
44276,4
44277,4
44278,2
44279,0
44280,3
44281,2
44282,2
44283,5
44284,4
44285,3
44286,2
44287,7
44288,7
44289,0
44290,4
44291,0
44292,5
44293,2
44294,5
44295,4
44296,0
44297,5
44298,7
44299,3
44300,1
44301,5
44302,0
44303,7
44304,0
44305,0
44306,7
44307,4
44308,4
44309,4
44310,2
44311,3
44312,3
44313,0
44314,7
44315,7
44316,2
44317,1
44318,4
44319,4
44320,4
44321,2
44322,6
44323,0
44324,2
44325,6
44326,6
44327,2
44328,1
44329,4
44330,4
44331,2
44332,4
44333,5
44334,5
44335,5
44336,6
44337,3
44338,3
44339,7
44340,3
44341,3
44342,4
44343,4
44344,2
44345,2
44346,6
44347,0
44348,0
44349,0
44350,1
44351,5
44352,0
44353,4
44354,3
44355,4
44356,5
44357,7
44358,0
44359,4
44360,0
44361,4
44362,3
44363,5
44364,4
44365,5
44366,4
44367,7
44368,0
44369,3
44370,4
44371,3
44372,7
44373,2
44374,0
44375,7
44376,2
44377,1
44378,5
44379,1
44380,2
44381,7
44382,7
44383,2
44384,4
44385,0
44386,4
44387,7
44388,4
44389,7
44390,2
44391,1
44392,5
44393,2
44394,4
44395,0
44396,7
44397,7
44398,2
44399,0
44400,2
44401,7
44402,7
44403,1
44404,0
44405,2
44406,2
44407,5
44408,2
44409,3
44410,4
44411,2
44412,6
44413,0
44414,4
44415,2
44416,4
44417,2
44418,0
44419,5
44420,3
44421,0
44422,7
44423,2
44424,7
44425,4
44426,4
44427,0
44428,2
44429,2
44430,2
44431,5
44432,6
44433,5
44434,2
44435,4
44436,2
44437,2
44438,4
44439,3
44440,5
44441,5
44442,4
44443,2
44444,0
44445,2
44446,7
44447,5
44448,4
44449,2
44450,2
44451,2
44452,0
44453,7
44454,4
44455,7
44456,2
44457,5
44458,0
44459,2
44460,6
44461,3
44462,4
44463,5
44464,7
44465,0
44466,3
44467,4
44468,7
44469,4
44470,0
44471,4
44472,0
44473,4
44474,4
44475,7
44476,0
44477,6
44478,5
44479,3
44480,6
44481,4
44482,2
44483,5
44484,2
44485,4
44486,0
44487,0
44488,4
44489,2
44490,4
44491,0
44492,2
44493,7
44494,4
44495,2
44496,2
44497,7
44498,0
44499,3
44500,4
44501,1
44502,7
44503,4
44504,3
44505,5
44506,1
44507,2
44508,3
44509,4
44510,6
44511,0
44512,5
44513,7
44514,5
44515,3
44516,0
44517,6
44518,5
44519,7
44520,7
44521,0
44522,6
44523,0
44524,4
44525,0
44526,3
44527,5
44528,6
44529,7
44530,2
44531,2
44532,7
44533,4
44534,2
44535,4
44536,7
44537,4
44538,0
44539,0
44540,5
44541,3
44542,5
44543,5
44544,3
44545,7
44546,5
44547,0
44548,2
44549,2
44550,5
44551,7
44552,6
44553,7
44554,1
44555,7
44556,2
44557,7
44558,4
44559,4
44560,5
44561,0
44562,4
44563,2
44564,7
44565,4
44566,2
44567,2
44568,0
44569,5
44570,3
44571,5
44572,7
44573,4
44574,0
44575,1
44576,5
44577,0
44578,7
44579,0
44580,5
44581,0
44582,6
44583,7
44584,2
44585,3
44586,2
44587,3
44588,5
44589,0
44590,4
44591,5
44592,0
44593,3
44594,5
44595,5
44596,2
44597,2
44598,5
44599,4
44600,5
44601,5
44602,7
44603,7
44604,5
44605,7
44606,2
44607,5
44608,2
44609,4
44610,0
44611,4
44612,4
44613,0
44614,5
44615,5
44616,2
44617,5
44618,7
44619,2
44620,4
44621,7
44622,4
44623,1
44624,0
44625,0
44626,3
44627,3
44628,1
44629,1
44630,4
44631,4
44632,2
44633,0
44634,3
44635,5
44636,4
44637,5
44638,0
44639,7
44640,0
44641,5
44642,0
44643,7
44644,7
44645,2
44646,7
44647,0
44648,0
44649,4
44650,3
44651,0
44652,4
44653,5
44654,5
44655,2
44656,5
44657,6
44658,2
44659,7
44660,3
44661,3
44662,2
44663,0
44664,2
44665,4
44666,4
44667,2
44668,7
44669,4
44670,2
44671,7
44672,6
44673,3
44674,7
44675,2
44676,4
44677,3
44678,7
44679,4
44680,0
44681,5
44682,5
44683,5
44684,2
44685,2
44686,4
44687,1
44688,5
44689,4
44690,0
44691,0
44692,3
44693,0
44694,7
44695,4
44696,0
44697,0
44698,2
44699,3
44700,0
44701,4
44702,2
44703,6
44704,6
44705,5
44706,5
44707,2
44708,4
44709,3
44710,6
44711,2
44712,4
44713,2
44714,5
44715,4
44716,7
44717,2
44718,6
44719,2
44720,3
44721,4
44722,7
44723,7
44724,6
44725,4
44726,7
44727,5
44728,2
44729,2
44730,7
44731,2
44732,4
44733,4
44734,7
44735,6
44736,2
44737,0
44738,7
44739,4
44740,5
44741,6
44742,0
44743,4
44744,0
44745,7
44746,7
44747,7
44748,2
44749,2
44750,0
44751,4
44752,2
44753,7
44754,7
44755,0
44756,7
44757,0
44758,5
44759,2
44760,0
44761,0
44762,4
44763,0
44764,6
44765,0
44766,2
44767,0
44768,2
44769,3
44770,3
44771,0
44772,0
44773,6
44774,3
44775,0
44776,0
44777,4
44778,4
44779,0
44780,4
44781,7
44782,4
44783,0
44784,3
44785,0
44786,0
44787,7
44788,0
44789,0
44790,0
44791,0
44792,5
44793,5
44794,4
44795,0
44796,6
44797,1
44798,5
44799,4
44800,1
44801,2
44802,5
44803,3
44804,2
44805,5
44806,3
44807,5
44808,2
44809,0
44810,0
44811,0
44812,2
44813,4
44814,0
44815,1
44816,7
44817,5
44818,3
44819,2
44820,4
44821,2
44822,0
44823,1
44824,0
44825,7
44826,7
44827,0
44828,5
44829,0
44830,1
44831,0
44832,6
44833,2
44834,3
44835,6
44836,4
44837,6
44838,7
44839,7
44840,0
44841,4
44842,0
44843,0
44844,5
44845,5
44846,2
44847,0
44848,4
44849,7
44850,0
44851,3
44852,0
44853,4
44854,2
44855,2
44856,7
44857,1
44858,0
44859,4
44860,5
44861,2
44862,2
44863,5
44864,5
44865,3
44866,3
44867,4
44868,0
44869,3
44870,0
44871,4
44872,2
44873,7
44874,7
44875,5
44876,0
44877,5
44878,3
44879,5
44880,3
44881,2
44882,4
44883,1
44884,3
44885,0
44886,7
44887,0
44888,0
44889,0
44890,5
44891,0
44892,6
44893,0
44894,4
44895,0
44896,5
44897,2
44898,5
44899,2
44900,4
44901,0
44902,5
44903,2
44904,6
44905,7
44906,4
44907,6
44908,2
44909,1
44910,3
44911,0
44912,4
44913,2
44914,5
44915,7
44916,4
44917,0
44918,0
44919,7
44920,4
44921,3
44922,2
44923,5
44924,3
44925,2
44926,7
44927,3
44928,4
44929,5
44930,2
44931,4
44932,4
44933,7
44934,4
44935,4
44936,2
44937,4
44938,0
44939,5
44940,0
44941,5
44942,2
44943,0
44944,0
44945,0
44946,2
44947,4
44948,0
44949,0
44950,2
44951,5
44952,2
44953,7
44954,3
44955,0
44956,4
44957,2
44958,2
44959,0
44960,0
44961,7
44962,5
44963,5
44964,7
44965,2
44966,2
44967,2
44968,0
44969,0
44970,1
44971,2
44972,7
44973,4
44974,3
44975,3
44976,7
44977,2
44978,2
44979,2
44980,2
44981,0
44982,0
44983,4
44984,1
44985,0
44986,4
44987,5
44988,6
44989,3
44990,4
44991,2
44992,4
44993,1
44994,5
44995,4
44996,0
44997,7
44998,5
44999,3
45000,2
45001,6
45002,0
45003,2
45004,4
45005,4
45006,4
45007,2
45008,4
45009,3
45010,6
45011,7
45012,7
45013,2
45014,2
45015,0
45016,6
45017,0
45018,0
45019,7
45020,2
45021,5
45022,3
45023,2
45024,2
45025,5
45026,7
45027,0
45028,0
45029,4
45030,7
45031,2
45032,3
45033,0
45034,2
45035,4
45036,2
45037,4
45038,0
45039,0
45040,2
45041,4
45042,1
45043,2
45044,0
45045,4
45046,2
45047,3
45048,0
45049,0
45050,4
45051,5
45052,4
45053,2
45054,5
45055,6
45056,5
45057,0
45058,7
45059,3
45060,0
45061,4
45062,4
45063,0
45064,4
45065,4
45066,5
45067,7
45068,1
45069,0
45070,6
45071,2
45072,1
45073,0
45074,4
45075,2
45076,7
45077,3
45078,3
45079,0
45080,0
45081,2
45082,5
45083,7
45084,6
45085,2
45086,1
45087,5
45088,0
45089,4
45090,0
45091,5
45092,4
45093,2
45094,3
45095,4
45096,4
45097,0
45098,3
45099,5
45100,4
45101,0
45102,2
45103,0
45104,0
45105,4
45106,5
45107,5
45108,2
45109,4
45110,2
45111,3
45112,7
45113,2
45114,4
45115,4
45116,4
45117,2
45118,4
45119,4
45120,4
45121,2
45122,1
45123,2
45124,2
45125,0
45126,1
45127,4
45128,0
45129,0
45130,3
45131,1
45132,7
45133,2
45134,4
45135,4
45136,3
45137,0
45138,0
45139,5
45140,2
45141,2
45142,2
45143,6
45144,2
45145,1
45146,4
45147,2
45148,2
45149,0
45150,7
45151,2
45152,3
45153,3
45154,4
45155,0
45156,2
45157,0
45158,0
45159,3
45160,2
45161,6
45162,3
45163,0
45164,0
45165,2
45166,7
45167,5
45168,4
45169,0
45170,4
45171,0
45172,4
45173,3
45174,1
45175,5
45176,0
45177,0
45178,7
45179,4
45180,5
45181,0
45182,1
45183,4
45184,4
45185,7
45186,3
45187,0
45188,0
45189,2
45190,2
45191,0
45192,7
45193,0
45194,4
45195,0
45196,2
45197,0
45198,4
45199,5
45200,4
45201,0
45202,4
45203,4
45204,1
45205,1
45206,5
45207,4
45208,0
45209,0
45210,0
45211,0
45212,7
45213,4
45214,2
45215,4
45216,5
45217,2
45218,0
45219,5
45220,4
45221,5
45222,2
45223,2
45224,5
45225,7
45226,0
45227,6
45228,5
45229,0
45230,4
45231,0
45232,0
45233,3
45234,0
45235,7
45236,6
45237,7
45238,5
45239,5
45240,7
45241,3
45242,0
45243,5
45244,0
45245,5
45246,7
45247,2
45248,7
45249,2
45250,0
45251,4
45252,7
45253,2
45254,0
45255,2
45256,2
45257,6
45258,0
45259,5
45260,4
45261,1
45262,2
45263,5
45264,7
45265,0
45266,5
45267,6
45268,6
45269,0
45270,4
45271,5
45272,2
45273,0
45274,4
45275,6
45276,0
45277,0
45278,4
45279,7
45280,3
45281,4
45282,5
45283,3
45284,5
45285,1
45286,3
45287,0
45288,7
45289,4
45290,2
45291,4
45292,4
45293,3
45294,4
45295,5
45296,5
45297,0
45298,7
45299,7
45300,0
45301,5
45302,4
45303,5
45304,7
45305,0
45306,4
45307,0
45308,0
45309,0
45310,7
45311,0
45312,7
45313,0
45314,0
45315,2
45316,2
45317,2
45318,4
45319,7
45320,0
45321,4
45322,4
45323,4
45324,7
45325,4
45326,4
45327,2
45328,2
45329,0
45330,0
45331,7
45332,3
45333,4
45334,4
45335,4
45336,0
45337,6
45338,0
45339,2
45340,1
45341,7
45342,7
45343,4
45344,0
45345,7
45346,4
45347,2
45348,7
45349,5
45350,1
45351,4
45352,4
45353,2
45354,0
45355,7
45356,4
45357,2
45358,4
45359,0
45360,1
45361,6
45362,4
45363,3
45364,4
45365,7
45366,4
45367,1
45368,2
45369,0
45370,5
45371,5
45372,2
45373,0
45374,1
45375,4
45376,2
45377,6
45378,6
45379,0
45380,4
45381,4
45382,0
45383,4
45384,4
45385,0
45386,0
45387,0
45388,4
45389,2
45390,5
45391,6
45392,6
45393,2
45394,2
45395,4
45396,4
45397,2
45398,1
45399,7
45400,1
45401,0
45402,5
45403,3
45404,2
45405,3
45406,4
45407,5
45408,4
45409,6
45410,3
45411,2
45412,3
45413,2
45414,0
45415,4
45416,2
45417,2
45418,0
45419,4
45420,4
45421,2
45422,6
45423,5
45424,7
45425,4
45426,2
45427,4
45428,0
45429,7
45430,3
45431,2
45432,0
45433,4
45434,5
45435,2
45436,3
45437,3
45438,7
45439,7
45440,5
45441,3
45442,0
45443,4
45444,5
45445,4
45446,0
45447,4
45448,6
45449,1
45450,2
45451,4
45452,6
45453,7
45454,0
45455,4
45456,0
45457,2
45458,4
45459,3
45460,0
45461,0
45462,3
45463,0
45464,4
45465,2
45466,7
45467,0
45468,0
45469,3
45470,0
45471,7
45472,0
45473,2
45474,4
45475,7
45476,6
45477,5
45478,1
45479,4
45480,0
45481,2
45482,0
45483,7
45484,2
45485,4
45486,0
45487,5
45488,7
45489,3
45490,0
45491,5
45492,2
45493,2
45494,4
45495,0
45496,3
45497,3
45498,7
45499,1
45500,0
45501,3
45502,6
45503,5
45504,7
45505,0
45506,2
45507,2
45508,2
45509,7
45510,0
45511,3
45512,0
45513,3
45514,5
45515,7
45516,7
45517,5
45518,1
45519,7
45520,6
45521,3
45522,0
45523,4
45524,2
45525,4
45526,1
45527,5
45528,7
45529,5
45530,6
45531,7
45532,5
45533,5
45534,0
45535,7
45536,5
45537,0
45538,0
45539,2
45540,5
45541,2
45542,5
45543,4
45544,2
45545,4
45546,7
45547,4
45548,0
45549,5
45550,0
45551,0
45552,2
45553,0
45554,7
45555,0
45556,2
45557,0
45558,0
45559,5
45560,7
45561,5
45562,4
45563,4
45564,7
45565,1
45566,3
45567,1
45568,5
45569,3
45570,0
45571,0
45572,3
45573,0
45574,0
45575,4
45576,6
45577,0
45578,4
45579,0
45580,4
45581,0
45582,0
45583,4
45584,4
45585,2
45586,7
45587,2
45588,4
45589,0
45590,7
45591,4
45592,2
45593,7
45594,6
45595,6
45596,0
45597,4
45598,0
45599,6
45600,3
45601,0
45602,0
45603,0
45604,5
45605,2
45606,2
45607,7
45608,4
45609,7
45610,4
45611,7
45612,5
45613,0
45614,4
45615,1
45616,3
45617,5
45618,4
45619,5
45620,4
45621,0
45622,0
45623,5
45624,0
45625,4
45626,0
45627,4
45628,0
45629,0
45630,7
45631,5
45632,4
45633,4
45634,0
45635,0
45636,0
45637,1
45638,5
45639,2
45640,0
45641,7
45642,2
45643,0
45644,3
45645,6
45646,0
45647,4
45648,4
45649,5
45650,7
45651,6
45652,2
45653,4
45654,4
45655,6
45656,7
45657,7
45658,4
45659,0
45660,1
45661,0
45662,7
45663,7
45664,0
45665,2
45666,5
45667,7
45668,1
45669,7
45670,4
45671,6
45672,0
45673,2
45674,7
45675,7
45676,0
45677,1
45678,2
45679,5
45680,4
45681,4
45682,2
45683,4
45684,5
45685,0
45686,5
45687,0
45688,5
45689,6
45690,3
45691,0
45692,7
45693,0
45694,6
45695,4
45696,0
45697,7
45698,2
45699,0
45700,6
45701,0
45702,2
45703,0
45704,0
45705,0
45706,5
45707,2
45708,5
45709,6
45710,2
45711,2
45712,5
45713,2
45714,2
45715,5
45716,7
45717,1
45718,7
45719,7
45720,2
45721,6
45722,1
45723,0
45724,6
45725,2
45726,2
45727,2
45728,2
45729,2
45730,2
45731,4
45732,7
45733,5
45734,0
45735,0
45736,0
45737,1
45738,3
45739,4
45740,5
45741,6
45742,6
45743,2
45744,4
45745,7
45746,2
45747,0
45748,0
45749,3
45750,4
45751,1
45752,7
45753,5
45754,4
45755,2
45756,4
45757,1
45758,2
45759,2
45760,6
45761,7
45762,4
45763,4
45764,2
45765,0
45766,4
45767,4
45768,6
45769,5
45770,1
45771,4
45772,2
45773,7
45774,6
45775,7
45776,3
45777,4
45778,7
45779,5
45780,4
45781,7
45782,1
45783,4
45784,5
45785,6
45786,4
45787,0
45788,0
45789,0
45790,0
45791,5
45792,0
45793,7
45794,1
45795,7
45796,2
45797,7
45798,7
45799,0
45800,2
45801,0
45802,5
45803,4
45804,3
45805,5
45806,7
45807,3
45808,7
45809,0
45810,4
45811,0
45812,0
45813,2
45814,1
45815,2
45816,0
45817,3
45818,2
45819,0
45820,4
45821,2
45822,4
45823,6
45824,4
45825,4
45826,4
45827,5
45828,2
45829,2
45830,4
45831,6
45832,2
45833,4
45834,5
45835,7
45836,4
45837,0
45838,4
45839,7
45840,0
45841,5
45842,1
45843,6
45844,6
45845,5
45846,2
45847,5
45848,4
45849,5
45850,4
45851,1
45852,2
45853,2
45854,7
45855,5
45856,2
45857,2
45858,5
45859,5
45860,3
45861,0
45862,4
45863,3
45864,2
45865,7
45866,0
45867,4
45868,7
45869,0
45870,4
45871,3
45872,2
45873,4
45874,0
45875,7
45876,0
45877,2
45878,2
45879,0
45880,0
45881,2
45882,6
45883,5
45884,4
45885,4
45886,6
45887,1
45888,4
45889,0
45890,0
45891,2
45892,7
45893,6
45894,7
45895,5
45896,0
45897,4
45898,6
45899,1
45900,4
45901,5
45902,4
45903,0
45904,4
45905,7
45906,1
45907,0
45908,3
45909,4
45910,2
45911,4
45912,0
45913,0
45914,4
45915,2
45916,5
45917,4
45918,5
45919,7
45920,4
45921,2
45922,0
45923,4
45924,1
45925,2
45926,3
45927,0
45928,7
45929,5
45930,0
45931,2
45932,3
45933,2
45934,4
45935,4
45936,3
45937,1
45938,0
45939,4
45940,3
45941,5
45942,7
45943,6
45944,2
45945,0
45946,3
45947,3
45948,2
45949,7
45950,6
45951,1
45952,2
45953,5
45954,7
45955,7
45956,4
45957,7
45958,2
45959,1
45960,2
45961,6
45962,7
45963,2
45964,4
45965,4
45966,1
45967,3
45968,5
45969,0
45970,1
45971,3
45972,5
45973,4
45974,3
45975,4
45976,0
45977,2
45978,1
45979,0
45980,5
45981,4
45982,0
45983,2
45984,2
45985,1
45986,7
45987,4
45988,4
45989,7
45990,5
45991,4
45992,2
45993,4
45994,0
45995,0
45996,0
45997,1
45998,6
45999,5
46000,4
46001,3
46002,2
46003,5
46004,2
46005,3
46006,6
46007,1
46008,4
46009,3
46010,7
46011,3
46012,4
46013,2
46014,1
46015,5
46016,2
46017,5
46018,2
46019,4
46020,7
46021,2
46022,7
46023,4
46024,0
46025,2
46026,0
46027,4
46028,2
46029,7
46030,7
46031,4
46032,2
46033,7
46034,3
46035,6
46036,0
46037,6
46038,4
46039,0
46040,0
46041,4
46042,0
46043,4
46044,4
46045,4
46046,1
46047,2
46048,7
46049,6
46050,6
46051,3
46052,5
46053,0
46054,4
46055,5
46056,5
46057,5
46058,0
46059,6
46060,5
46061,1
46062,0
46063,2
46064,2
46065,7
46066,2
46067,3
46068,3
46069,2
46070,4
46071,2
46072,3
46073,0
46074,4
46075,4
46076,7
46077,4
46078,2
46079,2
46080,5
46081,5
46082,1
46083,5
46084,0
46085,2
46086,3
46087,0
46088,2
46089,7
46090,1
46091,5
46092,7
46093,3
46094,2
46095,0
46096,7
46097,3
46098,6
46099,2
46100,4
46101,4
46102,4
46103,7
46104,5
46105,4
46106,0
46107,2
46108,4
46109,0
46110,0
46111,4
46112,2
46113,4
46114,7
46115,0
46116,0
46117,2
46118,4
46119,5
46120,6
46121,4
46122,7
46123,0
46124,4
46125,0
46126,6
46127,7
46128,7
46129,0
46130,0
46131,7
46132,3
46133,4
46134,2
46135,2
46136,4
46137,5
46138,2
46139,0
46140,5
46141,0
46142,2
46143,7
46144,5
46145,4
46146,1
46147,2
46148,5
46149,7
46150,2
46151,5
46152,2
46153,0
46154,2
46155,0
46156,7
46157,4
46158,0
46159,2
46160,6
46161,4
46162,0
46163,6
46164,0
46165,0
46166,6
46167,5
46168,5
46169,0
46170,7
46171,5
46172,4
46173,7
46174,0
46175,1
46176,0
46177,0
46178,7
46179,0
46180,2
46181,0
46182,5
46183,0
46184,0
46185,5
46186,4
46187,4
46188,0
46189,0
46190,5
46191,0
46192,0
46193,0
46194,2
46195,0
46196,0
46197,0
46198,2
46199,5
46200,2
46201,5
46202,0
46203,5
46204,0
46205,7
46206,3
46207,4
46208,1
46209,4
46210,5
46211,7
46212,6
46213,4
46214,4
46215,7
46216,4
46217,2
46218,0
46219,7
46220,2
46221,4
46222,0
46223,3
46224,4
46225,2
46226,2
46227,5
46228,2
46229,4
46230,5
46231,5
46232,0
46233,5
46234,4
46235,4
46236,2
46237,7
46238,3
46239,0
46240,0
46241,2
46242,5
46243,7
46244,4
46245,2
46246,5
46247,7
46248,0
46249,4
46250,2
46251,2
46252,7
46253,5
46254,1
46255,5
46256,7
46257,2
46258,1
46259,2
46260,4
46261,3
46262,0
46263,5
46264,4
46265,2
46266,1
46267,2
46268,7
46269,6
46270,3
46271,0
46272,3
46273,4
46274,6
46275,4
46276,4
46277,2
46278,7
46279,0
46280,2
46281,4
46282,5
46283,0
46284,3
46285,4
46286,7
46287,0
46288,5
46289,7
46290,4
46291,0
46292,7
46293,7
46294,4
46295,5
46296,7
46297,6
46298,6
46299,7
46300,0
46301,7
46302,2
46303,4
46304,4
46305,7
46306,4
46307,1
46308,2
46309,2
46310,0
46311,2
46312,2
46313,6
46314,7
46315,3
46316,7
46317,3
46318,3
46319,2
46320,2
46321,0
46322,7
46323,4
46324,0
46325,5
46326,0
46327,0
46328,4
46329,5
46330,2
46331,2
46332,7
46333,4
46334,5
46335,4
46336,4
46337,2
46338,2
46339,2
46340,7
46341,2
46342,4
46343,7
46344,6
46345,7
46346,4
46347,0
46348,5
46349,4
46350,7
46351,2
46352,2
46353,5
46354,7
46355,0
46356,1
46357,1
46358,2
46359,7
46360,5
46361,1
46362,0
46363,2
46364,7
46365,5
46366,5
46367,2
46368,4
46369,0
46370,3
46371,0
46372,0
46373,4
46374,0
46375,7
46376,5
46377,7
46378,6
46379,4
46380,6
46381,4
46382,6
46383,0
46384,2
46385,5
46386,0
46387,0
46388,2
46389,0
46390,4
46391,2
46392,1
46393,2
46394,0
46395,5
46396,5
46397,1
46398,7
46399,2
46400,0
46401,2
46402,7
46403,1
46404,7
46405,1
46406,2
46407,7
46408,3
46409,2
46410,0
46411,0
46412,5
46413,0
46414,4
46415,0
46416,4
46417,0
46418,5
46419,5
46420,2
46421,4
46422,0
46423,7
46424,7
46425,5
46426,4
46427,7
46428,5
46429,2
46430,0
46431,3
46432,2
46433,0
46434,5
46435,2
46436,3
46437,7
46438,2
46439,4
46440,1
46441,0
46442,6
46443,7
46444,5
46445,5
46446,6
46447,4
46448,4
46449,5
46450,0
46451,6
46452,2
46453,5
46454,2
46455,6
46456,1
46457,2
46458,5
46459,4
46460,0
46461,0
46462,0
46463,3
46464,7
46465,7
46466,5
46467,4
46468,6
46469,4
46470,2
46471,5
46472,5
46473,1
46474,2
46475,0
46476,5
46477,1
46478,3
46479,2
46480,7
46481,4
46482,6
46483,4
46484,4
46485,0
46486,2
46487,2
46488,0
46489,7
46490,0
46491,1
46492,4
46493,3
46494,0
46495,2
46496,0
46497,4
46498,6
46499,0
46500,0
46501,5
46502,6
46503,0
46504,0
46505,2
46506,0
46507,1
46508,3
46509,0
46510,4
46511,5
46512,2
46513,4
46514,7
46515,2
46516,4
46517,0
46518,0
46519,0
46520,0
46521,2
46522,4
46523,4
46524,0
46525,4
46526,0
46527,2
46528,0
46529,4
46530,2
46531,5
46532,0
46533,2
46534,1
46535,0
46536,3
46537,6
46538,6
46539,5
46540,0
46541,4
46542,0
46543,2
46544,4
46545,5
46546,0
46547,5
46548,4
46549,0
46550,4
46551,6
46552,6
46553,7
46554,0
46555,4
46556,0
46557,7
46558,1
46559,5
46560,5
46561,7
46562,5
46563,0
46564,2
46565,2
46566,5
46567,1
46568,4
46569,3
46570,7
46571,6
46572,7
46573,2
46574,5
46575,5
46576,6
46577,2
46578,3
46579,7
46580,5
46581,0
46582,5
46583,2
46584,0
46585,4
46586,1
46587,4
46588,7
46589,0
46590,7
46591,7
46592,0
46593,1
46594,3
46595,2
46596,3
46597,6
46598,1
46599,3
46600,0
46601,5
46602,4
46603,4
46604,7
46605,6
46606,0
46607,0
46608,5
46609,2
46610,0
46611,3
46612,7
46613,5
46614,7
46615,5
46616,0
46617,5
46618,7
46619,0
46620,4
46621,6
46622,2
46623,0
46624,2
46625,4
46626,2
46627,4
46628,2
46629,2
46630,7
46631,7
46632,5
46633,2
46634,2
46635,1
46636,3
46637,4
46638,0
46639,0
46640,3
46641,1
46642,0
46643,0
46644,2
46645,5
46646,2
46647,0
46648,2
46649,6
46650,3
46651,2
46652,0
46653,0
46654,0
46655,4
46656,4
46657,7
46658,4
46659,4
46660,7
46661,2
46662,0
46663,0
46664,6
46665,4
46666,2
46667,4
46668,6
46669,3
46670,0
46671,0
46672,2
46673,0
46674,4
46675,0
46676,4
46677,7
46678,1
46679,0
46680,0
46681,4
46682,5
46683,4
46684,4
46685,4
46686,2
46687,4
46688,0
46689,5
46690,4
46691,7
46692,1
46693,3
46694,6
46695,3
46696,4
46697,2
46698,2
46699,0
46700,4
46701,4
46702,6
46703,0
46704,7
46705,0
46706,2
46707,1
46708,5
46709,0
46710,7
46711,7
46712,2
46713,5
46714,0
46715,1
46716,2
46717,3
46718,2
46719,5
46720,5
46721,0
46722,1
46723,0
46724,0
46725,6
46726,4
46727,3
46728,7
46729,2
46730,2
46731,2
46732,0
46733,5
46734,5
46735,3
46736,2
46737,2
46738,7
46739,2
46740,0
46741,7
46742,2
46743,1
46744,4
46745,6
46746,2
46747,0
46748,2
46749,5
46750,0
46751,3
46752,5
46753,0
46754,0
46755,7
46756,7
46757,2
46758,5
46759,7
46760,1
46761,5
46762,5
46763,2
46764,6
46765,0
46766,4
46767,2
46768,4
46769,5
46770,2
46771,4
46772,3
46773,2
46774,4
46775,2
46776,7
46777,7
46778,0
46779,1
46780,4
46781,2
46782,0
46783,0
46784,7
46785,0
46786,7
46787,1
46788,3
46789,0
46790,6
46791,5
46792,4
46793,0
46794,3
46795,2
46796,6
46797,4
46798,2
46799,3
46800,1
46801,4
46802,3
46803,7
46804,7
46805,1
46806,7
46807,4
46808,7
46809,4
46810,2
46811,0
46812,6
46813,0
46814,2
46815,5
46816,7
46817,2
46818,5
46819,7
46820,6
46821,6
46822,2
46823,4
46824,7
46825,6
46826,0
46827,0
46828,5
46829,5
46830,0
46831,4
46832,7
46833,7
46834,4
46835,4
46836,5
46837,0
46838,3
46839,0
46840,2
46841,7
46842,0
46843,4
46844,2
46845,1
46846,1
46847,5
46848,4
46849,0
46850,0
46851,5
46852,2
46853,2
46854,5
46855,4
46856,4
46857,1
46858,1
46859,4
46860,0
46861,5
46862,7
46863,5
46864,0
46865,5
46866,2
46867,4
46868,0
46869,6
46870,0
46871,7
46872,1
46873,7
46874,0
46875,1
46876,3
46877,5
46878,4
46879,0
46880,2
46881,7
46882,7
46883,0
46884,2
46885,4
46886,4
46887,0
46888,5
46889,3
46890,2
46891,0
46892,2
46893,2
46894,7
46895,6
46896,4
46897,0
46898,2
46899,7
46900,0
46901,0
46902,0
46903,0
46904,6
46905,7
46906,5
46907,2
46908,0
46909,6
46910,5
46911,4
46912,0
46913,3
46914,4
46915,2
46916,0
46917,6
46918,7
46919,4
46920,5
46921,6
46922,4
46923,3
46924,5
46925,4
46926,4
46927,0
46928,2
46929,6
46930,0
46931,0
46932,0
46933,7
46934,7
46935,0
46936,0
46937,0
46938,0
46939,6
46940,3
46941,0
46942,6
46943,4
46944,2
46945,5
46946,0
46947,6
46948,4
46949,1
46950,2
46951,0
46952,0
46953,7
46954,5
46955,4
46956,6
46957,4
46958,2
46959,4
46960,0
46961,4
46962,7
46963,6
46964,4
46965,3
46966,4
46967,3
46968,2
46969,0
46970,0
46971,5
46972,0
46973,0
46974,3
46975,0
46976,1
46977,2
46978,0
46979,2
46980,0
46981,5
46982,0
46983,4
46984,0
46985,7
46986,3
46987,2
46988,7
46989,2
46990,2
46991,5
46992,5
46993,5
46994,6
46995,1
46996,7
46997,0
46998,0
46999,4
47000,0
47001,6
47002,2
47003,7
47004,0
47005,5
47006,5
47007,0
47008,7
47009,0
47010,3
47011,0
47012,5
47013,2
47014,0
47015,3
47016,0
47017,6
47018,3
47019,0
47020,7
47021,4
47022,6
47023,4
47024,3
47025,5
47026,3
47027,0
47028,0
47029,4
47030,1
47031,4
47032,2
47033,4
47034,2
47035,7
47036,3
47037,5
47038,2
47039,4
47040,1
47041,0
47042,0
47043,2
47044,4
47045,0
47046,4
47047,7
47048,4
47049,0
47050,5
47051,4
47052,4
47053,3
47054,0
47055,2
47056,2
47057,5
47058,0
47059,1
47060,1
47061,2
47062,7
47063,5
47064,5
47065,4
47066,7
47067,6
47068,5
47069,0
47070,2
47071,2
47072,2
47073,3
47074,0
47075,6
47076,4
47077,6
47078,0
47079,4
47080,6
47081,7
47082,0
47083,0
47084,0
47085,6
47086,0
47087,0
47088,4
47089,0
47090,0
47091,2
47092,4
47093,0
47094,4
47095,7
47096,0
47097,4
47098,7
47099,5
47100,5
47101,7
47102,4
47103,2
47104,5
47105,2
47106,0
47107,0
47108,0
47109,2
47110,5
47111,2
47112,4
47113,0
47114,5
47115,2
47116,1
47117,4
47118,2
47119,4
47120,3
47121,2
47122,6
47123,4
47124,0
47125,4
47126,6
47127,3
47128,5
47129,4
47130,0
47131,0
47132,7
47133,0
47134,7
47135,2
47136,0
47137,3
47138,0
47139,1
47140,5
47141,0
47142,0
47143,3
47144,0
47145,3
47146,4
47147,6
47148,5
47149,1
47150,5
47151,2
47152,2
47153,4
47154,3
47155,4
47156,2
47157,0
47158,1
47159,0
47160,4
47161,3
47162,5
47163,3
47164,2
47165,0
47166,2
47167,7
47168,2
47169,1
47170,1
47171,0
47172,7
47173,0
47174,6
47175,4
47176,2
47177,0
47178,1
47179,6
47180,0
47181,7
47182,2
47183,0
47184,2
47185,6
47186,4
47187,2
47188,1
47189,6
47190,0
47191,0
47192,0
47193,5
47194,0
47195,7
47196,3
47197,0
47198,7
47199,0
47200,4
47201,4
47202,4
47203,2
47204,2
47205,7
47206,6
47207,2
47208,2
47209,0
47210,2
47211,4
47212,0
47213,0
47214,7
47215,4
47216,2
47217,5
47218,2
47219,6
47220,2
47221,2
47222,5
47223,2
47224,5
47225,4
47226,6
47227,7
47228,2
47229,0
47230,2
47231,4
47232,5
47233,4
47234,6
47235,4
47236,1
47237,5
47238,4
47239,7
47240,7
47241,3
47242,0
47243,6
47244,0
47245,6
47246,1
47247,4
47248,5
47249,7
47250,2
47251,4
47252,3
47253,5
47254,4
47255,5
47256,7
47257,0
47258,5
47259,2
47260,5
47261,1
47262,5
47263,2
47264,4
47265,0
47266,2
47267,4
47268,4
47269,2
47270,4
47271,5
47272,4
47273,0
47274,2
47275,4
47276,7
47277,4
47278,2
47279,7
47280,4
47281,5
47282,0
47283,5
47284,6
47285,2
47286,2
47287,7
47288,0
47289,2
47290,1
47291,3
47292,0
47293,0
47294,6
47295,1
47296,5
47297,2
47298,0
47299,5
47300,2
47301,0
47302,7
47303,2
47304,7
47305,2
47306,2
47307,2
47308,4
47309,5
47310,5
47311,7
47312,4
47313,5
47314,1
47315,2
47316,3
47317,7
47318,5
47319,7
47320,4
47321,5
47322,3
47323,4
47324,1
47325,2
47326,7
47327,5
47328,2
47329,4
47330,7
47331,4
47332,6
47333,0
47334,3
47335,2
47336,3
47337,0
47338,3
47339,5
47340,5
47341,0
47342,4
47343,4
47344,2
47345,5
47346,1
47347,3
47348,4
47349,2
47350,0
47351,0
47352,1
47353,2
47354,0
47355,0
47356,0
47357,3
47358,5
47359,2
47360,3
47361,2
47362,7
47363,1
47364,0
47365,4
47366,0
47367,3
47368,2
47369,4
47370,3
47371,0
47372,1
47373,7
47374,3
47375,0
47376,0
47377,7
47378,2
47379,4
47380,4
47381,0
47382,5
47383,2
47384,7
47385,7
47386,1
47387,2
47388,0
47389,5
47390,4
47391,4
47392,3
47393,2
47394,0
47395,3
47396,0
47397,0
47398,1
47399,1
47400,4
47401,1
47402,7
47403,5
47404,4
47405,2
47406,5
47407,0
47408,4
47409,1
47410,5
47411,2
47412,4
47413,7
47414,2
47415,7
47416,7
47417,5
47418,5
47419,5
47420,5
47421,2
47422,1
47423,4
47424,7
47425,5
47426,7
47427,4
47428,0
47429,5
47430,7
47431,0
47432,4
47433,2
47434,1
47435,3
47436,0
47437,0
47438,5
47439,0
47440,6
47441,0
47442,3
47443,5
47444,6
47445,2
47446,4
47447,7
47448,0
47449,6
47450,6
47451,6
47452,7
47453,4
47454,4
47455,5
47456,4
47457,0
47458,4
47459,3
47460,0
47461,7
47462,6
47463,5
47464,2
47465,2
47466,7
47467,2
47468,0
47469,0
47470,2
47471,2
47472,7
47473,5
47474,5
47475,4
47476,0
47477,6
47478,2
47479,4
47480,1
47481,5
47482,5
47483,7
47484,5
47485,5
47486,7
47487,1
47488,0
47489,0
47490,3
47491,4
47492,1
47493,6
47494,0
47495,3
47496,0
47497,2
47498,4
47499,0
47500,2
47501,4
47502,4
47503,0
47504,2
47505,0
47506,4
47507,0
47508,4
47509,5
47510,7
47511,7
47512,2
47513,1
47514,7
47515,4
47516,5
47517,1
47518,0
47519,7
47520,1
47521,0
47522,2
47523,5
47524,0
47525,2
47526,5
47527,0
47528,7
47529,4
47530,5
47531,2
47532,5
47533,0
47534,7
47535,0
47536,6
47537,0
47538,0
47539,3
47540,7
47541,2
47542,4
47543,5
47544,5
47545,5
47546,7
47547,7
47548,5
47549,0
47550,2
47551,0
47552,0
47553,3
47554,7
47555,5
47556,5
47557,0
47558,4
47559,7
47560,4
47561,4
47562,4
47563,4
47564,0
47565,4
47566,4
47567,1
47568,4
47569,2
47570,2
47571,3
47572,6
47573,0
47574,4
47575,6
47576,0
47577,2
47578,3
47579,2
47580,6
47581,1
47582,0
47583,4
47584,2
47585,0
47586,0
47587,4
47588,7
47589,3
47590,1
47591,0
47592,1
47593,3
47594,0
47595,6
47596,2
47597,2
47598,7
47599,0
47600,0
47601,1
47602,2
47603,4
47604,3
47605,5
47606,2
47607,5
47608,2
47609,3
47610,0
47611,2
47612,3
47613,0
47614,0
47615,7
47616,2
47617,6
47618,1
47619,7
47620,0
47621,0
47622,7
47623,6
47624,3
47625,0
47626,7
47627,3
47628,0
47629,6
47630,3
47631,1
47632,0
47633,2
47634,4
47635,3
47636,5
47637,4
47638,5
47639,4
47640,7
47641,6
47642,5
47643,5
47644,4
47645,6
47646,4
47647,1
47648,2
47649,0
47650,5
47651,0
47652,6
47653,6
47654,0
47655,1
47656,0
47657,4
47658,1
47659,7
47660,4
47661,0
47662,4
47663,2
47664,4
47665,0
47666,0
47667,4
47668,1
47669,4
47670,5
47671,2
47672,6
47673,7
47674,4
47675,4
47676,7
47677,5
47678,2
47679,2
47680,0
47681,4
47682,7
47683,5
47684,1
47685,0
47686,4
47687,0
47688,1
47689,2
47690,6
47691,0
47692,5
47693,2
47694,5
47695,2
47696,7
47697,2
47698,5
47699,3
47700,3
47701,0
47702,2
47703,0
47704,6
47705,0
47706,2
47707,2
47708,1
47709,0
47710,2
47711,6
47712,4
47713,5
47714,0
47715,4
47716,5
47717,7
47718,4
47719,7
47720,0
47721,0
47722,6
47723,5
47724,4
47725,0
47726,4
47727,4
47728,5
47729,0
47730,5
47731,2
47732,2
47733,2
47734,4
47735,7
47736,6
47737,7
47738,4
47739,5
47740,0
47741,3
47742,5
47743,0
47744,2
47745,5
47746,5
47747,5
47748,4
47749,5
47750,3
47751,2
47752,2
47753,0
47754,2
47755,4
47756,0
47757,5
47758,3
47759,2
47760,7
47761,2
47762,1
47763,1
47764,0
47765,4
47766,0
47767,0
47768,5
47769,0
47770,7
47771,4
47772,6
47773,3
47774,3
47775,3
47776,4
47777,4
47778,5
47779,4
47780,0
47781,2
47782,4
47783,0
47784,3
47785,7
47786,0
47787,2
47788,6
47789,1
47790,1
47791,7
47792,5
47793,4
47794,7
47795,6
47796,5
47797,6
47798,7
47799,2
47800,4
47801,0
47802,6
47803,7
47804,2
47805,0
47806,0
47807,0
47808,0
47809,2
47810,4
47811,7
47812,2
47813,0
47814,2
47815,2
47816,0
47817,2
47818,1
47819,4
47820,2
47821,4
47822,0
47823,3
47824,0
47825,0
47826,4
47827,7
47828,0
47829,4
47830,2
47831,2
47832,3
47833,0
47834,2
47835,0
47836,3
47837,0
47838,1
47839,0
47840,4
47841,7
47842,5
47843,2
47844,2
47845,2
47846,7
47847,3
47848,7
47849,4
47850,0
47851,2
47852,2
47853,4
47854,1
47855,1
47856,2
47857,7
47858,7
47859,7
47860,2
47861,3
47862,2
47863,5
47864,7
47865,3
47866,3
47867,0
47868,7
47869,3
47870,6
47871,2
47872,4
47873,0
47874,5
47875,7
47876,0
47877,0
47878,2
47879,0
47880,3
47881,0
47882,4
47883,4
47884,4
47885,7
47886,0
47887,0
47888,1
47889,0
47890,2
47891,2
47892,7
47893,2
47894,5
47895,7
47896,5
47897,2
47898,3
47899,2
47900,0
47901,7
47902,0
47903,7
47904,4
47905,2
47906,4
47907,4
47908,3
47909,2
47910,0
47911,4
47912,7
47913,4
47914,1
47915,5
47916,4
47917,0
47918,5
47919,4
47920,2
47921,2
47922,1
47923,6
47924,6
47925,2
47926,2
47927,0
47928,2
47929,7
47930,7
47931,4
47932,2
47933,4
47934,4
47935,0
47936,4
47937,0
47938,5
47939,5
47940,7
47941,0
47942,0
47943,6
47944,2
47945,3
47946,1
47947,5
47948,4
47949,2
47950,6
47951,0
47952,4
47953,0
47954,0
47955,1
47956,5
47957,4
47958,7
47959,6
47960,3
47961,4
47962,5
47963,0
47964,7
47965,0
47966,3
47967,2
47968,2
47969,6
47970,1
47971,2
47972,6
47973,7
47974,5
47975,2
47976,5
47977,0
47978,4
47979,2
47980,4
47981,7
47982,4
47983,2
47984,0
47985,5
47986,4
47987,0
47988,3
47989,0
47990,2
47991,0
47992,0
47993,3
47994,1
47995,0
47996,5
47997,0
47998,6
47999,3
48000,5
48001,4
48002,7
48003,1
48004,7
48005,3
48006,0
48007,5
48008,3
48009,6
48010,5
48011,0
48012,0
48013,7
48014,7
48015,4
48016,2
48017,0
48018,0
48019,2
48020,0
48021,7
48022,3
48023,2
48024,4
48025,4
48026,7
48027,5
48028,0
48029,2
48030,4
48031,4
48032,0
48033,4
48034,2
48035,5
48036,0
48037,4
48038,0
48039,0
48040,5
48041,2
48042,1
48043,5
48044,7
48045,4
48046,0
48047,2
48048,1
48049,5
48050,2
48051,0
48052,2
48053,6
48054,0
48055,2
48056,3
48057,0
48058,1
48059,6
48060,4
48061,3
48062,0
48063,4
48064,0
48065,2
48066,2
48067,5
48068,3
48069,1
48070,2
48071,2
48072,5
48073,2
48074,1
48075,1
48076,4
48077,2
48078,5
48079,5
48080,3
48081,1
48082,4
48083,2
48084,0
48085,2
48086,3
48087,4
48088,7
48089,5
48090,4
48091,4
48092,4
48093,4
48094,3
48095,0
48096,4
48097,2
48098,6
48099,1
48100,2
48101,3
48102,6
48103,7
48104,7
48105,7
48106,5
48107,0
48108,5
48109,2
48110,6
48111,2
48112,0
48113,7
48114,2
48115,4
48116,5
48117,5
48118,7
48119,4
48120,7
48121,4
48122,3
48123,0
48124,0
48125,3
48126,7
48127,4
48128,7
48129,0
48130,7
48131,4
48132,2
48133,5
48134,4
48135,3
48136,6
48137,7
48138,5
48139,3
48140,5
48141,4
48142,1
48143,0
48144,5
48145,4
48146,0
48147,1
48148,2
48149,4
48150,2
48151,2
48152,4
48153,5
48154,5
48155,4
48156,1
48157,0
48158,7
48159,4
48160,4
48161,5
48162,5
48163,4
48164,6
48165,2
48166,0
48167,7
48168,6
48169,7
48170,0
48171,6
48172,5
48173,7
48174,3
48175,7
48176,0
48177,4
48178,4
48179,0
48180,7
48181,2
48182,3
48183,2
48184,1
48185,2
48186,2
48187,7
48188,7
48189,2
48190,7
48191,5
48192,5
48193,0
48194,4
48195,3
48196,5
48197,2
48198,4
48199,5
48200,0
48201,5
48202,4
48203,4
48204,2
48205,4
48206,3
48207,1
48208,5
48209,2
48210,5
48211,0
48212,4
48213,7
48214,4
48215,0
48216,1
48217,2
48218,7
48219,7
48220,2
48221,4
48222,7
48223,7
48224,5
48225,3
48226,2
48227,4
48228,1
48229,2
48230,3
48231,2
48232,7
48233,0
48234,4
48235,5
48236,1
48237,0
48238,2
48239,2
48240,4
48241,1
48242,7
48243,4
48244,0
48245,6
48246,4
48247,4
48248,2
48249,2
48250,1
48251,2
48252,3
48253,0
48254,0
48255,4
48256,2
48257,2
48258,4
48259,3
48260,0
48261,0
48262,1
48263,0
48264,4
48265,6
48266,4
48267,5
48268,0
48269,7
48270,4
48271,4
48272,0
48273,6
48274,7
48275,0
48276,7
48277,3
48278,0
48279,0
48280,1
48281,1
48282,5
48283,4
48284,4
48285,0
48286,5
48287,1
48288,6
48289,2
48290,4
48291,5
48292,2
48293,5
48294,3
48295,2
48296,5
48297,1
48298,2
48299,4
48300,4
48301,2
48302,0
48303,7
48304,5
48305,7
48306,4
48307,5
48308,7
48309,4
48310,5
48311,0
48312,2
48313,0
48314,4
48315,4
48316,2
48317,2
48318,2
48319,4
48320,4
48321,7
48322,4
48323,2
48324,7
48325,7
48326,0
48327,2
48328,0
48329,3
48330,2
48331,2
48332,0
48333,2
48334,0
48335,4
48336,5
48337,0
48338,1
48339,2
48340,7
48341,4
48342,4
48343,3
48344,0
48345,1
48346,2
48347,2
48348,1
48349,5
48350,0
48351,2
48352,7
48353,0
48354,2
48355,4
48356,5
48357,2
48358,2
48359,2
48360,0
48361,7
48362,4
48363,5
48364,0
48365,7
48366,2
48367,0
48368,7
48369,2
48370,2
48371,2
48372,7
48373,1
48374,1
48375,7
48376,2
48377,5
48378,4
48379,5
48380,2
48381,0
48382,7
48383,2
48384,2
48385,2
48386,5
48387,7
48388,5
48389,2
48390,3
48391,7
48392,2
48393,7
48394,0
48395,5
48396,6
48397,2
48398,4
48399,0
48400,4
48401,4
48402,0
48403,4
48404,5
48405,4
48406,2
48407,5
48408,0
48409,2
48410,4
48411,0
48412,5
48413,0
48414,5
48415,5
48416,6
48417,3
48418,5
48419,7
48420,5
48421,4
48422,5
48423,2
48424,1
48425,0
48426,2
48427,4
48428,0
48429,7
48430,2
48431,0
48432,7
48433,2
48434,0
48435,5
48436,4
48437,5
48438,4
48439,1
48440,7
48441,4
48442,6
48443,0
48444,6
48445,0
48446,0
48447,6
48448,5
48449,0
48450,3
48451,0
48452,3
48453,7
48454,2
48455,0
48456,0
48457,7
48458,4
48459,5
48460,6
48461,0
48462,1
48463,1
48464,2
48465,6
48466,3
48467,6
48468,0
48469,4
48470,7
48471,2
48472,2
48473,2
48474,2
48475,0
48476,0
48477,5
48478,2
48479,3
48480,0
48481,7
48482,1
48483,0
48484,4
48485,7
48486,4
48487,3
48488,3
48489,4
48490,2
48491,1
48492,0
48493,0
48494,4
48495,4
48496,0
48497,2
48498,4
48499,3
48500,4
48501,0
48502,6
48503,3
48504,5
48505,0
48506,0
48507,2
48508,0
48509,0
48510,5
48511,4
48512,0
48513,3
48514,2
48515,4
48516,2
48517,1
48518,7
48519,3
48520,4
48521,7
48522,5
48523,3
48524,3
48525,0
48526,2
48527,2
48528,6
48529,2
48530,4
48531,0
48532,0
48533,3
48534,4
48535,2
48536,3
48537,2
48538,5
48539,2
48540,4
48541,5
48542,4
48543,4
48544,5
48545,7
48546,4
48547,4
48548,4
48549,5
48550,4
48551,4
48552,0
48553,0
48554,7
48555,1
48556,7
48557,0
48558,4
48559,0
48560,3
48561,1
48562,5
48563,0
48564,0
48565,0
48566,5
48567,4
48568,2
48569,0
48570,4
48571,3
48572,2
48573,4
48574,5
48575,6
48576,3
48577,2
48578,3
48579,5
48580,7
48581,0
48582,0
48583,5
48584,6
48585,0
48586,2
48587,5
48588,1
48589,7
48590,2
48591,0
48592,0
48593,1
48594,0
48595,2
48596,3
48597,1
48598,0
48599,3
48600,5
48601,7
48602,7
48603,7
48604,7
48605,6
48606,7
48607,5
48608,5
48609,4
48610,0
48611,0
48612,0
48613,7
48614,0
48615,5
48616,5
48617,4
48618,7
48619,4
48620,2
48621,2
48622,4
48623,5
48624,0
48625,2
48626,5
48627,3
48628,1
48629,7
48630,4
48631,0
48632,0
48633,2
48634,0
48635,3
48636,2
48637,4
48638,6
48639,3
48640,2
48641,4
48642,2
48643,0
48644,2
48645,0
48646,2
48647,0
48648,0
48649,4
48650,4
48651,5
48652,2
48653,5
48654,0
48655,6
48656,3
48657,0
48658,5
48659,4
48660,2
48661,7
48662,4
48663,7
48664,7
48665,5
48666,3
48667,4
48668,5
48669,0
48670,2
48671,0
48672,0
48673,4
48674,4
48675,0
48676,0
48677,4
48678,4
48679,0
48680,6
48681,5
48682,3
48683,6
48684,7
48685,2
48686,5
48687,2
48688,7
48689,2
48690,0
48691,2
48692,2
48693,4
48694,0
48695,4
48696,4
48697,0
48698,3
48699,0
48700,2
48701,0
48702,0
48703,2
48704,5
48705,0
48706,0
48707,0
48708,5
48709,6
48710,6
48711,4
48712,7
48713,4
48714,4
48715,2
48716,7
48717,5
48718,7
48719,7
48720,4
48721,2
48722,7
48723,0
48724,5
48725,2
48726,4
48727,0
48728,0
48729,5
48730,4
48731,4
48732,6
48733,2
48734,5
48735,5
48736,4
48737,0
48738,2
48739,7
48740,4
48741,4
48742,5
48743,7
48744,7
48745,5
48746,2
48747,2
48748,1
48749,2
48750,5
48751,5
48752,7
48753,4
48754,1
48755,3
48756,0
48757,0
48758,4
48759,5
48760,5
48761,2
48762,0
48763,2
48764,2
48765,3
48766,5
48767,4
48768,1
48769,4
48770,7
48771,4
48772,0
48773,4
48774,2
48775,2
48776,4
48777,3
48778,4
48779,1
48780,4
48781,2
48782,0
48783,0
48784,2
48785,3
48786,5
48787,1
48788,0
48789,5
48790,3
48791,3
48792,7
48793,2
48794,5
48795,0
48796,2
48797,5
48798,2
48799,4
48800,2
48801,4
48802,0
48803,1
48804,0
48805,2
48806,7
48807,2
48808,4
48809,1
48810,6
48811,3
48812,2
48813,5
48814,3
48815,3
48816,7
48817,0
48818,2
48819,2
48820,5
48821,3
48822,3
48823,7
48824,7
48825,2
48826,0
48827,4
48828,6
48829,1
48830,3
48831,4
48832,7
48833,0
48834,4
48835,7
48836,1
48837,4
48838,0
48839,2
48840,1
48841,0
48842,5
48843,2
48844,7
48845,1
48846,5
48847,5
48848,2
48849,0
48850,0
48851,2
48852,5
48853,2
48854,6
48855,4
48856,4
48857,7
48858,0
48859,4
48860,1
48861,5
48862,0
48863,1
48864,2
48865,5
48866,0
48867,7
48868,1
48869,1
48870,5
48871,0
48872,7
48873,2
48874,4
48875,0
48876,0
48877,2
48878,2
48879,2
48880,0
48881,0
48882,6
48883,5
48884,2
48885,2
48886,0
48887,0
48888,4
48889,4
48890,4
48891,0
48892,0
48893,2
48894,0
48895,2
48896,4
48897,2
48898,0
48899,7
48900,1
48901,0
48902,0
48903,1
48904,0
48905,3
48906,4
48907,7
48908,7
48909,6
48910,6
48911,3
48912,4
48913,6
48914,6
48915,3
48916,0
48917,5
48918,2
48919,4
48920,2
48921,4
48922,5
48923,2
48924,2
48925,5
48926,4
48927,7
48928,0
48929,0
48930,3
48931,1
48932,4
48933,2
48934,0
48935,5
48936,0
48937,4
48938,1
48939,2
48940,6
48941,0
48942,1
48943,3
48944,3
48945,3
48946,2
48947,5
48948,7
48949,4
48950,1
48951,2
48952,0
48953,6
48954,2
48955,0
48956,6
48957,5
48958,0
48959,5
48960,0
48961,5
48962,5
48963,4
48964,7
48965,3
48966,2
48967,4
48968,6
48969,0
48970,2
48971,4
48972,0
48973,5
48974,2
48975,2
48976,5
48977,2
48978,0
48979,6
48980,5
48981,4
48982,0
48983,4
48984,5
48985,7
48986,0
48987,4
48988,5
48989,5
48990,6
48991,5
48992,0
48993,1
48994,3
48995,5
48996,6
48997,2
48998,0
48999,2
49000,4
49001,0
49002,2
49003,7
49004,7
49005,4
49006,0
49007,4
49008,5
49009,4
49010,0
49011,1
49012,5
49013,3
49014,0
49015,7
49016,0
49017,2
49018,0
49019,4
49020,3
49021,1
49022,4
49023,7
49024,4
49025,0
49026,7
49027,5
49028,3
49029,2
49030,3
49031,0
49032,3
49033,4
49034,2
49035,2
49036,5
49037,2
49038,4
49039,2
49040,2
49041,2
49042,0
49043,2
49044,7
49045,5
49046,1
49047,0
49048,0
49049,0
49050,7
49051,3
49052,7
49053,2
49054,0
49055,4
49056,6
49057,2
49058,4
49059,2
49060,4
49061,4
49062,4
49063,2
49064,2
49065,4
49066,0
49067,0
49068,7
49069,0
49070,0
49071,1
49072,7
49073,0
49074,0
49075,1
49076,1
49077,0
49078,4
49079,1
49080,3
49081,0
49082,3
49083,3
49084,1
49085,2
49086,2
49087,0
49088,2
49089,2
49090,3
49091,5
49092,1
49093,1
49094,6
49095,0
49096,4
49097,5
49098,0
49099,7
49100,5
49101,0
49102,2
49103,2
49104,5
49105,0
49106,7
49107,0
49108,4
49109,7
49110,0
49111,5
49112,5
49113,7
49114,4
49115,2
49116,5
49117,7
49118,5
49119,6
49120,3
49121,5
49122,0
49123,4
49124,5
49125,7
49126,2
49127,0
49128,7
49129,5
49130,0
49131,1
49132,7
49133,0
49134,1
49135,2
49136,2
49137,0
49138,7
49139,5
49140,3
49141,4
49142,0
49143,7
49144,0
49145,7
49146,1
49147,7
49148,2
49149,7
49150,0
49151,4
49152,0
49153,7
49154,2
49155,4
49156,4
49157,7
49158,5
49159,7
49160,4
49161,1
49162,7
49163,7
49164,5
49165,7
49166,4
49167,3
49168,6
49169,7
49170,1
49171,4
49172,0
49173,5
49174,0
49175,0
49176,1
49177,7
49178,0
49179,0
49180,2
49181,0
49182,2
49183,0
49184,5
49185,3
49186,7
49187,7
49188,3
49189,4
49190,2
49191,4
49192,7
49193,4
49194,7
49195,7
49196,5
49197,5
49198,3
49199,4
49200,5
49201,2
49202,3
49203,3
49204,4
49205,5
49206,1
49207,5
49208,5
49209,2
49210,5
49211,0
49212,4
49213,7
49214,0
49215,4
49216,0
49217,0
49218,5
49219,4
49220,0
49221,4
49222,0
49223,3
49224,1
49225,2
49226,7
49227,2
49228,0
49229,7
49230,0
49231,0
49232,0
49233,0
49234,0
49235,7
49236,4
49237,4
49238,5
49239,0
49240,2
49241,2
49242,2
49243,4
49244,4
49245,0
49246,2
49247,0
49248,4
49249,0
49250,0
49251,5
49252,6
49253,5
49254,7
49255,2
49256,4
49257,5
49258,2
49259,0
49260,0
49261,2
49262,0
49263,0
49264,4
49265,4
49266,0
49267,1
49268,5
49269,4
49270,4
49271,5
49272,7
49273,5
49274,1
49275,1
49276,0
49277,7
49278,4
49279,7
49280,0
49281,7
49282,6
49283,0
49284,1
49285,3
49286,5
49287,6
49288,5
49289,5
49290,0
49291,2
49292,5
49293,0
49294,2
49295,1
49296,2
49297,7
49298,0
49299,7
49300,3
49301,1
49302,4
49303,5
49304,2
49305,7
49306,2
49307,6
49308,7
49309,0
49310,5
49311,0
49312,5
49313,0
49314,2
49315,7
49316,5
49317,4
49318,0
49319,4
49320,2
49321,5
49322,7
49323,7
49324,5
49325,5
49326,4
49327,0
49328,6
49329,0
49330,7
49331,4
49332,0
49333,0
49334,7
49335,7
49336,3
49337,5
49338,7
49339,2
49340,7
49341,5
49342,2
49343,4
49344,4
49345,5
49346,6
49347,0
49348,0
49349,2
49350,0
49351,0
49352,3
49353,5
49354,5
49355,4
49356,5
49357,0
49358,4
49359,1
49360,4
49361,0
49362,2
49363,7
49364,2
49365,4
49366,2
49367,7
49368,7
49369,3
49370,2
49371,6
49372,3
49373,0
49374,0
49375,2
49376,7
49377,2
49378,0
49379,0
49380,2
49381,7
49382,4
49383,5
49384,3
49385,0
49386,5
49387,7
49388,2
49389,3
49390,2
49391,7
49392,4
49393,0
49394,7
49395,2
49396,0
49397,5
49398,7
49399,2
49400,0
49401,4
49402,4
49403,1
49404,4
49405,0
49406,7
49407,0
49408,7
49409,4
49410,4
49411,7
49412,2
49413,2
49414,5
49415,2
49416,3
49417,5
49418,0
49419,4
49420,6
49421,5
49422,7
49423,5
49424,0
49425,7
49426,6
49427,3
49428,2
49429,7
49430,1
49431,4
49432,7
49433,4
49434,4
49435,2
49436,5
49437,4
49438,7
49439,0
49440,4
49441,2
49442,7
49443,2
49444,5
49445,1
49446,5
49447,4
49448,6
49449,0
49450,0
49451,4
49452,3
49453,0
49454,2
49455,6
49456,2
49457,0
49458,5
49459,3
49460,4
49461,4
49462,0
49463,2
49464,2
49465,5
49466,0
49467,2
49468,0
49469,2
49470,7
49471,1
49472,1
49473,5
49474,5
49475,3
49476,0
49477,0
49478,7
49479,4
49480,1
49481,0
49482,5
49483,5
49484,7
49485,4
49486,7
49487,4
49488,5
49489,5
49490,7
49491,4
49492,2
49493,0
49494,5
49495,4
49496,0
49497,5
49498,0
49499,5
49500,3
49501,4
49502,0
49503,1
49504,2
49505,7
49506,0
49507,2
49508,6
49509,5
49510,2
49511,4
49512,7
49513,7
49514,5
49515,0
49516,4
49517,7
49518,0
49519,1
49520,6
49521,2
49522,3
49523,7
49524,7
49525,7
49526,4
49527,0
49528,0
49529,0
49530,1
49531,3
49532,4
49533,4
49534,3
49535,7
49536,2
49537,2
49538,2
49539,4
49540,2
49541,2
49542,5
49543,0
49544,5
49545,3
49546,3
49547,0
49548,2
49549,1
49550,2
49551,3
49552,5
49553,0
49554,6
49555,5
49556,7
49557,1
49558,3
49559,4
49560,2
49561,5
49562,5
49563,4
49564,4
49565,5
49566,5
49567,0
49568,4
49569,4
49570,0
49571,4
49572,4
49573,0
49574,4
49575,3
49576,2
49577,3
49578,2
49579,4
49580,7
49581,1
49582,2
49583,0
49584,0
49585,5
49586,4
49587,2
49588,2
49589,0
49590,3
49591,0
49592,2
49593,2
49594,2
49595,0
49596,5
49597,0
49598,6
49599,4
49600,2
49601,6
49602,2
49603,6
49604,2
49605,1
49606,2
49607,2
49608,0
49609,4
49610,2
49611,3
49612,7
49613,4
49614,2
49615,5
49616,4
49617,7
49618,0
49619,0
49620,5
49621,5
49622,0
49623,6
49624,3
49625,6
49626,7
49627,0
49628,0
49629,4
49630,5
49631,7
49632,1
49633,0
49634,2
49635,2
49636,4
49637,7
49638,3
49639,0
49640,7
49641,7
49642,5
49643,7
49644,4
49645,4
49646,2
49647,5
49648,0
49649,2
49650,7
49651,0
49652,2
49653,1
49654,7
49655,4
49656,4
49657,2
49658,4
49659,0
49660,5
49661,2
49662,5
49663,6
49664,4
49665,2
49666,5
49667,4
49668,7
49669,0
49670,4
49671,4
49672,0
49673,7
49674,3
49675,0
49676,5
49677,0
49678,5
49679,7
49680,1
49681,7
49682,7
49683,0
49684,7
49685,2
49686,6
49687,2
49688,4
49689,4
49690,6
49691,6
49692,6
49693,6
49694,4
49695,7
49696,2
49697,4
49698,2
49699,2
49700,1
49701,7
49702,2
49703,5
49704,0
49705,0
49706,0
49707,0
49708,4
49709,5
49710,0
49711,5
49712,3
49713,0
49714,2
49715,4
49716,2
49717,4
49718,6
49719,5
49720,2
49721,2
49722,4
49723,5
49724,0
49725,0
49726,7
49727,7
49728,7
49729,0
49730,0
49731,5
49732,4
49733,5
49734,3
49735,6
49736,0
49737,1
49738,1
49739,1
49740,5
49741,0
49742,7
49743,0
49744,7
49745,0
49746,7
49747,2
49748,2
49749,4
49750,4
49751,5
49752,7
49753,4
49754,5
49755,2
49756,7
49757,0
49758,7
49759,4
49760,0
49761,2
49762,6
49763,4
49764,2
49765,0
49766,1
49767,7
49768,1
49769,4
49770,5
49771,4
49772,3
49773,0
49774,4
49775,5
49776,3
49777,2
49778,6
49779,4
49780,0
49781,0
49782,0
49783,0
49784,4
49785,1
49786,5
49787,4
49788,5
49789,7
49790,3
49791,2
49792,1
49793,5
49794,5
49795,5
49796,4
49797,0
49798,6
49799,6
49800,1
49801,0
49802,7
49803,5
49804,4
49805,5
49806,4
49807,5
49808,0
49809,1
49810,0
49811,5
49812,2
49813,7
49814,7
49815,0
49816,5
49817,4
49818,2
49819,7
49820,0
49821,0
49822,0
49823,0
49824,2
49825,4
49826,7
49827,5
49828,6
49829,5
49830,4
49831,5
49832,0
49833,2
49834,7
49835,5
49836,7
49837,1
49838,5
49839,5
49840,5
49841,4
49842,5
49843,4
49844,2
49845,5
49846,3
49847,0
49848,4
49849,2
49850,2
49851,7
49852,5
49853,3
49854,2
49855,0
49856,7
49857,5
49858,7
49859,0
49860,0
49861,7
49862,3
49863,2
49864,0
49865,2
49866,4
49867,5
49868,6
49869,6
49870,7
49871,7
49872,0
49873,0
49874,0
49875,7
49876,0
49877,0
49878,4
49879,2
49880,0
49881,0
49882,6
49883,5
49884,2
49885,4
49886,5
49887,4
49888,7
49889,7
49890,0
49891,5
49892,2
49893,4
49894,4
49895,6
49896,2
49897,7
49898,1
49899,5
49900,4
49901,5
49902,0
49903,5
49904,7
49905,5
49906,3
49907,4
49908,0
49909,7
49910,7
49911,4
49912,3
49913,5
49914,5
49915,2
49916,4
49917,2
49918,7
49919,2
49920,5
49921,1
49922,6
49923,7
49924,7
49925,1
49926,0
49927,3
49928,2
49929,0
49930,5
49931,2
49932,0
49933,5
49934,0
49935,2
49936,3
49937,4
49938,2
49939,0
49940,0
49941,2
49942,4
49943,5
49944,6
49945,4
49946,2
49947,2
49948,2
49949,5
49950,0
49951,4
49952,0
49953,3
49954,1
49955,4
49956,5
49957,7
49958,1
49959,2
49960,4
49961,2
49962,0
49963,1
49964,6
49965,4
49966,2
49967,2
49968,2
49969,2
49970,3
49971,7
49972,7
49973,4
49974,0
49975,2
49976,7
49977,2
49978,0
49979,0
49980,0
49981,4
49982,5
49983,1
49984,3
49985,0
49986,5
49987,0
49988,2
49989,5
49990,4
49991,3
49992,6
49993,4
49994,6
49995,5
49996,4
49997,4
49998,4
49999,0
50000,0
50001,2
50002,7
50003,7
50004,4
50005,7
50006,4
50007,2
50008,7
50009,7
50010,4
50011,5
50012,4
50013,4
50014,0
50015,2
50016,0
50017,0
50018,0
50019,4
50020,4
50021,3
50022,5
50023,3
50024,4
50025,0
50026,3
50027,5
50028,4
50029,2
50030,2
50031,7
50032,5
50033,3
50034,6
50035,4
50036,7
50037,7
50038,5
50039,0
50040,1
50041,4
50042,0
50043,2
50044,2
50045,4
50046,4
50047,5
50048,3
50049,3
50050,2
50051,4
50052,0
50053,2
50054,5
50055,7
50056,6
50057,1
50058,0
50059,0
50060,5
50061,0
50062,0
50063,4
50064,0
50065,7
50066,7
50067,2
50068,5
50069,6
50070,5
50071,0
50072,6
50073,2
50074,4
50075,4
50076,5
50077,3
50078,0
50079,2
50080,2
50081,0
50082,7
50083,4
50084,3
50085,2
50086,6
50087,0
50088,3
50089,4
50090,3
50091,1
50092,4
50093,0
50094,4
50095,1
50096,2
50097,4
50098,5
50099,4
50100,0
50101,4
50102,2
50103,2
50104,5
50105,0
50106,4
50107,4
50108,4
50109,0
50110,3
50111,7
50112,1
50113,2
50114,4
50115,0
50116,7
50117,0
50118,7
50119,3
50120,7
50121,2
50122,2
50123,0
50124,0
50125,4
50126,5
50127,0
50128,5
50129,7
50130,0
50131,4
50132,7
50133,2
50134,5
50135,2
50136,6
50137,5
50138,4
50139,7
50140,4
50141,7
50142,3
50143,0
50144,5
50145,4
50146,2
50147,2
50148,7
50149,1
50150,5
50151,0
50152,4
50153,3
50154,2
50155,7
50156,0
50157,5
50158,0
50159,7
50160,0
50161,0
50162,3
50163,4
50164,3
50165,5
50166,2
50167,4
50168,2
50169,2
50170,5
50171,5
50172,3
50173,7
50174,2
50175,5
50176,2
50177,5
50178,3
50179,5
50180,2
50181,6
50182,4
50183,6
50184,4
50185,3
50186,6
50187,0
50188,3
50189,6
50190,1
50191,2
50192,0
50193,5
50194,4
50195,4
50196,7
50197,3
50198,0
50199,2
50200,7
50201,0
50202,0
50203,4
50204,2
50205,2
50206,0
50207,2
50208,4
50209,4
50210,7
50211,0
50212,0
50213,2
50214,4
50215,1
50216,6
50217,5
50218,3
50219,4
50220,0
50221,0
50222,0
50223,4
50224,2
50225,0
50226,5
50227,5
50228,3
50229,5
50230,6
50231,2
50232,2
50233,7
50234,0
50235,2
50236,0
50237,4
50238,2
50239,4
50240,4
50241,7
50242,5
50243,3
50244,5
50245,6
50246,0
50247,3
50248,0
50249,4
50250,4
50251,4
50252,2
50253,5
50254,2
50255,0
50256,0
50257,3
50258,5
50259,2
50260,2
50261,0
50262,4
50263,7
50264,4
50265,1
50266,4
50267,0
50268,5
50269,1
50270,2
50271,0
50272,2
50273,6
50274,4
50275,1
50276,0
50277,0
50278,7
50279,0
50280,0
50281,0
50282,0
50283,5
50284,5
50285,2
50286,4
50287,4
50288,4
50289,0
50290,4
50291,7
50292,2
50293,0
50294,5
50295,1
50296,2
50297,0
50298,2
50299,2
50300,7
50301,3
50302,5
50303,0
50304,4
50305,2
50306,4
50307,7
50308,4
50309,7
50310,1
50311,0
50312,2
50313,6
50314,7
50315,4
50316,7
50317,3
50318,4
50319,0
50320,5
50321,0
50322,5
50323,4
50324,6
50325,5
50326,0
50327,4
50328,5
50329,4
50330,0
50331,4
50332,2
50333,5
50334,2
50335,5
50336,4
50337,0
50338,5
50339,4
50340,7
50341,2
50342,7
50343,6
50344,5
50345,6
50346,0
50347,4
50348,2
50349,2
50350,0
50351,0
50352,0
50353,2
50354,4
50355,0
50356,2
50357,3
50358,0
50359,4
50360,4
50361,1
