,cluster_id
0,3
1,1
2,1
3,3
4,1
5,3
6,2
7,3
8,3
9,3
10,2
11,3
12,1
13,1
14,3
15,1
16,2
17,1
18,3
19,3
20,0
21,3
22,2
23,2
24,2
25,3
26,0
27,1
28,0
29,3
30,3
31,3
32,1
33,1
34,1
35,2
36,1
37,1
38,3
39,3
40,3
41,1
42,3
43,3
44,3
45,3
46,1
47,3
48,3
49,1
50,1
51,2
52,0
53,3
54,3
55,0
56,0
57,3
58,3
59,1
60,1
61,2
62,0
63,3
64,0
65,3
66,0
67,0
68,2
69,2
70,1
71,0
72,2
73,3
74,3
75,3
76,0
77,3
78,2
79,1
80,1
81,1
82,2
83,3
84,1
85,3
86,0
87,2
88,2
89,2
90,3
91,3
92,1
93,0
94,2
95,1
96,3
97,2
98,3
99,3
100,1
101,0
102,1
103,3
104,1
105,1
106,3
107,2
108,3
109,3
110,2
111,2
112,3
113,3
114,0
115,3
116,2
117,0
118,2
119,2
120,3
121,0
122,1
123,3
124,0
125,3
126,3
127,3
128,3
129,3
130,3
131,2
132,2
133,0
134,2
135,3
136,1
137,0
138,2
139,1
140,1
141,0
142,1
143,2
144,2
145,3
146,3
147,2
148,3
149,2
150,3
151,1
152,3
153,0
154,3
155,0
156,1
157,1
158,3
159,2
160,2
161,1
162,0
163,3
164,1
165,0
166,2
167,3
168,0
169,2
170,0
171,3
172,2
173,3
174,3
175,1
176,3
177,1
178,2
179,3
180,0
181,2
182,3
183,3
184,0
185,3
186,2
187,0
188,2
189,0
190,3
191,3
192,1
193,3
194,3
195,3
196,1
197,3
198,3
199,1
200,3
201,0
202,1
203,0
204,3
205,2
206,0
207,0
208,3
209,0
210,1
211,3
212,0
213,1
214,2
215,1
216,0
217,1
218,1
219,2
220,1
221,1
222,3
223,0
224,1
225,0
226,3
227,3
228,3
229,3
230,3
231,3
232,3
233,0
234,1
235,3
236,1
237,0
238,3
239,3
240,2
241,1
242,3
243,1
244,3
245,0
246,3
247,3
248,3
249,0
250,0
251,0
252,3
253,3
254,2
255,3
256,0
257,0
258,3
259,0
260,3
261,3
262,1
263,3
264,3
265,3
266,1
267,3
268,3
269,2
270,2
271,0
272,0
273,0
274,1
275,0
276,1
277,1
278,3
279,2
280,3
281,2
282,1
283,3
284,1
285,3
286,2
287,2
288,1
289,0
290,1
291,2
292,3
293,0
294,3
295,1
296,3
297,3
298,2
299,2
300,0
301,0
302,1
303,2
304,2
305,3
306,1
307,3
308,2
309,2
310,0
311,2
312,1
313,1
314,3
315,3
316,2
317,3
318,3
319,1
320,3
321,1
322,1
323,2
324,0
325,3
326,1
327,1
328,0
329,0
330,3
331,3
332,0
333,3
334,3
335,2
336,2
337,1
338,0
339,3
340,1
341,1
342,3
343,3
344,3
345,2
346,3
347,0
348,2
349,2
350,3
351,1
352,3
353,2
354,2
355,1
356,3
357,3
358,1
359,3
360,2
361,0
362,3
363,3
364,3
365,3
366,2
367,3
368,2
369,2
370,0
371,2
372,0
373,3
374,2
375,2
376,3
377,3
378,1
379,0
380,3
381,0
382,0
383,1
384,1
385,1
386,3
387,0
388,0
389,3
390,1
391,2
392,2
393,1
394,1
395,2
396,3
397,3
398,2
399,3
400,1
401,0
402,0
403,2
404,3
405,2
406,2
407,3
408,1
409,0
410,1
411,1
412,0
413,3
414,0
415,3
416,1
417,2
418,3
419,2
420,1
421,0
422,1
423,1
424,2
425,3
426,3
427,2
428,2
429,3
430,3
431,0
432,3
433,2
434,3
435,2
436,2
437,1
438,0
439,1
440,0
441,1
442,0
443,2
444,2
445,2
446,2
447,3
448,2
449,1
450,3
451,0
452,2
453,0
454,3
455,3
456,2
457,3
458,0
459,0
460,3
461,0
462,1
463,1
464,1
465,3
466,0
467,0
468,2
469,2
470,3
471,2
472,1
473,3
474,3
475,1
476,3
477,3
478,1
479,3
480,3
481,3
482,3
483,1
484,3
485,2
486,2
487,3
488,3
489,2
490,3
491,3
492,3
493,3
494,1
495,3
496,3
497,0
498,0
499,3
500,3
501,3
502,2
503,2
504,0
505,1
506,0
507,3
508,3
509,2
510,3
511,3
512,1
513,2
514,3
515,3
516,3
517,1
518,3
519,1
520,3
521,0
522,3
523,1
524,1
525,2
526,2
527,3
528,1
529,1
530,3
531,3
532,3
533,1
534,2
535,3
536,0
537,0
538,3
539,3
540,2
541,0
542,3
543,3
544,0
545,1
546,1
547,0
548,0
549,0
550,3
551,2
552,3
553,2
554,1
555,2
556,0
557,1
558,3
559,3
560,1
561,1
562,2
563,0
564,3
565,2
566,2
567,3
568,0
569,1
570,1
571,0
572,3
573,3
574,2
575,0
576,3
577,1
578,3
579,3
580,2
581,1
582,1
583,3
584,2
585,3
586,3
587,2
588,2
589,0
590,3
591,3
592,0
593,3
594,3
595,3
596,0
597,2
598,2
599,2
600,1
601,0
602,1
603,1
604,0
605,3
606,2
607,0
608,2
609,1
610,3
611,2
612,2
613,1
614,0
615,3
616,3
617,3
618,3
619,0
620,2
621,2
622,3
623,3
624,1
625,3
626,2
627,3
628,3
629,0
630,0
631,3
632,2
633,1
634,2
635,0
636,1
637,1
638,3
639,1
640,2
641,3
642,1
643,3
644,2
645,1
646,2
647,2
648,3
649,3
650,3
651,1
652,2
653,3
654,0
655,2
656,3
657,1
658,2
659,3
660,3
661,3
662,1
663,1
664,1
665,2
666,2
667,1
668,1
669,0
670,3
671,1
672,0
673,2
674,3
675,3
676,3
677,0
678,3
679,3
680,2
681,2
682,3
683,3
684,3
685,2
686,1
687,3
688,3
689,0
690,3
691,1
692,1
693,1
694,0
695,1
696,3
697,3
698,1
699,1
700,2
701,3
702,1
703,0
704,3
705,3
706,3
707,1
708,3
709,0
710,2
711,1
712,3
713,1
714,1
715,1
716,3
717,3
718,0
719,0
720,3
721,0
722,2
723,1
724,2
725,0
726,0
727,3
728,1
729,3
730,3
731,3
732,1
733,2
734,0
735,3
736,2
737,3
738,2
739,1
740,2
741,3
742,3
743,1
744,2
745,0
746,1
747,1
748,2
749,1
750,2
751,3
752,1
753,1
754,2
755,3
756,0
757,2
758,3
759,1
760,3
761,1
762,3
763,2
764,2
765,3
766,0
767,2
768,0
769,2
770,0
771,0
772,1
773,2
774,2
775,3
776,0
777,2
778,2
779,1
780,3
781,2
782,3
783,3
784,1
785,3
786,2
787,1
788,2
789,3
790,1
791,0
792,0
793,1
794,2
795,2
796,2
797,2
798,1
799,0
800,0
801,3
802,1
803,1
804,2
805,1
806,3
807,0
808,1
809,3
810,0
811,3
812,1
813,2
814,2
815,3
816,3
817,1
818,2
819,3
820,1
821,1
822,1
823,1
824,3
825,1
826,0
827,1
828,2
829,3
830,1
831,3
832,2
833,0
834,2
835,1
836,3
837,0
838,3
839,2
840,1
841,3
842,2
843,1
844,1
845,0
846,0
847,1
848,1
849,3
850,0
851,3
852,3
853,2
854,0
855,1
856,2
857,2
858,2
859,1
860,3
861,0
862,1
863,0
864,1
865,3
866,1
867,3
868,3
869,1
870,2
871,2
872,3
873,3
874,2
875,0
876,0
877,2
878,3
879,2
880,0
881,1
882,1
883,1
884,2
885,3
886,3
887,2
888,3
889,2
890,2
891,3
892,3
893,2
894,3
895,3
896,3
897,0
898,2
899,3
900,1
901,1
902,1
903,0
904,3
905,2
906,3
907,3
908,2
909,3
910,1
911,0
912,3
913,0
914,3
915,1
916,2
917,1
918,0
919,1
920,3
921,2
922,3
923,3
924,3
925,0
926,2
927,1
928,0
929,3
930,2
931,2
932,1
933,0
934,3
935,3
936,2
937,3
938,0
939,3
940,3
941,3
942,3
943,0
944,1
945,1
946,0
947,0
948,0
949,3
950,1
951,2
952,2
953,3
954,2
955,0
956,1
957,1
958,3
959,0
960,1
961,0
962,2
963,1
964,0
965,3
966,2
967,1
968,1
969,3
970,2
971,2
972,3
973,3
974,3
975,2
976,1
977,1
978,3
979,3
980,2
981,1
982,0
983,3
984,0
985,0
986,3
987,3
988,2
989,3
990,3
991,3
992,1
993,3
994,3
995,1
996,2
997,3
998,3
999,1
1000,2
1001,2
1002,0
1003,1
1004,1
1005,3
1006,0
1007,0
1008,3
1009,2
1010,3
1011,1
1012,2
1013,3
1014,2
1015,1
1016,3
1017,3
1018,0
1019,3
1020,1
1021,3
1022,3
1023,3
1024,3
1025,3
1026,3
1027,3
1028,3
1029,1
1030,0
1031,0
1032,0
1033,2
1034,3
1035,3
1036,2
1037,3
1038,1
1039,0
1040,2
1041,3
1042,3
1043,3
1044,3
1045,0
1046,0
1047,3
1048,1
1049,2
1050,0
1051,0
1052,0
1053,2
1054,3
1055,3
1056,2
1057,2
1058,1
1059,2
1060,2
1061,1
1062,2
1063,2
1064,1
1065,2
1066,3
1067,0
1068,0
1069,1
1070,1
1071,2
1072,3
1073,3
1074,3
1075,2
1076,0
1077,3
1078,1
1079,0
1080,1
1081,1
1082,0
1083,2
1084,0
1085,1
1086,3
1087,3
1088,3
1089,3
1090,3
1091,0
1092,3
1093,3
1094,2
1095,3
1096,3
1097,3
1098,3
1099,1
1100,3
1101,3
1102,1
1103,2
1104,2
1105,1
1106,3
1107,2
1108,1
1109,0
1110,1
1111,3
1112,3
1113,3
1114,1
1115,0
1116,2
1117,1
1118,2
1119,0
1120,1
1121,1
1122,1
1123,1
1124,3
1125,3
1126,3
1127,0
1128,3
1129,1
1130,3
1131,1
1132,3
1133,3
1134,0
1135,3
1136,2
1137,1
1138,1
1139,3
1140,3
1141,1
1142,0
1143,3
1144,1
1145,2
1146,3
1147,2
1148,2
1149,2
1150,2
1151,3
1152,3
1153,3
1154,1
1155,0
1156,2
1157,3
1158,3
1159,3
1160,0
1161,1
1162,0
1163,0
1164,2
1165,2
1166,2
1167,3
1168,2
1169,2
1170,3
1171,1
1172,2
1173,3
1174,3
1175,3
1176,1
1177,1
1178,0
1179,1
1180,1
1181,3
1182,2
1183,3
1184,0
1185,1
1186,1
1187,1
1188,0
1189,0
1190,3
1191,2
1192,1
1193,3
1194,1
1195,0
1196,0
1197,2
1198,3
1199,2
1200,2
1201,1
1202,0
1203,3
1204,3
1205,1
1206,2
1207,2
1208,1
1209,2
1210,3
1211,3
1212,0
1213,1
1214,3
1215,0
1216,2
1217,2
1218,3
1219,0
1220,2
1221,2
1222,2
1223,1
1224,3
1225,0
1226,2
1227,1
1228,1
1229,0
1230,2
1231,3
1232,3
1233,3
1234,2
1235,0
1236,3
1237,2
1238,3
1239,1
1240,2
1241,3
1242,0
1243,3
1244,3
1245,3
1246,3
1247,0
1248,3
1249,3
1250,3
1251,1
1252,2
1253,1
1254,1
1255,3
1256,3
1257,2
1258,2
1259,2
1260,3
1261,0
1262,2
1263,3
1264,1
1265,3
1266,3
1267,3
1268,2
1269,1
1270,3
1271,2
1272,1
1273,1
1274,3
1275,1
1276,1
1277,1
1278,0
1279,2
1280,1
1281,1
1282,1
1283,0
1284,2
1285,3
1286,0
1287,3
1288,2
1289,0
1290,2
1291,3
1292,3
1293,3
1294,1
1295,1
1296,0
1297,1
1298,3
1299,1
1300,0
1301,1
1302,1
1303,3
1304,0
1305,3
1306,2
1307,3
1308,1
1309,2
1310,0
1311,2
1312,3
1313,0
1314,3
1315,3
1316,1
1317,2
1318,0
1319,1
1320,0
1321,2
1322,2
1323,2
1324,1
1325,2
1326,3
1327,3
1328,2
1329,1
1330,3
1331,3
1332,2
1333,3
1334,2
1335,1
1336,3
1337,0
1338,3
1339,0
1340,3
1341,1
1342,1
1343,3
1344,0
1345,0
1346,3
1347,3
1348,2
1349,0
1350,1
1351,3
1352,1
1353,3
1354,1
1355,3
1356,0
1357,1
1358,3
1359,3
1360,3
1361,3
1362,3
1363,3
1364,3
1365,3
1366,3
1367,1
1368,2
1369,3
1370,0
1371,1
1372,0
1373,2
1374,1
1375,3
1376,0
1377,3
1378,3
1379,3
1380,3
1381,1
1382,1
1383,0
1384,3
1385,0
1386,2
1387,2
1388,3
1389,1
1390,3
1391,2
1392,1
1393,2
1394,1
1395,3
1396,2
1397,0
1398,3
1399,1
1400,0
1401,1
1402,0
1403,3
1404,3
1405,2
1406,3
1407,1
1408,1
1409,2
1410,1
1411,1
1412,3
1413,3
1414,3
1415,2
1416,1
1417,2
1418,0
1419,3
1420,2
1421,2
1422,0
1423,3
1424,0
1425,1
1426,0
1427,3
1428,0
1429,3
1430,3
1431,3
1432,2
1433,0
1434,2
1435,3
1436,3
1437,1
1438,2
1439,3
1440,2
1441,3
1442,3
1443,3
1444,0
1445,2
1446,3
1447,3
1448,3
1449,1
1450,2
1451,1
1452,3
1453,2
1454,1
1455,3
1456,1
1457,3
1458,3
1459,1
1460,1
1461,2
1462,2
1463,0
1464,1
1465,3
1466,1
1467,3
1468,3
1469,0
1470,2
1471,2
1472,0
1473,3
1474,3
1475,2
1476,3
1477,0
1478,3
1479,0
1480,2
1481,2
1482,1
1483,2
1484,2
1485,1
1486,3
1487,1
1488,3
1489,3
1490,2
1491,3
1492,0
1493,3
1494,2
1495,1
1496,3
1497,2
1498,0
1499,2
1500,0
1501,1
1502,3
1503,1
1504,0
1505,3
1506,3
1507,3
1508,2
1509,2
1510,3
1511,3
1512,0
1513,2
1514,1
1515,0
1516,1
1517,0
1518,0
1519,2
1520,3
1521,0
1522,3
1523,3
1524,1
1525,2
1526,2
1527,3
1528,0
1529,3
1530,2
1531,0
1532,2
1533,2
1534,3
1535,3
1536,0
1537,1
1538,0
1539,2
1540,3
1541,2
1542,2
1543,3
1544,3
1545,0
1546,1
1547,3
1548,3
1549,2
1550,1
1551,3
1552,0
1553,3
1554,0
1555,1
1556,3
1557,3
1558,1
1559,3
1560,3
1561,3
1562,0
1563,2
1564,3
1565,3
1566,3
1567,1
1568,3
1569,0
1570,1
1571,0
1572,1
1573,3
1574,0
1575,1
1576,3
1577,3
1578,1
1579,2
1580,1
1581,0
1582,1
1583,2
1584,0
1585,1
1586,1
1587,3
1588,3
1589,2
1590,1
1591,0
1592,3
1593,1
1594,0
1595,0
1596,3
1597,3
1598,3
1599,2
1600,1
1601,3
1602,2
1603,0
1604,1
1605,3
1606,3
1607,3
1608,3
1609,2
1610,3
1611,1
1612,2
1613,1
1614,2
1615,2
1616,2
1617,2
1618,1
1619,1
1620,3
1621,0
1622,1
1623,0
1624,2
1625,2
1626,0
1627,3
1628,3
1629,0
1630,0
1631,3
1632,3
1633,3
1634,1
1635,2
1636,1
1637,3
1638,2
1639,1
1640,0
1641,0
1642,3
1643,3
1644,3
1645,1
1646,1
1647,2
1648,2
1649,3
1650,1
1651,1
1652,2
1653,0
1654,3
1655,3
1656,3
1657,3
1658,3
1659,3
1660,3
1661,3
1662,2
1663,0
1664,3
1665,3
1666,1
1667,1
1668,3
1669,0
1670,3
1671,0
1672,3
1673,3
1674,3
1675,1
1676,0
1677,2
1678,3
1679,0
1680,3
1681,3
1682,3
1683,2
1684,1
1685,3
1686,3
1687,3
1688,3
1689,1
1690,2
1691,3
1692,3
1693,2
1694,3
1695,3
1696,2
1697,2
1698,3
1699,3
1700,3
1701,3
1702,2
1703,1
1704,2
1705,3
1706,3
1707,3
1708,1
1709,3
1710,2
1711,1
1712,0
1713,1
1714,1
1715,3
1716,2
1717,3
1718,1
1719,3
1720,1
1721,2
1722,3
1723,2
1724,1
1725,3
1726,1
1727,0
1728,1
1729,3
1730,1
1731,3
1732,0
1733,2
1734,3
1735,0
1736,2
1737,0
1738,3
1739,1
1740,3
1741,3
1742,1
1743,3
1744,1
1745,2
1746,0
1747,2
1748,0
1749,1
1750,2
1751,3
1752,3
1753,3
1754,1
1755,1
1756,1
1757,3
1758,1
1759,2
1760,3
1761,0
1762,0
1763,1
1764,1
1765,1
1766,3
1767,0
1768,1
1769,3
1770,3
1771,1
1772,3
1773,2
1774,2
1775,3
1776,2
1777,2
1778,0
1779,1
1780,0
1781,3
1782,1
1783,2
1784,3
1785,2
1786,3
1787,1
1788,0
1789,2
1790,3
1791,1
1792,3
1793,1
1794,0
1795,2
1796,2
1797,0
1798,1
1799,1
1800,3
1801,1
1802,2
1803,0
1804,0
1805,0
1806,2
1807,0
1808,3
1809,3
1810,1
1811,3
1812,2
1813,0
1814,3
1815,0
1816,1
1817,0
1818,3
1819,0
1820,0
1821,1
1822,2
1823,3
1824,0
1825,1
1826,3
1827,3
1828,0
1829,2
1830,2
1831,2
1832,3
1833,3
1834,0
1835,1
1836,3
1837,1
1838,2
1839,2
1840,2
1841,2
1842,3
1843,2
1844,0
1845,0
1846,0
1847,0
1848,2
1849,3
1850,1
1851,3
1852,3
1853,0
1854,3
1855,0
1856,0
1857,0
1858,3
1859,3
1860,3
1861,2
1862,3
1863,3
1864,1
1865,1
1866,0
1867,2
1868,0
1869,1
1870,3
1871,1
1872,0
1873,3
1874,3
1875,2
1876,1
1877,1
1878,1
1879,3
1880,3
1881,3
1882,3
1883,1
1884,0
1885,2
1886,3
1887,3
1888,3
1889,2
1890,1
1891,3
1892,0
1893,1
1894,3
1895,2
1896,1
1897,2
1898,2
1899,1
1900,3
1901,1
1902,2
1903,0
1904,2
1905,1
1906,3
1907,0
1908,1
1909,0
1910,0
1911,2
1912,2
1913,3
1914,2
1915,1
1916,3
1917,1
1918,3
1919,3
1920,0
1921,2
1922,0
1923,2
1924,3
1925,1
1926,3
1927,2
1928,1
1929,3
1930,3
1931,1
1932,0
1933,1
1934,3
1935,0
1936,2
1937,0
1938,1
1939,3
1940,0
1941,2
1942,1
1943,3
1944,0
1945,1
1946,1
1947,0
1948,3
1949,3
1950,2
1951,3
1952,3
1953,3
1954,1
1955,3
1956,3
1957,0
1958,2
1959,2
1960,3
1961,3
1962,3
1963,3
1964,2
1965,2
1966,1
1967,2
1968,1
1969,1
1970,2
1971,1
1972,0
1973,2
1974,2
1975,0
1976,2
1977,0
1978,2
1979,3
1980,2
1981,1
1982,3
1983,2
1984,0
1985,3
1986,3
1987,3
1988,3
1989,3
1990,2
1991,3
1992,2
1993,1
1994,0
1995,0
1996,0
1997,2
1998,0
1999,3
2000,3
2001,2
2002,0
2003,2
2004,3
2005,3
2006,0
2007,1
2008,2
2009,1
2010,3
2011,1
2012,3
2013,1
2014,3
2015,3
2016,3
2017,3
2018,3
2019,1
2020,3
2021,3
2022,3
2023,1
2024,0
2025,3
2026,2
2027,0
2028,0
2029,0
2030,3
2031,0
2032,3
2033,2
2034,2
2035,2
2036,2
2037,1
2038,0
2039,1
2040,2
2041,1
2042,3
2043,0
2044,3
2045,3
2046,1
2047,3
2048,0
2049,2
2050,3
2051,3
2052,3
2053,3
2054,0
2055,2
2056,2
2057,3
2058,1
2059,2
2060,0
2061,0
2062,3
2063,2
2064,3
2065,3
2066,3
2067,1
2068,3
2069,0
2070,2
2071,3
2072,1
2073,2
2074,3
2075,1
2076,0
2077,0
2078,3
2079,3
2080,0
2081,0
2082,0
2083,3
2084,1
2085,1
2086,1
2087,0
2088,1
2089,3
2090,1
2091,3
2092,3
2093,1
2094,0
2095,1
2096,1
2097,3
2098,2
2099,3
2100,2
2101,0
2102,1
2103,0
2104,1
2105,0
2106,3
2107,3
2108,2
2109,3
2110,2
2111,3
2112,3
2113,3
2114,1
2115,3
2116,0
2117,1
2118,0
2119,0
2120,1
2121,2
2122,1
2123,0
2124,2
2125,1
2126,3
2127,0
2128,1
2129,3
2130,1
2131,2
2132,3
2133,0
2134,1
2135,1
2136,2
2137,1
2138,2
2139,2
2140,3
2141,3
2142,2
2143,3
2144,3
2145,2
2146,2
2147,0
2148,3
2149,2
2150,2
2151,1
2152,3
2153,3
2154,3
2155,2
2156,1
2157,1
2158,1
2159,0
2160,3
2161,0
2162,0
2163,1
2164,3
2165,0
2166,3
2167,3
2168,1
2169,0
2170,1
2171,1
2172,3
2173,3
2174,3
2175,2
2176,3
2177,3
2178,1
2179,2
2180,1
2181,3
2182,3
2183,1
2184,3
2185,1
2186,2
2187,0
2188,3
2189,3
2190,1
2191,2
2192,0
2193,2
2194,3
2195,0
2196,3
2197,3
2198,1
2199,0
2200,1
2201,3
2202,1
2203,1
2204,2
2205,0
2206,1
2207,0
2208,2
2209,2
2210,2
2211,3
2212,3
2213,3
2214,3
2215,3
2216,0
2217,1
2218,2
2219,3
2220,2
2221,0
2222,1
2223,2
2224,2
2225,3
2226,3
2227,3
2228,0
2229,3
2230,1
2231,1
2232,2
2233,2
2234,2
2235,0
2236,3
2237,0
2238,1
2239,2
2240,2
2241,0
2242,0
2243,3
2244,3
2245,3
2246,1
2247,3
2248,0
2249,2
2250,2
2251,1
2252,1
2253,3
2254,1
2255,2
2256,3
2257,3
2258,1
2259,0
2260,3
2261,3
2262,0
2263,1
2264,2
2265,3
2266,1
2267,3
2268,0
2269,3
2270,3
2271,3
2272,1
2273,1
2274,0
2275,2
2276,3
2277,1
2278,1
2279,3
2280,2
2281,0
2282,3
2283,1
2284,0
2285,3
2286,3
2287,0
2288,2
2289,3
2290,1
2291,3
2292,1
2293,2
2294,3
2295,2
2296,3
2297,2
2298,3
2299,2
2300,0
2301,0
2302,0
2303,0
2304,3
2305,2
2306,3
2307,0
2308,2
2309,0
2310,0
2311,2
2312,3
2313,0
2314,3
2315,0
2316,1
2317,3
2318,3
2319,1
2320,1
2321,2
2322,0
2323,3
2324,1
2325,3
2326,3
2327,0
2328,0
2329,3
2330,3
2331,3
2332,0
2333,3
2334,3
2335,3
2336,2
2337,3
2338,2
2339,1
2340,3
2341,0
2342,2
2343,3
2344,2
2345,3
2346,3
2347,2
2348,2
2349,0
2350,3
2351,0
2352,1
2353,0
2354,1
2355,3
2356,3
2357,3
2358,3
2359,3
2360,1
2361,3
2362,1
2363,3
2364,1
2365,3
2366,2
2367,1
2368,3
2369,3
2370,2
2371,2
2372,3
2373,0
2374,3
2375,0
2376,2
2377,2
2378,3
2379,0
2380,0
2381,1
2382,2
2383,3
2384,3
2385,2
2386,2
2387,0
2388,1
2389,3
2390,1
2391,0
2392,3
2393,1
2394,0
2395,3
2396,1
2397,2
2398,1
2399,3
2400,1
2401,3
2402,0
2403,3
2404,1
2405,3
2406,0
2407,1
2408,2
2409,1
2410,3
2411,1
2412,2
2413,0
2414,3
2415,3
2416,3
2417,1
2418,0
2419,3
2420,0
2421,1
2422,3
2423,0
2424,3
2425,2
2426,1
2427,3
2428,3
2429,3
2430,3
2431,3
2432,3
2433,2
2434,2
2435,3
2436,3
2437,1
2438,1
2439,2
2440,2
2441,3
2442,0
2443,2
2444,0
2445,2
2446,3
2447,1
2448,3
2449,0
2450,2
2451,3
2452,2
2453,3
2454,2
2455,0
2456,1
2457,1
2458,0
2459,3
2460,3
2461,1
2462,3
2463,2
2464,3
2465,1
2466,0
2467,2
2468,3
2469,0
2470,3
2471,0
2472,3
2473,0
2474,3
2475,3
2476,1
2477,3
2478,0
2479,3
2480,0
2481,1
2482,3
2483,1
2484,1
2485,0
2486,3
2487,1
2488,0
2489,1
2490,2
2491,3
2492,1
2493,3
2494,1
2495,1
2496,3
2497,2
2498,3
2499,3
2500,2
2501,3
2502,0
2503,2
2504,1
2505,2
2506,3
2507,3
2508,3
2509,0
2510,3
2511,1
2512,3
2513,3
2514,1
2515,2
2516,3
2517,1
2518,3
2519,3
2520,3
2521,0
2522,0
2523,2
2524,2
2525,2
2526,0
2527,1
2528,1
2529,1
2530,2
2531,1
2532,3
2533,2
2534,1
2535,0
2536,3
2537,1
2538,3
2539,3
2540,3
2541,1
2542,3
2543,3
2544,3
2545,0
2546,3
2547,3
2548,0
2549,2
2550,2
2551,3
2552,1
2553,1
2554,3
2555,1
2556,0
2557,0
2558,3
2559,2
2560,0
2561,0
2562,3
2563,3
2564,3
2565,3
2566,3
2567,0
2568,1
2569,1
2570,3
2571,2
2572,1
2573,0
2574,0
2575,2
2576,3
2577,0
2578,0
2579,2
2580,3
2581,0
2582,1
2583,1
2584,1
2585,3
2586,1
2587,3
2588,3
2589,1
2590,2
2591,3
2592,2
2593,2
2594,1
2595,2
2596,1
2597,0
2598,0
2599,3
2600,2
2601,2
2602,2
2603,0
2604,1
2605,0
2606,0
2607,1
2608,1
2609,2
2610,3
2611,2
2612,2
2613,2
2614,2
2615,2
2616,0
2617,3
2618,0
2619,1
2620,1
2621,3
2622,3
2623,3
2624,3
2625,3
2626,1
2627,2
2628,3
2629,1
2630,3
2631,3
2632,1
2633,3
2634,3
2635,1
2636,1
2637,3
2638,3
2639,0
2640,3
2641,3
2642,3
2643,3
2644,3
2645,3
2646,1
2647,0
2648,1
2649,0
2650,2
2651,2
2652,1
2653,3
2654,3
2655,2
2656,1
2657,3
2658,3
2659,2
2660,2
2661,2
2662,0
2663,1
2664,0
2665,3
2666,0
2667,0
2668,1
2669,3
2670,2
2671,1
2672,3
2673,3
2674,2
2675,0
2676,3
2677,2
2678,0
2679,3
2680,3
2681,3
2682,3
2683,0
2684,3
2685,0
2686,1
2687,2
2688,3
2689,1
2690,0
2691,2
2692,1
2693,2
2694,3
2695,2
2696,0
2697,1
2698,3
2699,2
2700,3
2701,3
2702,3
2703,3
2704,2
2705,1
2706,1
2707,3
2708,0
2709,3
2710,1
2711,1
2712,2
2713,3
2714,1
2715,3
2716,1
2717,2
2718,1
2719,2
2720,3
2721,2
2722,2
2723,1
2724,2
2725,3
2726,3
2727,2
2728,3
2729,2
2730,2
2731,3
2732,2
2733,1
2734,2
2735,3
2736,2
2737,3
2738,3
2739,2
2740,0
2741,3
2742,3
2743,1
2744,0
2745,3
2746,0
2747,3
2748,1
2749,3
2750,3
2751,3
2752,2
2753,0
2754,2
2755,2
2756,1
2757,1
2758,2
2759,2
2760,3
2761,2
2762,2
2763,2
2764,0
2765,3
2766,1
2767,0
2768,0
2769,2
2770,3
2771,0
2772,2
2773,3
2774,0
2775,3
2776,3
2777,3
2778,0
2779,1
2780,0
2781,1
2782,2
2783,3
2784,0
2785,0
2786,3
2787,0
2788,0
2789,1
2790,3
2791,3
2792,2
2793,2
2794,1
2795,1
2796,3
2797,3
2798,1
2799,2
2800,0
2801,1
2802,1
2803,1
2804,2
2805,2
2806,2
2807,1
2808,2
2809,0
2810,3
2811,1
2812,0
2813,3
2814,1
2815,2
2816,0
2817,2
2818,1
2819,2
2820,3
2821,3
2822,0
2823,3
2824,3
2825,2
2826,3
2827,3
2828,3
2829,3
2830,2
2831,3
2832,3
2833,2
2834,3
2835,3
2836,2
2837,2
2838,1
2839,3
2840,3
2841,0
2842,0
2843,1
2844,1
2845,1
2846,3
2847,3
2848,3
2849,2
2850,1
2851,3
2852,2
2853,3
2854,3
2855,3
2856,3
2857,3
2858,3
2859,3
2860,0
2861,3
2862,2
2863,2
2864,1
2865,0
2866,2
2867,0
2868,2
2869,3
2870,2
2871,0
2872,3
2873,3
2874,1
2875,3
2876,1
2877,0
2878,3
2879,0
2880,3
2881,0
2882,3
2883,1
2884,2
2885,2
2886,3
2887,2
2888,3
2889,1
2890,3
2891,2
2892,2
2893,1
2894,3
2895,3
2896,3
2897,2
2898,0
2899,3
2900,2
2901,3
2902,2
2903,0
2904,0
2905,1
2906,0
2907,3
2908,2
2909,2
2910,1
2911,2
2912,1
2913,3
2914,3
2915,1
2916,2
2917,1
2918,0
2919,2
2920,1
2921,3
2922,3
2923,3
2924,1
2925,1
2926,2
2927,3
2928,1
2929,3
2930,3
2931,1
2932,2
2933,0
2934,1
2935,2
2936,3
2937,0
2938,0
2939,3
2940,1
2941,3
2942,2
2943,2
2944,1
2945,2
2946,3
2947,1
2948,1
2949,1
2950,2
2951,0
2952,2
2953,0
2954,3
2955,0
2956,1
2957,3
2958,2
2959,1
2960,3
2961,3
2962,1
2963,3
2964,1
2965,2
2966,2
2967,2
2968,3
2969,3
2970,2
2971,1
2972,0
2973,2
2974,0
2975,0
2976,0
2977,3
2978,3
2979,0
2980,1
2981,0
2982,1
2983,3
2984,1
2985,0
2986,0
2987,3
2988,1
2989,0
2990,2
2991,2
2992,3
2993,2
2994,0
2995,1
2996,0
2997,3
2998,0
2999,2
3000,0
3001,3
3002,3
3003,3
3004,2
3005,0
3006,0
3007,3
3008,3
3009,1
3010,1
3011,2
3012,3
3013,3
3014,3
3015,1
3016,1
3017,2
3018,3
3019,3
3020,3
3021,1
3022,0
3023,3
3024,1
3025,3
3026,2
3027,0
3028,0
3029,2
3030,3
3031,3
3032,1
3033,3
3034,3
3035,1
3036,1
3037,1
3038,2
3039,2
3040,2
3041,0
3042,2
3043,3
3044,2
3045,3
3046,3
3047,1
3048,2
3049,1
3050,0
3051,0
3052,0
3053,3
3054,2
3055,3
3056,2
3057,2
3058,2
3059,2
3060,2
3061,0
3062,0
3063,0
3064,3
3065,2
3066,3
3067,0
3068,3
3069,3
3070,0
3071,3
3072,3
3073,1
3074,0
3075,3
3076,3
3077,0
3078,0
3079,0
3080,3
3081,1
3082,2
3083,1
3084,3
3085,0
3086,1
3087,2
3088,3
3089,1
3090,3
3091,1
3092,0
3093,3
3094,3
3095,3
3096,1
3097,1
3098,1
3099,3
3100,0
3101,3
3102,3
3103,2
3104,1
3105,0
3106,2
3107,1
3108,1
3109,0
3110,1
3111,3
3112,3
3113,0
3114,2
3115,0
3116,1
3117,0
3118,2
3119,3
3120,2
3121,3
3122,0
3123,1
3124,0
3125,2
3126,1
3127,3
3128,2
3129,0
3130,3
3131,2
3132,2
3133,3
3134,3
3135,3
3136,3
3137,1
3138,1
3139,1
3140,3
3141,1
3142,3
3143,2
3144,3
3145,1
3146,0
3147,1
3148,0
3149,1
3150,0
3151,3
3152,3
3153,3
3154,1
3155,3
3156,1
3157,0
3158,3
3159,1
3160,3
3161,3
3162,0
3163,1
3164,1
3165,2
3166,0
3167,1
3168,2
3169,0
3170,1
3171,1
3172,3
3173,2
3174,3
3175,0
3176,3
3177,0
3178,3
3179,2
3180,2
3181,1
3182,3
3183,0
3184,2
3185,2
3186,1
3187,0
3188,3
3189,0
3190,3
3191,2
3192,1
3193,3
3194,2
3195,3
3196,3
3197,1
3198,2
3199,3
3200,3
3201,1
3202,2
3203,3
3204,3
3205,1
3206,3
3207,2
3208,0
3209,2
3210,3
3211,3
3212,3
3213,3
3214,2
3215,2
3216,2
3217,2
3218,2
3219,2
3220,3
3221,3
3222,3
3223,3
3224,1
3225,3
3226,1
3227,2
3228,2
3229,1
3230,2
3231,2
3232,2
3233,3
3234,3
3235,2
3236,1
3237,0
3238,2
3239,3
3240,3
3241,2
3242,3
3243,3
3244,3
3245,0
3246,0
3247,2
3248,3
3249,3
3250,3
3251,3
3252,2
3253,0
3254,3
3255,3
3256,0
3257,3
3258,2
3259,2
3260,3
3261,3
3262,1
3263,1
3264,2
3265,2
3266,1
3267,2
3268,3
3269,0
3270,3
3271,1
3272,0
3273,0
3274,1
3275,1
3276,3
3277,3
3278,3
3279,3
3280,1
3281,2
3282,2
3283,2
3284,3
3285,3
3286,3
3287,3
3288,0
3289,2
3290,3
3291,1
3292,1
3293,3
3294,1
3295,3
3296,1
3297,0
3298,3
3299,1
3300,2
3301,2
3302,1
3303,0
3304,3
3305,3
3306,3
3307,1
3308,2
3309,3
3310,0
3311,2
3312,3
3313,3
3314,0
3315,1
3316,3
3317,3
3318,3
3319,0
3320,1
3321,1
3322,1
3323,3
3324,3
3325,2
3326,0
3327,0
3328,1
3329,3
3330,1
3331,3
3332,3
3333,0
3334,0
3335,2
3336,2
3337,3
3338,2
3339,0
3340,0
3341,0
3342,3
3343,1
3344,0
3345,3
3346,1
3347,3
3348,2
3349,2
3350,1
3351,2
3352,3
3353,0
3354,3
3355,2
3356,1
3357,2
3358,0
3359,1
3360,0
3361,2
3362,3
3363,1
3364,1
3365,3
3366,0
3367,1
3368,3
3369,3
3370,1
3371,2
3372,1
3373,2
3374,3
3375,1
3376,2
3377,2
3378,3
3379,1
3380,3
3381,2
3382,0
3383,2
3384,3
3385,1
3386,2
3387,0
3388,1
3389,3
3390,2
3391,1
3392,0
3393,3
3394,0
3395,3
3396,1
3397,3
3398,3
3399,2
3400,2
3401,3
3402,1
3403,3
3404,2
3405,2
3406,3
3407,2
3408,3
3409,3
3410,2
3411,0
3412,3
3413,3
3414,1
3415,1
3416,1
3417,2
3418,2
3419,1
3420,3
3421,2
3422,2
3423,3
3424,1
3425,2
3426,3
3427,1
3428,3
3429,1
3430,0
3431,3
3432,0
3433,1
3434,3
3435,2
3436,1
3437,1
3438,0
3439,1
3440,2
3441,2
3442,0
3443,2
3444,3
3445,1
3446,0
3447,0
3448,0
3449,2
3450,0
3451,3
3452,2
3453,0
3454,3
3455,3
3456,3
3457,1
3458,3
3459,1
3460,1
3461,1
3462,2
3463,0
3464,3
3465,2
3466,3
3467,0
3468,0
3469,3
3470,2
3471,1
3472,3
3473,0
3474,3
3475,1
3476,2
3477,3
3478,1
3479,2
3480,3
3481,2
3482,2
3483,3
3484,1
3485,1
3486,3
3487,2
3488,3
3489,3
3490,0
3491,3
3492,0
3493,0
3494,0
3495,3
3496,2
3497,3
3498,0
3499,3
3500,3
3501,3
3502,3
3503,3
3504,1
3505,3
3506,1
3507,0
3508,0
3509,2
3510,2
3511,3
3512,3
3513,3
3514,3
3515,2
3516,3
3517,1
3518,0
3519,0
3520,2
3521,1
3522,3
3523,1
3524,2
3525,2
3526,1
3527,0
3528,1
3529,3
3530,1
3531,0
3532,1
3533,3
3534,3
3535,0
3536,1
3537,3
3538,3
3539,2
3540,3
3541,1
3542,0
3543,1
3544,2
3545,1
3546,2
3547,2
3548,2
3549,0
3550,0
3551,3
3552,2
3553,2
3554,3
3555,2
3556,3
3557,2
3558,0
3559,2
3560,3
3561,1
3562,3
3563,1
3564,0
3565,3
3566,2
3567,1
3568,2
3569,3
3570,3
3571,3
3572,2
3573,1
3574,2
3575,1
3576,1
3577,1
3578,0
3579,1
3580,1
3581,1
3582,3
3583,0
3584,0
3585,0
3586,2
3587,0
3588,0
3589,3
3590,0
3591,3
3592,3
3593,2
3594,3
3595,3
3596,3
3597,0
3598,3
3599,2
3600,1
3601,2
3602,0
3603,3
3604,1
3605,1
3606,3
3607,3
3608,1
3609,2
3610,3
3611,3
3612,3
3613,1
3614,3
3615,1
3616,2
3617,1
3618,2
3619,2
3620,2
3621,3
3622,1
3623,3
3624,1
3625,3
3626,3
3627,2
3628,1
3629,3
3630,3
3631,0
3632,3
3633,1
3634,3
3635,2
3636,3
3637,1
3638,3
3639,3
3640,0
3641,2
3642,0
3643,1
3644,1
3645,3
3646,1
3647,3
3648,2
3649,1
3650,2
3651,1
3652,2
3653,3
3654,2
3655,2
3656,1
3657,3
3658,1
3659,0
3660,2
3661,2
3662,3
3663,1
3664,0
3665,1
3666,1
3667,1
3668,2
3669,1
3670,1
3671,0
3672,3
3673,1
3674,1
3675,1
3676,0
3677,3
3678,0
3679,3
3680,3
3681,1
3682,1
3683,3
3684,2
3685,1
3686,2
3687,2
3688,1
3689,3
3690,3
3691,2
3692,1
3693,0
3694,1
3695,0
3696,3
3697,0
3698,0
3699,0
3700,2
3701,2
3702,3
3703,2
3704,1
3705,0
3706,3
3707,3
3708,3
3709,1
3710,2
3711,3
3712,0
3713,2
3714,3
3715,2
3716,2
3717,2
3718,0
3719,3
3720,3
3721,0
3722,1
3723,0
3724,0
3725,0
3726,2
3727,3
3728,3
3729,0
3730,2
3731,3
3732,1
3733,3
3734,2
3735,3
3736,0
3737,2
3738,1
3739,3
3740,2
3741,3
3742,0
3743,0
3744,3
3745,3
3746,0
3747,3
3748,3
3749,2
3750,0
3751,2
3752,3
3753,3
3754,3
3755,3
3756,1
3757,1
3758,3
3759,3
3760,3
3761,3
3762,2
3763,1
3764,2
3765,3
3766,0
3767,3
3768,3
3769,2
3770,3
3771,3
3772,1
3773,3
3774,2
3775,1
3776,3
3777,1
3778,3
3779,2
3780,3
3781,3
3782,3
3783,3
3784,2
3785,0
3786,2
3787,2
3788,3
3789,1
3790,0
3791,2
3792,1
3793,3
3794,0
3795,0
3796,0
3797,3
3798,3
3799,0
3800,2
3801,2
3802,3
3803,2
3804,0
3805,1
3806,0
3807,3
3808,3
3809,0
3810,3
3811,3
3812,1
3813,1
3814,0
3815,1
3816,1
3817,3
3818,3
3819,0
3820,0
3821,1
3822,0
3823,0
3824,2
3825,3
3826,1
3827,2
3828,1
3829,2
3830,2
3831,2
3832,3
3833,0
3834,0
3835,3
3836,0
3837,3
3838,1
3839,3
3840,1
3841,2
3842,0
3843,1
3844,2
3845,0
3846,0
3847,1
3848,3
3849,1
3850,0
3851,1
3852,1
3853,2
3854,0
3855,0
3856,2
3857,3
3858,1
3859,1
3860,0
3861,3
3862,2
3863,2
3864,1
3865,2
3866,3
3867,1
3868,1
3869,3
3870,3
3871,1
3872,1
3873,3
3874,2
3875,3
3876,1
3877,3
3878,2
3879,2
3880,0
3881,3
3882,2
3883,2
3884,2
3885,3
3886,3
3887,3
3888,3
3889,3
3890,1
3891,0
3892,1
3893,0
3894,2
3895,3
3896,3
3897,0
3898,0
3899,3
3900,1
3901,0
3902,1
3903,2
3904,3
3905,0
3906,1
3907,3
3908,1
3909,2
3910,0
3911,1
3912,3
3913,1
3914,2
3915,3
3916,1
3917,3
3918,1
3919,3
3920,2
3921,1
3922,1
3923,1
3924,1
3925,2
3926,0
3927,3
3928,3
3929,0
3930,3
3931,0
3932,0
3933,2
3934,0
3935,1
3936,3
3937,0
3938,1
3939,0
3940,0
3941,2
3942,0
3943,3
3944,1
3945,3
3946,1
3947,3
3948,0
3949,3
3950,3
3951,2
3952,0
3953,2
3954,2
3955,3
3956,0
3957,2
3958,0
3959,1
3960,2
3961,0
3962,3
3963,1
3964,3
3965,3
3966,0
3967,1
3968,3
3969,2
3970,2
3971,1
3972,3
3973,3
3974,2
3975,2
3976,1
3977,3
3978,3
3979,2
3980,0
3981,0
3982,2
3983,3
3984,3
3985,2
3986,0
3987,3
3988,3
3989,3
3990,3
3991,2
3992,2
3993,3
3994,1
3995,3
3996,2
3997,1
3998,2
3999,1
4000,0
4001,0
4002,1
4003,3
4004,2
4005,3
4006,3
4007,3
4008,2
4009,0
4010,3
4011,0
4012,3
4013,1
4014,0
4015,2
4016,2
4017,3
4018,3
4019,1
4020,0
4021,2
4022,3
4023,3
4024,2
4025,3
4026,1
4027,3
4028,2
4029,1
4030,3
4031,3
4032,1
4033,0
4034,2
4035,3
4036,2
4037,1
4038,3
4039,2
4040,3
4041,2
4042,1
4043,3
4044,3
4045,2
4046,0
4047,2
4048,0
4049,2
4050,0
4051,0
4052,2
4053,1
4054,0
4055,0
4056,1
4057,3
4058,2
4059,3
4060,2
4061,3
4062,1
4063,3
4064,0
4065,0
4066,1
4067,3
4068,3
4069,3
4070,3
4071,3
4072,0
4073,1
4074,1
4075,0
4076,1
4077,3
4078,0
4079,0
4080,0
4081,2
4082,1
4083,0
4084,3
4085,1
4086,1
4087,3
4088,3
4089,0
4090,2
4091,0
4092,3
4093,3
4094,3
4095,2
4096,1
4097,1
4098,1
4099,3
4100,1
4101,3
4102,2
4103,0
4104,2
4105,3
4106,1
4107,3
4108,3
4109,3
4110,0
4111,3
4112,3
4113,3
4114,0
4115,2
4116,1
4117,3
4118,0
4119,3
4120,1
4121,3
4122,2
4123,3
4124,3
4125,3
4126,3
4127,3
4128,1
4129,0
4130,0
4131,2
4132,1
4133,1
4134,2
4135,2
4136,1
4137,3
4138,3
4139,3
4140,2
4141,2
4142,0
4143,2
4144,1
4145,2
4146,3
4147,3
4148,1
4149,1
4150,3
4151,3
4152,3
4153,2
4154,3
4155,2
4156,2
4157,2
4158,0
4159,2
4160,3
4161,2
4162,3
4163,2
4164,2
4165,3
4166,3
4167,0
4168,3
4169,2
4170,1
4171,3
4172,1
4173,3
4174,1
4175,0
4176,0
4177,3
4178,3
4179,3
4180,2
4181,0
4182,2
4183,0
4184,3
4185,2
4186,3
4187,1
4188,0
4189,3
4190,2
4191,1
4192,1
4193,3
4194,1
4195,0
4196,3
4197,1
4198,3
4199,3
4200,1
4201,0
4202,1
4203,1
4204,2
4205,3
4206,3
4207,1
4208,3
4209,2
4210,0
4211,3
4212,3
4213,2
4214,2
4215,2
4216,2
4217,1
4218,3
4219,1
4220,2
4221,1
4222,2
4223,1
4224,3
4225,3
4226,2
4227,3
4228,3
4229,1
4230,1
4231,3
4232,1
4233,0
4234,3
4235,0
4236,0
4237,1
4238,3
4239,3
4240,2
4241,3
4242,0
4243,2
4244,1
4245,0
4246,3
4247,3
4248,1
4249,2
4250,3
4251,3
4252,3
4253,0
4254,3
4255,2
4256,3
4257,1
4258,2
4259,2
4260,3
4261,3
4262,0
4263,0
4264,3
4265,1
4266,2
4267,3
4268,3
4269,1
4270,0
4271,0
4272,2
4273,3
4274,2
4275,3
4276,3
4277,1
4278,2
4279,3
4280,3
4281,3
4282,0
4283,3
4284,1
4285,1
4286,0
4287,2
4288,3
4289,0
4290,1
4291,3
4292,1
4293,2
4294,3
4295,3
4296,3
4297,1
4298,2
4299,2
4300,2
4301,3
4302,2
4303,1
4304,1
4305,2
4306,2
4307,3
4308,1
4309,1
4310,2
4311,0
4312,2
4313,3
4314,3
4315,0
4316,3
4317,0
4318,2
4319,1
4320,3
4321,1
4322,3
4323,1
4324,0
4325,3
4326,1
4327,1
4328,3
4329,3
4330,2
4331,2
4332,2
4333,1
4334,2
4335,2
4336,2
4337,1
4338,2
4339,2
4340,2
4341,1
4342,0
4343,2
4344,1
4345,1
4346,0
4347,3
4348,3
4349,3
4350,3
4351,2
4352,1
4353,3
4354,3
4355,3
4356,1
4357,2
4358,1
4359,1
4360,2
4361,3
4362,2
4363,0
4364,1
4365,3
4366,3
4367,0
4368,2
4369,1
4370,0
4371,3
4372,3
4373,1
4374,0
4375,3
4376,3
4377,1
4378,0
4379,0
4380,2
4381,2
4382,1
4383,1
4384,3
4385,2
4386,3
4387,3
4388,1
4389,3
4390,0
4391,1
4392,2
4393,0
4394,1
4395,2
4396,3
4397,2
4398,0
4399,3
4400,0
4401,0
4402,2
4403,1
4404,0
4405,2
4406,2
4407,1
4408,2
4409,3
4410,2
4411,0
4412,3
4413,2
4414,3
4415,0
4416,0
4417,3
4418,0
4419,2
4420,1
4421,1
4422,1
4423,3
4424,1
4425,2
4426,2
4427,3
4428,2
4429,2
4430,3
4431,3
4432,3
4433,1
4434,2
4435,3
4436,1
4437,3
4438,0
4439,3
4440,1
4441,3
4442,3
4443,1
4444,2
4445,3
4446,3
4447,1
4448,0
4449,1
4450,2
4451,3
4452,0
4453,2
4454,3
4455,2
4456,0
4457,3
4458,3
4459,0
4460,1
4461,1
4462,1
4463,0
4464,3
4465,1
4466,1
4467,3
4468,3
4469,0
4470,0
4471,1
4472,0
4473,0
4474,2
4475,0
4476,0
4477,3
4478,3
4479,3
4480,1
4481,2
4482,3
4483,2
4484,1
4485,1
4486,1
4487,3
4488,3
4489,3
4490,3
4491,3
4492,3
4493,3
4494,0
4495,2
4496,3
4497,2
4498,1
4499,3
4500,2
4501,0
4502,2
4503,1
4504,3
4505,1
4506,0
4507,2
4508,1
4509,0
4510,3
4511,3
4512,3
4513,3
4514,1
4515,0
4516,3
4517,0
4518,0
4519,2
4520,2
4521,3
4522,0
4523,1
4524,2
4525,2
4526,0
4527,1
4528,0
4529,3
4530,0
4531,2
4532,2
4533,1
4534,2
4535,1
4536,1
4537,3
4538,1
4539,2
4540,0
4541,3
4542,0
4543,1
4544,1
4545,2
4546,1
4547,2
4548,3
4549,2
4550,1
4551,1
4552,2
4553,2
4554,2
4555,1
4556,3
4557,0
4558,3
4559,0
4560,2
4561,0
4562,0
4563,1
4564,3
4565,2
4566,3
4567,2
4568,3
4569,0
4570,3
4571,1
4572,3
4573,1
4574,3
4575,3
4576,0
4577,3
4578,3
4579,0
4580,1
4581,0
4582,3
4583,1
4584,0
4585,3
4586,3
4587,2
4588,0
4589,3
4590,0
4591,2
4592,2
4593,1
4594,2
4595,1
4596,2
4597,1
4598,1
4599,2
4600,0
4601,3
4602,3
4603,3
4604,3
4605,2
4606,2
4607,3
4608,3
4609,2
4610,0
4611,3
4612,2
4613,3
4614,3
4615,2
4616,0
4617,3
4618,3
4619,3
4620,3
4621,2
4622,3
4623,3
4624,3
4625,0
4626,1
4627,2
4628,0
4629,3
4630,1
4631,3
4632,0
4633,3
4634,3
4635,2
4636,2
4637,0
4638,1
4639,1
4640,3
4641,3
4642,3
4643,3
4644,3
4645,2
4646,1
4647,1
4648,2
4649,2
4650,3
4651,0
4652,1
4653,3
4654,0
4655,3
4656,2
4657,3
4658,3
4659,0
4660,2
4661,3
4662,2
4663,2
4664,0
4665,2
4666,2
4667,2
4668,3
4669,2
4670,1
4671,3
4672,3
4673,0
4674,0
4675,3
4676,3
4677,3
4678,2
4679,3
4680,0
4681,3
4682,0
4683,3
4684,0
4685,2
4686,0
4687,0
4688,2
4689,2
4690,0
4691,2
4692,1
4693,3
4694,1
4695,2
4696,3
4697,3
4698,1
4699,0
4700,3
4701,2
4702,3
4703,3
4704,2
4705,3
4706,2
4707,0
4708,2
4709,3
4710,1
4711,2
4712,0
4713,2
4714,2
4715,1
4716,3
4717,3
4718,2
4719,1
4720,1
4721,3
4722,2
4723,1
4724,0
4725,3
4726,1
4727,1
4728,2
4729,1
4730,3
4731,2
4732,2
4733,3
4734,3
4735,1
4736,2
4737,2
4738,0
4739,1
4740,3
4741,0
4742,1
4743,1
4744,1
4745,3
4746,1
4747,3
4748,0
4749,1
4750,3
4751,2
4752,0
4753,0
4754,0
4755,1
4756,1
4757,2
4758,0
4759,2
4760,1
4761,2
4762,1
4763,0
4764,1
4765,1
4766,2
4767,1
4768,0
4769,1
4770,1
4771,3
4772,1
4773,1
4774,3
4775,0
4776,3
4777,3
4778,1
4779,2
4780,2
4781,2
4782,1
4783,3
4784,2
4785,1
4786,1
4787,3
4788,0
4789,0
4790,0
4791,3
4792,3
4793,2
4794,1
4795,1
4796,2
4797,0
4798,1
4799,0
4800,1
4801,1
4802,0
4803,3
4804,2
4805,1
4806,3
4807,0
4808,3
4809,3
4810,1
4811,1
4812,0
4813,0
4814,0
4815,2
4816,0
4817,2
4818,3
4819,3
4820,3
4821,1
4822,3
4823,3
4824,3
4825,3
4826,0
4827,3
4828,3
4829,3
4830,3
4831,0
4832,0
4833,2
4834,0
4835,1
4836,3
4837,2
4838,2
4839,2
4840,2
4841,0
4842,2
4843,2
4844,3
4845,1
4846,1
4847,0
4848,0
4849,2
4850,3
4851,3
4852,3
4853,3
4854,1
4855,2
4856,3
4857,3
4858,0
4859,2
4860,0
4861,1
4862,1
4863,1
4864,3
4865,0
4866,2
4867,1
4868,2
4869,2
4870,0
4871,1
4872,1
4873,1
4874,3
4875,2
4876,0
4877,3
4878,2
4879,3
4880,0
4881,0
4882,3
4883,0
4884,1
4885,3
4886,3
4887,2
4888,0
4889,2
4890,3
4891,2
4892,3
4893,0
4894,1
4895,2
4896,0
4897,2
4898,3
4899,1
4900,2
4901,0
4902,1
4903,3
4904,0
4905,3
4906,2
4907,2
4908,2
4909,3
4910,2
4911,1
4912,0
4913,2
4914,1
4915,1
4916,3
4917,0
4918,2
4919,2
4920,0
4921,2
4922,0
4923,2
4924,3
4925,3
4926,1
4927,0
4928,2
4929,1
4930,3
4931,0
4932,3
4933,3
4934,2
4935,0
4936,3
4937,2
4938,3
4939,3
4940,2
4941,0
4942,2
4943,3
4944,0
4945,3
4946,3
4947,2
4948,1
4949,2
4950,2
4951,3
4952,3
4953,2
4954,3
4955,3
4956,1
4957,3
4958,0
4959,2
4960,1
4961,0
4962,0
4963,3
4964,2
4965,2
4966,3
4967,0
4968,2
4969,1
4970,3
4971,3
4972,2
4973,2
4974,1
4975,1
4976,1
4977,1
4978,1
4979,3
4980,3
4981,2
4982,1
4983,3
4984,0
4985,0
4986,1
4987,2
4988,3
4989,3
4990,1
4991,3
4992,0
4993,0
4994,3
4995,0
4996,0
4997,3
4998,3
4999,1
5000,3
5001,3
5002,1
5003,0
5004,2
5005,3
5006,1
5007,1
5008,3
5009,2
5010,0
5011,0
5012,3
5013,1
5014,3
5015,3
5016,3
5017,1
5018,0
5019,1
5020,2
5021,3
5022,2
5023,0
5024,2
5025,2
5026,1
5027,3
5028,1
5029,3
5030,2
5031,2
5032,2
5033,1
5034,1
5035,1
5036,0
5037,3
5038,1
5039,3
5040,3
5041,1
5042,2
5043,1
5044,1
5045,3
5046,3
5047,3
5048,2
5049,2
5050,0
5051,2
5052,1
5053,3
5054,2
5055,1
5056,3
5057,1
5058,0
5059,2
5060,2
5061,3
5062,3
5063,2
5064,3
5065,3
5066,3
5067,2
5068,3
5069,1
5070,1
5071,2
5072,2
5073,3
5074,0
5075,3
5076,3
5077,3
5078,0
5079,1
5080,3
5081,1
5082,2
5083,1
5084,3
5085,1
5086,1
5087,2
5088,1
5089,3
5090,3
5091,1
5092,3
5093,0
5094,3
5095,0
5096,3
5097,2
5098,1
5099,0
5100,2
5101,3
5102,1
5103,0
5104,3
5105,0
5106,3
5107,0
5108,2
5109,1
5110,3
5111,2
5112,0
5113,2
5114,2
5115,3
5116,2
5117,1
5118,2
5119,3
5120,3
5121,3
5122,0
5123,0
5124,3
5125,2
5126,2
5127,1
5128,1
5129,0
5130,3
5131,2
5132,3
5133,0
5134,3
5135,3
5136,0
5137,3
5138,1
5139,0
5140,3
5141,1
5142,1
5143,3
5144,0
5145,3
5146,0
5147,3
5148,1
5149,1
5150,2
5151,2
5152,2
5153,0
5154,1
5155,0
5156,3
5157,1
5158,3
5159,1
5160,1
5161,3
5162,3
5163,3
5164,3
5165,2
5166,2
5167,1
5168,2
5169,2
5170,3
5171,3
5172,3
5173,1
5174,2
5175,3
5176,0
5177,3
5178,3
5179,3
5180,3
5181,3
5182,3
5183,3
5184,3
5185,1
5186,2
5187,1
5188,1
5189,3
5190,3
5191,3
5192,3
5193,1
5194,0
5195,3
5196,2
5197,3
5198,2
5199,2
5200,1
5201,3
5202,1
5203,0
5204,2
5205,1
5206,0
5207,2
5208,3
5209,3
5210,2
5211,1
5212,3
5213,3
5214,1
5215,3
5216,0
5217,3
5218,2
5219,2
5220,1
5221,2
5222,1
5223,3
5224,1
5225,2
5226,0
5227,3
5228,2
5229,3
5230,1
5231,1
5232,3
5233,1
5234,2
5235,2
5236,3
5237,0
5238,1
5239,2
5240,2
5241,1
5242,3
5243,2
5244,3
5245,1
5246,0
5247,2
5248,3
5249,3
5250,1
5251,1
5252,1
5253,3
5254,0
5255,3
5256,3
5257,3
5258,3
5259,2
5260,3
5261,2
5262,1
5263,2
5264,2
5265,1
5266,3
5267,1
5268,2
5269,2
5270,3
5271,3
5272,0
5273,3
5274,1
5275,2
5276,1
5277,1
5278,0
5279,1
5280,3
5281,2
5282,2
5283,3
5284,2
5285,1
5286,3
5287,1
5288,2
5289,0
5290,3
5291,1
5292,1
5293,3
5294,2
5295,3
5296,2
5297,2
5298,0
5299,1
5300,3
5301,0
5302,2
5303,3
5304,2
5305,3
5306,0
5307,1
5308,3
5309,3
5310,1
5311,3
5312,3
5313,2
5314,1
5315,3
5316,1
5317,3
5318,1
5319,1
5320,0
5321,2
5322,1
5323,2
5324,3
5325,2
5326,2
5327,1
5328,3
5329,3
5330,3
5331,0
5332,1
5333,3
5334,0
5335,0
5336,2
5337,0
5338,0
5339,1
5340,1
5341,1
5342,0
5343,0
5344,3
5345,3
5346,3
5347,2
5348,3
5349,3
5350,3
5351,1
5352,1
5353,2
5354,0
5355,0
5356,0
5357,3
5358,2
5359,2
5360,3
5361,0
5362,3
5363,2
5364,2
5365,1
5366,3
5367,3
5368,3
5369,0
5370,2
5371,2
5372,1
5373,1
5374,1
5375,3
5376,1
5377,2
5378,2
5379,0
5380,0
5381,3
5382,3
5383,1
5384,3
5385,3
5386,1
5387,1
5388,3
5389,0
5390,3
5391,0
5392,1
5393,1
5394,3
5395,3
5396,3
5397,1
5398,1
5399,2
5400,1
5401,3
5402,3
5403,3
5404,0
5405,3
5406,1
5407,3
5408,2
5409,2
5410,3
5411,3
5412,2
5413,3
5414,0
5415,2
5416,0
5417,1
5418,3
5419,2
5420,2
5421,2
5422,1
5423,0
5424,3
5425,1
5426,3
5427,0
5428,3
5429,2
5430,0
5431,0
5432,1
5433,0
5434,3
5435,2
5436,3
5437,3
5438,1
5439,1
5440,3
5441,1
5442,0
5443,3
5444,3
5445,3
5446,3
5447,3
5448,3
5449,0
5450,3
5451,1
5452,0
5453,3
5454,3
5455,2
5456,3
5457,3
5458,3
5459,3
5460,0
5461,2
5462,3
5463,3
5464,0
5465,2
5466,0
5467,2
5468,2
5469,1
5470,2
5471,1
5472,0
5473,3
5474,2
5475,1
5476,2
5477,2
5478,2
5479,0
5480,3
5481,3
5482,1
5483,0
5484,2
5485,2
5486,2
5487,3
5488,2
5489,0
5490,2
5491,2
5492,0
5493,3
5494,3
5495,1
5496,3
5497,2
5498,0
5499,3
5500,2
5501,3
5502,3
5503,3
5504,3
5505,1
5506,3
5507,3
5508,1
5509,3
5510,1
5511,2
5512,0
5513,0
5514,1
5515,3
5516,0
5517,3
5518,2
5519,3
5520,1
5521,3
5522,1
5523,3
5524,1
5525,3
5526,1
5527,0
5528,3
5529,1
5530,2
5531,3
5532,1
5533,2
5534,1
5535,3
5536,2
5537,2
5538,3
5539,3
5540,3
5541,1
5542,2
5543,0
5544,1
5545,3
5546,3
5547,3
5548,2
5549,3
5550,3
5551,0
5552,3
5553,3
5554,3
5555,2
5556,1
5557,0
5558,1
5559,1
5560,3
5561,3
5562,1
5563,0
5564,2
5565,0
5566,1
5567,3
5568,1
5569,2
5570,3
5571,2
5572,1
5573,3
5574,3
5575,1
5576,0
5577,3
5578,1
5579,2
5580,2
5581,3
5582,2
5583,0
5584,3
5585,3
5586,2
5587,0
5588,2
5589,2
5590,3
5591,3
5592,1
5593,3
5594,2
5595,2
5596,2
5597,3
5598,2
5599,2
5600,2
5601,2
5602,3
5603,3
5604,2
5605,2
5606,3
5607,3
5608,2
5609,3
5610,3
5611,2
5612,2
5613,3
5614,3
5615,1
5616,3
5617,3
5618,3
5619,3
5620,2
5621,2
5622,1
5623,0
5624,3
5625,1
5626,0
5627,3
5628,1
5629,2
5630,3
5631,1
5632,3
5633,3
5634,2
5635,1
5636,0
5637,2
5638,2
5639,1
5640,3
5641,0
5642,0
5643,3
5644,3
5645,3
5646,2
5647,0
5648,3
5649,1
5650,0
5651,3
5652,3
5653,0
5654,0
5655,3
5656,2
5657,1
5658,3
5659,1
5660,3
5661,2
5662,0
5663,3
5664,2
5665,2
5666,2
5667,2
5668,3
5669,2
5670,0
5671,3
5672,0
5673,1
5674,2
5675,3
5676,3
5677,2
5678,1
5679,3
5680,2
5681,1
5682,1
5683,2
5684,3
5685,1
5686,1
5687,1
5688,3
5689,3
5690,1
5691,1
5692,3
5693,2
5694,1
5695,3
5696,0
5697,3
5698,3
5699,1
5700,1
5701,2
5702,3
5703,2
5704,1
5705,1
5706,2
5707,1
5708,0
5709,1
5710,1
5711,1
5712,3
5713,1
5714,3
5715,0
5716,0
5717,2
5718,0
5719,1
5720,2
5721,2
5722,0
5723,3
5724,3
5725,0
5726,3
5727,1
5728,1
5729,3
5730,0
5731,1
5732,2
5733,2
5734,2
5735,2
5736,1
5737,0
5738,2
5739,1
5740,1
5741,3
5742,0
5743,0
5744,3
5745,1
5746,1
5747,1
5748,2
5749,3
5750,0
5751,3
5752,3
5753,1
5754,0
5755,3
5756,0
5757,3
5758,0
5759,0
5760,1
5761,2
5762,3
5763,0
5764,1
5765,3
5766,0
5767,0
5768,0
5769,3
5770,3
5771,2
5772,1
5773,1
5774,3
5775,0
5776,3
5777,1
5778,3
5779,3
5780,3
5781,2
5782,1
5783,2
5784,3
5785,3
5786,1
5787,0
5788,0
5789,2
5790,0
5791,0
5792,1
5793,3
5794,0
5795,2
5796,2
5797,2
5798,2
5799,0
5800,3
5801,1
5802,3
5803,3
5804,3
5805,2
5806,0
5807,1
5808,3
5809,3
5810,2
5811,0
5812,0
5813,3
5814,0
5815,3
5816,0
5817,2
5818,2
5819,1
5820,2
5821,1
5822,0
5823,1
5824,2
5825,1
5826,1
5827,0
5828,0
5829,2
5830,3
5831,3
5832,2
5833,2
5834,1
5835,1
5836,3
5837,0
5838,2
5839,0
5840,0
5841,3
5842,2
5843,2
5844,0
5845,2
5846,2
5847,2
5848,0
5849,1
5850,2
5851,2
5852,0
5853,1
5854,3
5855,3
5856,3
5857,3
5858,3
5859,1
5860,1
5861,3
5862,1
5863,3
5864,2
5865,2
5866,3
5867,1
5868,2
5869,1
5870,2
5871,0
5872,2
5873,3
5874,3
5875,0
5876,0
5877,3
5878,3
5879,1
5880,1
5881,2
5882,3
5883,2
5884,2
5885,0
5886,0
5887,3
5888,2
5889,3
5890,1
5891,3
5892,1
5893,1
5894,2
5895,3
5896,0
5897,2
5898,1
5899,3
5900,0
5901,0
5902,3
5903,2
5904,3
5905,3
5906,3
5907,2
5908,0
5909,2
5910,0
5911,3
5912,3
5913,0
5914,1
5915,2
5916,3
5917,1
5918,3
5919,1
5920,2
5921,3
5922,3
5923,3
5924,0
5925,3
5926,2
5927,1
5928,3
5929,1
5930,3
5931,1
5932,3
5933,2
5934,3
5935,2
5936,1
5937,3
5938,2
5939,3
5940,2
5941,1
5942,1
5943,2
5944,2
5945,0
5946,2
5947,0
5948,0
5949,3
5950,3
5951,3
5952,0
5953,0
5954,0
5955,1
5956,2
5957,3
5958,2
5959,3
5960,1
5961,3
5962,1
5963,3
5964,1
5965,3
5966,1
5967,3
5968,3
5969,3
5970,2
5971,3
5972,2
5973,3
5974,2
5975,3
5976,0
5977,1
5978,1
5979,1
5980,3
5981,2
5982,3
5983,1
5984,3
5985,3
5986,1
5987,0
5988,2
5989,2
5990,0
5991,0
5992,0
5993,1
5994,2
5995,0
5996,0
5997,1
5998,3
5999,0
6000,0
6001,0
6002,3
6003,3
6004,3
6005,0
6006,0
6007,3
6008,0
6009,3
6010,2
6011,1
6012,1
6013,3
6014,0
6015,3
6016,1
6017,1
6018,2
6019,1
6020,0
6021,1
6022,0
6023,0
6024,0
6025,2
6026,0
6027,2
6028,3
6029,3
6030,3
6031,2
6032,1
6033,0
6034,1
6035,3
6036,2
6037,3
6038,2
6039,3
6040,0
6041,3
6042,2
6043,0
6044,3
6045,1
6046,3
6047,1
6048,2
6049,1
6050,0
6051,1
6052,2
6053,3
6054,1
6055,1
6056,1
6057,0
6058,0
6059,3
6060,3
6061,1
6062,3
6063,3
6064,3
6065,2
6066,0
6067,1
6068,1
6069,0
6070,2
6071,1
6072,3
6073,3
6074,1
6075,2
6076,0
6077,3
6078,1
6079,3
6080,1
6081,0
6082,0
6083,3
6084,0
6085,3
6086,0
6087,2
6088,3
6089,3
6090,0
6091,3
6092,1
6093,3
6094,2
6095,1
6096,1
6097,1
6098,0
6099,0
6100,3
6101,3
6102,1
6103,3
6104,2
6105,1
6106,1
6107,3
6108,3
6109,2
6110,3
6111,1
6112,3
6113,2
6114,3
6115,0
6116,3
6117,2
6118,3
6119,2
6120,2
6121,3
6122,3
6123,1
6124,2
6125,3
6126,3
6127,2
6128,2
6129,1
6130,3
6131,1
6132,1
6133,0
6134,0
6135,1
6136,3
6137,1
6138,1
6139,0
6140,3
6141,2
6142,1
6143,3
6144,1
6145,1
6146,1
6147,0
6148,0
6149,0
6150,3
6151,3
6152,3
6153,3
6154,3
6155,2
6156,0
6157,3
6158,3
6159,0
6160,2
6161,3
6162,1
6163,3
6164,2
6165,3
6166,3
6167,0
6168,0
6169,2
6170,2
6171,0
6172,0
6173,1
6174,1
6175,0
6176,2
6177,3
6178,3
6179,2
6180,1
6181,2
6182,3
6183,0
6184,3
6185,0
6186,0
6187,3
6188,3
6189,1
6190,1
6191,3
6192,3
6193,1
6194,3
6195,3
6196,1
6197,2
6198,3
6199,1
6200,1
6201,1
6202,0
6203,3
6204,3
6205,3
6206,3
6207,3
6208,3
6209,2
6210,0
6211,1
6212,1
6213,2
6214,1
6215,0
6216,2
6217,2
6218,2
6219,2
6220,0
6221,2
6222,1
6223,2
6224,3
6225,2
6226,3
6227,0
6228,3
6229,3
6230,3
6231,2
6232,3
6233,2
6234,2
6235,0
6236,3
6237,3
6238,0
6239,2
6240,2
6241,3
6242,3
6243,3
6244,3
6245,3
6246,3
6247,3
6248,0
6249,3
6250,0
6251,0
6252,0
6253,2
6254,0
6255,3
6256,3
6257,0
6258,1
6259,1
6260,3
6261,0
6262,3
6263,1
6264,3
6265,3
6266,1
6267,3
6268,1
6269,3
6270,3
6271,2
6272,2
6273,3
6274,2
6275,2
6276,2
6277,3
6278,3
6279,2
6280,2
6281,3
6282,3
6283,0
6284,2
6285,3
6286,3
6287,3
6288,3
6289,2
6290,3
6291,2
6292,3
6293,2
6294,2
6295,0
6296,1
6297,2
6298,2
6299,3
6300,0
6301,3
6302,3
6303,0
6304,1
6305,1
6306,1
6307,2
6308,3
6309,3
6310,2
6311,0
6312,3
6313,1
6314,1
6315,3
6316,0
6317,2
6318,1
6319,3
6320,1
6321,3
6322,2
6323,3
6324,0
6325,3
6326,1
6327,0
6328,2
6329,3
6330,0
6331,0
6332,2
6333,1
6334,3
6335,2
6336,3
6337,0
6338,3
6339,3
6340,0
6341,3
6342,3
6343,3
6344,0
6345,2
6346,3
6347,2
6348,0
6349,3
6350,1
6351,3
6352,2
6353,2
6354,0
6355,2
6356,1
6357,2
6358,3
6359,3
6360,3
6361,3
6362,1
6363,3
6364,3
6365,1
6366,2
6367,3
6368,3
6369,1
6370,3
6371,2
6372,3
6373,2
6374,0
6375,0
6376,3
6377,3
6378,3
6379,0
6380,1
6381,3
6382,2
6383,3
6384,2
6385,0
6386,3
6387,3
6388,1
6389,0
6390,2
6391,2
6392,3
6393,1
6394,0
6395,3
6396,3
6397,3
6398,3
6399,1
6400,0
6401,1
6402,0
6403,1
6404,2
6405,0
6406,2
6407,2
6408,3
6409,0
6410,3
6411,1
6412,2
6413,1
6414,0
6415,2
6416,0
6417,1
6418,2
6419,2
6420,0
6421,2
6422,3
6423,3
6424,3
6425,3
6426,3
6427,0
6428,3
6429,1
6430,3
6431,3
6432,1
6433,3
6434,3
6435,2
6436,1
6437,2
6438,3
6439,2
6440,3
6441,0
6442,3
6443,3
6444,0
6445,2
6446,2
6447,2
6448,3
6449,1
6450,0
6451,2
6452,3
6453,0
6454,3
6455,3
6456,2
6457,1
6458,1
6459,0
6460,0
6461,0
6462,1
6463,3
6464,2
6465,3
6466,2
6467,2
6468,1
6469,3
6470,0
6471,2
6472,3
6473,1
6474,1
6475,3
6476,0
6477,1
6478,2
6479,3
6480,2
6481,2
6482,2
6483,2
6484,1
6485,0
6486,1
6487,1
6488,2
6489,0
6490,3
6491,3
6492,3
6493,3
6494,3
6495,2
6496,3
6497,2
6498,2
6499,3
6500,0
6501,1
6502,0
6503,2
6504,2
6505,1
6506,0
6507,1
6508,3
6509,3
6510,1
6511,2
6512,1
6513,1
6514,3
6515,0
6516,2
6517,3
6518,1
6519,3
6520,1
6521,3
6522,1
6523,2
6524,2
6525,2
6526,3
6527,3
6528,3
6529,0
6530,3
6531,3
6532,3
6533,1
6534,3
6535,1
6536,1
6537,2
6538,1
6539,1
6540,3
6541,1
6542,1
6543,3
6544,2
6545,1
6546,3
6547,3
6548,1
6549,1
6550,3
6551,3
6552,3
6553,2
6554,1
6555,3
6556,1
6557,0
6558,1
6559,2
6560,1
6561,2
6562,3
6563,2
6564,3
6565,3
6566,3
6567,2
6568,3
6569,2
6570,2
6571,2
6572,2
6573,3
6574,3
6575,1
6576,0
6577,1
6578,2
6579,1
6580,1
6581,3
6582,2
6583,3
6584,2
6585,2
6586,3
6587,3
6588,1
6589,0
6590,3
6591,3
6592,3
6593,0
6594,3
6595,1
6596,2
6597,1
6598,1
6599,1
6600,1
6601,3
6602,2
6603,2
6604,1
6605,1
6606,3
6607,3
6608,0
6609,3
6610,0
6611,3
6612,3
6613,1
6614,3
6615,1
6616,2
6617,1
6618,1
6619,0
6620,3
6621,3
6622,2
6623,2
6624,3
6625,3
6626,2
6627,0
6628,3
6629,1
6630,2
6631,2
6632,3
6633,3
6634,3
6635,3
6636,2
6637,2
6638,0
6639,0
6640,1
6641,0
6642,3
6643,3
6644,3
6645,1
6646,0
6647,3
6648,3
6649,0
6650,0
6651,2
6652,3
6653,2
6654,3
6655,1
6656,3
6657,2
6658,3
6659,0
6660,2
6661,3
6662,1
6663,2
6664,3
6665,2
6666,3
6667,0
6668,1
6669,2
6670,1
6671,1
6672,0
6673,3
6674,2
6675,3
6676,3
6677,2
6678,1
6679,2
6680,3
6681,3
6682,2
6683,2
6684,2
6685,1
6686,3
6687,0
6688,1
6689,3
6690,3
6691,3
6692,2
6693,3
6694,3
6695,0
6696,1
6697,0
6698,0
6699,3
6700,3
6701,3
6702,0
6703,3
6704,3
6705,3
6706,1
6707,1
6708,0
6709,1
6710,1
6711,3
6712,3
6713,2
6714,2
6715,1
6716,2
6717,1
6718,1
6719,2
6720,3
6721,3
6722,3
6723,1
6724,1
6725,1
6726,3
6727,2
6728,1
6729,3
6730,2
6731,2
6732,1
6733,0
6734,1
6735,3
6736,2
6737,1
6738,2
6739,1
6740,0
6741,0
6742,3
6743,0
6744,0
6745,0
6746,0
6747,3
6748,0
6749,2
6750,3
6751,1
6752,3
6753,0
6754,3
6755,1
6756,1
6757,3
6758,3
6759,2
6760,3
6761,2
6762,1
6763,1
6764,1
6765,2
6766,2
6767,3
6768,3
6769,2
6770,3
6771,1
6772,3
6773,2
6774,3
6775,0
6776,1
6777,1
6778,1
6779,1
6780,1
6781,3
6782,0
6783,3
6784,0
6785,0
6786,3
6787,0
6788,3
6789,3
6790,3
6791,3
6792,3
6793,1
6794,2
6795,2
6796,0
6797,3
6798,3
6799,2
6800,1
6801,3
6802,2
6803,1
6804,3
6805,3
6806,2
6807,0
6808,2
6809,2
6810,3
6811,2
6812,3
6813,1
6814,2
6815,1
6816,3
6817,3
6818,0
6819,3
6820,3
6821,1
6822,1
6823,3
6824,2
6825,3
6826,0
6827,2
6828,1
6829,3
6830,0
6831,3
6832,3
6833,2
6834,2
6835,0
6836,3
6837,2
6838,0
6839,3
6840,1
6841,1
6842,3
6843,0
6844,0
6845,0
6846,2
6847,2
6848,2
6849,2
6850,0
6851,3
6852,0
6853,0
6854,0
6855,3
6856,3
6857,1
6858,3
6859,1
6860,3
6861,0
6862,2
6863,2
6864,0
6865,3
6866,0
6867,1
6868,2
6869,1
6870,1
6871,3
6872,3
6873,0
6874,1
6875,0
6876,3
6877,2
6878,0
6879,0
6880,1
6881,0
6882,3
6883,2
6884,3
6885,2
6886,3
6887,1
6888,3
6889,0
6890,3
6891,2
6892,2
6893,2
6894,2
6895,1
6896,3
6897,2
6898,0
6899,0
6900,3
6901,2
6902,2
6903,2
6904,3
6905,3
6906,3
6907,3
6908,1
6909,3
6910,3
6911,1
6912,1
6913,0
6914,2
6915,0
6916,1
6917,0
6918,2
6919,3
6920,0
6921,3
6922,2
6923,3
6924,1
6925,2
6926,3
6927,2
6928,3
6929,0
6930,2
6931,1
6932,0
6933,0
6934,2
6935,3
6936,2
6937,2
6938,3
6939,3
6940,2
6941,2
6942,1
6943,1
6944,3
6945,0
6946,2
6947,2
6948,0
6949,0
6950,2
6951,3
6952,1
6953,3
6954,2
6955,3
6956,3
6957,2
6958,0
6959,3
6960,1
6961,2
6962,3
6963,3
6964,3
6965,0
6966,3
6967,0
6968,2
6969,2
6970,2
6971,2
6972,2
6973,1
6974,0
6975,3
6976,3
6977,2
6978,3
6979,3
6980,3
6981,2
6982,1
6983,3
6984,3
6985,0
6986,0
6987,3
6988,3
6989,2
6990,2
6991,3
6992,3
6993,0
6994,1
6995,3
6996,3
6997,2
6998,1
6999,3
7000,1
7001,1
7002,1
7003,0
7004,2
7005,1
7006,2
7007,3
7008,3
7009,0
7010,1
7011,3
7012,3
7013,3
7014,0
7015,0
7016,3
7017,3
7018,3
7019,3
7020,3
7021,2
7022,2
7023,2
7024,1
7025,2
7026,1
7027,1
7028,0
7029,1
7030,3
7031,3
7032,1
7033,2
7034,3
7035,1
7036,3
7037,1
7038,3
7039,2
7040,2
7041,1
7042,1
7043,3
7044,1
7045,2
7046,3
7047,0
7048,1
7049,3
7050,3
7051,0
7052,2
7053,3
7054,0
7055,2
7056,2
7057,2
7058,3
7059,0
7060,1
7061,3
7062,2
7063,0
7064,1
7065,3
7066,1
7067,2
7068,2
7069,2
7070,0
7071,0
7072,3
7073,3
7074,2
7075,1
7076,2
7077,1
7078,1
7079,2
7080,3
7081,3
7082,3
7083,0
7084,0
7085,0
7086,2
7087,1
7088,1
7089,1
7090,2
7091,2
7092,3
7093,3
7094,0
7095,2
7096,0
7097,3
7098,3
7099,1
7100,2
7101,3
7102,2
7103,3
7104,3
7105,3
7106,3
7107,3
7108,1
7109,3
7110,2
7111,3
7112,1
7113,1
7114,2
7115,1
7116,3
7117,0
7118,3
7119,2
7120,3
7121,0
7122,0
7123,1
7124,2
7125,0
7126,2
7127,1
7128,3
7129,3
7130,3
7131,0
7132,2
7133,0
7134,3
7135,3
7136,1
7137,0
7138,3
7139,2
7140,3
7141,1
7142,1
7143,3
7144,3
7145,3
7146,1
7147,3
7148,2
7149,3
7150,0
7151,1
7152,2
7153,3
7154,0
7155,2
7156,3
7157,1
7158,2
7159,2
7160,0
7161,0
7162,3
7163,2
7164,1
7165,1
7166,3
7167,2
7168,3
7169,1
7170,1
7171,0
7172,2
7173,3
7174,0
7175,3
7176,2
7177,1
7178,1
7179,0
7180,3
7181,1
7182,3
7183,0
7184,1
7185,0
7186,1
7187,0
7188,3
7189,3
7190,2
7191,3
7192,1
7193,3
7194,0
7195,1
7196,1
7197,3
7198,2
7199,2
7200,0
7201,1
7202,2
7203,3
7204,1
7205,2
7206,1
7207,1
7208,0
7209,1
7210,2
7211,1
7212,0
7213,0
7214,3
7215,3
7216,3
7217,3
7218,1
7219,0
7220,3
7221,2
7222,2
7223,2
7224,2
7225,0
7226,1
7227,3
7228,1
7229,3
7230,2
7231,3
7232,1
7233,1
7234,1
7235,3
7236,3
7237,3
7238,3
7239,0
7240,3
7241,1
7242,2
7243,3
7244,3
7245,0
7246,2
7247,2
7248,0
7249,3
7250,3
7251,3
7252,1
7253,0
7254,0
7255,0
7256,0
7257,0
7258,0
7259,3
7260,2
7261,3
7262,0
7263,2
7264,3
7265,3
7266,3
7267,0
7268,0
7269,3
7270,3
7271,3
7272,3
7273,2
7274,3
7275,3
7276,2
7277,3
7278,0
7279,3
7280,1
7281,3
7282,0
7283,3
7284,3
7285,0
7286,2
7287,0
7288,2
7289,3
7290,0
7291,0
7292,0
7293,1
7294,1
7295,3
7296,0
7297,0
7298,3
7299,2
7300,0
7301,3
7302,3
7303,1
7304,0
7305,1
7306,3
7307,3
7308,2
7309,2
7310,2
7311,1
7312,0
7313,2
7314,3
7315,2
7316,1
7317,3
7318,3
7319,1
7320,1
7321,2
7322,3
7323,3
7324,3
7325,2
7326,3
7327,1
7328,2
7329,2
7330,0
7331,0
7332,0
7333,3
7334,3
7335,0
7336,1
7337,3
7338,0
7339,0
7340,2
7341,3
7342,2
7343,2
7344,2
7345,2
7346,2
7347,1
7348,3
7349,3
7350,3
7351,3
7352,1
7353,0
7354,0
7355,3
7356,1
7357,2
7358,3
7359,1
7360,3
7361,1
7362,3
7363,2
7364,3
7365,2
7366,3
7367,3
7368,0
7369,2
7370,0
7371,2
7372,1
7373,1
7374,2
7375,3
7376,3
7377,3
7378,3
7379,3
7380,0
7381,2
7382,3
7383,2
7384,0
7385,3
7386,3
7387,0
7388,3
7389,2
7390,3
7391,1
7392,3
7393,1
7394,3
7395,2
7396,0
7397,3
7398,3
7399,0
7400,3
7401,0
7402,3
7403,0
7404,1
7405,1
7406,0
7407,2
7408,3
7409,3
7410,3
7411,1
7412,3
7413,1
7414,0
7415,0
7416,3
7417,1
7418,0
7419,0
7420,1
7421,3
7422,1
7423,3
7424,1
7425,1
7426,2
7427,2
7428,3
7429,2
7430,3
7431,1
7432,1
7433,2
7434,2
7435,2
7436,1
7437,2
7438,3
7439,3
7440,2
7441,0
7442,3
7443,3
7444,3
7445,1
7446,3
7447,3
7448,3
7449,3
7450,0
7451,2
7452,0
7453,0
7454,1
7455,0
7456,3
7457,2
7458,3
7459,0
7460,1
7461,1
7462,0
7463,3
7464,1
7465,3
7466,3
7467,3
7468,3
7469,0
7470,3
7471,3
7472,1
7473,3
7474,1
7475,0
7476,0
7477,3
7478,0
7479,3
7480,3
7481,3
7482,2
7483,3
7484,2
7485,3
7486,2
7487,2
7488,2
7489,0
7490,1
7491,3
7492,1
7493,2
7494,0
7495,1
7496,0
7497,1
7498,0
7499,3
7500,1
7501,3
7502,1
7503,3
7504,0
7505,3
7506,1
7507,2
7508,1
7509,1
7510,0
7511,1
7512,2
7513,3
7514,2
7515,2
7516,3
7517,2
7518,2
7519,0
7520,3
7521,2
7522,1
7523,0
7524,0
7525,2
7526,3
7527,3
7528,2
7529,2
7530,3
7531,2
7532,2
7533,3
7534,3
7535,1
7536,3
7537,0
7538,1
7539,2
7540,3
7541,3
7542,3
7543,0
7544,3
7545,2
7546,3
7547,2
7548,2
7549,0
7550,3
7551,2
7552,2
7553,3
7554,2
7555,2
7556,3
7557,3
7558,0
7559,0
7560,3
7561,3
7562,2
7563,3
7564,0
7565,1
7566,3
7567,2
7568,2
7569,3
7570,2
7571,3
7572,1
7573,3
7574,3
7575,0
7576,3
7577,1
7578,3
7579,2
7580,2
7581,2
7582,3
7583,0
7584,3
7585,3
7586,0
7587,2
7588,3
7589,3
7590,2
7591,1
7592,2
7593,3
7594,3
7595,2
7596,3
7597,3
7598,3
7599,3
7600,0
7601,0
7602,1
7603,2
7604,1
7605,1
7606,3
7607,1
7608,1
7609,0
7610,0
7611,2
7612,0
7613,3
7614,2
7615,2
7616,1
7617,0
7618,2
7619,3
7620,3
7621,2
7622,1
7623,1
7624,3
7625,0
7626,0
7627,1
7628,0
7629,1
7630,3
7631,1
7632,3
7633,2
7634,1
7635,0
7636,2
7637,3
7638,1
7639,3
7640,1
7641,3
7642,3
7643,3
7644,2
7645,0
7646,3
7647,0
7648,3
7649,2
7650,1
7651,1
7652,0
7653,0
7654,1
7655,3
7656,1
7657,1
7658,3
7659,3
7660,0
7661,0
7662,1
7663,2
7664,3
7665,2
7666,3
7667,2
7668,0
7669,0
7670,3
7671,3
7672,3
7673,3
7674,2
7675,0
7676,2
7677,3
7678,3
7679,0
7680,0
7681,2
7682,3
7683,0
7684,3
7685,3
7686,2
7687,2
7688,2
7689,3
7690,0
7691,0
7692,0
7693,2
7694,2
7695,2
7696,1
7697,0
7698,2
7699,0
7700,1
7701,3
7702,1
7703,3
7704,0
7705,3
7706,3
7707,2
7708,2
7709,1
7710,1
7711,3
7712,1
7713,3
7714,1
7715,3
7716,0
7717,3
7718,0
7719,1
7720,3
7721,1
7722,0
7723,0
7724,3
7725,0
7726,0
7727,3
7728,1
7729,3
7730,1
7731,1
7732,2
7733,3
7734,3
7735,3
7736,3
7737,3
7738,0
7739,1
7740,1
7741,3
7742,3
7743,1
7744,3
7745,3
7746,3
7747,3
7748,2
7749,0
7750,3
7751,3
7752,3
7753,1
7754,1
7755,3
7756,2
7757,1
7758,1
7759,2
7760,0
7761,1
7762,3
7763,2
7764,1
7765,0
7766,2
7767,3
7768,3
7769,3
7770,3
7771,1
7772,3
7773,0
7774,0
7775,3
7776,0
7777,3
7778,1
7779,3
7780,2
7781,1
7782,1
7783,3
7784,1
7785,2
7786,2
7787,3
7788,3
7789,3
7790,1
7791,1
7792,2
7793,2
7794,2
7795,3
7796,1
7797,2
7798,1
7799,1
7800,3
7801,3
7802,0
7803,0
7804,2
7805,3
7806,2
7807,0
7808,0
7809,2
7810,1
7811,3
7812,0
7813,3
7814,3
7815,3
7816,2
7817,0
7818,1
7819,3
7820,2
7821,3
7822,0
7823,3
7824,3
7825,1
7826,3
7827,0
7828,3
7829,0
7830,2
7831,1
7832,0
7833,3
7834,3
7835,0
7836,3
7837,3
7838,2
7839,3
7840,1
7841,1
7842,0
7843,3
7844,2
7845,2
7846,2
7847,2
7848,3
7849,2
7850,2
7851,0
7852,3
7853,3
7854,2
7855,1
7856,2
7857,2
7858,0
7859,3
7860,2
7861,0
7862,2
7863,2
7864,1
7865,2
7866,1
7867,2
7868,2
7869,2
7870,0
7871,3
7872,3
7873,0
7874,3
7875,3
7876,0
7877,3
7878,0
7879,3
7880,1
7881,3
7882,1
7883,2
7884,1
7885,3
7886,2
7887,3
7888,3
7889,3
7890,2
7891,3
7892,2
7893,3
7894,0
7895,2
7896,2
7897,2
7898,3
7899,2
7900,1
7901,1
7902,3
7903,2
7904,1
7905,3
7906,3
7907,3
7908,1
7909,1
7910,0
7911,0
7912,0
7913,0
7914,2
7915,3
7916,3
7917,3
7918,2
7919,1
7920,0
7921,2
7922,0
7923,3
7924,0
7925,3
7926,3
7927,1
7928,2
7929,0
7930,1
7931,1
7932,3
7933,0
7934,3
7935,2
7936,3
7937,3
7938,3
7939,3
7940,3
7941,0
7942,3
7943,3
7944,3
7945,0
7946,1
7947,3
7948,1
7949,0
7950,3
7951,2
7952,0
7953,3
7954,0
7955,3
7956,3
7957,3
7958,3
7959,3
7960,3
7961,1
7962,3
7963,1
7964,1
7965,2
7966,3
7967,3
7968,1
7969,3
7970,3
7971,0
7972,0
7973,1
7974,0
7975,2
7976,3
7977,0
7978,3
7979,3
7980,2
7981,0
7982,2
7983,2
7984,2
7985,3
7986,0
7987,2
7988,2
7989,3
7990,1
7991,3
7992,1
7993,3
7994,3
7995,1
7996,2
7997,1
7998,3
7999,1
8000,3
8001,3
8002,3
8003,1
8004,3
8005,2
8006,3
8007,1
8008,1
8009,3
8010,3
8011,3
8012,2
8013,2
8014,1
8015,0
8016,1
8017,1
8018,1
8019,2
8020,3
8021,3
8022,3
8023,2
8024,1
8025,3
8026,0
8027,3
8028,2
8029,3
8030,3
8031,2
8032,3
8033,1
8034,2
8035,0
8036,0
8037,3
8038,3
8039,1
8040,0
8041,2
8042,3
8043,0
8044,2
8045,2
8046,2
8047,0
8048,2
8049,3
8050,0
8051,2
8052,3
8053,2
8054,3
8055,3
8056,3
8057,0
8058,1
8059,1
8060,0
8061,3
8062,3
8063,3
8064,0
8065,1
8066,1
8067,2
8068,1
8069,3
8070,2
8071,3
8072,1
8073,3
8074,1
8075,2
8076,3
8077,2
8078,1
8079,0
8080,3
8081,1
8082,3
8083,0
8084,1
8085,2
8086,2
8087,3
8088,1
8089,2
8090,0
8091,3
8092,1
8093,0
8094,1
8095,3
8096,2
8097,1
8098,3
8099,1
8100,3
8101,2
8102,0
8103,3
8104,1
8105,1
8106,2
8107,0
8108,2
8109,3
8110,3
8111,2
8112,1
8113,3
8114,2
8115,2
8116,3
8117,1
8118,0
8119,3
8120,3
8121,2
8122,0
8123,0
8124,2
8125,3
8126,2
8127,2
8128,3
8129,3
8130,1
8131,3
8132,2
8133,1
8134,0
8135,2
8136,0
8137,1
8138,2
8139,3
8140,0
8141,2
8142,3
8143,0
8144,3
8145,3
8146,2
8147,3
8148,3
8149,3
8150,0
8151,0
8152,2
8153,1
8154,1
8155,3
8156,0
8157,2
8158,3
8159,2
8160,1
8161,2
8162,1
8163,1
8164,1
8165,3
8166,3
8167,2
8168,3
8169,1
8170,0
8171,0
8172,0
8173,2
8174,1
8175,3
8176,1
8177,1
8178,2
8179,0
8180,2
8181,3
8182,1
8183,0
8184,0
8185,2
8186,1
8187,2
8188,3
8189,0
8190,0
8191,1
8192,3
8193,3
8194,2
8195,3
8196,1
8197,3
8198,2
8199,0
8200,3
8201,2
8202,3
8203,0
8204,2
8205,1
8206,1
8207,3
8208,0
8209,3
8210,2
8211,3
8212,3
8213,3
8214,0
8215,2
8216,2
8217,0
8218,3
8219,1
8220,3
8221,1
8222,2
8223,3
8224,2
8225,0
8226,2
8227,2
8228,1
8229,1
8230,1
8231,1
8232,0
8233,2
8234,0
8235,0
8236,2
8237,3
8238,3
8239,0
8240,2
8241,3
8242,2
8243,2
8244,1
8245,2
8246,1
8247,2
8248,3
8249,3
8250,1
8251,2
8252,2
8253,0
8254,3
8255,2
8256,3
8257,2
8258,0
8259,1
8260,3
8261,2
8262,3
8263,3
8264,3
8265,3
8266,3
8267,3
8268,3
8269,3
8270,1
8271,0
8272,3
8273,1
8274,2
8275,1
8276,1
8277,0
8278,3
8279,0
8280,1
8281,3
8282,0
8283,0
8284,1
8285,1
8286,0
8287,3
8288,3
8289,0
8290,0
8291,3
8292,3
8293,3
8294,3
8295,2
8296,1
8297,2
8298,1
8299,3
8300,3
8301,0
8302,0
8303,1
8304,0
8305,3
8306,0
8307,1
8308,2
8309,3
8310,2
8311,3
8312,1
8313,2
8314,2
8315,3
8316,3
8317,1
8318,3
8319,1
8320,3
8321,3
8322,1
8323,3
8324,2
8325,2
8326,1
8327,1
8328,3
8329,2
8330,1
8331,3
8332,2
8333,3
8334,3
8335,3
8336,3
8337,1
8338,0
8339,2
8340,3
8341,2
8342,1
8343,2
8344,3
8345,2
8346,2
8347,3
8348,3
8349,3
8350,3
8351,3
8352,3
8353,3
8354,1
8355,2
8356,2
8357,2
8358,2
8359,0
8360,1
8361,0
8362,3
8363,0
8364,0
8365,3
8366,3
8367,1
8368,2
8369,3
8370,3
8371,3
8372,0
8373,3
8374,2
8375,2
8376,3
8377,2
8378,2
8379,1
8380,0
8381,2
8382,2
8383,0
8384,1
8385,3
8386,3
8387,2
8388,0
8389,2
8390,0
8391,0
8392,3
8393,0
8394,3
8395,1
8396,2
8397,3
8398,1
8399,1
8400,2
8401,3
8402,2
8403,3
8404,3
8405,0
8406,3
8407,2
8408,3
8409,0
8410,3
8411,2
8412,1
8413,3
8414,2
8415,1
8416,3
8417,3
8418,3
8419,3
8420,2
8421,3
8422,0
8423,1
8424,3
8425,1
8426,2
8427,3
8428,3
8429,2
8430,0
8431,2
8432,1
8433,3
8434,3
8435,3
8436,0
8437,3
8438,1
8439,2
8440,2
8441,3
8442,3
8443,1
8444,3
8445,3
8446,1
8447,2
8448,2
8449,2
8450,0
8451,1
8452,3
8453,1
8454,3
8455,1
8456,1
8457,3
8458,3
8459,1
8460,3
8461,1
8462,3
8463,1
8464,3
8465,0
8466,1
8467,3
8468,1
8469,0
8470,1
8471,1
8472,2
8473,1
8474,0
8475,3
8476,3
8477,3
8478,3
8479,3
8480,3
8481,2
8482,1
8483,3
8484,0
8485,2
8486,2
8487,1
8488,3
8489,3
8490,0
8491,0
8492,3
8493,2
8494,2
8495,0
8496,3
8497,2
8498,2
8499,2
8500,3
8501,2
8502,2
8503,3
8504,0
8505,3
8506,0
8507,3
8508,0
8509,1
8510,3
8511,3
8512,0
8513,1
8514,1
8515,3
8516,3
8517,2
8518,2
8519,2
8520,1
8521,1
8522,3
8523,3
8524,2
8525,1
8526,3
8527,1
8528,2
8529,2
8530,2
8531,2
8532,2
8533,0
8534,0
8535,3
8536,1
8537,2
8538,2
8539,3
8540,0
8541,3
8542,3
8543,2
8544,1
8545,2
8546,3
8547,1
8548,2
8549,3
8550,3
8551,0
8552,3
8553,0
8554,3
8555,3
8556,2
8557,3
8558,3
8559,2
8560,0
8561,2
8562,0
8563,2
8564,0
8565,1
8566,1
8567,1
8568,0
8569,3
8570,3
8571,3
8572,1
8573,0
8574,3
8575,2
8576,2
8577,3
8578,3
8579,3
8580,2
8581,3
8582,1
8583,2
8584,2
8585,2
8586,2
8587,0
8588,3
8589,3
8590,1
8591,3
8592,3
8593,2
8594,1
8595,1
8596,3
8597,2
8598,3
8599,3
8600,3
8601,2
8602,0
8603,0
8604,3
8605,3
8606,1
8607,3
8608,2
8609,2
8610,1
8611,0
8612,3
8613,3
8614,0
8615,3
8616,0
8617,2
8618,2
8619,3
8620,3
8621,3
8622,3
8623,3
8624,1
8625,2
8626,3
8627,2
8628,1
8629,3
8630,1
8631,3
8632,2
8633,3
8634,1
8635,2
8636,3
8637,0
8638,3
8639,2
8640,1
8641,3
8642,3
8643,0
8644,1
8645,0
8646,1
8647,3
8648,0
8649,3
8650,0
8651,3
8652,1
8653,3
8654,3
8655,2
8656,3
8657,3
8658,3
8659,0
8660,3
8661,3
8662,3
8663,2
8664,0
8665,3
8666,1
8667,3
8668,2
8669,3
8670,3
8671,0
8672,3
8673,3
8674,1
8675,1
8676,3
8677,1
8678,3
8679,2
8680,3
8681,1
8682,2
8683,1
8684,2
8685,1
8686,0
8687,0
8688,2
8689,3
8690,3
8691,2
8692,2
8693,3
8694,3
8695,0
8696,2
8697,1
8698,2
8699,0
8700,2
8701,1
8702,3
8703,1
8704,3
8705,2
8706,0
8707,3
8708,3
8709,3
8710,3
8711,3
8712,2
8713,3
8714,1
8715,3
8716,2
8717,2
8718,2
8719,3
8720,0
8721,3
8722,1
8723,0
8724,1
8725,2
8726,3
8727,0
8728,1
8729,1
8730,3
8731,0
8732,0
8733,3
8734,0
8735,0
8736,3
8737,2
8738,3
8739,3
8740,0
8741,1
8742,3
8743,3
8744,2
8745,3
8746,3
8747,3
8748,2
8749,0
8750,2
8751,3
8752,1
8753,3
8754,0
8755,3
8756,2
8757,2
8758,2
8759,1
8760,1
8761,3
8762,3
8763,3
8764,1
8765,3
8766,0
8767,1
8768,3
8769,3
8770,3
8771,3
8772,3
8773,1
8774,3
8775,2
8776,2
8777,2
8778,3
8779,3
8780,2
8781,2
8782,0
8783,3
8784,1
8785,3
8786,1
8787,1
8788,3
8789,1
8790,3
8791,0
8792,0
8793,1
8794,0
8795,2
8796,2
8797,2
8798,0
8799,1
8800,3
8801,0
8802,3
8803,3
8804,3
8805,1
8806,3
8807,2
8808,2
8809,1
8810,3
8811,3
8812,1
8813,3
8814,2
8815,0
8816,3
8817,3
8818,2
8819,3
8820,2
8821,3
8822,3
8823,2
8824,0
8825,0
8826,0
8827,1
8828,0
8829,0
8830,2
8831,1
8832,1
8833,3
8834,2
8835,2
8836,3
8837,3
8838,3
8839,3
8840,1
8841,2
8842,0
8843,2
8844,1
8845,0
8846,2
8847,2
8848,3
8849,2
8850,1
8851,2
8852,1
8853,2
8854,1
8855,1
8856,3
8857,2
8858,3
8859,0
8860,2
8861,2
8862,3
8863,3
8864,0
8865,3
8866,2
8867,3
8868,0
8869,3
8870,3
8871,3
8872,3
8873,3
8874,1
8875,1
8876,2
8877,2
8878,3
8879,0
8880,0
8881,3
8882,2
8883,3
8884,3
8885,3
8886,2
8887,3
8888,3
8889,0
8890,1
8891,3
8892,3
8893,3
8894,0
8895,0
8896,1
8897,3
8898,3
8899,3
8900,0
8901,2
8902,0
8903,2
8904,0
8905,1
8906,1
8907,3
8908,3
8909,2
8910,2
8911,3
8912,0
8913,3
8914,0
8915,3
8916,0
8917,0
8918,3
8919,2
8920,2
8921,2
8922,3
8923,0
8924,0
8925,3
8926,0
8927,3
8928,2
8929,1
8930,3
8931,1
8932,3
8933,3
8934,2
8935,3
8936,2
8937,3
8938,0
8939,3
8940,0
8941,3
8942,2
8943,1
8944,3
8945,0
8946,3
8947,1
8948,1
8949,3
8950,0
8951,3
8952,2
8953,2
8954,3
8955,3
8956,2
8957,2
8958,1
8959,1
8960,3
8961,0
8962,0
8963,3
8964,0
8965,3
8966,0
8967,3
8968,1
8969,1
8970,1
8971,3
8972,3
8973,3
8974,3
8975,3
8976,3
8977,2
8978,1
8979,1
8980,3
8981,3
8982,2
8983,3
8984,2
8985,3
8986,3
8987,3
8988,1
8989,1
8990,0
8991,1
8992,1
8993,2
8994,2
8995,2
8996,2
8997,2
8998,2
8999,1
9000,0
9001,3
9002,2
9003,1
9004,1
9005,1
9006,2
9007,2
9008,3
9009,3
9010,3
9011,1
9012,0
9013,3
9014,1
9015,1
9016,3
9017,2
9018,3
9019,1
9020,3
9021,2
9022,3
9023,0
9024,3
9025,2
9026,3
9027,1
9028,2
9029,2
9030,1
9031,0
9032,3
9033,3
9034,3
9035,0
9036,1
9037,2
9038,0
9039,3
9040,0
9041,0
9042,1
9043,1
9044,3
9045,1
9046,1
9047,3
9048,2
9049,1
9050,0
9051,0
9052,1
9053,3
9054,3
9055,1
9056,1
9057,2
9058,0
9059,1
9060,3
9061,3
9062,0
9063,1
9064,2
9065,3
9066,0
9067,3
9068,2
9069,0
9070,3
9071,0
9072,3
9073,3
9074,3
9075,1
9076,2
9077,0
9078,1
9079,1
9080,2
9081,2
9082,3
9083,1
9084,2
9085,1
9086,3
9087,3
9088,0
9089,3
9090,3
9091,2
9092,3
9093,2
9094,3
9095,3
9096,3
9097,3
9098,2
9099,3
9100,2
9101,3
9102,3
9103,3
9104,3
9105,3
9106,0
9107,3
9108,3
9109,0
9110,1
9111,2
9112,1
9113,0
9114,2
9115,2
9116,3
9117,0
9118,2
9119,3
9120,0
9121,1
9122,0
9123,3
9124,2
9125,1
9126,3
9127,1
9128,0
9129,0
9130,3
9131,1
9132,3
9133,3
9134,2
9135,3
9136,0
9137,3
9138,1
9139,0
9140,3
9141,2
9142,2
9143,0
9144,0
9145,1
9146,1
9147,0
9148,3
9149,0
9150,0
9151,2
9152,3
9153,1
9154,3
9155,3
9156,2
9157,0
9158,1
9159,3
9160,0
9161,1
9162,2
9163,3
9164,1
9165,1
9166,2
9167,2
9168,2
9169,1
9170,0
9171,0
9172,3
9173,2
9174,1
9175,3
9176,2
9177,3
9178,0
9179,3
9180,3
9181,1
9182,3
9183,0
9184,3
9185,3
9186,3
9187,3
9188,3
9189,1
9190,3
9191,1
9192,0
9193,3
9194,2
9195,2
9196,3
9197,3
9198,2
9199,1
9200,2
9201,3
9202,3
9203,3
9204,2
9205,3
9206,3
9207,2
9208,0
9209,3
9210,0
9211,3
9212,2
9213,0
9214,1
9215,2
9216,1
9217,0
9218,1
9219,2
9220,0
9221,2
9222,3
9223,3
9224,1
9225,1
9226,3
9227,3
9228,0
9229,2
9230,0
9231,3
9232,3
9233,2
9234,1
9235,3
9236,1
9237,1
9238,1
9239,3
9240,2
9241,3
9242,3
9243,1
9244,3
9245,3
9246,0
9247,3
9248,0
9249,1
9250,1
9251,2
9252,3
9253,3
9254,0
9255,0
9256,2
9257,3
9258,3
9259,1
9260,3
9261,3
9262,2
9263,3
9264,0
9265,0
9266,2
9267,1
9268,2
9269,2
9270,3
9271,3
9272,3
9273,3
9274,3
9275,2
9276,1
9277,3
9278,0
9279,3
9280,1
9281,1
9282,2
9283,3
9284,3
9285,0
9286,0
9287,0
9288,3
9289,2
9290,0
9291,1
9292,3
9293,2
9294,1
9295,2
9296,1
9297,1
9298,3
9299,1
9300,3
9301,3
9302,3
9303,2
9304,3
9305,3
9306,2
9307,3
9308,3
9309,0
9310,3
9311,3
9312,1
9313,2
9314,0
9315,2
9316,3
9317,3
9318,3
9319,3
9320,3
9321,3
9322,1
9323,0
9324,2
9325,1
9326,2
9327,3
9328,0
9329,0
9330,1
9331,2
9332,3
9333,1
9334,1
9335,3
9336,3
9337,2
9338,3
9339,1
9340,3
9341,1
9342,2
9343,0
9344,3
9345,1
9346,2
9347,2
9348,1
9349,2
9350,1
9351,3
9352,3
9353,2
9354,0
9355,2
9356,1
9357,2
9358,3
9359,3
9360,1
9361,0
9362,3
9363,2
9364,0
9365,2
9366,1
9367,0
9368,3
9369,3
9370,3
9371,1
9372,2
9373,3
9374,3
9375,3
9376,0
9377,3
9378,1
9379,3
9380,1
9381,0
9382,2
9383,1
9384,3
9385,2
9386,1
9387,2
9388,2
9389,2
9390,0
9391,3
9392,1
9393,3
9394,0
9395,3
9396,0
9397,1
9398,3
9399,3
9400,3
9401,3
9402,3
9403,3
9404,3
9405,0
9406,3
9407,3
9408,1
9409,3
9410,0
9411,3
9412,2
9413,3
9414,0
9415,1
9416,3
9417,0
9418,2
9419,0
9420,1
9421,1
9422,3
9423,1
9424,2
9425,3
9426,1
9427,3
9428,3
9429,2
9430,3
9431,3
9432,2
9433,1
9434,3
9435,1
9436,1
9437,3
9438,0
9439,3
9440,3
9441,3
9442,0
9443,3
9444,1
9445,0
9446,3
9447,2
9448,2
9449,3
9450,0
9451,2
9452,1
9453,3
9454,3
9455,1
9456,3
9457,0
9458,2
9459,2
9460,3
9461,3
9462,1
9463,3
9464,3
9465,2
9466,3
9467,3
9468,2
9469,3
9470,1
9471,1
9472,2
9473,3
9474,2
9475,2
9476,3
9477,3
9478,0
9479,3
9480,1
9481,3
9482,2
9483,0
9484,1
9485,3
9486,2
9487,3
9488,0
9489,3
9490,3
9491,2
9492,3
9493,0
9494,0
9495,1
9496,2
9497,0
9498,3
9499,1
9500,3
9501,3
9502,3
9503,3
9504,3
9505,3
9506,2
9507,1
9508,0
9509,3
9510,0
9511,1
9512,3
9513,3
9514,0
9515,3
9516,3
9517,3
9518,3
9519,1
9520,1
9521,3
9522,3
9523,3
9524,1
9525,3
9526,3
9527,3
9528,1
9529,2
9530,0
9531,1
9532,0
9533,3
9534,2
9535,3
9536,1
9537,2
9538,3
9539,1
9540,3
9541,1
9542,1
9543,1
9544,3
9545,1
9546,0
9547,2
9548,1
9549,3
9550,2
9551,0
9552,3
9553,2
9554,3
9555,3
9556,1
9557,0
9558,3
9559,3
9560,3
9561,2
9562,2
9563,2
9564,3
9565,2
9566,0
9567,0
9568,3
9569,0
9570,0
9571,2
9572,2
9573,3
9574,2
9575,3
9576,0
9577,2
9578,3
9579,3
9580,2
9581,3
9582,2
9583,3
9584,3
9585,3
9586,3
9587,2
9588,0
9589,3
9590,3
9591,2
9592,1
9593,1
9594,3
9595,1
9596,3
9597,2
9598,1
9599,3
9600,0
9601,0
9602,2
9603,0
9604,1
9605,0
9606,3
9607,3
9608,1
9609,1
9610,1
9611,1
9612,3
9613,2
9614,3
9615,2
9616,1
9617,3
9618,1
9619,3
9620,3
9621,2
9622,3
9623,3
9624,2
9625,3
9626,0
9627,2
9628,1
9629,3
9630,1
9631,0
9632,3
9633,1
9634,3
9635,3
9636,2
9637,2
9638,1
9639,3
9640,1
9641,3
9642,0
9643,0
9644,3
9645,0
9646,2
9647,2
9648,3
9649,0
9650,0
9651,3
9652,0
9653,3
9654,2
9655,1
9656,1
9657,0
9658,2
9659,3
9660,2
9661,2
9662,1
9663,1
9664,3
9665,2
9666,1
9667,0
9668,3
9669,3
9670,2
9671,3
9672,3
9673,3
9674,3
9675,1
9676,1
9677,2
9678,3
9679,3
9680,2
9681,0
9682,2
9683,1
9684,2
9685,1
9686,3
9687,0
9688,3
9689,2
9690,1
9691,1
9692,3
9693,0
9694,3
9695,1
9696,2
9697,3
9698,3
9699,1
9700,2
9701,3
9702,0
9703,1
9704,3
9705,3
9706,2
9707,1
9708,3
9709,2
9710,3
9711,3
9712,2
9713,3
9714,2
9715,3
9716,3
9717,1
9718,3
9719,1
9720,3
9721,2
9722,1
9723,3
9724,3
9725,3
9726,3
9727,1
9728,2
9729,3
9730,0
9731,1
9732,3
9733,0
9734,3
9735,2
9736,3
9737,1
9738,3
9739,2
9740,1
9741,3
9742,3
9743,2
9744,1
9745,1
9746,1
9747,3
9748,3
9749,3
9750,2
9751,0
9752,1
9753,1
9754,3
9755,0
9756,3
9757,0
9758,0
9759,3
9760,2
9761,2
9762,0
9763,1
9764,3
9765,3
9766,0
9767,3
9768,2
9769,0
9770,3
9771,1
9772,1
9773,3
9774,1
9775,3
9776,2
9777,3
9778,0
9779,0
9780,3
9781,2
9782,1
9783,1
9784,0
9785,3
9786,2
9787,3
9788,3
9789,0
9790,0
9791,3
9792,1
9793,1
9794,0
9795,1
9796,2
9797,1
9798,0
9799,2
9800,3
9801,0
9802,2
9803,1
9804,3
9805,3
9806,3
9807,2
9808,0
9809,1
9810,2
9811,3
9812,2
9813,3
9814,3
9815,3
9816,1
9817,2
9818,1
9819,1
9820,2
9821,2
9822,2
9823,3
9824,0
9825,1
9826,3
9827,3
9828,3
9829,3
9830,3
9831,3
9832,1
9833,2
9834,2
9835,0
9836,1
9837,1
9838,3
9839,1
9840,0
9841,3
9842,2
9843,3
9844,3
9845,1
9846,0
9847,1
9848,2
9849,1
9850,2
9851,2
9852,1
9853,0
9854,0
9855,2
9856,0
9857,3
9858,2
9859,1
9860,3
9861,3
9862,2
9863,3
9864,1
9865,1
9866,2
9867,2
9868,2
9869,2
9870,0
9871,0
9872,3
9873,3
9874,0
9875,3
9876,0
9877,3
9878,3
9879,1
9880,3
9881,3
9882,3
9883,2
9884,3
9885,1
9886,0
9887,2
9888,1
9889,0
9890,3
9891,1
9892,2
9893,0
9894,0
9895,0
9896,3
9897,2
9898,3
9899,0
9900,3
9901,0
9902,0
9903,1
9904,2
9905,2
9906,3
9907,0
9908,3
9909,0
9910,0
9911,1
9912,0
9913,2
9914,3
9915,3
9916,3
9917,1
9918,0
9919,2
9920,2
9921,1
9922,0
9923,0
9924,2
9925,2
9926,3
9927,2
9928,0
9929,2
9930,0
9931,3
9932,1
9933,3
9934,3
9935,0
9936,1
9937,3
9938,0
9939,0
9940,0
9941,0
9942,0
9943,3
9944,2
9945,2
9946,1
9947,3
9948,3
9949,3
9950,3
9951,1
9952,1
9953,2
9954,2
9955,0
9956,0
9957,0
9958,1
9959,0
9960,0
9961,3
9962,1
9963,1
9964,2
9965,2
9966,3
9967,3
9968,2
9969,1
9970,1
9971,0
9972,0
9973,0
9974,2
9975,1
9976,3
9977,1
9978,3
9979,2
9980,1
9981,0
9982,3
9983,1
9984,3
9985,3
9986,0
9987,2
9988,3
9989,3
9990,0
9991,3
9992,3
9993,3
9994,3
9995,2
9996,3
9997,1
9998,0
9999,2
10000,2
10001,3
10002,3
10003,3
10004,0
10005,2
10006,3
10007,1
10008,1
10009,1
10010,3
10011,3
10012,3
10013,3
10014,3
10015,2
10016,3
10017,0
10018,0
10019,0
10020,3
10021,3
10022,0
10023,1
10024,2
10025,3
10026,3
10027,2
10028,3
10029,2
10030,3
10031,3
10032,2
10033,2
10034,2
10035,2
10036,3
10037,1
10038,2
10039,3
10040,3
10041,3
10042,1
10043,0
10044,2
10045,1
10046,3
10047,1
10048,2
10049,3
10050,1
10051,2
10052,2
10053,1
10054,2
10055,2
10056,3
10057,3
10058,2
10059,3
10060,2
10061,3
10062,0
10063,2
10064,1
10065,3
10066,2
10067,1
10068,1
10069,3
10070,0
10071,1
10072,1
10073,1
10074,0
10075,3
10076,0
10077,3
10078,3
10079,0
10080,1
10081,3
10082,1
10083,3
10084,2
10085,3
10086,1
10087,3
10088,3
10089,0
10090,2
10091,0
10092,3
10093,1
10094,3
10095,3
10096,1
10097,1
10098,3
10099,3
10100,1
10101,1
10102,2
10103,0
10104,3
10105,2
10106,1
10107,1
10108,2
10109,2
10110,3
10111,1
10112,0
10113,1
10114,3
10115,1
10116,0
10117,3
10118,3
10119,1
10120,0
10121,3
10122,2
10123,2
10124,3
10125,2
10126,3
10127,3
10128,2
10129,2
10130,0
10131,1
10132,3
10133,3
10134,0
10135,2
10136,2
10137,1
10138,0
10139,2
10140,3
10141,2
10142,1
10143,1
10144,1
10145,0
10146,1
10147,2
10148,3
10149,3
10150,2
10151,1
10152,2
10153,2
10154,0
10155,1
10156,3
10157,0
10158,1
10159,0
10160,3
10161,3
10162,2
10163,3
10164,2
10165,2
10166,0
10167,1
10168,0
10169,3
10170,1
10171,0
10172,3
10173,0
10174,3
10175,1
10176,3
10177,2
10178,1
10179,3
10180,2
10181,1
10182,2
10183,3
10184,3
10185,2
10186,0
10187,2
10188,3
10189,0
10190,0
10191,3
10192,0
10193,2
10194,1
10195,3
10196,1
10197,3
10198,0
10199,2
10200,2
10201,0
10202,0
10203,0
10204,1
10205,1
10206,2
10207,3
10208,1
10209,2
10210,0
10211,3
10212,3
10213,3
10214,0
10215,0
10216,3
10217,2
10218,1
10219,2
10220,1
10221,2
10222,0
10223,3
10224,1
10225,3
10226,1
10227,3
10228,3
10229,3
10230,1
10231,3
10232,0
10233,0
10234,1
10235,3
10236,2
10237,0
10238,0
10239,1
10240,3
10241,1
10242,3
10243,2
10244,1
10245,3
10246,3
10247,3
10248,2
10249,3
10250,1
10251,3
10252,3
10253,3
10254,2
10255,1
10256,3
10257,1
10258,1
10259,0
10260,3
10261,1
10262,3
10263,1
10264,3
10265,2
10266,3
10267,0
10268,2
10269,0
10270,1
10271,0
10272,1
10273,3
10274,1
10275,2
10276,1
10277,3
10278,3
10279,1
10280,3
10281,0
10282,3
10283,1
10284,3
10285,2
10286,2
10287,2
10288,0
10289,2
10290,1
10291,2
10292,3
10293,0
10294,1
10295,3
10296,3
10297,3
10298,0
10299,2
10300,1
10301,3
10302,2
10303,2
10304,1
10305,3
10306,2
10307,0
10308,0
10309,2
10310,3
10311,0
10312,3
10313,0
10314,1
10315,3
10316,0
10317,3
10318,1
10319,0
10320,0
10321,2
10322,0
10323,1
10324,2
10325,2
10326,2
10327,3
10328,2
10329,1
10330,2
10331,0
10332,3
10333,2
10334,2
10335,3
10336,3
10337,0
10338,1
10339,0
10340,2
10341,2
10342,1
10343,0
10344,0
10345,3
10346,0
10347,3
10348,2
10349,1
10350,3
10351,3
10352,3
10353,1
10354,3
10355,0
10356,1
10357,3
10358,3
10359,0
10360,1
10361,0
10362,2
10363,3
10364,0
10365,3
10366,2
10367,1
10368,1
10369,3
10370,2
10371,3
10372,3
10373,1
10374,0
10375,3
10376,1
10377,1
10378,0
10379,1
10380,0
10381,2
10382,1
10383,0
10384,3
10385,3
10386,2
10387,0
10388,1
10389,3
10390,1
10391,1
10392,1
10393,3
10394,2
10395,1
10396,0
10397,2
10398,3
10399,0
10400,1
10401,1
10402,2
10403,2
10404,1
10405,1
10406,0
10407,1
10408,3
10409,1
10410,3
10411,3
10412,0
10413,0
10414,1
10415,0
10416,1
10417,0
10418,0
10419,0
10420,2
10421,3
10422,1
10423,0
10424,2
10425,3
10426,1
10427,2
10428,2
10429,0
10430,2
10431,1
10432,2
10433,2
10434,0
10435,1
10436,2
10437,0
10438,3
10439,3
10440,0
10441,3
10442,2
10443,0
10444,3
10445,3
10446,1
10447,0
10448,0
10449,0
10450,0
10451,2
10452,0
10453,2
10454,0
10455,1
10456,0
10457,3
10458,1
10459,1
10460,3
10461,0
10462,0
10463,0
10464,1
10465,3
10466,2
10467,3
10468,0
10469,2
10470,2
10471,3
10472,2
10473,3
10474,1
10475,1
10476,1
10477,2
10478,1
10479,2
10480,1
10481,3
10482,0
10483,2
10484,0
10485,3
10486,3
10487,2
10488,3
10489,3
10490,1
10491,0
10492,2
10493,1
10494,0
10495,0
10496,3
10497,0
10498,0
10499,0
10500,1
10501,1
10502,0
10503,3
10504,0
10505,2
10506,3
10507,0
10508,0
10509,3
10510,2
10511,2
10512,2
10513,2
10514,3
10515,1
10516,2
10517,0
10518,1
10519,3
10520,0
10521,2
10522,0
10523,0
10524,1
10525,1
10526,3
10527,2
10528,3
10529,0
10530,3
10531,2
10532,3
10533,2
10534,1
10535,3
10536,3
10537,0
10538,2
10539,1
10540,2
10541,3
10542,1
10543,3
10544,2
10545,2
10546,1
10547,3
10548,1
10549,3
10550,3
10551,3
10552,3
10553,2
10554,0
10555,2
10556,2
10557,3
10558,3
10559,3
10560,2
10561,2
10562,2
10563,1
10564,0
10565,0
10566,3
10567,1
10568,3
10569,2
10570,0
10571,3
10572,3
10573,1
10574,3
10575,0
10576,3
10577,2
10578,1
10579,0
10580,3
10581,2
10582,0
10583,3
10584,1
10585,2
10586,0
10587,1
10588,2
10589,1
10590,1
10591,2
10592,0
10593,1
10594,1
10595,0
10596,1
10597,1
10598,2
10599,2
10600,2
10601,0
10602,1
10603,3
10604,1
10605,2
10606,2
10607,0
10608,1
10609,3
10610,3
10611,2
10612,2
10613,0
10614,2
10615,1
10616,2
10617,3
10618,2
10619,2
10620,0
10621,1
10622,2
10623,3
10624,0
10625,3
10626,3
10627,2
10628,1
10629,3
10630,2
10631,1
10632,1
10633,1
10634,1
10635,2
10636,0
10637,2
10638,1
10639,0
10640,2
10641,3
10642,2
10643,2
10644,3
10645,3
10646,1
10647,3
10648,3
10649,1
10650,1
10651,2
10652,2
10653,3
10654,3
10655,0
10656,2
10657,2
10658,1
10659,0
10660,2
10661,3
10662,1
10663,2
10664,1
10665,2
10666,0
10667,0
10668,2
10669,0
10670,0
10671,1
10672,3
10673,1
10674,0
10675,0
10676,3
10677,2
10678,0
10679,3
10680,3
10681,2
10682,1
10683,2
10684,1
10685,2
10686,0
10687,2
10688,3
10689,3
10690,3
10691,2
10692,2
10693,3
10694,2
10695,3
10696,2
10697,2
10698,1
10699,3
10700,3
10701,3
10702,0
10703,1
10704,3
10705,0
10706,3
10707,0
10708,3
10709,2
10710,3
10711,3
10712,0
10713,0
10714,1
10715,2
10716,1
10717,0
10718,2
10719,2
10720,3
10721,0
10722,1
10723,3
10724,0
10725,1
10726,3
10727,1
10728,3
10729,3
10730,3
10731,3
10732,0
10733,2
10734,1
10735,3
10736,3
10737,3
10738,3
10739,2
10740,2
10741,1
10742,3
10743,2
10744,3
10745,0
10746,2
10747,2
10748,1
10749,3
10750,3
10751,2
10752,2
10753,1
10754,2
10755,0
10756,2
10757,1
10758,1
10759,3
10760,1
10761,2
10762,2
10763,0
10764,0
10765,0
10766,3
10767,3
10768,0
10769,3
10770,3
10771,1
10772,3
10773,0
10774,3
10775,1
10776,3
10777,0
10778,3
10779,3
10780,0
10781,3
10782,3
10783,0
10784,1
10785,2
10786,3
10787,2
10788,2
10789,3
10790,3
10791,2
10792,0
10793,3
10794,2
10795,1
10796,3
10797,3
10798,3
10799,2
10800,3
10801,0
10802,1
10803,1
10804,2
10805,0
10806,3
10807,0
10808,2
10809,0
10810,3
10811,3
10812,3
10813,3
10814,0
10815,3
10816,1
10817,2
10818,3
10819,3
10820,1
10821,3
10822,3
10823,0
10824,3
10825,1
10826,3
10827,0
10828,2
10829,2
10830,1
10831,2
10832,2
10833,3
10834,0
10835,1
10836,2
10837,3
10838,3
10839,2
10840,1
10841,3
10842,0
10843,3
10844,1
10845,2
10846,1
10847,3
10848,1
10849,0
10850,3
10851,1
10852,3
10853,0
10854,2
10855,1
10856,0
10857,2
10858,3
10859,2
10860,1
10861,1
10862,1
10863,2
10864,3
10865,1
10866,0
10867,3
10868,2
10869,0
10870,0
10871,2
10872,2
10873,3
10874,2
10875,3
10876,3
10877,3
10878,3
10879,3
10880,2
10881,2
10882,3
10883,0
10884,2
10885,1
10886,3
10887,3
10888,3
10889,2
10890,2
10891,1
10892,3
10893,1
10894,2
10895,3
10896,1
10897,2
10898,2
10899,1
10900,2
10901,2
10902,0
10903,0
10904,3
10905,3
10906,1
10907,0
10908,3
10909,2
10910,3
10911,3
10912,0
10913,3
10914,3
10915,2
10916,1
10917,3
10918,3
10919,3
10920,1
10921,2
10922,3
10923,3
10924,3
10925,1
10926,2
10927,1
10928,2
10929,1
10930,2
10931,2
10932,3
10933,1
10934,1
10935,3
10936,3
10937,1
10938,1
10939,1
10940,2
10941,2
10942,3
10943,3
10944,2
10945,3
10946,1
10947,1
10948,0
10949,2
10950,3
10951,2
10952,2
10953,1
10954,0
10955,1
10956,0
10957,1
10958,1
10959,3
10960,2
10961,3
10962,0
10963,0
10964,0
10965,1
10966,2
10967,2
10968,3
10969,3
10970,2
10971,3
10972,1
10973,0
10974,2
10975,2
10976,2
10977,3
10978,1
10979,3
10980,3
10981,3
10982,0
10983,2
10984,3
10985,3
10986,2
10987,2
10988,3
10989,3
10990,3
10991,0
10992,1
10993,3
10994,1
10995,3
10996,1
10997,3
10998,2
10999,2
11000,2
11001,0
11002,3
11003,0
11004,0
11005,1
11006,1
11007,1
11008,3
11009,0
11010,1
11011,3
11012,0
11013,3
11014,1
11015,1
11016,3
11017,0
11018,3
11019,0
11020,0
11021,0
11022,3
11023,3
11024,3
11025,2
11026,3
11027,3
11028,2
11029,1
11030,3
11031,3
11032,3
11033,0
11034,1
11035,0
11036,3
11037,2
11038,2
11039,1
11040,1
11041,2
11042,3
11043,3
11044,3
11045,3
11046,1
11047,2
11048,2
11049,1
11050,1
11051,0
11052,2
11053,1
11054,3
11055,0
11056,0
11057,3
11058,3
11059,1
11060,2
11061,1
11062,1
11063,1
11064,3
11065,3
11066,1
11067,3
11068,3
11069,1
11070,2
11071,3
11072,2
11073,1
11074,3
11075,3
11076,1
11077,1
11078,2
11079,3
11080,3
11081,1
11082,2
11083,3
11084,2
11085,1
11086,3
11087,1
11088,3
11089,3
11090,3
11091,3
11092,1
11093,3
11094,3
11095,3
11096,3
11097,1
11098,1
11099,1
11100,1
11101,0
11102,2
11103,3
11104,1
11105,2
11106,1
11107,0
11108,2
11109,1
11110,0
11111,2
11112,1
11113,0
11114,3
11115,3
11116,2
11117,0
11118,1
11119,1
11120,3
11121,2
11122,3
11123,2
11124,2
11125,3
11126,2
11127,0
11128,0
11129,1
11130,3
11131,2
11132,0
11133,1
11134,1
11135,3
11136,3
11137,2
11138,1
11139,1
11140,3
11141,1
11142,0
11143,0
11144,0
11145,1
11146,0
11147,2
11148,1
11149,2
11150,2
11151,3
11152,3
11153,2
11154,3
11155,0
11156,0
11157,1
11158,2
11159,3
11160,1
11161,3
11162,0
11163,2
11164,1
11165,2
11166,1
11167,1
11168,3
11169,3
11170,1
11171,0
11172,0
11173,3
11174,1
11175,0
11176,0
11177,2
11178,2
11179,2
11180,2
11181,0
11182,0
11183,3
11184,3
11185,1
11186,3
11187,3
11188,3
11189,3
11190,0
11191,0
11192,1
11193,3
11194,3
11195,2
11196,0
11197,3
11198,3
11199,2
11200,0
11201,2
11202,0
11203,2
11204,3
11205,2
11206,3
11207,3
11208,0
11209,1
11210,2
11211,3
11212,2
11213,0
11214,0
11215,0
11216,1
11217,3
11218,0
11219,3
11220,3
11221,1
11222,0
11223,0
11224,3
11225,1
11226,2
11227,3
11228,0
11229,1
11230,1
11231,3
11232,2
11233,0
11234,3
11235,2
11236,3
11237,3
11238,1
11239,3
11240,3
11241,0
11242,3
11243,0
11244,2
11245,2
11246,2
11247,0
11248,3
11249,2
11250,3
11251,0
11252,2
11253,2
11254,3
11255,2
11256,3
11257,1
11258,3
11259,3
11260,0
11261,3
11262,0
11263,3
11264,1
11265,2
11266,1
11267,3
11268,3
11269,1
11270,2
11271,3
11272,0
11273,2
11274,2
11275,1
11276,3
11277,0
11278,0
11279,3
11280,3
11281,3
11282,2
11283,1
11284,2
11285,0
11286,2
11287,1
11288,3
11289,0
11290,2
11291,2
11292,3
11293,3
11294,2
11295,1
11296,3
11297,2
11298,3
11299,0
11300,1
11301,3
11302,3
11303,2
11304,2
11305,1
11306,3
11307,2
11308,0
11309,3
11310,3
11311,3
11312,2
11313,2
11314,2
11315,3
11316,0
11317,2
11318,1
11319,2
11320,3
11321,2
11322,2
11323,1
11324,2
11325,2
11326,3
11327,3
11328,1
11329,3
11330,0
11331,3
11332,2
11333,3
11334,3
11335,0
11336,0
11337,2
11338,1
11339,0
11340,3
11341,0
11342,3
11343,2
11344,3
11345,0
11346,3
11347,1
11348,1
11349,1
11350,2
11351,1
11352,2
11353,3
11354,3
11355,1
11356,0
11357,3
11358,3
11359,0
11360,3
11361,1
11362,2
11363,2
11364,2
11365,2
11366,2
11367,3
11368,3
11369,3
11370,2
11371,3
11372,2
11373,1
11374,0
11375,1
11376,2
11377,3
11378,3
11379,3
11380,0
11381,2
11382,2
11383,2
11384,2
11385,0
11386,0
11387,2
11388,3
11389,2
11390,0
11391,1
11392,2
11393,3
11394,1
11395,3
11396,2
11397,2
11398,3
11399,3
11400,3
11401,3
11402,1
11403,1
11404,3
11405,2
11406,1
11407,0
11408,0
11409,3
11410,2
11411,3
11412,1
11413,3
11414,0
11415,0
11416,2
11417,1
11418,1
11419,0
11420,2
11421,1
11422,2
11423,3
11424,3
11425,3
11426,0
11427,3
11428,3
11429,2
11430,3
11431,1
11432,3
11433,3
11434,3
11435,2
11436,3
11437,0
11438,3
11439,3
11440,1
11441,3
11442,3
11443,0
11444,3
11445,2
11446,1
11447,0
11448,0
11449,0
11450,3
11451,1
11452,3
11453,3
11454,2
11455,0
11456,2
11457,1
11458,0
11459,0
11460,0
11461,3
11462,1
11463,1
11464,0
11465,1
11466,3
11467,3
11468,2
11469,1
11470,0
11471,1
11472,3
11473,2
11474,3
11475,0
11476,0
11477,3
11478,3
11479,1
11480,0
11481,3
11482,1
11483,0
11484,3
11485,0
11486,2
11487,2
11488,0
11489,3
11490,1
11491,1
11492,1
11493,0
11494,3
11495,1
11496,3
11497,2
11498,3
11499,3
11500,1
11501,3
11502,3
11503,3
11504,3
11505,0
11506,2
11507,0
11508,3
11509,0
11510,0
11511,2
11512,0
11513,1
11514,3
11515,3
11516,2
11517,1
11518,3
11519,3
11520,3
11521,3
11522,3
11523,3
11524,3
11525,2
11526,1
11527,3
11528,0
11529,0
11530,3
11531,3
11532,3
11533,1
11534,3
11535,2
11536,2
11537,2
11538,1
11539,2
11540,3
11541,1
11542,2
11543,1
11544,2
11545,0
11546,2
11547,3
11548,0
11549,3
11550,3
11551,3
11552,0
11553,3
11554,2
11555,2
11556,0
11557,3
11558,1
11559,1
11560,1
11561,2
11562,3
11563,3
11564,2
11565,1
11566,1
11567,3
11568,3
11569,3
11570,2
11571,0
11572,1
11573,3
11574,2
11575,3
11576,3
11577,3
11578,2
11579,3
11580,1
11581,0
11582,1
11583,0
11584,3
11585,0
11586,3
11587,3
11588,3
11589,1
11590,2
11591,3
11592,2
11593,3
11594,3
11595,0
11596,3
11597,1
11598,3
11599,3
11600,1
11601,3
11602,0
11603,1
11604,3
11605,1
11606,3
11607,2
11608,3
11609,1
11610,3
11611,1
11612,2
11613,0
11614,2
11615,1
11616,1
11617,2
11618,3
11619,3
11620,1
11621,2
11622,3
11623,2
11624,1
11625,3
11626,3
11627,3
11628,3
11629,3
11630,1
11631,3
11632,3
11633,0
11634,3
11635,2
11636,2
11637,1
11638,3
11639,1
11640,2
11641,2
11642,3
11643,3
11644,2
11645,0
11646,1
11647,1
11648,1
11649,1
11650,0
11651,3
11652,1
11653,3
11654,3
11655,2
11656,0
11657,1
11658,1
11659,0
11660,3
11661,3
11662,1
11663,0
11664,1
11665,3
11666,0
11667,2
11668,3
11669,1
11670,3
11671,2
11672,3
11673,1
11674,3
11675,2
11676,0
11677,1
11678,0
11679,0
11680,2
11681,3
11682,3
11683,3
11684,0
11685,0
11686,0
11687,1
11688,3
11689,0
11690,0
11691,0
11692,0
11693,3
11694,0
11695,0
11696,2
11697,0
11698,1
11699,2
11700,3
11701,3
11702,3
11703,2
11704,3
11705,3
11706,0
11707,3
11708,1
11709,2
11710,1
11711,0
11712,3
11713,3
11714,0
11715,2
11716,0
11717,3
11718,1
11719,3
11720,3
11721,1
11722,3
11723,3
11724,3
11725,0
11726,3
11727,1
11728,1
11729,0
11730,3
11731,3
11732,1
11733,1
11734,0
11735,0
11736,3
11737,3
11738,0
11739,3
11740,2
11741,0
11742,3
11743,1
11744,2
11745,3
11746,0
11747,3
11748,2
11749,3
11750,0
11751,3
11752,1
11753,2
11754,2
11755,3
11756,3
11757,0
11758,2
11759,3
11760,2
11761,3
11762,1
11763,3
11764,2
11765,0
11766,3
11767,3
11768,0
11769,2
11770,2
11771,2
11772,3
11773,0
11774,0
11775,3
11776,2
11777,2
11778,2
11779,3
11780,2
11781,1
11782,0
11783,2
11784,3
11785,3
11786,1
11787,0
11788,0
11789,1
11790,2
11791,2
11792,1
11793,1
11794,3
11795,3
11796,2
11797,2
11798,2
11799,0
11800,2
11801,3
11802,3
11803,2
11804,2
11805,2
11806,1
11807,2
11808,0
11809,1
11810,2
11811,3
11812,3
11813,1
11814,0
11815,1
11816,0
11817,2
11818,1
11819,3
11820,1
11821,3
11822,3
11823,0
11824,3
11825,1
11826,3
11827,2
11828,3
11829,2
11830,2
11831,2
11832,0
11833,3
11834,1
11835,3
11836,1
11837,3
11838,2
11839,3
11840,2
11841,0
11842,3
11843,2
11844,3
11845,3
11846,2
11847,1
11848,0
11849,2
11850,2
11851,0
11852,3
11853,3
11854,3
11855,1
11856,0
11857,0
11858,3
11859,2
11860,0
11861,3
11862,3
11863,1
11864,0
11865,0
11866,1
11867,3
11868,3
11869,3
11870,1
11871,0
11872,0
11873,3
11874,0
11875,3
11876,2
11877,1
11878,1
11879,0
11880,1
11881,3
11882,2
11883,2
11884,0
11885,2
11886,1
11887,0
11888,2
11889,3
11890,0
11891,1
11892,3
11893,3
11894,0
11895,2
11896,1
11897,1
11898,2
11899,0
11900,3
11901,0
11902,1
11903,3
11904,3
11905,0
11906,2
11907,3
11908,0
11909,2
11910,2
11911,2
11912,2
11913,3
11914,3
11915,1
11916,3
11917,3
11918,2
11919,3
11920,3
11921,3
11922,1
11923,2
11924,2
11925,3
11926,1
11927,1
11928,3
11929,3
11930,3
11931,3
11932,3
11933,3
11934,3
11935,2
11936,0
11937,0
11938,2
11939,2
11940,3
11941,3
11942,3
11943,1
11944,2
11945,0
11946,0
11947,3
11948,1
11949,2
11950,3
11951,1
11952,3
11953,0
11954,3
11955,3
11956,1
11957,2
11958,0
11959,3
11960,3
11961,3
11962,3
11963,0
11964,0
11965,1
11966,3
11967,0
11968,3
11969,1
11970,2
11971,0
11972,1
11973,3
11974,2
11975,1
11976,3
11977,0
11978,3
11979,2
11980,3
11981,3
11982,2
11983,0
11984,3
11985,0
11986,1
11987,1
11988,2
11989,0
11990,2
11991,2
11992,1
11993,0
11994,3
11995,3
11996,2
11997,3
11998,0
11999,0
12000,1
12001,1
12002,1
12003,2
12004,3
12005,2
12006,3
12007,3
12008,1
12009,3
12010,3
12011,3
12012,2
12013,3
12014,3
12015,2
12016,3
12017,0
12018,3
12019,0
12020,3
12021,3
12022,3
12023,1
12024,3
12025,2
12026,2
12027,2
12028,3
12029,1
12030,3
12031,3
12032,0
12033,0
12034,3
12035,0
12036,0
12037,2
12038,3
12039,1
12040,3
12041,0
12042,0
12043,3
12044,2
12045,1
12046,3
12047,3
12048,3
12049,0
12050,2
12051,1
12052,2
12053,3
12054,2
12055,0
12056,0
12057,3
12058,1
12059,0
12060,0
12061,1
12062,1
12063,0
12064,1
12065,3
12066,1
12067,3
12068,3
12069,3
12070,2
12071,3
12072,3
12073,3
12074,3
12075,2
12076,3
12077,3
12078,3
12079,3
12080,0
12081,2
12082,2
12083,3
12084,3
12085,2
12086,3
12087,2
12088,0
12089,1
12090,2
12091,2
12092,3
12093,2
12094,0
12095,3
12096,0
12097,1
12098,3
12099,3
12100,2
12101,2
12102,0
12103,3
12104,3
12105,0
12106,2
12107,1
12108,2
12109,3
12110,1
12111,3
12112,0
12113,2
12114,1
12115,3
12116,3
12117,3
12118,2
12119,3
12120,3
12121,3
12122,1
12123,2
12124,1
12125,3
12126,3
12127,0
12128,3
12129,0
12130,3
12131,3
12132,3
12133,2
12134,2
12135,1
12136,0
12137,0
12138,2
12139,0
12140,1
12141,2
12142,2
12143,3
12144,2
12145,0
12146,2
12147,1
12148,1
12149,0
12150,0
12151,0
12152,0
12153,1
12154,1
12155,3
12156,0
12157,3
12158,2
12159,2
12160,3
12161,0
12162,0
12163,1
12164,0
12165,0
12166,0
12167,0
12168,0
12169,2
12170,2
12171,3
12172,2
12173,0
12174,3
12175,2
12176,3
12177,1
12178,3
12179,1
12180,2
12181,1
12182,3
12183,3
12184,1
12185,2
12186,1
12187,3
12188,2
12189,1
12190,0
12191,2
12192,3
12193,1
12194,1
12195,0
12196,0
12197,0
12198,2
12199,3
12200,3
12201,2
12202,2
12203,1
12204,0
12205,2
12206,3
12207,3
12208,2
12209,3
12210,3
12211,2
12212,3
12213,1
12214,3
12215,1
12216,2
12217,2
12218,0
12219,3
12220,3
12221,3
12222,3
12223,3
12224,2
12225,0
12226,2
12227,3
12228,3
12229,0
12230,1
12231,0
12232,1
12233,3
12234,3
12235,0
12236,3
12237,3
12238,3
12239,2
12240,3
12241,1
12242,2
12243,0
12244,3
12245,1
12246,2
12247,2
12248,2
12249,3
12250,2
12251,0
12252,1
12253,3
12254,3
12255,2
12256,0
12257,1
12258,3
12259,3
12260,1
12261,0
12262,3
12263,2
12264,2
12265,0
12266,1
12267,2
12268,1
12269,3
12270,3
12271,1
12272,0
12273,3
12274,1
12275,3
12276,1
12277,0
12278,3
12279,0
12280,3
12281,2
12282,2
12283,1
12284,2
12285,3
12286,2
12287,3
12288,1
12289,3
12290,3
12291,2
12292,3
12293,3
12294,3
12295,1
12296,0
12297,2
12298,3
12299,2
12300,2
12301,0
12302,2
12303,0
12304,1
12305,3
12306,2
12307,1
12308,1
12309,3
12310,2
12311,1
12312,0
12313,3
12314,1
12315,3
12316,3
12317,2
12318,3
12319,0
12320,2
12321,3
12322,1
12323,3
12324,3
12325,3
12326,3
12327,1
12328,2
12329,2
12330,3
12331,3
12332,0
12333,3
12334,3
12335,2
12336,1
12337,3
12338,1
12339,0
12340,2
12341,2
12342,1
12343,1
12344,1
12345,0
12346,3
12347,3
12348,3
12349,3
12350,1
12351,1
12352,1
12353,3
12354,1
12355,2
12356,0
12357,2
12358,1
12359,0
12360,3
12361,3
12362,2
12363,0
12364,3
12365,1
12366,0
12367,0
12368,1
12369,2
12370,3
12371,3
12372,2
12373,2
12374,3
12375,3
12376,0
12377,3
12378,1
12379,1
12380,3
12381,0
12382,3
12383,2
12384,3
12385,0
12386,1
12387,3
12388,3
12389,2
12390,3
12391,1
12392,1
12393,2
12394,1
12395,3
12396,1
12397,2
12398,3
12399,3
12400,3
12401,3
12402,1
12403,3
12404,1
12405,1
12406,3
12407,3
12408,2
12409,2
12410,2
12411,3
12412,3
12413,1
12414,3
12415,3
12416,3
12417,3
12418,3
12419,0
12420,2
12421,3
12422,3
12423,1
12424,3
12425,0
12426,1
12427,1
12428,2
12429,3
12430,1
12431,3
12432,1
12433,1
12434,1
12435,3
12436,3
12437,2
12438,3
12439,3
12440,3
12441,0
12442,2
12443,0
12444,1
12445,3
12446,1
12447,3
12448,2
12449,2
12450,3
12451,1
12452,3
12453,1
12454,3
12455,0
12456,0
12457,1
12458,2
12459,3
12460,0
12461,3
12462,3
12463,3
12464,3
12465,3
12466,0
12467,2
12468,0
12469,0
12470,2
12471,0
12472,1
12473,3
12474,3
12475,0
12476,2
12477,2
12478,3
12479,1
12480,3
12481,2
12482,2
12483,2
12484,3
12485,0
12486,2
12487,3
12488,1
12489,2
12490,2
12491,0
12492,2
12493,1
12494,1
12495,0
12496,3
12497,1
12498,1
12499,2
12500,0
12501,2
12502,2
12503,0
12504,0
12505,0
12506,3
12507,1
12508,2
12509,1
12510,1
12511,3
12512,2
12513,0
12514,1
12515,1
12516,3
12517,1
12518,2
12519,2
12520,3
12521,1
12522,2
12523,2
12524,0
12525,3
12526,2
12527,3
12528,2
12529,3
12530,1
12531,2
12532,0
12533,3
12534,3
12535,3
12536,1
12537,3
12538,1
12539,2
12540,1
12541,3
12542,2
12543,1
12544,3
12545,3
12546,1
12547,1
12548,2
12549,3
12550,1
12551,3
12552,3
12553,3
12554,3
12555,1
12556,1
12557,0
12558,3
12559,2
12560,1
12561,1
12562,2
12563,0
12564,3
12565,2
12566,1
12567,1
12568,3
12569,3
12570,3
12571,2
12572,2
12573,3
12574,2
12575,1
12576,3
12577,2
12578,3
12579,1
12580,0
12581,3
12582,3
12583,1
12584,3
12585,3
12586,0
12587,0
12588,3
12589,1
12590,0
12591,0
12592,0
12593,3
12594,2
12595,1
12596,0
12597,1
12598,1
12599,3
12600,0
12601,3
12602,3
12603,3
12604,3
12605,3
12606,1
12607,3
12608,0
12609,0
12610,1
12611,1
12612,0
12613,2
12614,2
12615,3
12616,3
12617,2
12618,2
12619,3
12620,1
12621,2
12622,1
12623,3
12624,2
12625,2
12626,0
12627,2
12628,1
12629,2
12630,3
12631,2
12632,2
12633,1
12634,1
12635,1
12636,1
12637,0
12638,1
12639,2
12640,2
12641,2
12642,3
12643,2
12644,0
12645,3
12646,2
12647,0
12648,2
12649,1
12650,0
12651,3
12652,3
12653,1
12654,3
12655,2
12656,2
12657,0
12658,3
12659,1
12660,0
12661,2
12662,3
12663,3
12664,0
12665,3
12666,2
12667,1
12668,2
12669,3
12670,0
12671,1
12672,0
12673,3
12674,1
12675,3
12676,0
12677,0
12678,1
12679,2
12680,3
12681,1
12682,3
12683,3
12684,3
12685,2
12686,3
12687,2
12688,1
12689,1
12690,2
12691,0
12692,2
12693,1
12694,0
12695,1
12696,1
12697,2
12698,1
12699,1
12700,1
12701,1
12702,1
12703,0
12704,3
12705,0
12706,1
12707,2
12708,1
12709,1
12710,2
12711,3
12712,3
12713,1
12714,3
12715,1
12716,3
12717,0
12718,0
12719,3
12720,3
12721,2
12722,1
12723,1
12724,3
12725,2
12726,3
12727,2
12728,0
12729,0
12730,0
12731,0
12732,2
12733,1
12734,0
12735,3
12736,1
12737,2
12738,3
12739,1
12740,2
12741,2
12742,3
12743,0
12744,0
12745,3
12746,2
12747,0
12748,1
12749,3
12750,0
12751,3
12752,1
12753,3
12754,3
12755,3
12756,0
12757,3
12758,0
12759,3
12760,3
12761,0
12762,0
12763,1
12764,3
12765,0
12766,3
12767,3
12768,3
12769,3
12770,3
12771,3
12772,0
12773,3
12774,3
12775,1
12776,1
12777,0
12778,3
12779,3
12780,3
12781,3
12782,2
12783,1
12784,3
12785,3
12786,2
12787,2
12788,3
12789,3
12790,3
12791,1
12792,3
12793,0
12794,3
12795,0
12796,2
12797,2
12798,3
12799,0
12800,2
12801,2
12802,2
12803,3
12804,1
12805,0
12806,2
12807,1
12808,3
12809,1
12810,3
12811,1
12812,0
12813,2
12814,1
12815,0
12816,3
12817,3
12818,3
12819,1
12820,1
12821,3
12822,3
12823,2
12824,0
12825,3
12826,3
12827,3
12828,1
12829,3
12830,3
12831,1
12832,0
12833,2
12834,3
12835,2
12836,2
12837,2
12838,2
12839,0
12840,3
12841,1
12842,1
12843,1
12844,0
12845,1
12846,0
12847,1
12848,1
12849,2
12850,1
12851,2
12852,3
12853,3
12854,3
12855,2
12856,1
12857,1
12858,2
12859,3
12860,3
12861,3
12862,0
12863,0
12864,3
12865,2
12866,3
12867,0
12868,2
12869,2
12870,3
12871,0
12872,2
12873,3
12874,1
12875,2
12876,2
12877,0
12878,0
12879,2
12880,0
12881,1
12882,3
12883,2
12884,2
12885,2
12886,0
12887,2
12888,0
12889,1
12890,3
12891,2
12892,2
12893,2
12894,2
12895,1
12896,2
12897,3
12898,0
12899,0
12900,0
12901,3
12902,3
12903,1
12904,1
12905,0
12906,0
12907,3
12908,3
12909,2
12910,1
12911,0
12912,1
12913,0
12914,0
12915,3
12916,3
12917,2
12918,0
12919,0
12920,3
12921,3
12922,3
12923,3
12924,1
12925,0
12926,3
12927,2
12928,3
12929,1
12930,3
12931,3
12932,3
12933,3
12934,2
12935,1
12936,2
12937,2
12938,3
12939,1
12940,2
12941,0
12942,0
12943,3
12944,1
12945,1
12946,2
12947,2
12948,3
12949,1
12950,0
12951,2
12952,0
12953,0
12954,1
12955,2
12956,3
12957,1
12958,2
12959,0
12960,0
12961,0
12962,1
12963,1
12964,3
12965,1
12966,0
12967,2
12968,3
12969,3
12970,2
12971,1
12972,2
12973,2
12974,1
12975,0
12976,3
12977,3
12978,1
12979,3
12980,3
12981,2
12982,1
12983,3
12984,2
12985,1
12986,0
12987,3
12988,1
12989,0
12990,3
12991,3
12992,3
12993,3
12994,3
12995,2
12996,1
12997,0
12998,1
12999,3
13000,3
13001,1
13002,1
13003,3
13004,3
13005,3
13006,3
13007,0
13008,1
13009,2
13010,0
13011,3
13012,1
13013,2
13014,2
13015,1
13016,0
13017,3
13018,3
13019,2
13020,3
13021,2
13022,2
13023,3
13024,3
13025,3
13026,3
13027,3
13028,2
13029,2
13030,3
13031,0
13032,3
13033,3
13034,1
13035,2
13036,1
13037,3
13038,0
13039,3
13040,0
13041,3
13042,1
13043,1
13044,2
13045,1
13046,1
13047,1
13048,1
13049,2
13050,3
13051,2
13052,1
13053,3
13054,3
13055,0
13056,3
13057,3
13058,1
13059,2
13060,2
13061,1
13062,1
13063,0
13064,0
13065,0
13066,1
13067,0
13068,3
13069,0
13070,3
13071,1
13072,1
13073,2
13074,2
13075,3
13076,1
13077,3
13078,2
13079,2
13080,2
13081,1
13082,3
13083,3
13084,3
13085,2
13086,1
13087,0
13088,2
13089,2
13090,1
13091,3
13092,0
13093,3
13094,3
13095,2
13096,3
13097,2
13098,3
13099,2
13100,3
13101,1
13102,3
13103,0
13104,3
13105,3
13106,3
13107,0
13108,3
13109,1
13110,3
13111,3
13112,3
13113,0
13114,1
13115,3
13116,1
13117,1
13118,3
13119,2
13120,1
13121,3
13122,1
13123,0
13124,0
13125,1
13126,1
13127,3
13128,1
13129,0
13130,2
13131,1
13132,2
13133,2
13134,1
13135,1
13136,0
13137,0
13138,2
13139,3
13140,1
13141,2
13142,1
13143,2
13144,2
13145,3
13146,1
13147,0
13148,0
13149,2
13150,3
13151,0
13152,2
13153,1
13154,3
13155,3
13156,1
13157,1
13158,3
13159,1
13160,3
13161,3
13162,3
13163,1
13164,0
13165,1
13166,0
13167,0
13168,3
13169,2
13170,0
13171,2
13172,2
13173,0
13174,3
13175,0
13176,2
13177,0
13178,0
13179,1
13180,1
13181,1
13182,3
13183,3
13184,3
13185,1
13186,2
13187,3
13188,3
13189,0
13190,3
13191,0
13192,1
13193,3
13194,2
13195,3
13196,0
13197,3
13198,3
13199,2
13200,3
13201,0
13202,2
13203,2
13204,2
13205,2
13206,2
13207,2
13208,2
13209,1
13210,3
13211,0
13212,1
13213,3
13214,1
13215,1
13216,3
13217,1
13218,2
13219,3
13220,2
13221,2
13222,1
13223,1
13224,3
13225,2
13226,1
13227,2
13228,3
13229,1
13230,0
13231,3
13232,3
13233,1
13234,1
13235,3
13236,1
13237,0
13238,3
13239,3
13240,1
13241,2
13242,3
13243,3
13244,1
13245,0
13246,1
13247,3
13248,2
13249,1
13250,2
13251,1
13252,1
13253,0
13254,0
13255,2
13256,2
13257,2
13258,3
13259,0
13260,2
13261,3
13262,3
13263,3
13264,2
13265,2
13266,3
13267,3
13268,1
13269,1
13270,2
13271,3
13272,3
13273,2
13274,2
13275,2
13276,0
13277,3
13278,0
13279,2
13280,1
13281,1
13282,3
13283,2
13284,2
13285,1
13286,3
13287,1
13288,0
13289,3
13290,1
13291,0
13292,0
13293,2
13294,1
13295,3
13296,0
13297,3
13298,2
13299,2
13300,1
13301,1
13302,3
13303,3
13304,2
13305,2
13306,3
13307,1
13308,0
13309,2
13310,3
13311,1
13312,3
13313,3
13314,3
13315,2
13316,3
13317,2
13318,2
13319,1
13320,0
13321,1
13322,3
13323,3
13324,2
13325,3
13326,2
13327,3
13328,3
13329,0
13330,1
13331,1
13332,3
13333,3
13334,3
13335,0
13336,3
13337,1
13338,3
13339,2
13340,3
13341,1
13342,0
13343,0
13344,2
13345,0
13346,0
13347,3
13348,2
13349,3
13350,1
13351,2
13352,0
13353,0
13354,0
13355,3
13356,3
13357,0
13358,0
13359,1
13360,1
13361,0
13362,3
13363,1
13364,2
13365,1
13366,1
13367,2
13368,2
13369,1
13370,2
13371,3
13372,0
13373,2
13374,1
13375,0
13376,1
13377,1
13378,3
13379,2
13380,2
13381,2
13382,3
13383,2
13384,0
13385,2
13386,2
13387,3
13388,3
13389,3
13390,3
13391,2
13392,3
13393,2
13394,2
13395,3
13396,2
13397,0
13398,0
13399,0
13400,0
13401,0
13402,3
13403,3
13404,3
13405,1
13406,1
13407,1
13408,3
13409,1
13410,3
13411,3
13412,3
13413,3
13414,1
13415,3
13416,3
13417,2
13418,1
13419,0
13420,3
13421,3
13422,3
13423,0
13424,2
13425,1
13426,3
13427,1
13428,0
13429,1
13430,1
13431,3
13432,3
13433,1
13434,2
13435,0
13436,3
13437,3
13438,0
13439,3
13440,1
13441,3
13442,1
13443,3
13444,3
13445,3
13446,3
13447,3
13448,1
13449,3
13450,1
13451,2
13452,3
13453,3
13454,3
13455,0
13456,3
13457,3
13458,2
13459,3
13460,1
13461,3
13462,3
13463,3
13464,0
13465,0
13466,2
13467,0
13468,1
13469,2
13470,2
13471,3
13472,1
13473,2
13474,0
13475,2
13476,0
13477,1
13478,3
13479,0
13480,3
13481,2
13482,2
13483,1
13484,0
13485,2
13486,2
13487,2
13488,2
13489,2
13490,0
13491,2
13492,0
13493,2
13494,1
13495,3
13496,1
13497,2
13498,1
13499,3
13500,3
13501,3
13502,3
13503,1
13504,3
13505,1
13506,3
13507,1
13508,0
13509,3
13510,1
13511,1
13512,3
13513,3
13514,3
13515,2
13516,1
13517,0
13518,2
13519,2
13520,1
13521,3
13522,0
13523,3
13524,3
13525,3
13526,3
13527,2
13528,3
13529,1
13530,1
13531,3
13532,3
13533,3
13534,2
13535,0
13536,0
13537,2
13538,2
13539,1
13540,3
13541,2
13542,2
13543,2
13544,1
13545,3
13546,1
13547,1
13548,2
13549,2
13550,0
13551,2
13552,3
13553,0
13554,2
13555,1
13556,1
13557,1
13558,2
13559,3
13560,3
13561,1
13562,0
13563,3
13564,2
13565,1
13566,2
13567,1
13568,3
13569,0
13570,2
13571,2
13572,2
13573,2
13574,0
13575,3
13576,2
13577,1
13578,0
13579,1
13580,3
13581,1
13582,3
13583,2
13584,1
13585,1
13586,3
13587,3
13588,3
13589,3
13590,3
13591,1
13592,1
13593,0
13594,2
13595,2
13596,0
13597,0
13598,3
13599,3
13600,2
13601,3
13602,3
13603,3
13604,2
13605,0
13606,0
13607,3
13608,1
13609,2
13610,3
13611,0
13612,3
13613,3
13614,3
13615,0
13616,2
13617,1
13618,3
13619,2
13620,0
13621,3
13622,2
13623,3
13624,0
13625,2
13626,1
13627,2
13628,1
13629,3
13630,3
13631,0
13632,1
13633,0
13634,2
13635,1
13636,2
13637,0
13638,2
13639,2
13640,2
13641,3
13642,3
13643,1
13644,1
13645,0
13646,3
13647,2
13648,1
13649,2
13650,2
13651,2
13652,3
13653,3
13654,2
13655,3
13656,3
13657,3
13658,2
13659,2
13660,2
13661,3
13662,3
13663,3
13664,2
13665,1
13666,1
13667,3
13668,3
13669,2
13670,0
13671,3
13672,0
13673,2
13674,3
13675,1
13676,3
13677,3
13678,2
13679,2
13680,2
13681,0
13682,0
13683,1
13684,3
13685,2
13686,2
13687,3
13688,2
13689,3
13690,3
13691,3
13692,2
13693,1
13694,0
13695,1
13696,0
13697,3
13698,1
13699,1
13700,1
13701,2
13702,1
13703,3
13704,1
13705,2
13706,1
13707,1
13708,1
13709,0
13710,1
13711,3
13712,3
13713,3
13714,0
13715,0
13716,2
13717,3
13718,0
13719,1
13720,0
13721,3
13722,2
13723,1
13724,2
13725,1
13726,1
13727,1
13728,3
13729,2
13730,0
13731,2
13732,3
13733,1
13734,1
13735,2
13736,1
13737,3
13738,3
13739,2
13740,3
13741,0
13742,1
13743,0
13744,3
13745,0
13746,3
13747,1
13748,0
13749,2
13750,3
13751,1
13752,3
13753,0
13754,2
13755,1
13756,3
13757,1
13758,3
13759,3
13760,3
13761,1
13762,3
13763,2
13764,2
13765,2
13766,3
13767,3
13768,1
13769,0
13770,1
13771,2
13772,1
13773,0
13774,3
13775,3
13776,2
13777,3
13778,2
13779,0
13780,3
13781,0
13782,1
13783,3
13784,3
13785,3
13786,0
13787,3
13788,3
13789,1
13790,2
13791,0
13792,0
13793,3
13794,2
13795,0
13796,3
13797,1
13798,1
13799,3
13800,2
13801,0
13802,1
13803,0
13804,1
13805,2
13806,0
13807,1
13808,1
13809,3
13810,0
13811,1
13812,3
13813,1
13814,2
13815,1
13816,3
13817,1
13818,1
13819,1
13820,0
13821,1
13822,2
13823,3
13824,1
13825,3
13826,1
13827,1
13828,1
13829,3
13830,3
13831,1
13832,1
13833,2
13834,3
13835,3
13836,1
13837,0
13838,3
13839,1
13840,0
13841,2
13842,0
13843,0
13844,3
13845,0
13846,1
13847,3
13848,2
13849,3
13850,1
13851,3
13852,1
13853,3
13854,3
13855,2
13856,0
13857,1
13858,0
13859,3
13860,3
13861,2
13862,1
13863,1
13864,1
13865,2
13866,0
13867,0
13868,3
13869,0
13870,3
13871,2
13872,0
13873,3
13874,2
13875,2
13876,3
13877,2
13878,3
13879,0
13880,3
13881,1
13882,3
13883,3
13884,0
13885,3
13886,1
13887,3
13888,3
13889,2
13890,3
13891,2
13892,0
13893,0
13894,3
13895,0
13896,3
13897,3
13898,3
13899,2
13900,3
13901,0
13902,2
13903,3
13904,2
13905,1
13906,1
13907,3
13908,0
13909,1
13910,3
13911,3
13912,3
13913,3
13914,3
13915,3
13916,2
13917,3
13918,2
13919,2
13920,3
13921,3
13922,3
13923,2
13924,1
13925,3
13926,1
13927,3
13928,1
13929,3
13930,0
13931,2
13932,1
13933,2
13934,3
13935,3
13936,1
13937,2
13938,3
13939,1
13940,3
13941,3
13942,3
13943,2
13944,1
13945,2
13946,3
13947,1
13948,2
13949,2
13950,3
13951,0
13952,3
13953,2
13954,3
13955,3
13956,2
13957,2
13958,0
13959,3
13960,3
13961,2
13962,3
13963,3
13964,3
13965,3
13966,3
13967,2
13968,2
13969,3
13970,1
13971,2
13972,2
13973,2
13974,2
13975,3
13976,2
13977,1
13978,3
13979,0
13980,1
13981,0
13982,3
13983,2
13984,3
13985,2
13986,3
13987,1
13988,3
13989,2
13990,3
13991,1
13992,3
13993,3
13994,3
13995,2
13996,1
13997,3
13998,1
13999,0
14000,3
14001,2
14002,1
14003,3
14004,3
14005,3
14006,2
14007,3
14008,2
14009,3
14010,3
14011,1
14012,1
14013,1
14014,1
14015,2
14016,3
14017,3
14018,3
14019,3
14020,0
14021,1
14022,0
14023,3
14024,3
14025,0
14026,0
14027,0
14028,3
14029,1
14030,3
14031,2
14032,3
14033,0
14034,3
14035,1
14036,3
14037,3
14038,3
14039,3
14040,1
14041,2
14042,3
14043,0
14044,2
14045,2
14046,1
14047,0
14048,0
14049,0
14050,3
14051,1
14052,2
14053,0
14054,1
14055,2
14056,3
14057,1
14058,1
14059,0
14060,3
14061,3
14062,3
14063,0
14064,3
14065,0
14066,1
14067,2
14068,1
14069,3
14070,2
14071,3
14072,1
14073,1
14074,2
14075,1
14076,3
14077,3
14078,0
14079,3
14080,3
14081,3
14082,2
14083,3
14084,1
14085,2
14086,3
14087,0
14088,1
14089,1
14090,1
14091,0
14092,2
14093,2
14094,3
14095,1
14096,2
14097,0
14098,2
14099,2
14100,2
14101,1
14102,1
14103,1
14104,3
14105,1
14106,1
14107,3
14108,2
14109,1
14110,1
14111,1
14112,2
14113,2
14114,0
14115,0
14116,3
14117,3
14118,0
14119,1
14120,3
14121,1
14122,3
14123,1
14124,1
14125,3
14126,1
14127,2
14128,1
14129,3
14130,1
14131,3
14132,2
14133,2
14134,2
14135,3
14136,2
14137,3
14138,2
14139,1
14140,0
14141,3
14142,0
14143,2
14144,3
14145,2
14146,3
14147,3
14148,1
14149,1
14150,1
14151,2
14152,2
14153,1
14154,2
14155,2
14156,1
14157,1
14158,3
14159,3
14160,3
14161,0
14162,3
14163,2
14164,3
14165,3
14166,2
14167,3
14168,3
14169,0
14170,2
14171,3
14172,1
14173,2
14174,3
14175,1
14176,0
14177,3
14178,1
14179,2
14180,3
14181,2
14182,2
14183,3
14184,3
14185,3
14186,1
14187,2
14188,3
14189,0
14190,0
14191,3
14192,3
14193,1
14194,1
14195,3
14196,0
14197,1
14198,1
14199,3
14200,2
14201,3
14202,1
14203,1
14204,1
14205,2
14206,3
14207,3
14208,0
14209,1
14210,1
14211,2
14212,3
14213,3
14214,3
14215,1
14216,3
14217,3
14218,2
14219,3
14220,1
14221,3
14222,0
14223,1
14224,1
14225,2
14226,0
14227,1
14228,3
14229,2
14230,1
14231,0
14232,3
14233,0
14234,3
14235,0
14236,0
14237,3
14238,2
14239,3
14240,2
14241,3
14242,3
14243,2
14244,1
14245,1
14246,0
14247,2
14248,3
14249,2
14250,1
14251,3
14252,2
14253,3
14254,3
14255,3
14256,2
14257,0
14258,0
14259,0
14260,0
14261,3
14262,1
14263,2
14264,1
14265,0
14266,3
14267,3
14268,3
14269,0
14270,0
14271,1
14272,3
14273,2
14274,1
14275,3
14276,2
14277,0
14278,3
14279,2
14280,0
14281,1
14282,0
14283,3
14284,3
14285,3
14286,2
14287,3
14288,2
14289,3
14290,1
14291,2
14292,3
14293,2
14294,3
14295,3
14296,3
14297,3
14298,2
14299,1
14300,1
14301,1
14302,0
14303,1
14304,2
14305,0
14306,1
14307,2
14308,3
14309,2
14310,3
14311,3
14312,3
14313,0
14314,2
14315,2
14316,2
14317,3
14318,3
14319,3
14320,2
14321,3
14322,2
14323,3
14324,3
14325,3
14326,1
14327,1
14328,3
14329,2
14330,1
14331,3
14332,1
14333,1
14334,3
14335,3
14336,0
14337,3
14338,0
14339,3
14340,1
14341,3
14342,0
14343,2
14344,1
14345,1
14346,2
14347,1
14348,1
14349,0
14350,1
14351,0
14352,3
14353,1
14354,0
14355,1
14356,0
14357,3
14358,0
14359,1
14360,0
14361,3
14362,3
14363,3
14364,2
14365,3
14366,3
14367,0
14368,3
14369,1
14370,3
14371,1
14372,3
14373,0
14374,3
14375,1
14376,2
14377,2
14378,1
14379,0
14380,1
14381,0
14382,0
14383,2
14384,1
14385,3
14386,3
14387,0
14388,2
14389,3
14390,3
14391,3
14392,2
14393,3
14394,3
14395,0
14396,1
14397,0
14398,2
14399,3
14400,3
14401,3
14402,3
14403,3
14404,3
14405,2
14406,3
14407,2
14408,0
14409,3
14410,3
14411,1
14412,2
14413,3
14414,2
14415,0
14416,2
14417,1
14418,1
14419,3
14420,3
14421,0
14422,2
14423,0
14424,2
14425,1
14426,3
14427,1
14428,2
14429,3
14430,3
14431,0
14432,2
14433,2
14434,3
14435,2
14436,2
14437,3
14438,3
14439,2
14440,3
14441,3
14442,1
14443,2
14444,3
14445,1
14446,0
14447,2
14448,0
14449,2
14450,3
14451,0
14452,0
14453,1
14454,3
14455,1
14456,3
14457,2
14458,3
14459,0
14460,2
14461,2
14462,0
14463,3
14464,2
14465,1
14466,2
14467,0
14468,2
14469,2
14470,2
14471,2
14472,3
14473,3
14474,2
14475,3
14476,0
14477,0
14478,2
14479,0
14480,1
14481,3
14482,0
14483,2
14484,2
14485,0
14486,3
14487,3
14488,3
14489,3
14490,3
14491,3
14492,3
14493,2
14494,0
14495,1
14496,1
14497,2
14498,2
14499,0
14500,3
14501,0
14502,1
14503,3
14504,2
14505,1
14506,2
14507,2
14508,1
14509,3
14510,3
14511,3
14512,1
14513,3
14514,0
14515,3
14516,1
14517,0
14518,3
14519,1
14520,1
14521,1
14522,1
14523,1
14524,3
14525,2
14526,1
14527,3
14528,2
14529,3
14530,3
14531,0
14532,2
14533,2
14534,1
14535,3
14536,1
14537,1
14538,3
14539,0
14540,2
14541,1
14542,2
14543,2
14544,3
14545,3
14546,3
14547,0
14548,3
14549,3
14550,2
14551,3
14552,3
14553,2
14554,1
14555,3
14556,3
14557,3
14558,3
14559,3
14560,2
14561,1
14562,0
14563,3
14564,3
14565,2
14566,1
14567,3
14568,1
14569,1
14570,0
14571,1
14572,1
14573,0
14574,3
14575,3
14576,3
14577,0
14578,1
14579,0
14580,3
14581,0
14582,3
14583,1
14584,2
14585,3
14586,1
14587,0
14588,2
14589,0
14590,0
14591,3
14592,2
14593,2
14594,2
14595,2
14596,1
14597,1
14598,0
14599,1
14600,1
14601,1
14602,2
14603,0
14604,3
14605,3
14606,3
14607,1
14608,0
14609,1
14610,2
14611,3
14612,0
14613,1
14614,0
14615,1
14616,3
14617,3
14618,2
14619,0
14620,0
14621,0
14622,3
14623,1
14624,3
14625,0
14626,1
14627,3
14628,3
14629,3
14630,3
14631,0
14632,3
14633,1
14634,1
14635,3
14636,3
14637,1
14638,3
14639,3
14640,0
14641,2
14642,3
14643,1
14644,1
14645,2
14646,3
14647,0
14648,2
14649,3
14650,3
14651,2
14652,3
14653,3
14654,3
14655,3
14656,3
14657,1
14658,2
14659,3
14660,2
14661,3
14662,3
14663,0
14664,2
14665,2
14666,3
14667,3
14668,2
14669,1
14670,2
14671,2
14672,1
14673,0
14674,3
14675,0
14676,2
14677,1
14678,3
14679,1
14680,2
14681,3
14682,2
14683,0
14684,3
14685,3
14686,1
14687,3
14688,3
14689,1
14690,2
14691,1
14692,3
14693,1
14694,0
14695,2
14696,3
14697,1
14698,1
14699,2
14700,0
14701,1
14702,2
14703,1
14704,1
14705,1
14706,0
14707,3
14708,3
14709,3
14710,2
14711,1
14712,3
14713,3
14714,3
14715,1
14716,0
14717,0
14718,0
14719,3
14720,2
14721,1
14722,1
14723,2
14724,2
14725,0
14726,0
14727,3
14728,3
14729,1
14730,0
14731,2
14732,3
14733,0
14734,2
14735,0
14736,3
14737,2
14738,1
14739,2
14740,3
14741,3
14742,1
14743,0
14744,0
14745,2
14746,1
14747,3
14748,2
14749,1
14750,1
14751,3
14752,2
14753,1
14754,2
14755,1
14756,2
14757,3
14758,0
14759,1
14760,2
14761,3
14762,3
14763,0
14764,3
14765,3
14766,0
14767,2
14768,1
14769,2
14770,1
14771,3
14772,2
14773,2
14774,3
14775,0
14776,3
14777,3
14778,3
14779,3
14780,3
14781,2
14782,3
14783,3
14784,1
14785,3
14786,3
14787,3
14788,3
14789,0
14790,2
14791,3
14792,2
14793,3
14794,0
14795,3
14796,2
14797,1
14798,2
14799,1
14800,2
14801,2
14802,0
14803,3
14804,1
14805,3
14806,3
14807,3
14808,1
14809,2
14810,2
14811,3
14812,3
14813,1
14814,3
14815,3
14816,2
14817,2
14818,1
14819,0
14820,0
14821,3
14822,3
14823,1
14824,3
14825,1
14826,3
14827,3
14828,3
14829,3
14830,3
14831,1
14832,3
14833,3
14834,2
14835,0
14836,2
14837,3
14838,0
14839,2
14840,2
14841,2
14842,3
14843,3
14844,3
14845,1
14846,1
14847,3
14848,3
14849,0
14850,0
14851,3
14852,0
14853,3
14854,2
14855,1
14856,0
14857,3
14858,1
14859,2
14860,3
14861,3
14862,2
14863,3
14864,3
14865,1
14866,2
14867,3
14868,0
14869,3
14870,1
14871,1
14872,3
14873,1
14874,3
14875,1
14876,2
14877,2
14878,2
14879,1
14880,0
14881,2
14882,0
14883,0
14884,3
14885,0
14886,0
14887,0
14888,3
14889,1
14890,2
14891,3
14892,3
14893,1
14894,3
14895,0
14896,0
14897,1
14898,2
14899,1
14900,1
14901,2
14902,3
14903,2
14904,0
14905,1
14906,1
14907,3
14908,2
14909,2
14910,0
14911,1
14912,0
14913,1
14914,3
14915,0
14916,3
14917,2
14918,2
14919,3
14920,2
14921,1
14922,3
14923,3
14924,1
14925,1
14926,1
14927,2
14928,3
14929,2
14930,0
14931,2
14932,3
14933,2
14934,1
14935,1
14936,1
14937,3
14938,3
14939,3
14940,1
14941,3
14942,3
14943,2
14944,0
14945,3
14946,3
14947,2
14948,1
14949,3
14950,3
14951,0
14952,2
14953,2
14954,3
14955,0
14956,3
14957,0
14958,3
14959,0
14960,3
14961,2
14962,1
14963,3
14964,3
14965,3
14966,3
14967,2
14968,1
14969,2
14970,2
14971,3
14972,1
14973,1
14974,3
14975,3
14976,1
14977,3
14978,3
14979,2
14980,3
14981,3
14982,3
14983,2
14984,2
14985,3
14986,2
14987,3
14988,3
14989,2
14990,1
14991,2
14992,3
14993,3
14994,3
14995,0
14996,3
14997,2
14998,1
14999,0
15000,2
15001,2
15002,0
15003,3
15004,2
15005,0
15006,3
15007,3
15008,2
15009,1
15010,2
15011,0
15012,2
15013,0
15014,0
15015,1
15016,2
15017,0
15018,3
15019,1
15020,3
15021,2
15022,3
15023,0
15024,3
15025,3
15026,0
15027,3
15028,3
15029,0
15030,1
15031,3
15032,1
15033,3
15034,1
15035,3
15036,3
15037,1
15038,1
15039,0
15040,1
15041,3
15042,0
15043,3
15044,1
15045,1
15046,1
15047,2
15048,2
15049,1
15050,2
15051,0
15052,3
15053,2
15054,0
15055,2
15056,0
15057,0
15058,3
15059,0
15060,0
15061,0
15062,1
15063,2
15064,0
15065,2
15066,2
15067,3
15068,3
15069,2
15070,0
15071,1
15072,3
15073,0
15074,3
15075,1
15076,3
15077,3
15078,3
15079,0
15080,3
15081,1
15082,3
15083,1
15084,2
15085,3
15086,2
15087,3
15088,2
15089,2
15090,1
15091,3
15092,1
15093,3
15094,3
15095,3
15096,2
15097,3
15098,1
15099,3
15100,2
15101,0
15102,2
15103,1
15104,3
15105,1
15106,0
15107,2
15108,1
15109,3
15110,2
15111,1
15112,0
15113,1
15114,3
15115,3
15116,1
15117,1
15118,2
15119,0
15120,3
15121,3
15122,3
15123,1
15124,3
15125,1
15126,0
15127,2
15128,2
15129,0
15130,3
15131,0
15132,0
15133,3
15134,3
15135,1
15136,0
15137,3
15138,2
15139,2
15140,3
15141,1
15142,0
15143,3
15144,2
15145,3
15146,3
15147,3
15148,3
15149,3
15150,1
15151,3
15152,2
15153,2
15154,3
15155,0
15156,1
15157,3
15158,3
15159,1
15160,1
15161,0
15162,1
15163,2
15164,0
15165,2
15166,3
15167,1
15168,3
15169,2
15170,3
15171,1
15172,2
15173,0
15174,2
15175,2
15176,0
15177,3
15178,2
15179,3
15180,2
15181,3
15182,2
15183,1
15184,3
15185,2
15186,0
15187,3
15188,1
15189,3
15190,1
15191,3
15192,3
15193,0
15194,3
15195,3
15196,2
15197,3
15198,3
15199,1
15200,3
15201,3
15202,0
15203,3
15204,0
15205,1
15206,1
15207,1
15208,2
15209,3
15210,2
15211,3
15212,1
15213,1
15214,3
15215,3
15216,2
15217,1
15218,3
15219,3
15220,2
15221,3
15222,3
15223,2
15224,0
15225,2
15226,0
15227,0
15228,2
15229,0
15230,0
15231,2
15232,3
15233,3
15234,1
15235,3
15236,1
15237,1
15238,3
15239,3
15240,1
15241,0
15242,3
15243,2
15244,2
15245,3
15246,0
15247,2
15248,3
15249,3
15250,0
15251,0
15252,3
15253,2
15254,1
15255,1
15256,3
15257,0
15258,3
15259,3
15260,1
15261,0
15262,0
15263,3
15264,2
15265,3
15266,1
15267,2
15268,0
15269,3
15270,0
15271,2
15272,3
15273,0
15274,2
15275,1
15276,1
15277,2
15278,3
15279,2
15280,0
15281,3
15282,3
15283,1
15284,3
15285,3
15286,3
15287,2
15288,0
15289,2
15290,3
15291,3
15292,3
15293,3
15294,0
15295,2
15296,2
15297,1
15298,3
15299,0
15300,0
15301,1
15302,0
15303,2
15304,1
15305,2
15306,1
15307,3
15308,2
15309,2
15310,2
15311,1
15312,0
15313,1
15314,3
15315,1
15316,2
15317,2
15318,2
15319,1
15320,1
15321,1
15322,1
15323,3
15324,0
15325,0
15326,0
15327,3
15328,1
15329,1
15330,1
15331,2
15332,0
15333,2
15334,0
15335,0
15336,2
15337,0
15338,2
15339,1
15340,0
15341,1
15342,0
15343,3
15344,3
15345,3
15346,3
15347,3
15348,3
15349,3
15350,2
15351,2
15352,1
15353,0
15354,2
15355,2
15356,0
15357,3
15358,3
15359,1
15360,3
15361,3
15362,1
15363,3
15364,1
15365,3
15366,2
15367,3
15368,0
15369,2
15370,1
15371,2
15372,2
15373,0
15374,3
15375,1
15376,2
15377,2
15378,2
15379,1
15380,1
15381,2
15382,3
15383,3
15384,2
15385,3
15386,0
15387,2
15388,1
15389,1
15390,3
15391,2
15392,3
15393,2
15394,0
15395,3
15396,0
15397,1
15398,3
15399,3
15400,3
15401,1
15402,1
15403,3
15404,3
15405,3
15406,3
15407,3
15408,1
15409,2
15410,3
15411,0
15412,0
15413,2
15414,2
15415,3
15416,3
15417,2
15418,3
15419,1
15420,0
15421,3
15422,2
15423,0
15424,2
15425,3
15426,1
15427,1
15428,3
15429,2
15430,2
15431,0
15432,1
15433,2
15434,3
15435,1
15436,3
15437,3
15438,0
15439,3
15440,3
15441,3
15442,1
15443,3
15444,0
15445,1
15446,1
15447,3
15448,1
15449,1
15450,1
15451,2
15452,0
15453,1
15454,0
15455,1
15456,3
15457,3
15458,3
15459,3
15460,0
15461,2
15462,1
15463,2
15464,3
15465,2
15466,2
15467,2
15468,3
15469,0
15470,3
15471,3
15472,2
15473,3
15474,2
15475,1
15476,0
15477,3
15478,0
15479,3
15480,2
15481,2
15482,0
15483,0
15484,2
15485,1
15486,2
15487,0
15488,3
15489,3
15490,1
15491,2
15492,3
15493,1
15494,3
15495,3
15496,2
15497,0
15498,3
15499,3
15500,2
15501,1
15502,2
15503,2
15504,2
15505,3
15506,0
15507,3
15508,3
15509,3
15510,3
15511,2
15512,1
15513,2
15514,2
15515,3
15516,3
15517,0
15518,2
15519,0
15520,3
15521,1
15522,1
15523,3
15524,0
15525,2
15526,2
15527,2
15528,3
15529,0
15530,2
15531,0
15532,3
15533,1
15534,0
15535,2
15536,1
15537,1
15538,1
15539,1
15540,2
15541,3
15542,1
15543,1
15544,3
15545,3
15546,3
15547,2
15548,2
15549,1
15550,1
15551,3
15552,0
15553,2
15554,1
15555,3
15556,2
15557,3
15558,1
15559,1
15560,2
15561,0
15562,1
15563,3
15564,1
15565,0
15566,0
15567,1
15568,3
15569,0
15570,3
15571,1
15572,1
15573,2
15574,2
15575,1
15576,3
15577,1
15578,1
15579,2
15580,0
15581,3
15582,1
15583,3
15584,1
15585,3
15586,2
15587,3
15588,3
15589,1
15590,3
15591,1
15592,3
15593,3
15594,1
15595,0
15596,3
15597,1
15598,1
15599,3
15600,3
15601,2
15602,0
15603,3
15604,3
15605,3
15606,2
15607,0
15608,1
15609,0
15610,2
15611,2
15612,2
15613,3
15614,0
15615,3
15616,3
15617,3
15618,2
15619,1
15620,0
15621,2
15622,1
15623,3
15624,0
15625,1
15626,2
15627,3
15628,1
15629,3
15630,3
15631,2
15632,3
15633,1
15634,1
15635,2
15636,1
15637,3
15638,3
15639,1
15640,3
15641,3
15642,2
15643,3
15644,3
15645,1
15646,3
15647,1
15648,1
15649,0
15650,3
15651,2
15652,1
15653,1
15654,3
15655,1
15656,2
15657,1
15658,1
15659,0
15660,0
15661,3
15662,1
15663,3
15664,2
15665,0
15666,1
15667,2
15668,2
15669,2
15670,1
15671,0
15672,3
15673,3
15674,2
15675,3
15676,3
15677,0
15678,1
15679,3
15680,2
15681,0
15682,2
15683,2
15684,3
15685,0
15686,2
15687,2
15688,1
15689,3
15690,1
15691,0
15692,3
15693,2
15694,0
15695,3
15696,1
15697,3
15698,3
15699,1
15700,2
15701,3
15702,3
15703,3
15704,3
15705,1
15706,0
15707,0
15708,3
15709,3
15710,2
15711,1
15712,3
15713,3
15714,2
15715,3
15716,3
15717,1
15718,1
15719,3
15720,2
15721,3
15722,3
15723,2
15724,0
15725,3
15726,1
15727,0
15728,3
15729,3
15730,1
15731,3
15732,1
15733,2
15734,3
15735,1
15736,1
15737,3
15738,3
15739,1
15740,3
15741,0
15742,1
15743,3
15744,2
15745,2
15746,3
15747,2
15748,3
15749,1
15750,1
15751,3
15752,0
15753,0
15754,1
15755,3
15756,0
15757,3
15758,3
15759,2
15760,3
15761,2
15762,2
15763,1
15764,1
15765,3
15766,2
15767,3
15768,3
15769,3
15770,3
15771,0
15772,2
15773,3
15774,2
15775,3
15776,3
15777,3
15778,1
15779,1
15780,0
15781,1
15782,2
15783,1
15784,1
15785,3
15786,1
15787,1
15788,1
15789,2
15790,0
15791,3
15792,3
15793,3
15794,1
15795,3
15796,2
15797,2
15798,1
15799,3
15800,2
15801,0
15802,2
15803,0
15804,2
15805,3
15806,3
15807,0
15808,3
15809,2
15810,2
15811,2
15812,2
15813,3
15814,2
15815,3
15816,0
15817,1
15818,1
15819,0
15820,2
15821,2
15822,0
15823,3
15824,1
15825,1
15826,1
15827,0
15828,3
15829,0
15830,3
15831,2
15832,3
15833,1
15834,1
15835,1
15836,1
15837,1
15838,2
15839,2
15840,1
15841,1
15842,3
15843,2
15844,1
15845,1
15846,3
15847,0
15848,3
15849,2
15850,3
15851,0
15852,2
15853,0
15854,1
15855,2
15856,0
15857,3
15858,2
15859,2
15860,3
15861,2
15862,0
15863,0
15864,0
15865,3
15866,3
15867,2
15868,1
15869,3
15870,3
15871,1
15872,3
15873,1
15874,3
15875,3
15876,3
15877,1
15878,3
15879,3
15880,0
15881,1
15882,3
15883,0
15884,2
15885,0
15886,3
15887,0
15888,3
15889,0
15890,0
15891,1
15892,3
15893,3
15894,0
15895,2
15896,3
15897,1
15898,2
15899,3
15900,0
15901,2
15902,2
15903,0
15904,0
15905,1
15906,0
15907,0
15908,0
15909,2
15910,0
15911,2
15912,1
15913,3
15914,0
15915,3
15916,3
15917,2
15918,3
15919,0
15920,3
15921,2
15922,3
15923,2
15924,3
15925,2
15926,3
15927,2
15928,2
15929,3
15930,2
15931,1
15932,0
15933,1
15934,2
15935,0
15936,0
15937,3
15938,3
15939,0
15940,3
15941,3
15942,2
15943,1
15944,3
15945,3
15946,2
15947,1
15948,0
15949,3
15950,2
15951,1
15952,1
15953,2
15954,3
15955,0
15956,2
15957,1
15958,0
15959,1
15960,3
15961,3
15962,3
15963,0
15964,2
15965,1
15966,0
15967,3
15968,0
15969,0
15970,3
15971,3
15972,2
15973,0
15974,0
15975,2
15976,1
15977,1
15978,2
15979,3
15980,2
15981,0
15982,1
15983,2
15984,3
15985,0
15986,3
15987,0
15988,1
15989,3
15990,1
15991,0
15992,1
15993,2
15994,0
15995,1
15996,0
15997,1
15998,3
15999,3
16000,3
16001,3
16002,3
16003,2
16004,1
16005,1
16006,1
16007,1
16008,3
16009,3
16010,2
16011,1
16012,3
16013,0
16014,1
16015,2
16016,3
16017,3
16018,3
16019,3
16020,0
16021,3
16022,2
16023,1
16024,3
16025,3
16026,1
16027,0
16028,1
16029,2
16030,2
16031,2
16032,0
16033,3
16034,0
16035,3
16036,3
16037,3
16038,1
16039,0
16040,0
16041,3
16042,1
16043,2
16044,1
16045,1
16046,3
16047,0
16048,0
16049,3
16050,1
16051,0
16052,2
16053,2
16054,3
16055,1
16056,1
16057,3
16058,3
16059,3
16060,2
16061,0
16062,3
16063,3
16064,0
16065,0
16066,3
16067,3
16068,2
16069,2
16070,3
16071,3
16072,0
16073,1
16074,3
16075,3
16076,1
16077,1
16078,3
16079,1
16080,3
16081,3
16082,1
16083,0
16084,0
16085,2
16086,0
16087,3
16088,0
16089,0
16090,1
16091,3
16092,3
16093,0
16094,3
16095,0
16096,2
16097,2
16098,3
16099,3
16100,3
16101,3
16102,0
16103,2
16104,2
16105,0
16106,0
16107,2
16108,3
16109,3
16110,1
16111,3
16112,2
16113,3
16114,3
16115,1
16116,3
16117,3
16118,0
16119,2
16120,2
16121,0
16122,1
16123,0
16124,3
16125,2
16126,1
16127,3
16128,2
16129,3
16130,1
16131,3
16132,3
16133,2
16134,3
16135,0
16136,2
16137,1
16138,1
16139,0
16140,3
16141,1
16142,1
16143,3
16144,3
16145,1
16146,2
16147,3
16148,3
16149,1
16150,0
16151,0
16152,3
16153,3
16154,3
16155,0
16156,0
16157,3
16158,2
16159,1
16160,3
16161,2
16162,1
16163,1
16164,3
16165,2
16166,2
16167,0
16168,0
16169,1
16170,1
16171,0
16172,1
16173,3
16174,0
16175,1
16176,2
16177,0
16178,3
16179,1
16180,0
16181,0
16182,1
16183,1
16184,3
16185,3
16186,2
16187,3
16188,1
16189,0
16190,3
16191,3
16192,1
16193,3
16194,0
16195,3
16196,3
16197,2
16198,3
16199,0
16200,0
16201,2
16202,0
16203,2
16204,0
16205,3
16206,3
16207,0
16208,0
16209,3
16210,3
16211,1
16212,3
16213,1
16214,0
16215,3
16216,1
16217,3
16218,1
16219,3
16220,3
16221,3
16222,1
16223,3
16224,2
16225,3
16226,1
16227,2
16228,3
16229,0
16230,0
16231,0
16232,3
16233,2
16234,1
16235,2
16236,1
16237,2
16238,3
16239,1
16240,0
16241,3
16242,1
16243,2
16244,2
16245,1
16246,1
16247,0
16248,0
16249,3
16250,3
16251,3
16252,2
16253,3
16254,2
16255,0
16256,2
16257,0
16258,2
16259,1
16260,0
16261,2
16262,1
16263,0
16264,1
16265,2
16266,2
16267,3
16268,3
16269,3
16270,1
16271,1
16272,3
16273,3
16274,0
16275,3
16276,2
16277,0
16278,2
16279,3
16280,1
16281,1
16282,3
16283,0
16284,3
16285,3
16286,1
16287,0
16288,1
16289,0
16290,2
16291,3
16292,0
16293,2
16294,3
16295,2
16296,2
16297,0
16298,0
16299,0
16300,3
16301,1
16302,2
16303,3
16304,2
16305,3
16306,3
16307,0
16308,1
16309,3
16310,3
16311,3
16312,3
16313,0
16314,0
16315,2
16316,2
16317,2
16318,0
16319,2
16320,3
16321,1
16322,1
16323,3
16324,3
16325,2
16326,3
16327,1
16328,0
16329,3
16330,3
16331,3
16332,2
16333,1
16334,3
16335,0
16336,0
16337,0
16338,2
16339,3
16340,2
16341,2
16342,0
16343,0
16344,1
16345,2
16346,1
16347,0
16348,2
16349,3
16350,1
16351,0
16352,2
16353,3
16354,0
16355,3
16356,0
16357,0
16358,2
16359,1
16360,3
16361,3
16362,2
16363,3
16364,1
16365,1
16366,1
16367,3
16368,3
16369,3
16370,3
16371,0
16372,1
16373,3
16374,1
16375,1
16376,3
16377,0
16378,1
16379,2
16380,2
16381,3
16382,3
16383,2
16384,3
16385,3
16386,2
16387,2
16388,2
16389,2
16390,1
16391,1
16392,1
16393,3
16394,2
16395,2
16396,3
16397,2
16398,3
16399,3
16400,2
16401,1
16402,1
16403,3
16404,1
16405,1
16406,3
16407,3
16408,3
16409,3
16410,3
16411,3
16412,0
16413,1
16414,3
16415,3
16416,1
16417,3
16418,0
16419,3
16420,3
16421,3
16422,3
16423,3
16424,1
16425,1
16426,0
16427,1
16428,3
16429,0
16430,0
16431,3
16432,3
16433,2
16434,0
16435,3
16436,0
16437,2
16438,3
16439,3
16440,3
16441,3
16442,3
16443,0
16444,3
16445,3
16446,2
16447,2
16448,2
16449,3
16450,3
16451,3
16452,2
16453,3
16454,2
16455,2
16456,1
16457,1
16458,2
16459,2
16460,1
16461,2
16462,3
16463,2
16464,3
16465,3
16466,2
16467,3
16468,1
16469,1
16470,2
16471,3
16472,3
16473,1
16474,3
16475,0
16476,0
16477,1
16478,2
16479,3
16480,0
16481,2
16482,2
16483,2
16484,2
16485,2
16486,3
16487,1
16488,3
16489,1
16490,1
16491,0
16492,2
16493,3
16494,3
16495,3
16496,1
16497,1
16498,1
16499,0
16500,3
16501,1
16502,3
16503,3
16504,1
16505,3
16506,1
16507,3
16508,3
16509,3
16510,2
16511,2
16512,0
16513,1
16514,3
16515,1
16516,2
16517,3
16518,1
16519,3
16520,3
16521,3
16522,1
16523,0
16524,1
16525,3
16526,2
16527,0
16528,0
16529,0
16530,0
16531,3
16532,0
16533,3
16534,0
16535,3
16536,0
16537,1
16538,1
16539,2
16540,3
16541,2
16542,0
16543,3
16544,1
16545,1
16546,2
16547,0
16548,1
16549,1
16550,0
16551,3
16552,2
16553,3
16554,1
16555,1
16556,3
16557,1
16558,3
16559,3
16560,1
16561,2
16562,0
16563,0
16564,3
16565,0
16566,2
16567,2
16568,0
16569,0
16570,1
16571,2
16572,3
16573,3
16574,3
16575,0
16576,0
16577,3
16578,3
16579,0
16580,0
16581,3
16582,2
16583,2
16584,1
16585,1
16586,1
16587,0
16588,0
16589,1
16590,2
16591,3
16592,3
16593,1
16594,3
16595,2
16596,3
16597,2
16598,3
16599,2
16600,0
16601,3
16602,3
16603,1
16604,1
16605,3
16606,1
16607,1
16608,1
16609,1
16610,0
16611,2
16612,0
16613,1
16614,0
16615,2
16616,3
16617,3
16618,3
16619,3
16620,1
16621,2
16622,0
16623,3
16624,0
16625,0
16626,2
16627,2
16628,1
16629,0
16630,0
16631,3
16632,1
16633,1
16634,0
16635,1
16636,0
16637,3
16638,0
16639,3
16640,3
16641,2
16642,2
16643,3
16644,0
16645,3
16646,3
16647,3
16648,1
16649,3
16650,2
16651,2
16652,0
16653,3
16654,3
16655,3
16656,2
16657,3
16658,0
16659,3
16660,1
16661,1
16662,1
16663,1
16664,3
16665,0
16666,0
16667,3
16668,3
16669,0
16670,2
16671,1
16672,0
16673,1
16674,0
16675,1
16676,0
16677,2
16678,3
16679,3
16680,1
16681,1
16682,3
16683,2
16684,2
16685,0
16686,3
16687,2
16688,1
16689,3
16690,3
16691,1
16692,3
16693,3
16694,0
16695,0
16696,2
16697,1
16698,3
16699,0
16700,3
16701,3
16702,3
16703,3
16704,1
16705,1
16706,0
16707,3
16708,3
16709,3
16710,2
16711,0
16712,1
16713,0
16714,0
16715,1
16716,1
16717,2
16718,1
16719,2
16720,0
16721,2
16722,2
16723,2
16724,3
16725,3
16726,0
16727,3
16728,3
16729,0
16730,3
16731,1
16732,2
16733,1
16734,3
16735,3
16736,1
16737,0
16738,2
16739,1
16740,3
16741,0
16742,1
16743,2
16744,0
16745,2
16746,3
16747,3
16748,0
16749,1
16750,3
16751,3
16752,0
16753,1
16754,3
16755,1
16756,2
16757,0
16758,1
16759,3
16760,0
16761,3
16762,2
16763,2
16764,2
16765,3
16766,0
16767,1
16768,1
16769,3
16770,3
16771,0
16772,3
16773,3
16774,0
16775,3
16776,2
16777,0
16778,3
16779,3
16780,1
16781,1
16782,1
16783,0
16784,3
16785,2
16786,3
16787,3
16788,2
16789,1
16790,1
16791,2
16792,3
16793,2
16794,1
16795,0
16796,3
16797,2
16798,0
16799,3
16800,1
16801,3
16802,1
16803,3
16804,3
16805,1
16806,2
16807,2
16808,1
16809,3
16810,2
16811,3
16812,1
16813,3
16814,2
16815,3
16816,0
16817,0
16818,3
16819,3
16820,2
16821,0
16822,3
16823,2
16824,3
16825,0
16826,1
16827,0
16828,2
16829,0
16830,3
16831,2
16832,3
16833,2
16834,2
16835,2
16836,2
16837,2
16838,2
16839,1
16840,3
16841,1
16842,0
16843,3
16844,3
16845,3
16846,3
16847,2
16848,3
16849,2
16850,0
16851,2
16852,2
16853,2
16854,3
16855,2
16856,1
16857,1
16858,2
16859,0
16860,0
16861,3
16862,2
16863,0
16864,3
16865,3
16866,1
16867,3
16868,2
16869,1
16870,3
16871,0
16872,0
16873,3
16874,1
16875,3
16876,3
16877,3
16878,3
16879,3
16880,2
16881,1
16882,2
16883,2
16884,0
16885,3
16886,1
16887,3
16888,2
16889,3
16890,3
16891,3
16892,2
16893,2
16894,3
16895,1
16896,1
16897,1
16898,3
16899,1
16900,2
16901,1
16902,3
16903,3
16904,3
16905,1
16906,0
16907,1
16908,2
16909,2
16910,1
16911,3
16912,1
16913,0
16914,3
16915,0
16916,2
16917,3
16918,2
16919,3
16920,0
16921,0
16922,3
16923,3
16924,0
16925,0
16926,2
16927,0
16928,3
16929,2
16930,2
16931,2
16932,1
16933,0
16934,2
16935,0
16936,3
16937,2
16938,1
16939,3
16940,2
16941,2
16942,0
16943,1
16944,3
16945,1
16946,0
16947,0
16948,1
16949,3
16950,3
16951,3
16952,3
16953,1
16954,0
16955,0
16956,0
16957,1
16958,1
16959,3
16960,2
16961,0
16962,3
16963,3
16964,3
16965,0
16966,1
16967,1
16968,0
16969,3
16970,2
16971,2
16972,3
16973,3
16974,3
16975,3
16976,0
16977,0
16978,1
16979,0
16980,2
16981,3
16982,1
16983,3
16984,0
16985,3
16986,3
16987,1
16988,0
16989,2
16990,3
16991,3
16992,2
16993,2
16994,3
16995,2
16996,2
16997,3
16998,3
16999,2
17000,0
17001,1
17002,2
17003,3
17004,2
17005,1
17006,1
17007,0
17008,3
17009,3
17010,1
17011,2
17012,2
17013,2
17014,3
17015,0
17016,2
17017,0
17018,2
17019,3
17020,3
17021,3
17022,3
17023,3
17024,3
17025,2
17026,1
17027,3
17028,1
17029,2
17030,0
17031,2
17032,3
17033,1
17034,2
17035,0
17036,0
17037,3
17038,0
17039,2
17040,3
17041,3
17042,3
17043,3
17044,2
17045,2
17046,2
17047,2
17048,1
17049,2
17050,1
17051,0
17052,0
17053,3
17054,0
17055,0
17056,0
17057,2
17058,3
17059,1
17060,1
17061,0
17062,3
17063,0
17064,3
17065,0
17066,3
17067,1
17068,1
17069,1
17070,1
17071,3
17072,0
17073,2
17074,3
17075,2
17076,3
17077,3
17078,1
17079,3
17080,3
17081,0
17082,0
17083,1
17084,3
17085,0
17086,3
17087,1
17088,0
17089,2
17090,3
17091,0
17092,2
17093,2
17094,1
17095,2
17096,2
17097,2
17098,0
17099,0
17100,0
17101,3
17102,3
17103,2
17104,0
17105,0
17106,3
17107,0
17108,3
17109,3
17110,3
17111,1
17112,3
17113,2
17114,2
17115,3
17116,1
17117,2
17118,1
17119,0
17120,2
17121,0
17122,2
17123,1
17124,3
17125,0
17126,3
17127,0
17128,0
17129,3
17130,1
17131,1
17132,3
17133,1
17134,3
17135,3
17136,2
17137,1
17138,0
17139,1
17140,3
17141,1
17142,2
17143,3
17144,1
17145,2
17146,1
17147,0
17148,2
17149,2
17150,0
17151,0
17152,3
17153,1
17154,1
17155,3
17156,3
17157,3
17158,3
17159,3
17160,0
17161,3
17162,0
17163,3
17164,3
17165,1
17166,0
17167,0
17168,3
17169,3
17170,1
17171,3
17172,3
17173,1
17174,1
17175,3
17176,0
17177,0
17178,0
17179,2
17180,0
17181,3
17182,3
17183,2
17184,1
17185,0
17186,3
17187,2
17188,3
17189,2
17190,2
17191,0
17192,2
17193,2
17194,2
17195,3
17196,1
17197,0
17198,1
17199,3
17200,2
17201,3
17202,3
17203,2
17204,0
17205,3
17206,3
17207,2
17208,0
17209,2
17210,0
17211,3
17212,1
17213,1
17214,1
17215,0
17216,1
17217,2
17218,1
17219,2
17220,3
17221,3
17222,1
17223,3
17224,3
17225,0
17226,2
17227,2
17228,3
17229,2
17230,3
17231,3
17232,2
17233,3
17234,1
17235,1
17236,2
17237,1
17238,2
17239,0
17240,1
17241,0
17242,1
17243,1
17244,3
17245,1
17246,2
17247,3
17248,2
17249,2
17250,0
17251,3
17252,1
17253,1
17254,0
17255,3
17256,3
17257,0
17258,1
17259,3
17260,2
17261,1
17262,2
17263,3
17264,2
17265,0
17266,1
17267,2
17268,2
17269,2
17270,0
17271,1
17272,2
17273,0
17274,0
17275,2
17276,0
17277,2
17278,0
17279,0
17280,1
17281,3
17282,3
17283,3
17284,1
17285,1
17286,2
17287,3
17288,3
17289,3
17290,2
17291,0
17292,3
17293,1
17294,2
17295,2
17296,1
17297,1
17298,0
17299,2
17300,3
17301,0
17302,1
17303,1
17304,1
17305,1
17306,3
17307,2
17308,2
17309,2
17310,0
17311,3
17312,0
17313,0
17314,0
17315,2
17316,1
17317,3
17318,2
17319,0
17320,3
17321,0
17322,3
17323,2
17324,2
17325,3
17326,1
17327,2
17328,0
17329,0
17330,0
17331,3
17332,0
17333,3
17334,1
17335,0
17336,1
17337,3
17338,0
17339,0
17340,1
17341,0
17342,1
17343,2
17344,0
17345,2
17346,0
17347,3
17348,3
17349,0
17350,1
17351,3
17352,3
17353,3
17354,3
17355,3
17356,1
17357,3
17358,2
17359,2
17360,3
17361,3
17362,0
17363,3
17364,3
17365,1
17366,1
17367,0
17368,3
17369,0
17370,1
17371,3
17372,3
17373,3
17374,3
17375,1
17376,1
17377,1
17378,2
17379,3
17380,2
17381,0
17382,0
17383,0
17384,1
17385,1
17386,0
17387,3
17388,3
17389,3
17390,3
17391,2
17392,1
17393,2
17394,1
17395,2
17396,1
17397,1
17398,2
17399,2
17400,1
17401,0
17402,2
17403,2
17404,1
17405,0
17406,1
17407,2
17408,2
17409,3
17410,2
17411,3
17412,2
17413,1
17414,1
17415,1
17416,3
17417,0
17418,1
17419,2
17420,3
17421,3
17422,1
17423,0
17424,1
17425,3
17426,0
17427,3
17428,0
17429,1
17430,3
17431,2
17432,0
17433,2
17434,3
17435,1
17436,1
17437,1
17438,3
17439,1
17440,0
17441,1
17442,1
17443,3
17444,0
17445,1
17446,2
17447,0
17448,2
17449,3
17450,3
17451,1
17452,3
17453,3
17454,0
17455,0
17456,2
17457,1
17458,2
17459,1
17460,0
17461,3
17462,2
17463,3
17464,0
17465,2
17466,2
17467,1
17468,1
17469,1
17470,3
17471,1
17472,3
17473,1
17474,1
17475,0
17476,2
17477,1
17478,2
17479,2
17480,2
17481,2
17482,3
17483,3
17484,2
17485,0
17486,1
17487,2
17488,2
17489,3
17490,2
17491,0
17492,2
17493,0
17494,3
17495,2
17496,3
17497,2
17498,1
17499,3
17500,0
17501,2
17502,1
17503,1
17504,3
17505,3
17506,3
17507,2
17508,3
17509,2
17510,0
17511,3
17512,1
17513,0
17514,2
17515,0
17516,1
17517,3
17518,0
17519,2
17520,3
17521,2
17522,3
17523,2
17524,1
17525,2
17526,2
17527,2
17528,3
17529,1
17530,3
17531,2
17532,1
17533,1
17534,1
17535,3
17536,1
17537,1
17538,3
17539,0
17540,3
17541,1
17542,1
17543,3
17544,3
17545,3
17546,3
17547,1
17548,1
17549,3
17550,1
17551,3
17552,1
17553,1
17554,2
17555,3
17556,2
17557,0
17558,3
17559,2
17560,3
17561,0
17562,2
17563,1
17564,2
17565,1
17566,1
17567,1
17568,1
17569,3
17570,1
17571,1
17572,3
17573,0
17574,1
17575,3
17576,3
17577,2
17578,1
17579,2
17580,0
17581,1
17582,2
17583,0
17584,1
17585,3
17586,1
17587,2
17588,3
17589,0
17590,3
17591,2
17592,3
17593,1
17594,3
17595,0
17596,1
17597,0
17598,1
17599,1
17600,2
17601,3
17602,2
17603,1
17604,0
17605,2
17606,0
17607,3
17608,2
17609,1
17610,2
17611,3
17612,0
17613,3
17614,3
17615,0
17616,2
17617,3
17618,0
17619,2
17620,3
17621,3
17622,1
17623,1
17624,0
17625,2
17626,3
17627,2
17628,2
17629,3
17630,2
17631,3
17632,3
17633,3
17634,3
17635,1
17636,3
17637,1
17638,3
17639,3
17640,3
17641,1
17642,2
17643,0
17644,1
17645,3
17646,2
17647,2
17648,1
17649,3
17650,0
17651,3
17652,3
17653,1
17654,0
17655,3
17656,3
17657,0
17658,3
17659,0
17660,3
17661,1
17662,0
17663,3
17664,1
17665,0
17666,3
17667,1
17668,3
17669,1
17670,2
17671,3
17672,0
17673,1
17674,2
17675,0
17676,3
17677,2
17678,1
17679,0
17680,0
17681,0
17682,3
17683,3
17684,1
17685,3
17686,1
17687,2
17688,3
17689,3
17690,3
17691,3
17692,3
17693,2
17694,3
17695,0
17696,2
17697,2
17698,0
17699,2
17700,0
17701,1
17702,0
17703,3
17704,1
17705,1
17706,0
17707,2
17708,3
17709,1
17710,3
17711,3
17712,3
17713,0
17714,3
17715,3
17716,3
17717,3
17718,2
17719,3
17720,0
17721,1
17722,3
17723,2
17724,2
17725,2
17726,3
17727,1
17728,1
17729,1
17730,2
17731,3
17732,0
17733,0
17734,1
17735,3
17736,3
17737,1
17738,0
17739,1
17740,2
17741,0
17742,1
17743,2
17744,0
17745,1
17746,1
17747,3
17748,3
17749,2
17750,1
17751,0
17752,0
17753,1
17754,3
17755,3
17756,1
17757,1
17758,2
17759,0
17760,3
17761,0
17762,1
17763,0
17764,0
17765,3
17766,0
17767,0
17768,0
17769,0
17770,2
17771,0
17772,2
17773,3
17774,0
17775,2
17776,1
17777,2
17778,0
17779,0
17780,3
17781,2
17782,0
17783,3
17784,1
17785,2
17786,2
17787,0
17788,2
17789,2
17790,2
17791,0
17792,2
17793,1
17794,2
17795,3
17796,3
17797,0
17798,2
17799,1
17800,0
17801,1
17802,2
17803,3
17804,3
17805,3
17806,1
17807,0
17808,2
17809,2
17810,3
17811,3
17812,3
17813,2
17814,2
17815,0
17816,0
17817,1
17818,2
17819,0
17820,2
17821,3
17822,3
17823,3
17824,3
17825,3
17826,3
17827,1
17828,2
17829,0
17830,1
17831,0
17832,3
17833,0
17834,3
17835,2
17836,0
17837,2
17838,0
17839,3
17840,2
17841,3
17842,2
17843,2
17844,2
17845,3
17846,0
17847,1
17848,0
17849,3
17850,3
17851,3
17852,1
17853,2
17854,1
17855,3
17856,1
17857,2
17858,1
17859,3
17860,3
17861,2
17862,0
17863,2
17864,0
17865,1
17866,2
17867,2
17868,1
17869,2
17870,3
17871,3
17872,3
17873,3
17874,1
17875,1
17876,0
17877,0
17878,2
17879,3
17880,0
17881,3
17882,2
17883,1
17884,1
17885,0
17886,0
17887,3
17888,3
17889,1
17890,3
17891,3
17892,2
17893,2
17894,2
17895,1
17896,0
17897,1
17898,0
17899,0
17900,0
17901,3
17902,3
17903,3
17904,2
17905,0
17906,0
17907,3
17908,1
17909,1
17910,3
17911,0
17912,2
17913,3
17914,1
17915,2
17916,3
17917,3
17918,3
17919,2
17920,2
17921,1
17922,3
17923,3
17924,3
17925,1
17926,2
17927,3
17928,3
17929,3
17930,0
17931,2
17932,3
17933,2
17934,3
17935,1
17936,3
17937,0
17938,2
17939,2
17940,0
17941,2
17942,2
17943,0
17944,3
17945,2
17946,3
17947,3
17948,3
17949,1
17950,3
17951,1
17952,1
17953,3
17954,2
17955,3
17956,2
17957,3
17958,2
17959,3
17960,3
17961,3
17962,2
17963,1
17964,1
17965,2
17966,0
17967,1
17968,3
17969,3
17970,3
17971,0
17972,1
17973,1
17974,0
17975,1
17976,3
17977,3
17978,0
17979,2
17980,2
17981,3
17982,0
17983,0
17984,1
17985,3
17986,2
17987,1
17988,2
17989,3
17990,2
17991,1
17992,3
17993,2
17994,2
17995,3
17996,1
17997,0
17998,0
17999,1
18000,1
18001,1
18002,3
18003,3
18004,1
18005,3
18006,0
18007,1
18008,3
18009,2
18010,2
18011,3
18012,1
18013,0
18014,0
18015,3
18016,0
18017,0
18018,0
18019,2
18020,2
18021,1
18022,0
18023,1
18024,3
18025,1
18026,3
18027,2
18028,2
18029,3
18030,2
18031,3
18032,1
18033,1
18034,0
18035,2
18036,3
18037,3
18038,1
18039,2
18040,2
18041,1
18042,2
18043,3
18044,1
18045,2
18046,1
18047,0
18048,0
18049,3
18050,3
18051,3
18052,3
18053,2
18054,2
18055,3
18056,1
18057,3
18058,3
18059,1
18060,2
18061,1
18062,2
18063,1
18064,3
18065,3
18066,1
18067,0
18068,2
18069,3
18070,1
18071,3
18072,3
18073,0
18074,3
18075,3
18076,2
18077,3
18078,3
18079,1
18080,0
18081,3
18082,0
18083,0
18084,2
18085,3
18086,3
18087,1
18088,0
18089,0
18090,0
18091,2
18092,3
18093,3
18094,2
18095,3
18096,3
18097,3
18098,3
18099,2
18100,1
18101,3
18102,0
18103,2
18104,2
18105,1
18106,1
18107,3
18108,0
18109,1
18110,3
18111,3
18112,3
18113,2
18114,3
18115,0
18116,3
18117,1
18118,1
18119,2
18120,1
18121,1
18122,2
18123,3
18124,0
18125,1
18126,3
18127,1
18128,1
18129,3
18130,1
18131,0
18132,1
18133,0
18134,1
18135,2
18136,3
18137,3
18138,0
18139,0
18140,0
18141,0
18142,2
18143,3
18144,1
18145,3
18146,0
18147,0
18148,3
18149,0
18150,0
18151,2
18152,3
18153,2
18154,3
18155,0
18156,1
18157,3
18158,0
18159,1
18160,2
18161,2
18162,3
18163,1
18164,2
18165,0
18166,2
18167,0
18168,0
18169,1
18170,3
18171,2
18172,3
18173,3
18174,2
18175,2
18176,1
18177,1
18178,3
18179,3
18180,3
18181,0
18182,3
18183,1
18184,3
18185,3
18186,3
18187,1
18188,2
18189,1
18190,3
18191,2
18192,2
18193,3
18194,1
18195,3
18196,2
18197,1
18198,3
18199,1
18200,2
18201,3
18202,0
18203,3
18204,2
18205,0
18206,3
18207,2
18208,1
18209,2
18210,1
18211,3
18212,3
18213,1
18214,3
18215,2
18216,3
18217,1
18218,1
18219,2
18220,0
18221,0
18222,0
18223,0
18224,1
18225,3
18226,2
18227,0
18228,0
18229,0
18230,1
18231,3
18232,1
18233,0
18234,1
18235,3
18236,3
18237,3
18238,1
18239,2
18240,1
18241,2
18242,0
18243,2
18244,3
18245,3
18246,3
18247,0
18248,3
18249,3
18250,3
18251,2
18252,2
18253,1
18254,2
18255,3
18256,3
18257,3
18258,2
18259,3
18260,2
18261,1
18262,0
18263,3
18264,3
18265,2
18266,1
18267,1
18268,0
18269,3
18270,0
18271,3
18272,2
18273,2
18274,1
18275,3
18276,0
18277,1
18278,0
18279,0
18280,2
18281,2
18282,0
18283,0
18284,3
18285,1
18286,0
18287,2
18288,0
18289,2
18290,0
18291,0
18292,1
18293,0
18294,2
18295,0
18296,0
18297,0
18298,1
18299,0
18300,2
18301,1
18302,3
18303,3
18304,0
18305,1
18306,0
18307,1
18308,0
18309,0
18310,3
18311,0
18312,3
18313,0
18314,2
18315,2
18316,1
18317,0
18318,3
18319,0
18320,1
18321,3
18322,3
18323,0
18324,3
18325,3
18326,2
18327,3
18328,3
18329,3
18330,3
18331,1
18332,2
18333,2
18334,0
18335,3
18336,3
18337,3
18338,0
18339,1
18340,2
18341,2
18342,3
18343,3
18344,3
18345,3
18346,1
18347,3
18348,3
18349,3
18350,0
18351,3
18352,1
18353,0
18354,2
18355,3
18356,1
18357,2
18358,1
18359,2
18360,3
18361,3
18362,3
18363,3
18364,3
18365,1
18366,1
18367,3
18368,0
18369,3
18370,2
18371,3
18372,0
18373,1
18374,2
18375,3
18376,0
18377,3
18378,3
18379,3
18380,0
18381,3
18382,2
18383,3
18384,3
18385,0
18386,3
18387,3
18388,2
18389,1
18390,1
18391,0
18392,3
18393,2
18394,3
18395,2
18396,1
18397,1
18398,0
18399,3
18400,3
18401,0
18402,3
18403,0
18404,1
18405,3
18406,1
18407,2
18408,3
18409,1
18410,1
18411,2
18412,2
18413,3
18414,3
18415,3
18416,0
18417,2
18418,0
18419,2
18420,3
18421,0
18422,2
18423,3
18424,2
18425,0
18426,3
18427,1
18428,2
18429,2
18430,3
18431,3
18432,2
18433,1
18434,3
18435,3
18436,2
18437,0
18438,2
18439,2
18440,1
18441,1
18442,3
18443,1
18444,1
18445,3
18446,3
18447,3
18448,2
18449,3
18450,0
18451,3
18452,2
18453,0
18454,3
18455,2
18456,1
18457,3
18458,1
18459,1
18460,1
18461,2
18462,3
18463,0
18464,2
18465,2
18466,3
18467,2
18468,3
18469,1
18470,3
18471,3
18472,2
18473,2
18474,2
18475,1
18476,0
18477,3
18478,2
18479,0
18480,3
18481,2
18482,2
18483,0
18484,2
18485,0
18486,1
18487,0
18488,3
18489,3
18490,1
18491,0
18492,3
18493,3
18494,0
18495,2
18496,2
18497,3
18498,3
18499,0
18500,3
18501,2
18502,0
18503,1
18504,3
18505,1
18506,3
18507,0
18508,0
18509,1
18510,3
18511,3
18512,1
18513,0
18514,3
18515,0
18516,3
18517,1
18518,0
18519,2
18520,3
18521,3
18522,3
18523,3
18524,0
18525,2
18526,2
18527,2
18528,1
18529,1
18530,1
18531,3
18532,2
18533,3
18534,0
18535,2
18536,3
18537,0
18538,0
18539,3
18540,3
18541,0
18542,3
18543,2
18544,1
18545,2
18546,3
18547,0
18548,0
18549,2
18550,3
18551,3
18552,1
18553,3
18554,3
18555,2
18556,2
18557,1
18558,3
18559,3
18560,1
18561,1
18562,3
18563,0
18564,3
18565,3
18566,2
18567,3
18568,3
18569,1
18570,2
18571,1
18572,3
18573,0
18574,3
18575,2
18576,3
18577,3
18578,1
18579,3
18580,1
18581,2
18582,0
18583,2
18584,2
18585,0
18586,0
18587,0
18588,1
18589,1
18590,3
18591,0
18592,0
18593,1
18594,3
18595,2
18596,2
18597,1
18598,3
18599,3
18600,1
18601,1
18602,1
18603,1
18604,3
18605,1
18606,3
18607,3
18608,3
18609,1
18610,2
18611,1
18612,1
18613,3
18614,3
18615,2
18616,3
18617,1
18618,1
18619,2
18620,1
18621,0
18622,1
18623,3
18624,0
18625,3
18626,3
18627,2
18628,3
18629,1
18630,3
18631,3
18632,0
18633,3
18634,3
18635,0
18636,3
18637,1
18638,2
18639,2
18640,2
18641,0
18642,3
18643,2
18644,0
18645,2
18646,2
18647,0
18648,0
18649,3
18650,3
18651,0
18652,3
18653,1
18654,1
18655,2
18656,0
18657,3
18658,0
18659,3
18660,0
18661,1
18662,3
18663,3
18664,1
18665,2
18666,1
18667,0
18668,0
18669,3
18670,0
18671,3
18672,1
18673,2
18674,1
18675,3
18676,1
18677,1
18678,0
18679,0
18680,3
18681,2
18682,1
18683,0
18684,3
18685,0
18686,1
18687,3
18688,2
18689,3
18690,3
18691,3
18692,2
18693,2
18694,1
18695,2
18696,0
18697,3
18698,0
18699,1
18700,2
18701,3
18702,1
18703,0
18704,0
18705,2
18706,2
18707,3
18708,3
18709,0
18710,1
18711,3
18712,3
18713,1
18714,3
18715,2
18716,0
18717,2
18718,1
18719,3
18720,3
18721,1
18722,3
18723,1
18724,0
18725,0
18726,2
18727,0
18728,2
18729,2
18730,0
18731,2
18732,3
18733,0
18734,1
18735,2
18736,3
18737,1
18738,3
18739,3
18740,0
18741,0
18742,2
18743,3
18744,2
18745,2
18746,3
18747,3
18748,2
18749,3
18750,2
18751,3
18752,1
18753,3
18754,2
18755,2
18756,3
18757,3
18758,3
18759,3
18760,0
18761,2
18762,3
18763,3
18764,0
18765,3
18766,1
18767,0
18768,1
18769,1
18770,1
18771,3
18772,3
18773,2
18774,0
18775,2
18776,2
18777,3
18778,1
18779,2
18780,2
18781,2
18782,0
18783,2
18784,0
18785,3
18786,1
18787,1
18788,3
18789,2
18790,3
18791,2
18792,2
18793,3
18794,0
18795,0
18796,1
18797,1
18798,0
18799,1
18800,0
18801,1
18802,2
18803,3
18804,3
18805,3
18806,3
18807,0
18808,0
18809,3
18810,1
18811,1
18812,0
18813,2
18814,1
18815,1
18816,2
18817,3
18818,3
18819,3
18820,3
18821,3
18822,0
18823,2
18824,3
18825,3
18826,0
18827,0
18828,3
18829,2
18830,1
18831,2
18832,2
18833,3
18834,3
18835,3
18836,3
18837,3
18838,3
18839,1
18840,2
18841,2
18842,0
18843,3
18844,3
18845,2
18846,2
18847,0
18848,2
18849,1
18850,1
18851,3
18852,3
18853,1
18854,2
18855,2
18856,3
18857,3
18858,1
18859,2
18860,1
18861,0
18862,2
18863,3
18864,3
18865,3
18866,1
18867,2
18868,2
18869,1
18870,3
18871,1
18872,0
18873,2
18874,2
18875,2
18876,0
18877,1
18878,0
18879,3
18880,0
18881,3
18882,3
18883,1
18884,1
18885,0
18886,3
18887,2
18888,1
18889,0
18890,1
18891,1
18892,1
18893,0
18894,0
18895,3
18896,3
18897,3
18898,3
18899,3
18900,3
18901,2
18902,2
18903,2
18904,3
18905,2
18906,0
18907,2
18908,3
18909,3
18910,3
18911,3
18912,3
18913,2
18914,0
18915,3
18916,0
18917,3
18918,3
18919,1
18920,1
18921,3
18922,2
18923,3
18924,2
18925,3
18926,0
18927,1
18928,1
18929,1
18930,0
18931,3
18932,0
18933,1
18934,1
18935,3
18936,3
18937,3
18938,1
18939,3
18940,0
18941,3
18942,3
18943,3
18944,3
18945,3
18946,3
18947,3
18948,3
18949,0
18950,1
18951,0
18952,2
18953,3
18954,3
18955,2
18956,0
18957,1
18958,2
18959,0
18960,2
18961,3
18962,3
18963,1
18964,0
18965,0
18966,1
18967,2
18968,0
18969,0
18970,2
18971,3
18972,3
18973,3
18974,3
18975,0
18976,1
18977,3
18978,1
18979,0
18980,2
18981,3
18982,1
18983,1
18984,3
18985,2
18986,2
18987,0
18988,1
18989,3
18990,1
18991,3
18992,1
18993,0
18994,0
18995,0
18996,1
18997,1
18998,1
18999,1
19000,1
19001,0
19002,3
19003,2
19004,3
19005,3
19006,0
19007,3
19008,2
19009,2
19010,2
19011,1
19012,1
19013,1
19014,2
19015,2
19016,3
19017,0
19018,2
19019,0
19020,1
19021,2
19022,2
19023,3
19024,2
19025,3
19026,0
19027,1
19028,2
19029,2
19030,0
19031,1
19032,2
19033,2
19034,0
19035,0
19036,2
19037,3
19038,2
19039,3
19040,3
19041,1
19042,3
19043,0
19044,2
19045,3
19046,3
19047,0
19048,3
19049,2
19050,3
19051,1
19052,1
19053,2
19054,2
19055,2
19056,1
19057,1
19058,3
19059,2
19060,2
19061,3
19062,1
19063,1
19064,2
19065,0
19066,2
19067,3
19068,0
19069,3
19070,1
19071,0
19072,2
19073,0
19074,0
19075,3
19076,1
19077,0
19078,0
19079,3
19080,3
19081,0
19082,3
19083,0
19084,2
19085,0
19086,2
19087,2
19088,2
19089,1
19090,2
19091,2
19092,2
19093,3
19094,3
19095,1
19096,3
19097,1
19098,3
19099,1
19100,3
19101,0
19102,0
19103,1
19104,3
19105,0
19106,1
19107,1
19108,3
19109,1
19110,0
19111,1
19112,3
19113,1
19114,1
19115,3
19116,3
19117,2
19118,0
19119,0
19120,1
19121,0
19122,0
19123,0
19124,3
19125,2
19126,2
19127,3
19128,1
19129,2
19130,2
19131,0
19132,0
19133,0
19134,0
19135,3
19136,1
19137,1
19138,1
19139,2
19140,3
19141,0
19142,0
19143,0
19144,2
19145,3
19146,1
19147,2
19148,3
19149,3
19150,3
19151,0
19152,2
19153,3
19154,3
19155,3
19156,0
19157,2
19158,3
19159,3
19160,3
19161,1
19162,1
19163,3
19164,0
19165,1
19166,3
19167,0
19168,3
19169,3
19170,0
19171,3
19172,3
19173,3
19174,3
19175,3
19176,0
19177,3
19178,1
19179,3
19180,1
19181,2
19182,1
19183,1
19184,3
19185,1
19186,2
19187,0
19188,2
19189,1
19190,3
19191,3
19192,2
19193,2
19194,0
19195,1
19196,1
19197,2
19198,3
19199,2
19200,3
19201,0
19202,2
19203,0
19204,1
19205,3
19206,3
19207,1
19208,3
19209,3
19210,1
19211,0
19212,0
19213,3
19214,0
19215,1
19216,3
19217,2
19218,1
19219,0
19220,0
19221,3
19222,2
19223,3
19224,0
19225,2
19226,1
19227,3
19228,0
19229,1
19230,2
19231,1
19232,3
19233,3
19234,3
19235,1
19236,3
19237,1
19238,3
19239,2
19240,2
19241,1
19242,1
19243,3
19244,1
19245,2
19246,1
19247,3
19248,1
19249,0
19250,0
19251,3
19252,0
19253,1
19254,3
19255,0
19256,0
19257,2
19258,0
19259,2
19260,2
19261,2
19262,3
19263,0
19264,1
19265,1
19266,2
19267,3
19268,2
19269,0
19270,3
19271,3
19272,3
19273,0
19274,3
19275,1
19276,3
19277,0
19278,0
19279,0
19280,2
19281,2
19282,2
19283,0
19284,0
19285,3
19286,2
19287,2
19288,2
19289,2
19290,3
19291,3
19292,2
19293,1
19294,2
19295,3
19296,3
19297,3
19298,2
19299,3
19300,3
19301,0
19302,0
19303,2
19304,2
19305,1
19306,3
19307,3
19308,1
19309,2
19310,3
19311,3
19312,2
19313,3
19314,1
19315,3
19316,2
19317,1
19318,1
19319,3
19320,3
19321,3
19322,2
19323,2
19324,3
19325,3
19326,1
19327,3
19328,2
19329,0
19330,3
19331,2
19332,0
19333,0
19334,3
19335,3
19336,1
19337,2
19338,3
19339,3
19340,0
19341,0
19342,2
19343,2
19344,3
19345,1
19346,3
19347,2
19348,3
19349,2
19350,2
19351,1
19352,1
19353,3
19354,1
19355,1
19356,3
19357,2
19358,2
19359,1
19360,2
19361,1
19362,0
19363,0
19364,2
19365,3
19366,3
19367,2
19368,1
19369,1
19370,3
19371,1
19372,1
19373,3
19374,3
19375,3
19376,2
19377,3
19378,3
19379,2
19380,3
19381,0
19382,0
19383,1
19384,2
19385,0
19386,2
19387,0
19388,3
19389,2
19390,3
19391,0
19392,3
19393,1
19394,3
19395,1
19396,0
19397,1
19398,1
19399,3
19400,3
19401,2
19402,2
19403,1
19404,2
19405,2
19406,0
19407,2
19408,3
19409,3
19410,2
19411,1
19412,1
19413,3
19414,2
19415,3
19416,1
19417,2
19418,1
19419,3
19420,3
19421,3
19422,2
19423,2
19424,2
19425,0
19426,3
19427,0
19428,2
19429,0
19430,2
19431,2
19432,2
19433,2
19434,0
19435,1
19436,2
19437,0
19438,2
19439,3
19440,1
19441,3
19442,1
19443,1
19444,0
19445,0
19446,1
19447,2
19448,2
19449,0
19450,2
19451,3
19452,1
19453,3
19454,3
19455,3
19456,3
19457,3
19458,1
19459,3
19460,0
19461,0
19462,0
19463,3
19464,3
19465,3
19466,2
19467,0
19468,1
19469,2
19470,0
19471,1
19472,2
19473,0
19474,3
19475,1
19476,0
19477,2
19478,2
19479,1
19480,0
19481,0
19482,0
19483,1
19484,0
19485,2
19486,2
19487,3
19488,0
19489,3
19490,2
19491,1
19492,1
19493,0
19494,2
19495,3
19496,3
19497,1
19498,2
19499,1
19500,1
19501,2
19502,3
19503,3
19504,2
19505,1
19506,1
19507,3
19508,1
19509,1
19510,1
19511,3
19512,3
19513,1
19514,0
19515,2
19516,3
19517,3
19518,1
19519,1
19520,3
19521,3
19522,3
19523,2
19524,2
19525,2
19526,3
19527,2
19528,3
19529,1
19530,1
19531,3
19532,2
19533,1
19534,3
19535,2
19536,3
19537,3
19538,0
19539,3
19540,2
19541,0
19542,2
19543,0
19544,2
19545,1
19546,1
19547,3
19548,1
19549,2
19550,1
19551,1
19552,2
19553,1
19554,1
19555,2
19556,3
19557,2
19558,3
19559,1
19560,2
19561,1
19562,1
19563,1
19564,2
19565,1
19566,1
19567,1
19568,3
19569,1
19570,3
19571,3
19572,2
19573,0
19574,2
19575,3
19576,0
19577,0
19578,1
19579,0
19580,0
19581,2
19582,1
19583,1
19584,2
19585,2
19586,3
19587,3
19588,1
19589,1
19590,1
19591,0
19592,1
19593,3
19594,3
19595,3
19596,2
19597,3
19598,3
19599,3
19600,3
19601,0
19602,0
19603,3
19604,3
19605,1
19606,3
19607,0
19608,0
19609,3
19610,3
19611,2
19612,2
19613,3
19614,2
19615,0
19616,2
19617,2
19618,3
19619,2
19620,1
19621,2
19622,0
19623,3
19624,3
19625,3
19626,1
19627,3
19628,3
19629,3
19630,3
19631,3
19632,0
19633,1
19634,0
19635,3
19636,0
19637,2
19638,3
19639,2
19640,1
19641,3
19642,3
19643,1
19644,3
19645,3
19646,0
19647,1
19648,0
19649,3
19650,2
19651,1
19652,0
19653,0
19654,1
19655,0
19656,3
19657,2
19658,1
19659,2
19660,3
19661,2
19662,3
19663,3
19664,3
19665,3
19666,0
19667,1
19668,0
19669,2
19670,2
19671,3
19672,1
19673,3
19674,1
19675,2
19676,2
19677,1
19678,1
19679,1
19680,3
19681,1
19682,2
19683,1
19684,1
19685,3
19686,1
19687,2
19688,0
19689,0
19690,3
19691,0
19692,2
19693,0
19694,1
19695,2
19696,3
19697,3
19698,3
19699,1
19700,1
19701,2
19702,1
19703,1
19704,3
19705,0
19706,3
19707,0
19708,2
19709,0
19710,3
19711,3
19712,3
19713,0
19714,1
19715,3
19716,3
19717,0
19718,3
19719,0
19720,3
19721,0
19722,3
19723,1
19724,2
19725,2
19726,0
19727,3
19728,0
19729,1
19730,3
19731,3
19732,2
19733,3
19734,2
19735,3
19736,3
19737,0
19738,3
19739,2
19740,3
19741,1
19742,1
19743,0
19744,3
19745,2
19746,1
19747,3
19748,1
19749,1
19750,0
19751,1
19752,3
19753,2
19754,3
19755,0
19756,2
19757,0
19758,3
19759,3
19760,1
19761,1
19762,3
19763,0
19764,1
19765,0
19766,1
19767,0
19768,1
19769,1
19770,1
19771,1
19772,3
19773,2
19774,3
19775,3
19776,1
19777,2
19778,0
19779,3
19780,2
19781,2
19782,2
19783,3
19784,1
19785,2
19786,2
19787,1
19788,3
19789,0
19790,2
19791,2
19792,2
19793,1
19794,3
19795,2
19796,3
19797,1
19798,3
19799,1
19800,1
19801,1
19802,2
19803,2
19804,3
19805,0
19806,1
19807,2
19808,3
19809,2
19810,3
19811,2
19812,1
19813,2
19814,3
19815,2
19816,3
19817,1
19818,3
19819,1
19820,1
19821,1
19822,1
19823,3
19824,3
19825,1
19826,1
19827,3
19828,3
19829,3
19830,0
19831,0
19832,1
19833,3
19834,3
19835,2
19836,0
19837,2
19838,3
19839,3
19840,0
19841,3
19842,2
19843,2
19844,1
19845,3
19846,1
19847,1
19848,3
19849,3
19850,1
19851,1
19852,3
19853,1
19854,3
19855,2
19856,0
19857,1
19858,0
19859,3
19860,3
19861,3
19862,2
19863,3
19864,1
19865,0
19866,2
19867,3
19868,3
19869,2
19870,2
19871,1
19872,3
19873,2
19874,2
19875,1
19876,3
19877,2
19878,0
19879,3
19880,2
19881,1
19882,0
19883,1
19884,2
19885,3
19886,0
19887,0
19888,3
19889,3
19890,3
19891,3
19892,3
19893,3
19894,2
19895,1
19896,1
19897,2
19898,1
19899,3
19900,2
19901,3
19902,3
19903,2
19904,1
19905,1
19906,2
19907,0
19908,2
19909,2
19910,0
19911,1
19912,3
19913,3
19914,0
19915,0
19916,2
19917,0
19918,2
19919,3
19920,2
19921,3
19922,0
19923,2
19924,2
19925,3
19926,1
19927,3
19928,2
19929,3
19930,0
19931,3
19932,0
19933,1
19934,2
19935,3
19936,1
19937,0
19938,1
19939,1
19940,2
19941,3
19942,2
19943,2
19944,3
19945,3
19946,1
19947,1
19948,0
19949,2
19950,3
19951,2
19952,1
19953,3
19954,1
19955,2
19956,2
19957,2
19958,2
19959,1
19960,2
19961,2
19962,1
19963,1
19964,2
19965,1
19966,2
19967,1
19968,3
19969,1
19970,3
19971,1
19972,2
19973,2
19974,2
19975,2
19976,3
19977,1
19978,3
19979,2
19980,2
19981,3
19982,1
19983,3
19984,1
19985,0
19986,3
19987,1
19988,3
19989,3
19990,2
19991,2
19992,2
19993,2
19994,0
19995,3
19996,0
19997,1
19998,1
19999,0
20000,3
20001,0
20002,3
20003,2
20004,2
20005,3
20006,3
20007,2
20008,3
20009,1
20010,2
20011,2
20012,1
20013,0
20014,2
20015,1
20016,3
20017,0
20018,3
20019,1
20020,1
20021,2
20022,3
20023,3
20024,0
20025,3
20026,0
20027,1
20028,3
20029,0
20030,3
20031,1
20032,2
20033,2
20034,3
20035,0
20036,2
20037,0
20038,0
20039,3
20040,0
20041,2
20042,3
20043,3
20044,2
20045,0
20046,3
20047,3
20048,3
20049,0
20050,2
20051,3
20052,3
20053,3
20054,1
20055,2
20056,3
20057,3
20058,1
20059,2
20060,3
20061,3
20062,2
20063,3
20064,3
20065,0
20066,0
20067,3
20068,3
20069,2
20070,3
20071,2
20072,3
20073,0
20074,1
20075,1
20076,0
20077,3
20078,3
20079,1
20080,1
20081,1
20082,3
20083,3
20084,2
20085,3
20086,1
20087,0
20088,2
20089,0
20090,1
20091,3
20092,2
20093,1
20094,3
20095,0
20096,1
20097,1
20098,2
20099,3
20100,0
20101,3
20102,3
20103,2
20104,2
20105,3
20106,2
20107,3
20108,2
20109,3
20110,3
20111,0
20112,1
20113,3
20114,3
20115,1
20116,2
20117,0
20118,3
20119,3
20120,1
20121,3
20122,2
20123,3
20124,1
20125,2
20126,1
20127,1
20128,1
20129,3
20130,3
20131,2
20132,0
20133,3
20134,2
20135,1
20136,3
20137,2
20138,2
20139,1
20140,3
20141,1
20142,3
20143,1
20144,2
20145,2
20146,3
20147,0
20148,2
20149,2
20150,1
20151,1
20152,0
20153,2
20154,1
20155,0
20156,1
20157,3
20158,3
20159,1
20160,3
20161,1
20162,0
20163,3
20164,2
20165,3
20166,1
20167,1
20168,1
20169,1
20170,3
20171,1
20172,1
20173,3
20174,3
20175,0
20176,1
20177,1
20178,0
20179,3
20180,2
20181,0
20182,0
20183,1
20184,3
20185,0
20186,3
20187,2
20188,3
20189,2
20190,2
20191,0
20192,1
20193,3
20194,0
20195,1
20196,2
20197,1
20198,3
20199,0
20200,3
20201,0
20202,3
20203,0
20204,3
20205,3
20206,3
20207,2
20208,2
20209,1
20210,2
20211,0
20212,2
20213,1
20214,3
20215,2
20216,1
20217,1
20218,2
20219,3
20220,2
20221,3
20222,0
20223,3
20224,3
20225,0
20226,2
20227,3
20228,3
20229,1
20230,0
20231,0
20232,3
20233,1
20234,1
20235,0
20236,2
20237,3
20238,2
20239,2
20240,0
20241,2
20242,2
20243,3
20244,2
20245,2
20246,1
20247,1
20248,3
20249,3
20250,2
20251,3
20252,2
20253,1
20254,2
20255,3
20256,3
20257,1
20258,3
20259,2
20260,1
20261,0
20262,1
20263,3
20264,1
20265,3
20266,3
20267,1
20268,3
20269,0
20270,1
20271,3
20272,2
20273,3
20274,2
20275,2
20276,0
20277,0
20278,0
20279,2
20280,1
20281,2
20282,3
20283,3
20284,1
20285,3
20286,3
20287,3
20288,2
20289,3
20290,2
20291,3
20292,1
20293,3
20294,0
20295,1
20296,0
20297,1
20298,1
20299,2
20300,3
20301,0
20302,0
20303,0
20304,3
20305,1
20306,0
20307,3
20308,3
20309,2
20310,3
20311,2
20312,2
20313,2
20314,2
20315,1
20316,0
20317,2
20318,1
20319,1
20320,2
20321,3
20322,0
20323,0
20324,3
20325,3
20326,1
20327,3
20328,3
20329,1
20330,2
20331,3
20332,2
20333,3
20334,2
20335,0
20336,3
20337,2
20338,2
20339,2
20340,0
20341,0
20342,1
20343,2
20344,1
20345,0
20346,3
20347,3
20348,2
20349,1
20350,2
20351,1
20352,3
20353,1
20354,1
20355,3
20356,3
20357,3
20358,1
20359,2
20360,0
20361,2
20362,0
20363,3
20364,0
20365,2
20366,3
20367,3
20368,3
20369,2
20370,1
20371,0
20372,3
20373,0
20374,3
20375,2
20376,1
20377,2
20378,1
20379,3
20380,3
20381,1
20382,2
20383,3
20384,2
20385,1
20386,1
20387,1
20388,3
20389,1
20390,0
20391,3
20392,3
20393,0
20394,2
20395,3
20396,1
20397,2
20398,3
20399,3
20400,3
20401,0
20402,1
20403,3
20404,0
20405,2
20406,1
20407,0
20408,3
20409,0
20410,2
20411,2
20412,1
20413,1
20414,3
20415,3
20416,2
20417,2
20418,3
20419,0
20420,0
20421,1
20422,0
20423,2
20424,2
20425,1
20426,2
20427,3
20428,3
20429,3
20430,1
20431,2
20432,3
20433,1
20434,3
20435,1
20436,0
20437,1
20438,3
20439,1
20440,0
20441,3
20442,3
20443,3
20444,1
20445,0
20446,2
20447,3
20448,0
20449,2
20450,3
20451,2
20452,3
20453,3
20454,2
20455,0
20456,3
20457,3
20458,3
20459,3
20460,3
20461,1
20462,0
20463,1
20464,2
20465,0
20466,2
20467,2
20468,0
20469,3
20470,2
20471,3
20472,3
20473,0
20474,1
20475,2
20476,1
20477,2
20478,3
20479,3
20480,3
20481,3
20482,0
20483,2
20484,3
20485,2
20486,1
20487,2
20488,1
20489,3
20490,1
20491,2
20492,3
20493,3
20494,3
20495,1
20496,0
20497,2
20498,2
20499,2
20500,3
20501,0
20502,3
20503,3
20504,1
20505,3
20506,2
20507,2
20508,1
20509,2
20510,0
20511,3
20512,0
20513,3
20514,3
20515,0
20516,2
20517,0
20518,2
20519,3
20520,3
20521,2
20522,1
20523,0
20524,3
20525,2
20526,3
20527,3
20528,3
20529,2
20530,2
20531,3
20532,1
20533,2
20534,0
20535,3
20536,2
20537,2
20538,2
20539,2
20540,0
20541,1
20542,1
20543,3
20544,2
20545,0
20546,1
20547,1
20548,3
20549,3
20550,2
20551,2
20552,1
20553,2
20554,1
20555,1
20556,0
20557,2
20558,0
20559,1
20560,1
20561,1
20562,3
20563,2
20564,3
20565,2
20566,1
20567,3
20568,1
20569,2
20570,3
20571,3
20572,0
20573,3
20574,3
20575,3
20576,3
20577,3
20578,2
20579,3
20580,0
20581,3
20582,2
20583,2
20584,3
20585,3
20586,0
20587,1
20588,3
20589,0
20590,3
20591,3
20592,0
20593,1
20594,0
20595,1
20596,1
20597,2
20598,1
20599,2
20600,3
20601,3
20602,1
20603,2
20604,0
20605,3
20606,0
20607,3
20608,3
20609,3
20610,0
20611,3
20612,1
20613,0
20614,3
20615,3
20616,3
20617,3
20618,2
20619,1
20620,3
20621,2
20622,1
20623,3
20624,1
20625,2
20626,3
20627,3
20628,1
20629,3
20630,3
20631,3
20632,1
20633,3
20634,3
20635,3
20636,1
20637,2
20638,3
20639,2
20640,3
20641,0
20642,1
20643,3
20644,0
20645,0
20646,3
20647,3
20648,3
20649,2
20650,2
20651,1
20652,3
20653,1
20654,2
20655,1
20656,0
20657,0
20658,1
20659,2
20660,1
20661,1
20662,1
20663,3
20664,0
20665,0
20666,1
20667,1
20668,1
20669,2
20670,0
20671,2
20672,0
20673,3
20674,2
20675,1
20676,2
20677,3
20678,2
20679,2
20680,2
20681,3
20682,2
20683,1
20684,3
20685,3
20686,3
20687,0
20688,3
20689,0
20690,0
20691,0
20692,1
20693,3
20694,1
20695,3
20696,0
20697,3
20698,3
20699,3
20700,0
20701,3
20702,2
20703,3
20704,2
20705,1
20706,0
20707,0
20708,0
20709,2
20710,2
20711,1
20712,0
20713,0
20714,1
20715,3
20716,1
20717,1
20718,1
20719,3
20720,0
20721,2
20722,2
20723,3
20724,2
20725,3
20726,1
20727,3
20728,2
20729,1
20730,1
20731,2
20732,3
20733,3
20734,3
20735,2
20736,3
20737,3
20738,2
20739,3
20740,2
20741,1
20742,0
20743,0
20744,1
20745,3
20746,2
20747,0
20748,0
20749,2
20750,1
20751,1
20752,2
20753,2
20754,0
20755,3
20756,1
20757,3
20758,1
20759,1
20760,0
20761,0
20762,1
20763,3
20764,1
20765,3
20766,1
20767,0
20768,1
20769,3
20770,3
20771,3
20772,1
20773,1
20774,3
20775,1
20776,3
20777,1
20778,1
20779,2
20780,2
20781,3
20782,0
20783,1
20784,2
20785,3
20786,2
20787,3
20788,1
20789,3
20790,0
20791,0
20792,0
20793,1
20794,2
20795,2
20796,2
20797,1
20798,3
20799,0
20800,2
20801,0
20802,2
20803,1
20804,3
20805,2
20806,3
20807,0
20808,3
20809,3
20810,3
20811,1
20812,3
20813,3
20814,1
20815,3
20816,3
20817,3
20818,3
20819,1
20820,1
20821,3
20822,3
20823,3
20824,3
20825,3
20826,0
20827,3
20828,2
20829,0
20830,0
20831,0
20832,0
20833,3
20834,2
20835,1
20836,3
20837,1
20838,0
20839,3
20840,0
20841,3
20842,1
20843,1
20844,1
20845,3
20846,0
20847,1
20848,3
20849,1
20850,1
20851,2
20852,1
20853,3
20854,0
20855,3
20856,3
20857,2
20858,0
20859,3
20860,2
20861,1
20862,0
20863,2
20864,1
20865,2
20866,3
20867,3
20868,0
20869,2
20870,2
20871,1
20872,0
20873,3
20874,1
20875,2
20876,2
20877,2
20878,3
20879,3
20880,0
20881,1
20882,2
20883,2
20884,1
20885,3
20886,1
20887,2
20888,0
20889,3
20890,2
20891,3
20892,0
20893,3
20894,3
20895,3
20896,3
20897,3
20898,0
20899,0
20900,2
20901,1
20902,3
20903,2
20904,3
20905,0
20906,2
20907,3
20908,2
20909,0
20910,3
20911,0
20912,3
20913,3
20914,1
20915,1
20916,3
20917,0
20918,1
20919,2
20920,2
20921,0
20922,2
20923,1
20924,1
20925,0
20926,0
20927,1
20928,3
20929,3
20930,3
20931,3
20932,1
20933,3
20934,2
20935,2
20936,3
20937,2
20938,0
20939,1
20940,1
20941,3
20942,3
20943,1
20944,1
20945,3
20946,1
20947,0
20948,1
20949,1
20950,1
20951,0
20952,3
20953,3
20954,3
20955,3
20956,3
20957,0
20958,3
20959,3
20960,2
20961,0
20962,2
20963,0
20964,3
20965,3
20966,0
20967,2
20968,2
20969,3
20970,1
20971,0
20972,1
20973,2
20974,2
20975,0
20976,3
20977,2
20978,3
20979,2
20980,3
20981,0
20982,3
20983,3
20984,3
20985,3
20986,1
20987,0
20988,2
20989,1
20990,0
20991,2
20992,3
20993,3
20994,2
20995,0
20996,2
20997,3
20998,1
20999,1
21000,3
21001,0
21002,3
21003,1
21004,2
21005,2
21006,3
21007,3
21008,1
21009,3
21010,0
21011,1
21012,1
21013,0
21014,1
21015,3
21016,3
21017,0
21018,1
21019,1
21020,1
21021,2
21022,2
21023,3
21024,3
21025,3
21026,1
21027,3
21028,2
21029,3
21030,3
21031,3
21032,1
21033,2
21034,0
21035,3
21036,3
21037,3
21038,0
21039,3
21040,0
21041,1
21042,0
21043,0
21044,2
21045,1
21046,3
21047,3
21048,3
21049,0
21050,1
21051,2
21052,2
21053,2
21054,3
21055,0
21056,3
21057,0
21058,2
21059,1
21060,1
21061,2
21062,3
21063,0
21064,0
21065,0
21066,2
21067,2
21068,1
21069,3
21070,3
21071,3
21072,0
21073,0
21074,3
21075,1
21076,3
21077,1
21078,0
21079,1
21080,3
21081,2
21082,3
21083,3
21084,3
21085,1
21086,0
21087,1
21088,3
21089,3
21090,3
21091,3
21092,3
21093,1
21094,1
21095,3
21096,1
21097,1
21098,0
21099,0
21100,3
21101,1
21102,0
21103,0
21104,2
21105,1
21106,2
21107,3
21108,0
21109,0
21110,0
21111,1
21112,2
21113,0
21114,1
21115,3
21116,3
21117,0
21118,3
21119,1
21120,3
21121,3
21122,0
21123,0
21124,0
21125,3
21126,1
21127,1
21128,0
21129,1
21130,2
21131,3
21132,3
21133,1
21134,3
21135,2
21136,1
21137,1
21138,2
21139,0
21140,2
21141,1
21142,3
21143,1
21144,0
21145,2
21146,0
21147,2
21148,3
21149,2
21150,2
21151,0
21152,3
21153,3
21154,1
21155,3
21156,3
21157,0
21158,2
21159,3
21160,0
21161,0
21162,2
21163,2
21164,0
21165,0
21166,2
21167,2
21168,3
21169,3
21170,1
21171,2
21172,3
21173,3
21174,1
21175,2
21176,3
21177,3
21178,3
21179,2
21180,2
21181,1
21182,3
21183,3
21184,3
21185,2
21186,1
21187,3
21188,0
21189,2
21190,3
21191,3
21192,0
21193,3
21194,0
21195,0
21196,2
21197,0
21198,1
21199,3
21200,3
21201,0
21202,3
21203,3
21204,1
21205,2
21206,3
21207,1
21208,3
21209,1
21210,3
21211,2
21212,3
21213,0
21214,1
21215,1
21216,3
21217,3
21218,3
21219,2
21220,3
21221,0
21222,3
21223,3
21224,2
21225,3
21226,3
21227,3
21228,3
21229,3
21230,3
21231,0
21232,3
21233,0
21234,2
21235,1
21236,1
21237,3
21238,0
21239,2
21240,1
21241,0
21242,2
21243,0
21244,1
21245,1
21246,0
21247,1
21248,2
21249,1
21250,1
21251,3
21252,2
21253,2
21254,2
21255,3
21256,3
21257,2
21258,2
21259,0
21260,3
21261,0
21262,0
21263,2
21264,0
21265,2
21266,3
21267,2
21268,3
21269,1
21270,2
21271,1
21272,3
21273,1
21274,1
21275,3
21276,1
21277,0
21278,2
21279,3
21280,1
21281,2
21282,0
21283,3
21284,2
21285,3
21286,3
21287,1
21288,3
21289,1
21290,2
21291,2
21292,1
21293,3
21294,3
21295,2
21296,2
21297,0
21298,0
21299,3
21300,1
21301,2
21302,3
21303,2
21304,3
21305,3
21306,3
21307,0
21308,3
21309,2
21310,0
21311,0
21312,1
21313,0
21314,2
21315,3
21316,3
21317,3
21318,3
21319,1
21320,2
21321,3
21322,3
21323,3
21324,3
21325,0
21326,2
21327,2
21328,2
21329,0
21330,3
21331,0
21332,0
21333,2
21334,3
21335,3
21336,1
21337,1
21338,3
21339,3
21340,3
21341,3
21342,2
21343,2
21344,2
21345,1
21346,1
21347,3
21348,3
21349,3
21350,1
21351,2
21352,3
21353,0
21354,2
21355,0
21356,3
21357,2
21358,0
21359,0
21360,3
21361,0
21362,3
21363,3
21364,1
21365,3
21366,0
21367,3
21368,2
21369,1
21370,0
21371,3
21372,2
21373,1
21374,3
21375,3
21376,2
21377,3
21378,2
21379,0
21380,2
21381,0
21382,1
21383,3
21384,0
21385,1
21386,2
21387,3
21388,3
21389,0
21390,1
21391,0
21392,0
21393,1
21394,0
21395,3
21396,0
21397,3
21398,1
21399,2
21400,1
21401,2
21402,1
21403,0
21404,3
21405,1
21406,3
21407,3
21408,2
21409,3
21410,1
21411,1
21412,2
21413,3
21414,1
21415,2
21416,2
21417,2
21418,3
21419,2
21420,1
21421,0
21422,0
21423,1
21424,2
21425,1
21426,1
21427,3
21428,2
21429,1
21430,3
21431,3
21432,3
21433,0
21434,0
21435,1
21436,1
21437,3
21438,2
21439,3
21440,3
21441,3
21442,2
21443,1
21444,3
21445,2
21446,2
21447,3
21448,1
21449,1
21450,3
21451,3
21452,3
21453,2
21454,3
21455,0
21456,1
21457,3
21458,0
21459,0
21460,0
21461,1
21462,0
21463,2
21464,0
21465,3
21466,1
21467,0
21468,2
21469,0
21470,1
21471,2
21472,2
21473,3
21474,0
21475,1
21476,2
21477,3
21478,2
21479,3
21480,1
21481,3
21482,3
21483,3
21484,3
21485,3
21486,3
21487,1
21488,0
21489,0
21490,3
21491,1
21492,0
21493,1
21494,1
21495,0
21496,3
21497,1
21498,3
21499,0
21500,1
21501,0
21502,3
21503,0
21504,1
21505,3
21506,3
21507,3
21508,3
21509,1
21510,0
21511,3
21512,1
21513,3
21514,2
21515,1
21516,3
21517,2
21518,3
21519,1
21520,3
21521,0
21522,1
21523,1
21524,0
21525,3
21526,3
21527,1
21528,3
21529,1
21530,3
21531,2
21532,3
21533,3
21534,1
21535,3
21536,1
21537,0
21538,3
21539,1
21540,3
21541,3
21542,0
21543,2
21544,1
21545,0
21546,3
21547,1
21548,0
21549,2
21550,3
21551,0
21552,1
21553,1
21554,3
21555,3
21556,3
21557,3
21558,3
21559,0
21560,2
21561,1
21562,2
21563,2
21564,3
21565,3
21566,3
21567,0
21568,1
21569,3
21570,2
21571,2
21572,1
21573,3
21574,1
21575,3
21576,3
21577,3
21578,3
21579,2
21580,3
21581,3
21582,2
21583,2
21584,1
21585,3
21586,2
21587,3
21588,3
21589,2
21590,2
21591,0
21592,1
21593,3
21594,2
21595,0
21596,0
21597,2
21598,3
21599,2
21600,0
21601,3
21602,2
21603,3
21604,1
21605,0
21606,2
21607,3
21608,3
21609,0
21610,2
21611,2
21612,2
21613,2
21614,3
21615,1
21616,3
21617,0
21618,3
21619,1
21620,3
21621,0
21622,2
21623,2
21624,3
21625,3
21626,1
21627,3
21628,1
21629,3
21630,3
21631,1
21632,1
21633,0
21634,2
21635,1
21636,3
21637,3
21638,0
21639,0
21640,3
21641,0
21642,2
21643,2
21644,0
21645,0
21646,2
21647,3
21648,3
21649,2
21650,3
21651,1
21652,0
21653,0
21654,1
21655,0
21656,3
21657,0
21658,0
21659,0
21660,1
21661,3
21662,2
21663,3
21664,2
21665,2
21666,2
21667,0
21668,1
21669,3
21670,2
21671,1
21672,3
21673,2
21674,2
21675,3
21676,2
21677,1
21678,1
21679,3
21680,3
21681,0
21682,3
21683,3
21684,3
21685,2
21686,3
21687,3
21688,1
21689,0
21690,2
21691,1
21692,0
21693,3
21694,3
21695,3
21696,0
21697,3
21698,1
21699,1
21700,2
21701,2
21702,3
21703,3
21704,2
21705,0
21706,0
21707,2
21708,2
21709,2
21710,1
21711,0
21712,1
21713,3
21714,1
21715,2
21716,2
21717,3
21718,1
21719,0
21720,3
21721,1
21722,2
21723,3
21724,3
21725,3
21726,3
21727,3
21728,3
21729,3
21730,0
21731,1
21732,3
21733,3
21734,0
21735,3
21736,1
21737,3
21738,3
21739,1
21740,2
21741,3
21742,3
21743,3
21744,2
21745,3
21746,2
21747,0
21748,2
21749,0
21750,3
21751,0
21752,3
21753,1
21754,0
21755,3
21756,1
21757,0
21758,0
21759,3
21760,3
21761,1
21762,2
21763,3
21764,2
21765,3
21766,1
21767,3
21768,1
21769,0
21770,0
21771,3
21772,3
21773,3
21774,3
21775,1
21776,1
21777,1
21778,1
21779,3
21780,2
21781,0
21782,2
21783,3
21784,1
21785,1
21786,1
21787,0
21788,3
21789,1
21790,0
21791,1
21792,3
21793,2
21794,1
21795,0
21796,3
21797,0
21798,2
21799,2
21800,2
21801,2
21802,3
21803,2
21804,3
21805,3
21806,1
21807,0
21808,3
21809,1
21810,0
21811,0
21812,3
21813,1
21814,0
21815,3
21816,2
21817,3
21818,0
21819,1
21820,2
21821,0
21822,1
21823,2
21824,3
21825,3
21826,1
21827,1
21828,1
21829,0
21830,3
21831,0
21832,2
21833,2
21834,2
21835,3
21836,3
21837,3
21838,2
21839,3
21840,3
21841,0
21842,3
21843,2
21844,3
21845,3
21846,2
21847,1
21848,2
21849,3
21850,3
21851,2
21852,3
21853,1
21854,1
21855,1
21856,3
21857,3
21858,1
21859,0
21860,1
21861,3
21862,3
21863,2
21864,2
21865,3
21866,2
21867,3
21868,3
21869,2
21870,3
21871,3
21872,2
21873,3
21874,3
21875,2
21876,1
21877,1
21878,2
21879,0
21880,0
21881,0
21882,2
21883,0
21884,0
21885,1
21886,3
21887,2
21888,3
21889,0
21890,3
21891,2
21892,3
21893,1
21894,0
21895,1
21896,3
21897,2
21898,3
21899,3
21900,1
21901,0
21902,3
21903,2
21904,0
21905,3
21906,3
21907,3
21908,3
21909,1
21910,3
21911,3
21912,3
21913,1
21914,0
21915,2
21916,3
21917,3
21918,3
21919,2
21920,0
21921,3
21922,2
21923,2
21924,1
21925,2
21926,2
21927,3
21928,1
21929,3
21930,1
21931,1
21932,3
21933,1
21934,2
21935,2
21936,2
21937,1
21938,0
21939,1
21940,3
21941,3
21942,1
21943,0
21944,3
21945,2
21946,1
21947,3
21948,3
21949,1
21950,2
21951,0
21952,3
21953,3
21954,0
21955,2
21956,1
21957,3
21958,3
21959,2
21960,2
21961,1
21962,3
21963,2
21964,0
21965,3
21966,3
21967,3
21968,2
21969,1
21970,3
21971,3
21972,3
21973,2
21974,3
21975,0
21976,2
21977,1
21978,3
21979,0
21980,1
21981,2
21982,0
21983,0
21984,3
21985,2
21986,3
21987,2
21988,1
21989,0
21990,1
21991,3
21992,0
21993,3
21994,1
21995,0
21996,1
21997,3
21998,3
21999,1
22000,1
22001,1
22002,3
22003,1
22004,1
22005,3
22006,0
22007,3
22008,3
22009,3
22010,2
22011,3
22012,3
22013,1
22014,0
22015,3
22016,0
22017,1
22018,3
22019,1
22020,0
22021,1
22022,1
22023,3
22024,2
22025,1
22026,2
22027,3
22028,0
22029,2
22030,3
22031,3
22032,3
22033,0
22034,1
22035,3
22036,3
22037,3
22038,3
22039,1
22040,1
22041,0
22042,1
22043,0
22044,1
22045,0
22046,3
22047,3
22048,1
22049,1
22050,0
22051,2
22052,3
22053,3
22054,2
22055,2
22056,2
22057,0
22058,2
22059,0
22060,3
22061,0
22062,2
22063,2
22064,3
22065,1
22066,2
22067,2
22068,1
22069,2
22070,1
22071,3
22072,3
22073,3
22074,1
22075,3
22076,1
22077,2
22078,3
22079,2
22080,2
22081,3
22082,0
22083,3
22084,3
22085,1
22086,2
22087,3
22088,1
22089,1
22090,1
22091,1
22092,3
22093,2
22094,2
22095,3
22096,1
22097,3
22098,0
22099,0
22100,3
22101,1
22102,1
22103,3
22104,2
22105,1
22106,2
22107,0
22108,2
22109,2
22110,2
22111,3
22112,2
22113,3
22114,2
22115,3
22116,0
22117,3
22118,3
22119,3
22120,3
22121,2
22122,1
22123,0
22124,1
22125,0
22126,3
22127,0
22128,3
22129,2
22130,2
22131,3
22132,0
22133,3
22134,2
22135,3
22136,2
22137,2
22138,1
22139,3
22140,0
22141,3
22142,3
22143,1
22144,3
22145,3
22146,3
22147,2
22148,2
22149,1
22150,3
22151,3
22152,1
22153,2
22154,1
22155,2
22156,3
22157,2
22158,0
22159,3
22160,3
22161,3
22162,0
22163,2
22164,0
22165,2
22166,1
22167,3
22168,0
22169,3
22170,3
22171,3
22172,3
22173,1
22174,1
22175,3
22176,3
22177,2
22178,2
22179,1
22180,2
22181,3
22182,3
22183,1
22184,1
22185,0
22186,1
22187,2
22188,3
22189,3
22190,1
22191,2
22192,1
22193,0
22194,3
22195,0
22196,2
22197,3
22198,3
22199,0
22200,2
22201,3
22202,2
22203,1
22204,1
22205,2
22206,2
22207,2
22208,3
22209,1
22210,2
22211,1
22212,1
22213,2
22214,3
22215,0
22216,1
22217,2
22218,3
22219,3
22220,1
22221,3
22222,1
22223,2
22224,2
22225,1
22226,3
22227,2
22228,1
22229,3
22230,2
22231,1
22232,0
22233,1
22234,3
22235,2
22236,1
22237,3
22238,3
22239,3
22240,0
22241,3
22242,0
22243,3
22244,3
22245,2
22246,1
22247,1
22248,1
22249,1
22250,0
22251,2
22252,2
22253,3
22254,1
22255,3
22256,3
22257,2
22258,2
22259,3
22260,2
22261,1
22262,3
22263,1
22264,1
22265,0
22266,3
22267,3
22268,3
22269,3
22270,1
22271,2
22272,2
22273,2
22274,1
22275,0
22276,1
22277,0
22278,3
22279,2
22280,1
22281,0
22282,1
22283,3
22284,1
22285,1
22286,2
22287,3
22288,0
22289,2
22290,3
22291,2
22292,0
22293,3
22294,3
22295,2
22296,2
22297,3
22298,1
22299,3
22300,3
22301,1
22302,3
22303,3
22304,3
22305,1
22306,3
22307,3
22308,1
22309,3
22310,1
22311,1
22312,1
22313,0
22314,3
22315,0
22316,0
22317,2
22318,0
22319,0
22320,1
22321,0
22322,0
22323,1
22324,2
22325,1
22326,3
22327,1
22328,1
22329,3
22330,1
22331,1
22332,3
22333,0
22334,3
22335,0
22336,2
22337,0
22338,1
22339,2
22340,2
22341,2
22342,1
22343,3
22344,1
22345,1
22346,1
22347,3
22348,1
22349,0
22350,2
22351,2
22352,3
22353,0
22354,0
22355,1
22356,1
22357,0
22358,2
22359,2
22360,0
22361,1
22362,1
22363,3
22364,1
22365,1
22366,0
22367,3
22368,3
22369,0
22370,2
22371,0
22372,3
22373,1
22374,0
22375,0
22376,3
22377,1
22378,1
22379,3
22380,0
22381,3
22382,3
22383,3
22384,2
22385,3
22386,3
22387,2
22388,2
22389,2
22390,0
22391,1
22392,1
22393,0
22394,3
22395,1
22396,3
22397,1
22398,3
22399,2
22400,3
22401,1
22402,0
22403,1
22404,1
22405,1
22406,1
22407,2
22408,1
22409,3
22410,0
22411,1
22412,0
22413,3
22414,1
22415,2
22416,3
22417,2
22418,1
22419,3
22420,0
22421,1
22422,1
22423,3
22424,0
22425,3
22426,3
22427,3
22428,0
22429,2
22430,1
22431,3
22432,3
22433,2
22434,3
22435,1
22436,0
22437,3
22438,1
22439,2
22440,3
22441,0
22442,1
22443,2
22444,0
22445,2
22446,1
22447,3
22448,2
22449,3
22450,3
22451,2
22452,2
22453,3
22454,2
22455,3
22456,0
22457,2
22458,1
22459,0
22460,1
22461,0
22462,3
22463,2
22464,2
22465,1
22466,2
22467,2
22468,1
22469,3
22470,2
22471,1
22472,3
22473,2
22474,3
22475,2
22476,2
22477,3
22478,1
22479,2
22480,2
22481,3
22482,3
22483,1
22484,0
22485,3
22486,3
22487,3
22488,3
22489,3
22490,2
22491,3
22492,2
22493,3
22494,3
22495,0
22496,1
22497,3
22498,0
22499,2
22500,1
22501,2
22502,3
22503,0
22504,1
22505,1
22506,1
22507,2
22508,3
22509,3
22510,1
22511,1
22512,3
22513,3
22514,3
22515,2
22516,3
22517,0
22518,3
22519,3
22520,2
22521,1
22522,1
22523,0
22524,3
22525,3
22526,2
22527,2
22528,1
22529,1
22530,3
22531,3
22532,3
22533,1
22534,0
22535,2
22536,2
22537,2
22538,3
22539,0
22540,3
22541,3
22542,3
22543,2
22544,2
22545,2
22546,3
22547,0
22548,0
22549,1
22550,2
22551,0
22552,2
22553,0
22554,0
22555,3
22556,2
22557,2
22558,3
22559,3
22560,2
22561,2
22562,3
22563,2
22564,3
22565,2
22566,1
22567,3
22568,2
22569,3
22570,0
22571,3
22572,3
22573,3
22574,1
22575,2
22576,2
22577,3
22578,2
22579,2
22580,2
22581,1
22582,2
22583,2
22584,1
22585,2
22586,1
22587,3
22588,0
22589,0
22590,0
22591,3
22592,3
22593,1
22594,3
22595,2
22596,3
22597,2
22598,1
22599,3
22600,1
22601,0
22602,3
22603,3
22604,3
22605,3
22606,0
22607,0
22608,2
22609,3
22610,1
22611,1
22612,3
22613,0
22614,3
22615,0
22616,1
22617,3
22618,1
22619,2
22620,3
22621,1
22622,1
22623,3
22624,2
22625,2
22626,3
22627,3
22628,3
22629,3
22630,1
22631,2
22632,2
22633,1
22634,1
22635,2
22636,3
22637,3
22638,3
22639,1
22640,3
22641,3
22642,0
22643,1
22644,3
22645,3
22646,0
22647,2
22648,2
22649,1
22650,0
22651,1
22652,1
22653,2
22654,2
22655,2
22656,0
22657,0
22658,3
22659,2
22660,1
22661,1
22662,0
22663,1
22664,0
22665,1
22666,1
22667,3
22668,2
22669,3
22670,3
22671,3
22672,3
22673,3
22674,3
22675,1
22676,2
22677,2
22678,1
22679,1
22680,2
22681,1
22682,3
22683,1
22684,2
22685,0
22686,3
22687,2
22688,3
22689,1
22690,3
22691,2
22692,1
22693,2
22694,0
22695,0
22696,3
22697,3
22698,0
22699,3
22700,3
22701,0
22702,1
22703,1
22704,2
22705,3
22706,1
22707,3
22708,2
22709,0
22710,3
22711,3
22712,3
22713,3
22714,3
22715,3
22716,1
22717,1
22718,3
22719,0
22720,2
22721,1
22722,3
22723,1
22724,2
22725,1
22726,3
22727,3
22728,0
22729,1
22730,2
22731,3
22732,1
22733,0
22734,1
22735,3
22736,0
22737,0
22738,3
22739,3
22740,3
22741,2
22742,0
22743,2
22744,3
22745,3
22746,3
22747,3
22748,1
22749,0
22750,3
22751,0
22752,2
22753,3
22754,3
22755,1
22756,3
22757,3
22758,2
22759,0
22760,2
22761,2
22762,0
22763,0
22764,3
22765,0
22766,0
22767,0
22768,1
22769,3
22770,2
22771,0
22772,2
22773,1
22774,0
22775,3
22776,2
22777,3
22778,0
22779,3
22780,3
22781,3
22782,1
22783,0
22784,2
22785,3
22786,2
22787,2
22788,1
22789,2
22790,1
22791,3
22792,2
22793,2
22794,0
22795,3
22796,0
22797,2
22798,2
22799,2
22800,2
22801,3
22802,3
22803,2
22804,3
22805,3
22806,3
22807,1
22808,2
22809,3
22810,3
22811,1
22812,0
22813,3
22814,0
22815,2
22816,0
22817,3
22818,2
22819,3
22820,1
22821,1
22822,0
22823,3
22824,3
22825,2
22826,2
22827,2
22828,1
22829,3
22830,0
22831,2
22832,3
22833,0
22834,3
22835,3
22836,0
22837,3
22838,0
22839,1
22840,3
22841,2
22842,0
22843,1
22844,2
22845,3
22846,1
22847,2
22848,2
22849,3
22850,0
22851,3
22852,2
22853,3
22854,0
22855,3
22856,1
22857,3
22858,1
22859,3
22860,2
22861,0
22862,3
22863,0
22864,3
22865,2
22866,0
22867,3
22868,1
22869,2
22870,3
22871,0
22872,2
22873,3
22874,1
22875,2
22876,0
22877,3
22878,1
22879,2
22880,3
22881,3
22882,3
22883,2
22884,3
22885,3
22886,1
22887,3
22888,1
22889,2
22890,3
22891,0
22892,1
22893,3
22894,0
22895,2
22896,1
22897,2
22898,3
22899,3
22900,0
22901,1
22902,3
22903,3
22904,3
22905,3
22906,2
22907,2
22908,3
22909,1
22910,2
22911,3
22912,2
22913,1
22914,1
22915,2
22916,3
22917,3
22918,1
22919,1
22920,2
22921,3
22922,3
22923,1
22924,3
22925,3
22926,0
22927,1
22928,3
22929,3
22930,3
22931,2
22932,3
22933,3
22934,2
22935,0
22936,2
22937,2
22938,0
22939,2
22940,2
22941,2
22942,0
22943,3
22944,3
22945,1
22946,1
22947,2
22948,3
22949,3
22950,0
22951,3
22952,1
22953,3
22954,1
22955,3
22956,0
22957,0
22958,2
22959,2
22960,2
22961,1
22962,2
22963,1
22964,0
22965,1
22966,3
22967,2
22968,3
22969,0
22970,0
22971,2
22972,3
22973,3
22974,3
22975,3
22976,3
22977,1
22978,1
22979,0
22980,1
22981,3
22982,0
22983,1
22984,1
22985,3
22986,2
22987,2
22988,3
22989,3
22990,0
22991,2
22992,3
22993,3
22994,2
22995,2
22996,3
22997,1
22998,3
22999,3
23000,2
23001,2
23002,1
23003,0
23004,0
23005,1
23006,3
23007,1
23008,1
23009,1
23010,3
23011,3
23012,3
23013,3
23014,2
23015,3
23016,1
23017,2
23018,2
23019,0
23020,0
23021,3
23022,3
23023,3
23024,2
23025,1
23026,0
23027,0
23028,1
23029,2
23030,0
23031,0
23032,0
23033,0
23034,2
23035,3
23036,3
23037,0
23038,0
23039,2
23040,3
23041,2
23042,0
23043,1
23044,3
23045,3
23046,2
23047,3
23048,2
23049,1
23050,2
23051,0
23052,0
23053,2
23054,3
23055,0
23056,2
23057,3
23058,1
23059,2
23060,3
23061,1
23062,0
23063,0
23064,1
23065,3
23066,0
23067,2
23068,3
23069,3
23070,1
23071,3
23072,3
23073,3
23074,3
23075,0
23076,2
23077,3
23078,0
23079,3
23080,3
23081,3
23082,1
23083,0
23084,3
23085,1
23086,2
23087,2
23088,0
23089,3
23090,3
23091,0
23092,3
23093,3
23094,0
23095,0
23096,1
23097,0
23098,0
23099,1
23100,3
23101,2
23102,3
23103,1
23104,3
23105,3
23106,1
23107,2
23108,2
23109,0
23110,1
23111,1
23112,3
23113,1
23114,1
23115,0
23116,1
23117,0
23118,1
23119,0
23120,0
23121,1
23122,1
23123,3
23124,3
23125,3
23126,3
23127,2
23128,3
23129,3
23130,3
23131,3
23132,3
23133,2
23134,2
23135,2
23136,2
23137,3
23138,0
23139,3
23140,1
23141,1
23142,3
23143,1
23144,0
23145,1
23146,0
23147,2
23148,2
23149,0
23150,3
23151,3
23152,2
23153,0
23154,3
23155,3
23156,2
23157,3
23158,3
23159,3
23160,1
23161,3
23162,3
23163,3
23164,3
23165,1
23166,1
23167,2
23168,0
23169,3
23170,3
23171,2
23172,3
23173,3
23174,1
23175,2
23176,2
23177,0
23178,1
23179,0
23180,3
23181,3
23182,3
23183,2
23184,1
23185,3
23186,3
23187,2
23188,2
23189,3
23190,0
23191,3
23192,3
23193,1
23194,2
23195,0
23196,2
23197,3
23198,2
23199,1
23200,0
23201,2
23202,3
23203,3
23204,1
23205,3
23206,2
23207,3
23208,3
23209,0
23210,1
23211,1
23212,2
23213,3
23214,3
23215,1
23216,3
23217,0
23218,1
23219,3
23220,1
23221,1
23222,0
23223,0
23224,3
23225,0
23226,0
23227,1
23228,0
23229,0
23230,3
23231,1
23232,3
23233,0
23234,0
23235,2
23236,1
23237,3
23238,2
23239,1
23240,1
23241,3
23242,3
23243,1
23244,1
23245,1
23246,1
23247,2
23248,3
23249,1
23250,1
23251,2
23252,1
23253,3
23254,3
23255,2
23256,3
23257,1
23258,0
23259,3
23260,3
23261,1
23262,3
23263,3
23264,2
23265,2
23266,0
23267,2
23268,2
23269,0
23270,0
23271,2
23272,3
23273,1
23274,3
23275,3
23276,3
23277,1
23278,2
23279,0
23280,3
23281,0
23282,2
23283,1
23284,2
23285,2
23286,0
23287,0
23288,2
23289,3
23290,3
23291,0
23292,3
23293,3
23294,3
23295,3
23296,3
23297,0
23298,3
23299,3
23300,3
23301,3
23302,1
23303,3
23304,3
23305,1
23306,0
23307,2
23308,1
23309,0
23310,2
23311,3
23312,2
23313,3
23314,2
23315,3
23316,0
23317,0
23318,2
23319,2
23320,3
23321,0
23322,3
23323,2
23324,3
23325,2
23326,1
23327,2
23328,3
23329,2
23330,1
23331,3
23332,1
23333,1
23334,0
23335,0
23336,1
23337,1
23338,0
23339,1
23340,3
23341,3
23342,2
23343,3
23344,2
23345,3
23346,1
23347,0
23348,0
23349,3
23350,1
23351,3
23352,2
23353,2
23354,3
23355,3
23356,0
23357,1
23358,1
23359,2
23360,2
23361,1
23362,3
23363,2
23364,3
23365,3
23366,3
23367,3
23368,2
23369,2
23370,1
23371,0
23372,1
23373,1
23374,3
23375,2
23376,3
23377,1
23378,2
23379,2
23380,1
23381,1
23382,1
23383,2
23384,3
23385,3
23386,3
23387,0
23388,3
23389,3
23390,0
23391,0
23392,2
23393,2
23394,2
23395,0
23396,3
23397,1
23398,3
23399,0
23400,1
23401,0
23402,1
23403,0
23404,2
23405,3
23406,3
23407,3
23408,3
23409,1
23410,3
23411,0
23412,0
23413,3
23414,1
23415,3
23416,3
23417,0
23418,2
23419,2
23420,3
23421,2
23422,3
23423,3
23424,3
23425,2
23426,2
23427,3
23428,3
23429,3
23430,3
23431,2
23432,3
23433,3
23434,1
23435,3
23436,3
23437,3
23438,3
23439,0
23440,0
23441,3
23442,3
23443,2
23444,3
23445,3
23446,3
23447,0
23448,0
23449,1
23450,1
23451,1
23452,1
23453,0
23454,3
23455,2
23456,1
23457,0
23458,3
23459,3
23460,3
23461,1
23462,3
23463,1
23464,1
23465,1
23466,2
23467,3
23468,1
23469,3
23470,2
23471,1
23472,1
23473,3
23474,2
23475,2
23476,3
23477,0
23478,2
23479,1
23480,2
23481,3
23482,1
23483,3
23484,3
23485,0
23486,3
23487,3
23488,1
23489,3
23490,0
23491,1
23492,0
23493,2
23494,3
23495,2
23496,3
23497,2
23498,2
23499,3
23500,3
23501,3
23502,0
23503,2
23504,3
23505,2
23506,3
23507,2
23508,3
23509,2
23510,2
23511,3
23512,2
23513,1
23514,0
23515,2
23516,1
23517,3
23518,3
23519,3
23520,1
23521,3
23522,3
23523,0
23524,1
23525,1
23526,3
23527,3
23528,3
23529,1
23530,2
23531,1
23532,2
23533,2
23534,3
23535,1
23536,1
23537,1
23538,2
23539,2
23540,3
23541,1
23542,0
23543,2
23544,1
23545,2
23546,3
23547,3
23548,1
23549,1
23550,0
23551,3
23552,3
23553,0
23554,1
23555,0
23556,2
23557,1
23558,1
23559,1
23560,0
23561,1
23562,3
23563,0
23564,3
23565,0
23566,3
23567,2
23568,2
23569,0
23570,2
23571,1
23572,3
23573,3
23574,0
23575,1
23576,2
23577,3
23578,1
23579,3
23580,1
23581,3
23582,3
23583,0
23584,0
23585,3
23586,3
23587,3
23588,0
23589,0
23590,3
23591,2
23592,2
23593,0
23594,0
23595,3
23596,2
23597,2
23598,1
23599,0
23600,1
23601,0
23602,0
23603,3
23604,2
23605,3
23606,2
23607,3
23608,3
23609,3
23610,3
23611,3
23612,3
23613,0
23614,2
23615,3
23616,2
23617,0
23618,2
23619,2
23620,3
23621,1
23622,3
23623,3
23624,2
23625,2
23626,1
23627,2
23628,2
23629,3
23630,0
23631,1
23632,0
23633,2
23634,0
23635,3
23636,2
23637,3
23638,3
23639,3
23640,0
23641,3
23642,0
23643,0
23644,3
23645,2
23646,3
23647,2
23648,1
23649,3
23650,3
23651,0
23652,1
23653,3
23654,3
23655,2
23656,1
23657,3
23658,0
23659,3
23660,3
23661,3
23662,1
23663,1
23664,1
23665,1
23666,1
23667,0
23668,1
23669,3
23670,0
23671,2
23672,0
23673,3
23674,2
23675,0
23676,3
23677,0
23678,2
23679,1
23680,3
23681,0
23682,3
23683,0
23684,3
23685,0
23686,2
23687,2
23688,0
23689,1
23690,0
23691,1
23692,3
23693,2
23694,3
23695,0
23696,3
23697,1
23698,3
23699,3
23700,2
23701,1
23702,3
23703,1
23704,3
23705,2
23706,0
23707,0
23708,2
23709,0
23710,0
23711,1
23712,0
23713,0
23714,2
23715,3
23716,2
23717,3
23718,3
23719,3
23720,2
23721,0
23722,0
23723,3
23724,0
23725,0
23726,2
23727,3
23728,3
23729,1
23730,2
23731,0
23732,2
23733,1
23734,3
23735,2
23736,1
23737,1
23738,3
23739,1
23740,3
23741,1
23742,3
23743,2
23744,3
23745,3
23746,2
23747,3
23748,2
23749,3
23750,2
23751,0
23752,1
23753,0
23754,3
23755,3
23756,2
23757,2
23758,0
23759,1
23760,2
23761,3
23762,3
23763,3
23764,2
23765,2
23766,3
23767,1
23768,3
23769,2
23770,2
23771,3
23772,2
23773,1
23774,1
23775,3
23776,3
23777,2
23778,0
23779,0
23780,0
23781,3
23782,1
23783,2
23784,3
23785,3
23786,0
23787,3
23788,1
23789,3
23790,2
23791,3
23792,2
23793,2
23794,3
23795,0
23796,3
23797,2
23798,2
23799,0
23800,3
23801,3
23802,2
23803,3
23804,1
23805,1
23806,3
23807,3
23808,0
23809,1
23810,2
23811,1
23812,0
23813,3
23814,0
23815,1
23816,1
23817,1
23818,2
23819,3
23820,3
23821,2
23822,1
23823,1
23824,3
23825,3
23826,0
23827,1
23828,2
23829,0
23830,3
23831,2
23832,2
23833,0
23834,0
23835,2
23836,3
23837,0
23838,2
23839,0
23840,3
23841,0
23842,3
23843,2
23844,3
23845,3
23846,2
23847,1
23848,1
23849,2
23850,3
23851,2
23852,3
23853,3
23854,3
23855,1
23856,3
23857,2
23858,3
23859,2
23860,3
23861,3
23862,2
23863,1
23864,3
23865,3
23866,3
23867,1
23868,3
23869,1
23870,2
23871,0
23872,1
23873,2
23874,2
23875,2
23876,1
23877,0
23878,3
23879,3
23880,2
23881,3
23882,3
23883,1
23884,2
23885,2
23886,0
23887,1
23888,3
23889,0
23890,1
23891,2
23892,0
23893,1
23894,0
23895,3
23896,2
23897,2
23898,0
23899,3
23900,3
23901,2
23902,3
23903,0
23904,1
23905,0
23906,1
23907,1
23908,0
23909,0
23910,3
23911,3
23912,1
23913,1
23914,1
23915,0
23916,3
23917,1
23918,2
23919,3
23920,3
23921,3
23922,3
23923,2
23924,2
23925,3
23926,2
23927,3
23928,0
23929,3
23930,3
23931,2
23932,0
23933,3
23934,3
23935,2
23936,2
23937,0
23938,1
23939,2
23940,1
23941,3
23942,3
23943,0
23944,2
23945,3
23946,2
23947,3
23948,0
23949,1
23950,3
23951,3
23952,1
23953,1
23954,3
23955,3
23956,3
23957,3
23958,3
23959,0
23960,3
23961,1
23962,3
23963,1
23964,0
23965,3
23966,1
23967,0
23968,3
23969,2
23970,2
23971,1
23972,3
23973,1
23974,1
23975,1
23976,2
23977,2
23978,3
23979,1
23980,1
23981,3
23982,3
23983,3
23984,3
23985,0
23986,3
23987,3
23988,3
23989,3
23990,3
23991,2
23992,1
23993,0
23994,2
23995,3
23996,2
23997,3
23998,3
23999,3
24000,3
24001,1
24002,2
24003,3
24004,1
24005,1
24006,3
24007,0
24008,1
24009,1
24010,1
24011,3
24012,3
24013,2
24014,1
24015,2
24016,2
24017,2
24018,1
24019,2
24020,3
24021,1
24022,1
24023,2
24024,1
24025,1
24026,3
24027,3
24028,0
24029,1
24030,1
24031,1
24032,1
24033,3
24034,3
24035,3
24036,1
24037,1
24038,0
24039,2
24040,0
24041,1
24042,1
24043,1
24044,1
24045,3
24046,1
24047,2
24048,3
24049,3
24050,1
24051,1
24052,1
24053,3
24054,3
24055,1
24056,3
24057,2
24058,2
24059,3
24060,1
24061,2
24062,3
24063,3
24064,0
24065,1
24066,3
24067,1
24068,2
24069,3
24070,3
24071,1
24072,0
24073,3
24074,2
24075,2
24076,2
24077,3
24078,1
24079,0
24080,0
24081,2
24082,0
24083,2
24084,1
24085,3
24086,0
24087,3
24088,1
24089,2
24090,1
24091,3
24092,3
24093,3
24094,3
24095,3
24096,3
24097,3
24098,2
24099,3
24100,2
24101,1
24102,1
24103,1
24104,0
24105,3
24106,0
24107,1
24108,0
24109,1
24110,1
24111,1
24112,2
24113,0
24114,3
24115,0
24116,0
24117,3
24118,0
24119,2
24120,2
24121,2
24122,2
24123,0
24124,2
24125,1
24126,0
24127,2
24128,3
24129,3
24130,3
24131,1
24132,2
24133,3
24134,3
24135,2
24136,0
24137,1
24138,3
24139,2
24140,3
24141,3
24142,0
24143,1
24144,1
24145,1
24146,3
24147,1
24148,3
24149,3
24150,1
24151,2
24152,0
24153,1
24154,0
24155,0
24156,2
24157,0
24158,1
24159,0
24160,1
24161,2
24162,2
24163,3
24164,3
24165,2
24166,2
24167,2
24168,2
24169,3
24170,2
24171,3
24172,1
24173,3
24174,2
24175,0
24176,3
24177,0
24178,3
24179,0
24180,2
24181,3
24182,2
24183,3
24184,1
24185,3
24186,0
24187,2
24188,0
24189,3
24190,3
24191,1
24192,3
24193,0
24194,0
24195,0
24196,2
24197,3
24198,0
24199,1
24200,1
24201,2
24202,0
24203,3
24204,1
24205,3
24206,2
24207,0
24208,0
24209,1
24210,0
24211,3
24212,0
24213,1
24214,3
24215,3
24216,3
24217,0
24218,2
24219,3
24220,3
24221,3
24222,2
24223,3
24224,0
24225,0
24226,1
24227,2
24228,0
24229,3
24230,1
24231,1
24232,2
24233,1
24234,3
24235,2
24236,3
24237,1
24238,0
24239,2
24240,3
24241,2
24242,1
24243,2
24244,2
24245,1
24246,2
24247,3
24248,2
24249,3
24250,3
24251,1
24252,3
24253,2
24254,3
24255,3
24256,3
24257,3
24258,3
24259,3
24260,1
24261,2
24262,3
24263,3
24264,3
24265,1
24266,2
24267,2
24268,2
24269,1
24270,3
24271,1
24272,0
24273,3
24274,0
24275,1
24276,2
24277,2
24278,1
24279,3
24280,3
24281,2
24282,0
24283,1
24284,3
24285,3
24286,3
24287,0
24288,3
24289,0
24290,3
24291,0
24292,1
24293,2
24294,2
24295,3
24296,2
24297,3
24298,3
24299,1
24300,3
24301,2
24302,2
24303,3
24304,2
24305,0
24306,2
24307,3
24308,3
24309,2
24310,3
24311,3
24312,0
24313,2
24314,3
24315,2
24316,0
24317,3
24318,3
24319,2
24320,2
24321,0
24322,3
24323,3
24324,3
24325,0
24326,3
24327,3
24328,3
24329,3
24330,3
24331,0
24332,0
24333,1
24334,1
24335,3
24336,3
24337,3
24338,0
24339,2
24340,3
24341,1
24342,2
24343,1
24344,0
24345,1
24346,0
24347,3
24348,3
24349,0
24350,0
24351,1
24352,1
24353,0
24354,2
24355,3
24356,3
24357,3
24358,3
24359,3
24360,0
24361,1
24362,1
24363,2
24364,1
24365,2
24366,2
24367,1
24368,2
24369,3
24370,2
24371,1
24372,2
24373,0
24374,0
24375,2
24376,2
24377,1
24378,1
24379,2
24380,1
24381,2
24382,3
24383,2
24384,2
24385,1
24386,3
24387,1
24388,0
24389,2
24390,0
24391,0
24392,0
24393,3
24394,1
24395,2
24396,1
24397,3
24398,3
24399,0
24400,3
24401,2
24402,3
24403,0
24404,2
24405,2
24406,0
24407,3
24408,0
24409,3
24410,3
24411,2
24412,2
24413,3
24414,3
24415,3
24416,3
24417,1
24418,2
24419,0
24420,1
24421,3
24422,2
24423,1
24424,3
24425,0
24426,3
24427,3
24428,3
24429,0
24430,3
24431,2
24432,3
24433,1
24434,1
24435,0
24436,2
24437,3
24438,2
24439,3
24440,1
24441,1
24442,2
24443,3
24444,1
24445,3
24446,0
24447,1
24448,3
24449,2
24450,3
24451,3
24452,1
24453,3
24454,0
24455,1
24456,3
24457,3
24458,1
24459,3
24460,1
24461,3
24462,2
24463,1
24464,1
24465,0
24466,3
24467,2
24468,3
24469,3
24470,0
24471,3
24472,0
24473,3
24474,3
24475,1
24476,1
24477,3
24478,2
24479,3
24480,0
24481,2
24482,2
24483,3
24484,0
24485,3
24486,2
24487,3
24488,1
24489,1
24490,3
24491,3
24492,1
24493,0
24494,1
24495,1
24496,0
24497,3
24498,0
24499,1
24500,2
24501,1
24502,1
24503,0
24504,2
24505,1
24506,3
24507,3
24508,2
24509,3
24510,3
24511,3
24512,0
24513,2
24514,3
24515,1
24516,0
24517,3
24518,0
24519,1
24520,3
24521,2
24522,3
24523,1
24524,3
24525,2
24526,1
24527,3
24528,1
24529,2
24530,3
24531,1
24532,3
24533,3
24534,3
24535,1
24536,1
24537,3
24538,0
24539,0
24540,2
24541,3
24542,3
24543,3
24544,0
24545,1
24546,1
24547,3
24548,3
24549,2
24550,1
24551,0
24552,3
24553,1
24554,0
24555,3
24556,2
24557,0
24558,1
24559,3
24560,1
24561,3
24562,2
24563,2
24564,0
24565,2
24566,3
24567,1
24568,2
24569,2
24570,0
24571,3
24572,2
24573,2
24574,1
24575,3
24576,0
24577,3
24578,3
24579,0
24580,3
24581,3
24582,2
24583,2
24584,1
24585,2
24586,1
24587,2
24588,3
24589,1
24590,1
24591,0
24592,3
24593,1
24594,0
24595,1
24596,2
24597,2
24598,0
24599,2
24600,0
24601,1
24602,3
24603,3
24604,2
24605,3
24606,3
24607,3
24608,3
24609,0
24610,0
24611,1
24612,0
24613,3
24614,3
24615,1
24616,2
24617,3
24618,2
24619,2
24620,3
24621,3
24622,0
24623,0
24624,1
24625,0
24626,1
24627,3
24628,3
24629,1
24630,3
24631,2
24632,3
24633,1
24634,1
24635,3
24636,2
24637,0
24638,3
24639,0
24640,1
24641,2
24642,3
24643,1
24644,1
24645,2
24646,2
24647,1
24648,2
24649,3
24650,1
24651,0
24652,3
24653,1
24654,3
24655,3
24656,1
24657,2
24658,2
24659,3
24660,2
24661,3
24662,3
24663,2
24664,2
24665,0
24666,1
24667,0
24668,1
24669,2
24670,2
24671,2
24672,2
24673,1
24674,3
24675,0
24676,0
24677,3
24678,3
24679,3
24680,3
24681,1
24682,2
24683,1
24684,1
24685,2
24686,0
24687,3
24688,1
24689,2
24690,3
24691,1
24692,1
24693,2
24694,0
24695,0
24696,0
24697,2
24698,0
24699,2
24700,1
24701,0
24702,3
24703,3
24704,0
24705,1
24706,2
24707,2
24708,0
24709,2
24710,0
24711,3
24712,3
24713,2
24714,0
24715,0
24716,2
24717,3
24718,1
24719,0
24720,1
24721,1
24722,3
24723,0
24724,1
24725,1
24726,1
24727,2
24728,2
24729,2
24730,3
24731,1
24732,2
24733,1
24734,3
24735,3
24736,2
24737,0
24738,2
24739,2
24740,2
24741,2
24742,0
24743,2
24744,3
24745,3
24746,1
24747,3
24748,3
24749,2
24750,2
24751,1
24752,0
24753,0
24754,2
24755,3
24756,3
24757,1
24758,3
24759,3
24760,3
24761,3
24762,3
24763,2
24764,1
24765,3
24766,0
24767,2
24768,3
24769,2
24770,3
24771,3
24772,2
24773,3
24774,2
24775,3
24776,0
24777,3
24778,0
24779,0
24780,0
24781,3
24782,3
24783,2
24784,3
24785,0
24786,3
24787,1
24788,1
24789,3
24790,1
24791,3
24792,3
24793,3
24794,2
24795,3
24796,1
24797,3
24798,2
24799,1
24800,3
24801,2
24802,2
24803,0
24804,3
24805,1
24806,2
24807,3
24808,2
24809,2
24810,2
24811,0
24812,2
24813,0
24814,1
24815,0
24816,3
24817,3
24818,3
24819,2
24820,1
24821,3
24822,0
24823,3
24824,3
24825,1
24826,2
24827,3
24828,2
24829,1
24830,0
24831,0
24832,0
24833,3
24834,1
24835,1
24836,3
24837,3
24838,3
24839,1
24840,0
24841,0
24842,3
24843,0
24844,1
24845,1
24846,3
24847,3
24848,1
24849,2
24850,1
24851,2
24852,1
24853,1
24854,3
24855,0
24856,3
24857,2
24858,0
24859,3
24860,2
24861,3
24862,3
24863,1
24864,3
24865,2
24866,0
24867,3
24868,2
24869,1
24870,3
24871,2
24872,1
24873,1
24874,3
24875,1
24876,1
24877,1
24878,3
24879,1
24880,3
24881,2
24882,0
24883,2
24884,1
24885,3
24886,0
24887,0
24888,1
24889,1
24890,0
24891,0
24892,0
24893,3
24894,3
24895,2
24896,3
24897,1
24898,0
24899,0
24900,2
24901,3
24902,2
24903,1
24904,2
24905,3
24906,3
24907,3
24908,1
24909,2
24910,0
24911,0
24912,3
24913,2
24914,0
24915,0
24916,3
24917,3
24918,0
24919,3
24920,1
24921,3
24922,2
24923,2
24924,2
24925,1
24926,0
24927,3
24928,1
24929,0
24930,3
24931,3
24932,3
24933,2
24934,3
24935,0
24936,3
24937,1
24938,0
24939,2
24940,1
24941,3
24942,2
24943,0
24944,1
24945,3
24946,0
24947,3
24948,3
24949,3
24950,1
24951,2
24952,0
24953,3
24954,0
24955,1
24956,3
24957,3
24958,3
24959,0
24960,3
24961,3
24962,2
24963,1
24964,1
24965,3
24966,1
24967,3
24968,1
24969,3
24970,1
24971,2
24972,2
24973,2
24974,0
24975,3
24976,3
24977,3
24978,3
24979,3
24980,0
24981,2
24982,3
24983,0
24984,3
24985,0
24986,1
24987,0
24988,2
24989,1
24990,3
24991,0
24992,1
24993,2
24994,3
24995,2
24996,0
24997,0
24998,2
24999,2
25000,3
25001,3
25002,2
25003,0
25004,2
25005,1
25006,1
25007,1
25008,1
25009,1
25010,2
25011,2
25012,2
25013,0
25014,0
25015,1
25016,0
25017,3
25018,0
25019,2
25020,1
25021,2
25022,0
25023,3
25024,2
25025,0
25026,1
25027,0
25028,3
25029,0
25030,1
25031,0
25032,3
25033,0
25034,1
25035,3
25036,2
25037,1
25038,1
25039,0
25040,0
25041,3
25042,0
25043,3
25044,3
25045,0
25046,1
25047,2
25048,3
25049,3
25050,0
25051,3
25052,1
25053,2
25054,2
25055,2
25056,1
25057,2
25058,3
25059,1
25060,1
25061,2
25062,1
25063,3
25064,3
25065,2
25066,0
25067,3
25068,2
25069,0
25070,1
25071,2
25072,3
25073,3
25074,3
25075,1
25076,2
25077,0
25078,2
25079,0
25080,2
25081,1
25082,3
25083,1
25084,2
25085,3
25086,3
25087,2
25088,1
25089,2
25090,3
25091,3
25092,0
25093,3
25094,3
25095,0
25096,0
25097,3
25098,3
25099,1
25100,3
25101,1
25102,2
25103,3
25104,3
25105,3
25106,2
25107,3
25108,2
25109,3
25110,2
25111,3
25112,3
25113,1
25114,1
25115,3
25116,3
25117,2
25118,3
25119,2
25120,2
25121,3
25122,0
25123,0
25124,1
25125,0
25126,1
25127,2
25128,3
25129,1
25130,2
25131,3
25132,2
25133,1
25134,2
25135,3
25136,3
25137,0
25138,3
25139,0
25140,3
25141,2
25142,3
25143,3
25144,3
25145,2
25146,0
25147,0
25148,3
25149,3
25150,2
25151,3
25152,2
25153,1
25154,3
25155,2
25156,3
25157,2
25158,3
25159,0
25160,3
25161,2
25162,2
25163,3
25164,1
25165,1
25166,1
25167,3
25168,0
25169,3
25170,3
25171,0
25172,2
25173,3
25174,3
25175,2
25176,1
25177,3
25178,3
25179,0
25180,3
25181,0
25182,3
25183,2
25184,0
25185,3
25186,2
25187,0
25188,3
25189,3
25190,2
25191,3
25192,2
25193,2
25194,2
25195,3
25196,2
25197,1
25198,3
25199,2
25200,2
25201,1
25202,2
25203,1
25204,1
25205,3
25206,3
25207,3
25208,3
25209,2
25210,3
25211,3
25212,3
25213,3
25214,3
25215,3
25216,0
25217,1
25218,2
25219,1
25220,3
25221,1
25222,3
25223,2
25224,3
25225,2
25226,3
25227,3
25228,3
25229,3
25230,3
25231,3
25232,2
25233,2
25234,1
25235,3
25236,1
25237,3
25238,3
25239,2
25240,2
25241,3
25242,3
25243,3
25244,3
25245,2
25246,1
25247,1
25248,1
25249,3
25250,0
25251,3
25252,1
25253,1
25254,0
25255,0
25256,1
25257,1
25258,0
25259,1
25260,2
25261,1
25262,3
25263,2
25264,2
25265,3
25266,3
25267,2
25268,1
25269,2
25270,0
25271,3
25272,2
25273,2
25274,2
25275,1
25276,2
25277,3
25278,0
25279,2
25280,3
25281,1
25282,3
25283,3
25284,2
25285,2
25286,0
25287,3
25288,2
25289,3
25290,2
25291,3
25292,2
25293,2
25294,0
25295,2
25296,1
25297,2
25298,0
25299,0
25300,1
25301,3
25302,0
25303,3
25304,2
25305,3
25306,1
25307,0
25308,3
25309,3
25310,2
25311,1
25312,3
25313,2
25314,0
25315,2
25316,1
25317,0
25318,3
25319,3
25320,3
25321,1
25322,0
25323,3
25324,3
25325,0
25326,2
25327,3
25328,2
25329,2
25330,3
25331,3
25332,1
25333,3
25334,3
25335,3
25336,0
25337,2
25338,3
25339,0
25340,3
25341,2
25342,2
25343,2
25344,3
25345,3
25346,3
25347,0
25348,3
25349,0
25350,0
25351,2
25352,2
25353,2
25354,2
25355,3
25356,1
25357,1
25358,2
25359,2
25360,2
25361,3
25362,2
25363,3
25364,1
25365,3
25366,0
25367,2
25368,1
25369,1
25370,1
25371,0
25372,3
25373,1
25374,1
25375,0
25376,2
25377,1
25378,1
25379,2
25380,2
25381,3
25382,0
25383,0
25384,3
25385,0
25386,2
25387,2
25388,3
25389,3
25390,3
25391,2
25392,3
25393,3
25394,0
25395,3
25396,3
25397,3
25398,2
25399,1
25400,3
25401,3
25402,0
25403,1
25404,3
25405,0
25406,3
25407,3
25408,3
25409,3
25410,1
25411,3
25412,1
25413,2
25414,3
25415,0
25416,2
25417,0
25418,2
25419,0
25420,3
25421,0
25422,1
25423,3
25424,2
25425,3
25426,1
25427,2
25428,0
25429,2
25430,3
25431,3
25432,0
25433,2
25434,2
25435,2
25436,3
25437,1
25438,1
25439,3
25440,3
25441,1
25442,3
25443,0
25444,2
25445,3
25446,2
25447,3
25448,2
25449,3
25450,3
25451,3
25452,2
25453,0
25454,0
25455,1
25456,0
25457,0
25458,1
25459,0
25460,3
25461,3
25462,3
25463,1
25464,1
25465,2
25466,2
25467,3
25468,3
25469,1
25470,2
25471,3
25472,0
25473,2
25474,0
25475,1
25476,3
25477,1
25478,0
25479,2
25480,1
25481,1
25482,2
25483,2
25484,1
25485,3
25486,0
25487,2
25488,3
25489,2
25490,1
25491,1
25492,2
25493,1
25494,3
25495,2
25496,1
25497,3
25498,3
25499,1
25500,3
25501,0
25502,2
25503,3
25504,1
25505,1
25506,1
25507,3
25508,3
25509,1
25510,3
25511,2
25512,2
25513,2
25514,1
25515,1
25516,2
25517,3
25518,3
25519,3
25520,3
25521,3
25522,1
25523,3
25524,0
25525,1
25526,0
25527,2
25528,0
25529,3
25530,1
25531,1
25532,1
25533,3
25534,0
25535,0
25536,3
25537,1
25538,3
25539,3
25540,0
25541,1
25542,1
25543,2
25544,1
25545,3
25546,3
25547,1
25548,2
25549,3
25550,1
25551,1
25552,3
25553,2
25554,3
25555,3
25556,3
25557,3
25558,1
25559,0
25560,2
25561,0
25562,0
25563,3
25564,0
25565,3
25566,2
25567,0
25568,2
25569,0
25570,3
25571,3
25572,0
25573,3
25574,2
25575,2
25576,2
25577,1
25578,3
25579,3
25580,1
25581,2
25582,1
25583,2
25584,3
25585,1
25586,2
25587,2
25588,2
25589,3
25590,0
25591,3
25592,1
25593,3
25594,2
25595,3
25596,1
25597,3
25598,3
25599,0
25600,3
25601,0
25602,3
25603,1
25604,2
25605,3
25606,1
25607,1
25608,2
25609,0
25610,1
25611,0
25612,1
25613,2
25614,2
25615,3
25616,0
25617,1
25618,2
25619,2
25620,1
25621,3
25622,1
25623,2
25624,0
25625,2
25626,2
25627,0
25628,1
25629,3
25630,3
25631,3
25632,1
25633,2
25634,2
25635,2
25636,3
25637,2
25638,1
25639,2
25640,3
25641,0
25642,1
25643,0
25644,3
25645,2
25646,3
25647,2
25648,3
25649,1
25650,1
25651,3
25652,2
25653,2
25654,1
25655,0
25656,2
25657,1
25658,2
25659,3
25660,3
25661,3
25662,3
25663,2
25664,3
25665,0
25666,1
25667,1
25668,2
25669,3
25670,1
25671,0
25672,3
25673,3
25674,3
25675,1
25676,3
25677,3
25678,3
25679,1
25680,0
25681,3
25682,3
25683,3
25684,1
25685,3
25686,3
25687,0
25688,0
25689,3
25690,0
25691,1
25692,0
25693,1
25694,1
25695,2
25696,3
25697,3
25698,3
25699,2
25700,3
25701,2
25702,1
25703,0
25704,1
25705,3
25706,1
25707,2
25708,2
25709,3
25710,1
25711,3
25712,2
25713,3
25714,0
25715,3
25716,2
25717,2
25718,3
25719,3
25720,2
25721,1
25722,3
25723,3
25724,1
25725,0
25726,1
25727,1
25728,0
25729,3
25730,2
25731,3
25732,3
25733,3
25734,2
25735,3
25736,1
25737,3
25738,0
25739,1
25740,3
25741,3
25742,1
25743,0
25744,0
25745,2
25746,1
25747,2
25748,2
25749,0
25750,1
25751,3
25752,1
25753,3
25754,2
25755,3
25756,3
25757,3
25758,0
25759,2
25760,0
25761,0
25762,1
25763,2
25764,1
25765,2
25766,3
25767,1
25768,1
25769,3
25770,1
25771,0
25772,0
25773,0
25774,0
25775,0
25776,3
25777,1
25778,0
25779,3
25780,3
25781,2
25782,2
25783,0
25784,3
25785,3
25786,2
25787,2
25788,3
25789,3
25790,2
25791,1
25792,3
25793,0
25794,1
25795,0
25796,3
25797,3
25798,3
25799,2
25800,1
25801,0
25802,3
25803,1
25804,3
25805,2
25806,1
25807,1
25808,3
25809,2
25810,2
25811,3
25812,3
25813,0
25814,3
25815,3
25816,2
25817,2
25818,3
25819,3
25820,2
25821,0
25822,2
25823,3
25824,3
25825,2
25826,0
25827,0
25828,2
25829,2
25830,0
25831,2
25832,3
25833,0
25834,2
25835,3
25836,1
25837,2
25838,3
25839,3
25840,1
25841,3
25842,0
25843,0
25844,3
25845,3
25846,3
25847,2
25848,2
25849,3
25850,3
25851,3
25852,2
25853,0
25854,2
25855,3
25856,1
25857,0
25858,3
25859,2
25860,2
25861,1
25862,3
25863,3
25864,2
25865,3
25866,2
25867,0
25868,1
25869,3
25870,2
25871,1
25872,2
25873,0
25874,3
25875,2
25876,0
25877,0
25878,2
25879,2
25880,3
25881,3
25882,0
25883,3
25884,3
25885,1
25886,3
25887,2
25888,3
25889,3
25890,3
25891,1
25892,1
25893,3
25894,2
25895,0
25896,2
25897,3
25898,3
25899,0
25900,3
25901,3
25902,2
25903,3
25904,1
25905,1
25906,0
25907,3
25908,1
25909,1
25910,2
25911,2
25912,2
25913,1
25914,3
25915,3
25916,3
25917,3
25918,0
25919,0
25920,3
25921,3
25922,3
25923,3
25924,3
25925,1
25926,3
25927,0
25928,3
25929,1
25930,3
25931,2
25932,3
25933,3
25934,3
25935,3
25936,3
25937,3
25938,0
25939,2
25940,0
25941,2
25942,0
25943,1
25944,0
25945,2
25946,2
25947,3
25948,0
25949,2
25950,0
25951,1
25952,3
25953,2
25954,3
25955,2
25956,3
25957,0
25958,3
25959,3
25960,3
25961,3
25962,2
25963,3
25964,2
25965,2
25966,1
25967,2
25968,2
25969,3
25970,3
25971,0
25972,3
25973,3
25974,0
25975,2
25976,2
25977,2
25978,1
25979,3
25980,2
25981,2
25982,1
25983,3
25984,3
25985,3
25986,3
25987,3
25988,1
25989,3
25990,3
25991,1
25992,3
25993,2
25994,2
25995,2
25996,2
25997,2
25998,0
25999,0
26000,2
26001,3
26002,0
26003,0
26004,1
26005,0
26006,3
26007,0
26008,3
26009,0
26010,2
26011,0
26012,3
26013,3
26014,0
26015,3
26016,1
26017,0
26018,2
26019,2
26020,2
26021,3
26022,1
26023,3
26024,2
26025,3
26026,1
26027,1
26028,1
26029,1
26030,0
26031,3
26032,2
26033,3
26034,1
26035,1
26036,3
26037,2
26038,2
26039,3
26040,2
26041,2
26042,3
26043,3
26044,0
26045,3
26046,2
26047,2
26048,1
26049,2
26050,3
26051,1
26052,0
26053,0
26054,2
26055,1
26056,0
26057,2
26058,3
26059,2
26060,3
26061,0
26062,2
26063,0
26064,2
26065,3
26066,2
26067,0
26068,2
26069,0
26070,3
26071,0
26072,3
26073,2
26074,2
26075,2
26076,0
26077,0
26078,2
26079,0
26080,0
26081,3
26082,1
26083,2
26084,3
26085,3
26086,0
26087,3
26088,0
26089,3
26090,1
26091,3
26092,1
26093,2
26094,3
26095,2
26096,1
26097,1
26098,3
26099,1
26100,1
26101,0
26102,1
26103,3
26104,1
26105,1
26106,0
26107,3
26108,1
26109,3
26110,3
26111,0
26112,1
26113,2
26114,3
26115,0
26116,2
26117,0
26118,3
26119,3
26120,0
26121,2
26122,0
26123,3
26124,3
26125,3
26126,0
26127,3
26128,1
26129,1
26130,3
26131,1
26132,2
26133,2
26134,0
26135,3
26136,3
26137,3
26138,0
26139,1
26140,3
26141,3
26142,3
26143,1
26144,2
26145,3
26146,0
26147,1
26148,0
26149,3
26150,2
26151,0
26152,3
26153,1
26154,2
26155,1
26156,3
26157,2
26158,3
26159,1
26160,2
26161,3
26162,3
26163,3
26164,3
26165,1
26166,0
26167,1
26168,3
26169,1
26170,0
26171,1
26172,3
26173,0
26174,2
26175,3
26176,3
26177,2
26178,3
26179,2
26180,0
26181,3
26182,3
26183,2
26184,0
26185,3
26186,2
26187,2
26188,3
26189,2
26190,3
26191,2
26192,2
26193,3
26194,1
26195,2
26196,1
26197,3
26198,1
26199,3
26200,1
26201,2
26202,3
26203,3
26204,2
26205,2
26206,3
26207,1
26208,1
26209,0
26210,2
26211,3
26212,3
26213,2
26214,0
26215,3
26216,2
26217,3
26218,1
26219,0
26220,2
26221,0
26222,0
26223,1
26224,1
26225,3
26226,1
26227,0
26228,3
26229,3
26230,2
26231,2
26232,1
26233,0
26234,1
26235,0
26236,1
26237,1
26238,0
26239,3
26240,3
26241,3
26242,2
26243,3
26244,3
26245,3
26246,2
26247,3
26248,3
26249,2
26250,3
26251,0
26252,1
26253,1
26254,2
26255,1
26256,3
26257,0
26258,1
26259,3
26260,2
26261,3
26262,0
26263,3
26264,2
26265,0
26266,3
26267,2
26268,3
26269,2
26270,0
26271,2
26272,2
26273,1
26274,3
26275,3
26276,3
26277,3
26278,1
26279,3
26280,2
26281,2
26282,1
26283,0
26284,3
26285,3
26286,0
26287,3
26288,0
26289,1
26290,0
26291,3
26292,3
26293,2
26294,2
26295,2
26296,3
26297,3
26298,0
26299,2
26300,1
26301,1
26302,1
26303,3
26304,0
26305,1
26306,1
26307,0
26308,3
26309,2
26310,2
26311,0
26312,0
26313,1
26314,3
26315,2
26316,1
26317,1
26318,1
26319,3
26320,1
26321,3
26322,2
26323,3
26324,1
26325,2
26326,0
26327,3
26328,3
26329,3
26330,3
26331,2
26332,2
26333,3
26334,2
26335,0
26336,1
26337,2
26338,1
26339,0
26340,3
26341,2
26342,3
26343,0
26344,2
26345,1
26346,2
26347,2
26348,0
26349,0
26350,1
26351,2
26352,3
26353,0
26354,2
26355,1
26356,1
26357,3
26358,3
26359,3
26360,3
26361,3
26362,2
26363,0
26364,1
26365,3
26366,2
26367,3
26368,3
26369,2
26370,2
26371,2
26372,0
26373,3
26374,3
26375,0
26376,3
26377,3
26378,1
26379,3
26380,0
26381,0
26382,3
26383,1
26384,2
26385,1
26386,2
26387,1
26388,3
26389,3
26390,3
26391,3
26392,3
26393,3
26394,2
26395,0
26396,2
26397,1
26398,1
26399,3
26400,1
26401,3
26402,1
26403,3
26404,3
26405,0
26406,2
26407,2
26408,1
26409,0
26410,2
26411,2
26412,3
26413,3
26414,2
26415,3
26416,3
26417,1
26418,1
26419,3
26420,0
26421,1
26422,1
26423,0
26424,3
26425,1
26426,0
26427,3
26428,2
26429,1
26430,3
26431,3
26432,0
26433,3
26434,3
26435,3
26436,1
26437,2
26438,2
26439,3
26440,1
26441,2
26442,3
26443,2
26444,1
26445,3
26446,0
26447,0
26448,1
26449,3
26450,3
26451,1
26452,1
26453,2
26454,3
26455,1
26456,1
26457,1
26458,3
26459,3
26460,1
26461,1
26462,2
26463,0
26464,3
26465,0
26466,3
26467,3
26468,1
26469,2
26470,3
26471,0
26472,2
26473,3
26474,3
26475,3
26476,2
26477,3
26478,1
26479,1
26480,1
26481,0
26482,0
26483,3
26484,2
26485,2
26486,2
26487,2
26488,1
26489,3
26490,3
26491,3
26492,3
26493,1
26494,3
26495,3
26496,0
26497,3
26498,1
26499,3
26500,0
26501,0
26502,3
26503,3
26504,2
26505,3
26506,2
26507,2
26508,2
26509,0
26510,2
26511,1
26512,3
26513,3
26514,2
26515,1
26516,2
26517,1
26518,2
26519,2
26520,3
26521,2
26522,0
26523,3
26524,1
26525,1
26526,2
26527,0
26528,2
26529,3
26530,3
26531,0
26532,1
26533,3
26534,1
26535,2
26536,3
26537,3
26538,0
26539,2
26540,1
26541,3
26542,0
26543,2
26544,0
26545,3
26546,3
26547,3
26548,1
26549,1
26550,3
26551,1
26552,3
26553,3
26554,1
26555,3
26556,0
26557,2
26558,2
26559,1
26560,0
26561,2
26562,3
26563,2
26564,3
26565,1
26566,0
26567,3
26568,2
26569,1
26570,0
26571,2
26572,3
26573,1
26574,3
26575,3
26576,3
26577,0
26578,0
26579,2
26580,0
26581,3
26582,3
26583,0
26584,3
26585,2
26586,2
26587,1
26588,0
26589,3
26590,3
26591,0
26592,1
26593,3
26594,0
26595,1
26596,2
26597,3
26598,0
26599,1
26600,3
26601,3
26602,3
26603,3
26604,0
26605,1
26606,1
26607,3
26608,3
26609,3
26610,1
26611,0
26612,3
26613,0
26614,3
26615,1
26616,1
26617,3
26618,0
26619,3
26620,1
26621,2
26622,3
26623,2
26624,1
26625,0
26626,0
26627,2
26628,3
26629,0
26630,2
26631,3
26632,3
26633,3
26634,2
26635,3
26636,0
26637,2
26638,3
26639,2
26640,2
26641,2
26642,2
26643,3
26644,3
26645,2
26646,2
26647,3
26648,0
26649,3
26650,1
26651,2
26652,1
26653,1
26654,3
26655,2
26656,1
26657,1
26658,3
26659,0
26660,0
26661,0
26662,3
26663,2
26664,2
26665,2
26666,0
26667,3
26668,2
26669,3
26670,2
26671,2
26672,1
26673,3
26674,3
26675,1
26676,1
26677,0
26678,2
26679,2
26680,0
26681,3
26682,2
26683,2
26684,1
26685,2
26686,0
26687,1
26688,0
26689,3
26690,0
26691,2
26692,1
26693,3
26694,0
26695,1
26696,1
26697,1
26698,1
26699,2
26700,3
26701,3
26702,1
26703,0
26704,1
26705,3
26706,1
26707,2
26708,1
26709,3
26710,3
26711,3
26712,3
26713,1
26714,2
26715,1
26716,3
26717,0
26718,2
26719,3
26720,2
26721,1
26722,2
26723,1
26724,0
26725,0
26726,3
26727,0
26728,2
26729,1
26730,3
26731,3
26732,2
26733,3
26734,3
26735,2
26736,2
26737,2
26738,2
26739,0
26740,2
26741,3
26742,3
26743,3
26744,2
26745,2
26746,0
26747,3
26748,0
26749,3
26750,2
26751,0
26752,3
26753,0
26754,2
26755,2
26756,2
26757,3
26758,1
26759,2
26760,3
26761,2
26762,2
26763,0
26764,3
26765,1
26766,0
26767,0
26768,3
26769,0
26770,1
26771,3
26772,3
26773,3
26774,2
26775,0
26776,3
26777,1
26778,1
26779,3
26780,0
26781,0
26782,3
26783,3
26784,0
26785,3
26786,2
26787,3
26788,2
26789,0
26790,3
26791,3
26792,3
26793,2
26794,3
26795,3
26796,2
26797,1
26798,1
26799,2
26800,3
26801,3
26802,3
26803,1
26804,3
26805,1
26806,3
26807,1
26808,2
26809,3
26810,3
26811,1
26812,2
26813,3
26814,0
26815,3
26816,2
26817,0
26818,3
26819,1
26820,2
26821,3
26822,3
26823,1
26824,2
26825,3
26826,1
26827,2
26828,1
26829,3
26830,3
26831,3
26832,3
26833,2
26834,1
26835,3
26836,2
26837,3
26838,2
26839,2
26840,3
26841,0
26842,2
26843,1
26844,3
26845,3
26846,0
26847,2
26848,1
26849,1
26850,2
26851,2
26852,3
26853,2
26854,2
26855,0
26856,1
26857,0
26858,3
26859,2
26860,3
26861,3
26862,0
26863,2
26864,0
26865,3
26866,1
26867,2
26868,1
26869,2
26870,3
26871,2
26872,1
26873,1
26874,2
26875,3
26876,0
26877,1
26878,2
26879,0
26880,1
26881,3
26882,2
26883,0
26884,2
26885,2
26886,1
26887,3
26888,3
26889,1
26890,1
26891,0
26892,3
26893,3
26894,3
26895,2
26896,2
26897,0
26898,1
26899,1
26900,3
26901,0
26902,2
26903,3
26904,1
26905,1
26906,3
26907,3
26908,1
26909,3
26910,1
26911,3
26912,2
26913,1
26914,1
26915,0
26916,3
26917,3
26918,1
26919,3
26920,3
26921,2
26922,3
26923,3
26924,0
26925,2
26926,2
26927,3
26928,3
26929,1
26930,1
26931,3
26932,1
26933,2
26934,3
26935,2
26936,2
26937,0
26938,3
26939,2
26940,1
26941,0
26942,2
26943,0
26944,2
26945,3
26946,3
26947,3
26948,0
26949,0
26950,3
26951,0
26952,0
26953,0
26954,2
26955,2
26956,2
26957,0
26958,0
26959,3
26960,0
26961,2
26962,2
26963,3
26964,3
26965,1
26966,3
26967,3
26968,3
26969,0
26970,0
26971,0
26972,2
26973,1
26974,3
26975,3
26976,0
26977,2
26978,0
26979,1
26980,3
26981,0
26982,2
26983,2
26984,3
26985,1
26986,2
26987,3
26988,2
26989,1
26990,2
26991,2
26992,0
26993,3
26994,3
26995,1
26996,1
26997,3
26998,0
26999,2
27000,3
27001,2
27002,2
27003,3
27004,2
27005,1
27006,1
27007,3
27008,3
27009,3
27010,1
27011,0
27012,3
27013,2
27014,2
27015,3
27016,1
27017,0
27018,2
27019,3
27020,3
27021,3
27022,3
27023,3
27024,0
27025,3
27026,2
27027,1
27028,3
27029,2
27030,2
27031,2
27032,3
27033,2
27034,1
27035,3
27036,3
27037,2
27038,2
27039,2
27040,3
27041,2
27042,1
27043,3
27044,0
27045,0
27046,0
27047,3
27048,1
27049,2
27050,2
27051,1
27052,2
27053,0
27054,1
27055,0
27056,3
27057,3
27058,1
27059,3
27060,3
27061,0
27062,3
27063,2
27064,1
27065,0
27066,1
27067,3
27068,1
27069,2
27070,3
27071,2
27072,3
27073,1
27074,3
27075,3
27076,2
27077,3
27078,0
27079,3
27080,2
27081,3
27082,1
27083,3
27084,2
27085,3
27086,1
27087,3
27088,3
27089,1
27090,3
27091,3
27092,1
27093,0
27094,1
27095,3
27096,3
27097,3
27098,3
27099,1
27100,3
27101,3
27102,0
27103,2
27104,0
27105,0
27106,3
27107,0
27108,1
27109,3
27110,3
27111,0
27112,3
27113,2
27114,3
27115,1
27116,2
27117,0
27118,0
27119,2
27120,2
27121,3
27122,1
27123,2
27124,1
27125,0
27126,3
27127,2
27128,1
27129,3
27130,1
27131,1
27132,2
27133,2
27134,3
27135,0
27136,3
27137,1
27138,1
27139,2
27140,1
27141,1
27142,1
27143,3
27144,3
27145,2
27146,3
27147,3
27148,3
27149,0
27150,0
27151,1
27152,2
27153,3
27154,2
27155,3
27156,1
27157,2
27158,0
27159,1
27160,2
27161,3
27162,1
27163,1
27164,1
27165,1
27166,0
27167,2
27168,0
27169,2
27170,3
27171,3
27172,0
27173,2
27174,3
27175,3
27176,3
27177,1
27178,1
27179,2
27180,1
27181,3
27182,0
27183,3
27184,3
27185,3
27186,1
27187,3
27188,2
27189,2
27190,0
27191,3
27192,3
27193,3
27194,1
27195,2
27196,0
27197,3
27198,3
27199,1
27200,1
27201,2
27202,1
27203,0
27204,3
27205,2
27206,3
27207,1
27208,0
27209,2
27210,0
27211,3
27212,2
27213,3
27214,1
27215,2
27216,3
27217,0
27218,2
27219,3
27220,1
27221,0
27222,3
27223,2
27224,3
27225,2
27226,3
27227,2
27228,1
27229,0
27230,1
27231,3
27232,0
27233,3
27234,3
27235,2
27236,1
27237,3
27238,3
27239,1
27240,3
27241,2
27242,1
27243,1
27244,2
27245,0
27246,1
27247,3
27248,3
27249,1
27250,3
27251,3
27252,1
27253,0
27254,3
27255,2
27256,1
27257,3
27258,0
27259,3
27260,2
27261,0
27262,1
27263,2
27264,2
27265,1
27266,2
27267,3
27268,0
27269,2
27270,3
27271,0
27272,2
27273,1
27274,3
27275,0
27276,1
27277,0
27278,2
27279,2
27280,2
27281,1
27282,2
27283,3
27284,1
27285,0
27286,1
27287,2
27288,0
27289,2
27290,2
27291,2
27292,0
27293,3
27294,3
27295,0
27296,3
27297,1
27298,3
27299,1
27300,3
27301,3
27302,1
27303,2
27304,2
27305,3
27306,2
27307,0
27308,3
27309,2
27310,3
27311,2
27312,0
27313,3
27314,1
27315,3
27316,2
27317,3
27318,2
27319,3
27320,1
27321,3
27322,0
27323,2
27324,3
27325,3
27326,0
27327,2
27328,0
27329,1
27330,3
27331,3
27332,3
27333,0
27334,1
27335,3
27336,2
27337,3
27338,1
27339,3
27340,3
27341,3
27342,3
27343,0
27344,0
27345,1
27346,3
27347,1
27348,3
27349,1
27350,3
27351,2
27352,3
27353,3
27354,1
27355,2
27356,3
27357,3
27358,3
27359,3
27360,0
27361,2
27362,3
27363,1
27364,0
27365,1
27366,3
27367,3
27368,2
27369,2
27370,3
27371,3
27372,1
27373,2
27374,3
27375,1
27376,3
27377,1
27378,1
27379,3
27380,2
27381,1
27382,2
27383,3
27384,2
27385,3
27386,3
27387,3
27388,1
27389,3
27390,0
27391,3
27392,3
27393,2
27394,0
27395,2
27396,2
27397,1
27398,2
27399,1
27400,1
27401,3
27402,1
27403,2
27404,1
27405,0
27406,0
27407,3
27408,0
27409,2
27410,1
27411,3
27412,2
27413,2
27414,2
27415,0
27416,1
27417,2
27418,1
27419,2
27420,0
27421,1
27422,1
27423,3
27424,3
27425,2
27426,2
27427,2
27428,3
27429,3
27430,3
27431,0
27432,0
27433,3
27434,3
27435,1
27436,3
27437,3
27438,1
27439,2
27440,0
27441,0
27442,2
27443,2
27444,2
27445,2
27446,1
27447,3
27448,0
27449,3
27450,3
27451,1
27452,0
27453,3
27454,3
27455,1
27456,0
27457,3
27458,2
27459,3
27460,3
27461,1
27462,2
27463,0
27464,3
27465,3
27466,1
27467,2
27468,2
27469,0
27470,2
27471,3
27472,2
27473,0
27474,3
27475,2
27476,3
27477,2
27478,1
27479,3
27480,2
27481,3
27482,3
27483,3
27484,2
27485,0
27486,2
27487,2
27488,2
27489,3
27490,3
27491,2
27492,0
27493,2
27494,2
27495,0
27496,3
27497,3
27498,1
27499,2
27500,0
27501,3
27502,0
27503,3
27504,1
27505,3
27506,3
27507,0
27508,3
27509,1
27510,2
27511,0
27512,0
27513,3
27514,3
27515,1
27516,3
27517,3
27518,3
27519,1
27520,2
27521,3
27522,3
27523,2
27524,0
27525,3
27526,3
27527,3
27528,2
27529,3
27530,3
27531,2
27532,3
27533,3
27534,3
27535,3
27536,0
27537,0
27538,2
27539,2
27540,3
27541,0
27542,2
27543,1
27544,0
27545,1
27546,0
27547,3
27548,3
27549,0
27550,2
27551,3
27552,2
27553,0
27554,0
27555,1
27556,0
27557,3
27558,2
27559,3
27560,2
27561,0
27562,2
27563,0
27564,2
27565,1
27566,1
27567,2
27568,2
27569,0
27570,2
27571,2
27572,1
27573,0
27574,0
27575,3
27576,0
27577,1
27578,3
27579,3
27580,2
27581,1
27582,1
27583,2
27584,3
27585,1
27586,3
27587,3
27588,3
27589,3
27590,0
27591,1
27592,3
27593,2
27594,3
27595,1
27596,3
27597,1
27598,2
27599,3
27600,3
27601,3
27602,0
27603,2
27604,3
27605,0
27606,2
27607,3
27608,3
27609,3
27610,3
27611,1
27612,1
27613,2
27614,3
27615,3
27616,0
27617,3
27618,3
27619,0
27620,2
27621,2
27622,1
27623,3
27624,3
27625,3
27626,0
27627,3
27628,3
27629,2
27630,1
27631,3
27632,2
27633,2
27634,2
27635,1
27636,3
27637,0
27638,2
27639,2
27640,1
27641,0
27642,3
27643,3
27644,0
27645,1
27646,1
27647,3
27648,1
27649,2
27650,2
27651,3
27652,3
27653,0
27654,3
27655,3
27656,3
27657,1
27658,2
27659,3
27660,2
27661,1
27662,0
27663,0
27664,3
27665,2
27666,3
27667,0
27668,0
27669,0
27670,2
27671,3
27672,2
27673,3
27674,3
27675,1
27676,3
27677,0
27678,0
27679,2
27680,1
27681,3
27682,0
27683,1
27684,0
27685,1
27686,1
27687,3
27688,3
27689,3
27690,3
27691,3
27692,2
27693,3
27694,3
27695,2
27696,3
27697,1
27698,2
27699,1
27700,2
27701,3
27702,3
27703,3
27704,2
27705,3
27706,3
27707,3
27708,1
27709,3
27710,3
27711,2
27712,0
27713,1
27714,0
27715,3
27716,1
27717,1
27718,2
27719,1
27720,2
27721,1
27722,3
27723,1
27724,0
27725,3
27726,3
27727,3
27728,3
27729,0
27730,3
27731,0
27732,3
27733,2
27734,0
27735,2
27736,2
27737,3
27738,2
27739,0
27740,2
27741,2
27742,0
27743,2
27744,3
27745,3
27746,3
27747,3
27748,2
27749,0
27750,3
27751,2
27752,0
27753,3
27754,1
27755,0
27756,2
27757,0
27758,3
27759,2
27760,0
27761,3
27762,3
27763,2
27764,1
27765,2
27766,1
27767,3
27768,2
27769,3
27770,3
27771,1
27772,2
27773,2
27774,3
27775,1
27776,1
27777,2
27778,3
27779,2
27780,3
27781,1
27782,2
27783,1
27784,3
27785,3
27786,1
27787,2
27788,1
27789,3
27790,3
27791,3
27792,0
27793,3
27794,3
27795,1
27796,1
27797,3
27798,0
27799,2
27800,3
27801,3
27802,0
27803,3
27804,1
27805,2
27806,0
27807,0
27808,3
27809,1
27810,1
27811,3
27812,3
27813,2
27814,1
27815,3
27816,3
27817,0
27818,3
27819,3
27820,0
27821,2
27822,2
27823,2
27824,3
27825,1
27826,1
27827,0
27828,2
27829,3
27830,3
27831,1
27832,3
27833,1
27834,3
27835,2
27836,2
27837,3
27838,1
27839,2
27840,0
27841,0
27842,2
27843,0
27844,2
27845,1
27846,1
27847,1
27848,1
27849,0
27850,1
27851,3
27852,3
27853,3
27854,0
27855,2
27856,3
27857,2
27858,3
27859,2
27860,0
27861,1
27862,2
27863,3
27864,2
27865,3
27866,3
27867,0
27868,3
27869,3
27870,0
27871,2
27872,2
27873,3
27874,3
27875,2
27876,3
27877,1
27878,3
27879,3
27880,1
27881,1
27882,3
27883,3
27884,3
27885,2
27886,0
27887,2
27888,3
27889,3
27890,2
27891,3
27892,0
27893,2
27894,3
27895,3
27896,2
27897,0
27898,2
27899,3
27900,2
27901,3
27902,2
27903,3
27904,3
27905,2
27906,0
27907,3
27908,2
27909,3
27910,0
27911,2
27912,0
27913,3
27914,0
27915,1
27916,3
27917,3
27918,1
27919,2
27920,3
27921,2
27922,0
27923,0
27924,0
27925,1
27926,0
27927,2
27928,0
27929,3
27930,0
27931,1
27932,2
27933,1
27934,3
27935,3
27936,0
27937,3
27938,1
27939,0
27940,3
27941,3
27942,0
27943,1
27944,3
27945,2
27946,2
27947,3
27948,1
27949,2
27950,0
27951,0
27952,3
27953,0
27954,3
27955,0
27956,2
27957,3
27958,1
27959,0
27960,3
27961,2
27962,0
27963,1
27964,3
27965,1
27966,0
27967,2
27968,1
27969,2
27970,1
27971,3
27972,0
27973,1
27974,1
27975,3
27976,3
27977,1
27978,0
27979,2
27980,0
27981,0
27982,2
27983,1
27984,3
27985,0
27986,3
27987,3
27988,3
27989,1
27990,3
27991,1
27992,1
27993,3
27994,2
27995,0
27996,2
27997,2
27998,3
27999,0
28000,3
28001,3
28002,3
28003,0
28004,0
28005,3
28006,0
28007,3
28008,0
28009,2
28010,3
28011,2
28012,3
28013,1
28014,2
28015,3
28016,0
28017,1
28018,3
28019,3
28020,3
28021,2
28022,1
28023,2
28024,2
28025,3
28026,0
28027,0
28028,2
28029,1
28030,1
28031,1
28032,2
28033,2
28034,3
28035,2
28036,1
28037,2
28038,3
28039,1
28040,2
28041,1
28042,1
28043,3
28044,1
28045,3
28046,0
28047,2
28048,0
28049,0
28050,2
28051,3
28052,1
28053,2
28054,3
28055,3
28056,3
28057,2
28058,1
28059,0
28060,1
28061,3
28062,1
28063,2
28064,3
28065,1
28066,3
28067,2
28068,2
28069,2
28070,3
28071,0
28072,3
28073,1
28074,0
28075,1
28076,3
28077,0
28078,0
28079,1
28080,3
28081,3
28082,2
28083,1
28084,3
28085,3
28086,2
28087,3
28088,3
28089,3
28090,3
28091,2
28092,3
28093,3
28094,1
28095,2
28096,1
28097,2
28098,3
28099,2
28100,0
28101,0
28102,2
28103,2
28104,1
28105,3
28106,3
28107,0
28108,1
28109,3
28110,2
28111,2
28112,2
28113,1
28114,2
28115,1
28116,3
28117,1
28118,0
28119,1
28120,2
28121,0
28122,3
28123,1
28124,1
28125,1
28126,1
28127,0
28128,1
28129,3
28130,3
28131,0
28132,3
28133,3
28134,3
28135,1
28136,0
28137,3
28138,1
28139,2
28140,2
28141,2
28142,3
28143,3
28144,3
28145,1
28146,1
28147,0
28148,1
28149,3
28150,0
28151,1
28152,3
28153,2
28154,1
28155,3
28156,2
28157,3
28158,0
28159,3
28160,0
28161,3
28162,0
28163,0
28164,3
28165,2
28166,2
28167,0
28168,3
28169,3
28170,2
28171,3
28172,2
28173,0
28174,2
28175,3
28176,2
28177,3
28178,2
28179,0
28180,3
28181,1
28182,3
28183,1
28184,2
28185,3
28186,0
28187,3
28188,2
28189,0
28190,2
28191,3
28192,1
28193,2
28194,2
28195,3
28196,3
28197,3
28198,1
28199,0
28200,0
28201,1
28202,2
28203,3
28204,1
28205,1
28206,3
28207,3
28208,1
28209,1
28210,0
28211,3
28212,3
28213,1
28214,2
28215,3
28216,3
28217,0
28218,1
28219,2
28220,1
28221,0
28222,1
28223,2
28224,2
28225,0
28226,1
28227,3
28228,2
28229,3
28230,0
28231,2
28232,1
28233,2
28234,2
28235,3
28236,2
28237,1
28238,2
28239,1
28240,3
28241,1
28242,3
28243,2
28244,2
28245,2
28246,1
28247,0
28248,0
28249,3
28250,0
28251,3
28252,1
28253,3
28254,1
28255,3
28256,1
28257,3
28258,3
28259,3
28260,0
28261,3
28262,0
28263,3
28264,1
28265,0
28266,2
28267,3
28268,3
28269,1
28270,2
28271,3
28272,1
28273,0
28274,3
28275,3
28276,2
28277,2
28278,3
28279,1
28280,3
28281,1
28282,2
28283,3
28284,3
28285,1
28286,0
28287,3
28288,2
28289,1
28290,3
28291,1
28292,3
28293,3
28294,0
28295,3
28296,1
28297,2
28298,3
28299,1
28300,1
28301,0
28302,0
28303,3
28304,3
28305,2
28306,2
28307,2
28308,2
28309,2
28310,1
28311,0
28312,3
28313,3
28314,1
28315,1
28316,3
28317,3
28318,3
28319,2
28320,0
28321,0
28322,2
28323,1
28324,0
28325,2
28326,2
28327,1
28328,2
28329,0
28330,1
28331,2
28332,1
28333,0
28334,1
28335,1
28336,1
28337,0
28338,0
28339,2
28340,1
28341,0
28342,3
28343,3
28344,2
28345,2
28346,3
28347,3
28348,2
28349,2
28350,2
28351,1
28352,1
28353,3
28354,2
28355,0
28356,3
28357,2
28358,0
28359,3
28360,1
28361,2
28362,2
28363,2
28364,1
28365,3
28366,0
28367,2
28368,3
28369,2
28370,2
28371,3
28372,2
28373,3
28374,1
28375,0
28376,3
28377,1
28378,2
28379,1
28380,3
28381,0
28382,3
28383,0
28384,1
28385,3
28386,1
28387,1
28388,0
28389,3
28390,0
28391,0
28392,3
28393,2
28394,2
28395,3
28396,3
28397,3
28398,1
28399,1
28400,1
28401,2
28402,0
28403,3
28404,2
28405,3
28406,0
28407,3
28408,2
28409,3
28410,2
28411,3
28412,1
28413,2
28414,2
28415,1
28416,1
28417,1
28418,3
28419,3
28420,3
28421,3
28422,3
28423,0
28424,1
28425,1
28426,3
28427,3
28428,3
28429,3
28430,2
28431,0
28432,1
28433,2
28434,1
28435,1
28436,3
28437,1
28438,2
28439,3
28440,0
28441,3
28442,3
28443,3
28444,2
28445,2
28446,2
28447,0
28448,3
28449,2
28450,3
28451,3
28452,2
28453,3
28454,0
28455,1
28456,3
28457,2
28458,0
28459,2
28460,0
28461,0
28462,3
28463,3
28464,3
28465,2
28466,1
28467,0
28468,2
28469,2
28470,1
28471,3
28472,1
28473,2
28474,0
28475,2
28476,2
28477,3
28478,2
28479,3
28480,1
28481,0
28482,2
28483,1
28484,1
28485,1
28486,3
28487,1
28488,3
28489,0
28490,1
28491,1
28492,3
28493,2
28494,2
28495,2
28496,3
28497,2
28498,1
28499,3
28500,1
28501,0
28502,3
28503,0
28504,0
28505,1
28506,0
28507,3
28508,3
28509,3
28510,1
28511,3
28512,1
28513,3
28514,2
28515,3
28516,2
28517,0
28518,1
28519,3
28520,3
28521,2
28522,2
28523,0
28524,3
28525,2
28526,3
28527,1
28528,2
28529,1
28530,1
28531,3
28532,2
28533,0
28534,3
28535,0
28536,3
28537,3
28538,1
28539,0
28540,2
28541,1
28542,0
28543,0
28544,3
28545,1
28546,2
28547,3
28548,3
28549,0
28550,2
28551,3
28552,3
28553,1
28554,0
28555,1
28556,1
28557,3
28558,3
28559,3
28560,2
28561,3
28562,3
28563,2
28564,2
28565,0
28566,3
28567,2
28568,1
28569,0
28570,1
28571,2
28572,3
28573,3
28574,2
28575,2
28576,1
28577,2
28578,3
28579,3
28580,0
28581,3
28582,0
28583,1
28584,2
28585,1
28586,0
28587,0
28588,3
28589,1
28590,3
28591,3
28592,3
28593,1
28594,0
28595,0
28596,3
28597,1
28598,2
28599,3
28600,1
28601,3
28602,0
28603,1
28604,1
28605,3
28606,1
28607,1
28608,0
28609,3
28610,0
28611,1
28612,3
28613,3
28614,1
28615,3
28616,2
28617,1
28618,1
28619,1
28620,3
28621,2
28622,3
28623,3
28624,1
28625,1
28626,0
28627,3
28628,0
28629,2
28630,0
28631,2
28632,3
28633,2
28634,2
28635,1
28636,1
28637,0
28638,3
28639,3
28640,0
28641,3
28642,2
28643,3
28644,0
28645,2
28646,3
28647,3
28648,1
28649,3
28650,3
28651,2
28652,0
28653,0
28654,0
28655,3
28656,0
28657,1
28658,3
28659,3
28660,3
28661,3
28662,3
28663,2
28664,2
28665,3
28666,2
28667,3
28668,1
28669,2
28670,3
28671,2
28672,0
28673,2
28674,2
28675,1
28676,1
28677,2
28678,2
28679,0
28680,1
28681,3
28682,1
28683,2
28684,1
28685,3
28686,3
28687,0
28688,3
28689,2
28690,0
28691,1
28692,2
28693,1
28694,2
28695,3
28696,3
28697,3
28698,1
28699,1
28700,1
28701,0
28702,3
28703,2
28704,3
28705,3
28706,3
28707,2
28708,1
28709,3
28710,2
28711,2
28712,3
28713,2
28714,3
28715,3
28716,0
28717,3
28718,3
28719,2
28720,2
28721,2
28722,2
28723,0
28724,0
28725,2
28726,3
28727,3
28728,1
28729,3
28730,3
28731,1
28732,3
28733,1
28734,0
28735,1
28736,3
28737,1
28738,3
28739,1
28740,3
28741,0
28742,1
28743,3
28744,3
28745,3
28746,1
28747,1
28748,2
28749,2
28750,3
28751,0
28752,3
28753,0
28754,2
28755,1
28756,3
28757,1
28758,2
28759,2
28760,3
28761,2
28762,0
28763,3
28764,1
28765,1
28766,3
28767,2
28768,2
28769,3
28770,0
28771,2
28772,2
28773,1
28774,2
28775,3
28776,2
28777,0
28778,1
28779,1
28780,2
28781,0
28782,3
28783,1
28784,2
28785,3
28786,2
28787,1
28788,0
28789,1
28790,3
28791,0
28792,3
28793,1
28794,0
28795,2
28796,3
28797,2
28798,0
28799,2
28800,3
28801,3
28802,1
28803,2
28804,3
28805,0
28806,0
28807,2
28808,3
28809,2
28810,1
28811,1
28812,0
28813,3
28814,3
28815,3
28816,1
28817,3
28818,2
28819,3
28820,3
28821,3
28822,1
28823,2
28824,2
28825,2
28826,3
28827,1
28828,1
28829,0
28830,3
28831,3
28832,2
28833,3
28834,2
28835,3
28836,1
28837,0
28838,3
28839,0
28840,1
28841,2
28842,2
28843,3
28844,2
28845,3
28846,3
28847,2
28848,3
28849,3
28850,0
28851,3
28852,1
28853,0
28854,3
28855,3
28856,1
28857,3
28858,1
28859,2
28860,3
28861,3
28862,2
28863,0
28864,3
28865,0
28866,3
28867,1
28868,1
28869,3
28870,1
28871,0
28872,0
28873,2
28874,3
28875,1
28876,0
28877,3
28878,1
28879,1
28880,3
28881,0
28882,0
28883,0
28884,3
28885,2
28886,1
28887,1
28888,3
28889,1
28890,2
28891,0
28892,2
28893,2
28894,1
28895,1
28896,2
28897,3
28898,0
28899,2
28900,3
28901,3
28902,0
28903,3
28904,3
28905,1
28906,2
28907,2
28908,3
28909,3
28910,0
28911,2
28912,0
28913,2
28914,3
28915,3
28916,2
28917,0
28918,3
28919,1
28920,1
28921,3
28922,3
28923,3
28924,2
28925,3
28926,3
28927,2
28928,3
28929,3
28930,1
28931,1
28932,1
28933,2
28934,2
28935,3
28936,3
28937,2
28938,3
28939,1
28940,3
28941,0
28942,2
28943,0
28944,1
28945,1
28946,0
28947,1
28948,0
28949,3
28950,0
28951,2
28952,2
28953,0
28954,3
28955,1
28956,3
28957,2
28958,0
28959,0
28960,3
28961,2
28962,1
28963,3
28964,1
28965,3
28966,3
28967,3
28968,1
28969,3
28970,3
28971,3
28972,3
28973,3
28974,0
28975,0
28976,3
28977,2
28978,1
28979,1
28980,0
28981,2
28982,3
28983,2
28984,3
28985,3
28986,1
28987,0
28988,0
28989,3
28990,2
28991,0
28992,2
28993,3
28994,0
28995,0
28996,3
28997,2
28998,2
28999,0
29000,2
29001,3
29002,0
29003,3
29004,3
29005,1
29006,3
29007,0
29008,1
29009,2
29010,3
29011,2
29012,0
29013,2
29014,2
29015,3
29016,1
29017,3
29018,1
29019,2
29020,2
29021,1
29022,3
29023,1
29024,3
29025,0
29026,3
29027,1
29028,1
29029,3
29030,3
29031,3
29032,3
29033,2
29034,0
29035,1
29036,3
29037,3
29038,3
29039,0
29040,0
29041,3
29042,3
29043,2
29044,0
29045,2
29046,1
29047,3
29048,1
29049,2
29050,2
29051,1
29052,2
29053,1
29054,1
29055,2
29056,1
29057,0
29058,2
29059,2
29060,3
29061,2
29062,2
29063,0
29064,3
29065,3
29066,3
29067,0
29068,3
29069,2
29070,1
29071,2
29072,1
29073,3
29074,0
29075,2
29076,3
29077,3
29078,3
29079,2
29080,2
29081,1
29082,2
29083,3
29084,0
29085,0
29086,3
29087,2
29088,2
29089,2
29090,0
29091,2
29092,3
29093,2
29094,3
29095,3
29096,1
29097,2
29098,3
29099,3
29100,0
29101,3
29102,0
29103,2
29104,2
29105,1
29106,1
29107,0
29108,2
29109,0
29110,1
29111,2
29112,2
29113,2
29114,3
29115,3
29116,0
29117,2
29118,0
29119,0
29120,2
29121,1
29122,3
29123,3
29124,1
29125,1
29126,0
29127,3
29128,0
29129,1
29130,1
29131,3
29132,2
29133,2
29134,2
29135,2
29136,3
29137,1
29138,1
29139,2
29140,3
29141,3
29142,2
29143,2
29144,2
29145,0
29146,2
29147,0
29148,0
29149,2
29150,2
29151,1
29152,2
29153,3
29154,3
29155,2
29156,2
29157,2
29158,2
29159,3
29160,3
29161,2
29162,0
29163,3
29164,3
29165,1
29166,2
29167,0
29168,3
29169,0
29170,0
29171,2
29172,1
29173,3
29174,3
29175,1
29176,3
29177,3
29178,0
29179,2
29180,3
29181,1
29182,1
29183,1
29184,3
29185,0
29186,0
29187,0
29188,3
29189,1
29190,2
29191,3
29192,2
29193,3
29194,2
29195,0
29196,2
29197,3
29198,0
29199,3
29200,1
29201,1
29202,0
29203,0
29204,3
29205,0
29206,3
29207,3
29208,2
29209,2
29210,2
29211,2
29212,2
29213,1
29214,0
29215,2
29216,3
29217,2
29218,2
29219,1
29220,1
29221,0
29222,1
29223,3
29224,2
29225,3
29226,3
29227,3
29228,3
29229,1
29230,3
29231,1
29232,3
29233,3
29234,2
29235,3
29236,0
29237,1
29238,2
29239,2
29240,0
29241,0
29242,1
29243,3
29244,2
29245,3
29246,3
29247,2
29248,0
29249,0
29250,1
29251,3
29252,2
29253,1
29254,3
29255,3
29256,3
29257,3
29258,1
29259,2
29260,0
29261,3
29262,3
29263,2
29264,0
29265,0
29266,0
29267,3
29268,3
29269,3
29270,1
29271,3
29272,0
29273,1
29274,1
29275,3
29276,3
29277,2
29278,3
29279,3
29280,2
29281,3
29282,3
29283,3
29284,2
29285,0
29286,2
29287,3
29288,0
29289,1
29290,0
29291,3
29292,3
29293,2
29294,3
29295,1
29296,3
29297,2
29298,3
29299,2
29300,3
29301,3
29302,3
29303,0
29304,3
29305,1
29306,3
29307,2
29308,3
29309,2
29310,3
29311,0
29312,0
29313,2
29314,3
29315,2
29316,0
29317,0
29318,1
29319,3
29320,2
29321,3
29322,2
29323,3
29324,2
29325,1
29326,3
29327,0
29328,1
29329,2
29330,0
29331,1
29332,0
29333,0
29334,3
29335,3
29336,0
29337,2
29338,3
29339,3
29340,0
29341,3
29342,2
29343,3
29344,2
29345,2
29346,3
29347,3
29348,2
29349,1
29350,0
29351,0
29352,1
29353,2
29354,2
29355,3
29356,0
29357,0
29358,0
29359,3
29360,2
29361,3
29362,1
29363,0
29364,1
29365,2
29366,0
29367,0
29368,1
29369,1
29370,2
29371,1
29372,3
29373,2
29374,0
29375,3
29376,3
29377,2
29378,1
29379,2
29380,3
29381,3
29382,2
29383,2
29384,2
29385,3
29386,1
29387,3
29388,1
29389,2
29390,1
29391,1
29392,0
29393,2
29394,3
29395,1
29396,2
29397,1
29398,1
29399,1
29400,2
29401,1
29402,1
29403,1
29404,1
29405,3
29406,2
29407,2
29408,3
29409,0
29410,0
29411,0
29412,2
29413,0
29414,3
29415,1
29416,1
29417,1
29418,2
29419,3
29420,0
29421,3
29422,1
29423,3
29424,3
29425,0
29426,3
29427,2
29428,3
29429,2
29430,2
29431,3
29432,3
29433,3
29434,0
29435,3
29436,3
29437,1
29438,2
29439,1
29440,0
29441,0
29442,1
29443,3
29444,0
29445,0
29446,3
29447,3
29448,2
29449,3
29450,3
29451,3
29452,1
29453,0
29454,0
29455,3
29456,0
29457,3
29458,0
29459,3
29460,3
29461,2
29462,0
29463,3
29464,0
29465,3
29466,2
29467,0
29468,0
29469,0
29470,2
29471,2
29472,1
29473,3
29474,2
29475,3
29476,3
29477,3
29478,3
29479,0
29480,0
29481,2
29482,3
29483,1
29484,2
29485,1
29486,2
29487,1
29488,3
29489,1
29490,1
29491,1
29492,1
29493,3
29494,1
29495,2
29496,0
29497,1
29498,1
29499,2
29500,2
29501,2
29502,2
29503,3
29504,3
29505,3
29506,3
29507,2
29508,2
29509,2
29510,3
29511,2
29512,3
29513,2
29514,2
29515,3
29516,1
29517,3
29518,2
29519,0
29520,2
29521,2
29522,3
29523,2
29524,0
29525,0
29526,0
29527,2
29528,2
29529,1
29530,0
29531,3
29532,3
29533,0
29534,0
29535,2
29536,0
29537,0
29538,3
29539,1
29540,2
29541,1
29542,3
29543,0
29544,3
29545,3
29546,3
29547,1
29548,3
29549,2
29550,3
29551,1
29552,3
29553,2
29554,3
29555,3
29556,3
29557,2
29558,3
29559,2
29560,3
29561,3
29562,3
29563,3
29564,2
29565,3
29566,2
29567,2
29568,0
29569,0
29570,3
29571,0
29572,3
29573,0
29574,3
29575,2
29576,2
29577,3
29578,2
29579,2
29580,1
29581,2
29582,2
29583,0
29584,2
29585,3
29586,1
29587,2
29588,0
29589,3
29590,3
29591,1
29592,3
29593,1
29594,1
29595,1
29596,2
29597,3
29598,3
29599,3
29600,1
29601,3
29602,1
29603,2
29604,3
29605,3
29606,2
29607,2
29608,2
29609,2
29610,3
29611,1
29612,3
29613,3
29614,0
29615,0
29616,2
29617,3
29618,2
29619,3
29620,3
29621,2
29622,3
29623,3
29624,2
29625,1
29626,3
29627,1
29628,3
29629,3
29630,1
29631,3
29632,3
29633,1
29634,0
29635,2
29636,1
29637,3
29638,1
29639,0
29640,1
29641,0
29642,1
29643,1
29644,0
29645,1
29646,3
29647,3
29648,3
29649,1
29650,0
29651,3
29652,3
29653,1
29654,2
29655,1
29656,3
29657,1
29658,0
29659,2
29660,1
29661,2
29662,3
29663,0
29664,2
29665,0
29666,3
29667,3
29668,0
29669,3
29670,3
29671,3
29672,2
29673,3
29674,1
29675,1
29676,3
29677,1
29678,3
29679,2
29680,1
29681,1
29682,0
29683,3
29684,2
29685,0
29686,2
29687,2
29688,2
29689,2
29690,3
29691,3
29692,0
29693,1
29694,3
29695,1
29696,0
29697,0
29698,3
29699,0
29700,0
29701,1
29702,0
29703,3
29704,3
29705,1
29706,3
29707,0
29708,2
29709,2
29710,2
29711,2
29712,3
29713,2
29714,0
29715,3
29716,2
29717,3
29718,0
29719,3
29720,3
29721,1
29722,2
29723,2
29724,2
29725,3
29726,0
29727,3
29728,1
29729,3
29730,0
29731,0
29732,3
29733,3
29734,2
29735,0
29736,3
29737,3
29738,3
29739,3
29740,1
29741,2
29742,3
29743,3
29744,2
29745,1
29746,1
29747,1
29748,0
29749,0
29750,3
29751,2
29752,3
29753,3
29754,3
29755,2
29756,1
29757,3
29758,3
29759,1
29760,0
29761,3
29762,3
29763,3
29764,2
29765,1
29766,0
29767,1
29768,3
29769,0
29770,1
29771,2
29772,3
29773,2
29774,0
29775,3
29776,0
29777,0
29778,2
29779,2
29780,2
29781,0
29782,1
29783,1
29784,3
29785,1
29786,3
29787,3
29788,1
29789,1
29790,1
29791,3
29792,2
29793,1
29794,0
29795,2
29796,0
29797,2
29798,3
29799,3
29800,3
29801,1
29802,1
29803,2
29804,2
29805,2
29806,0
29807,2
29808,1
29809,3
29810,3
29811,3
29812,2
29813,0
29814,3
29815,2
29816,0
29817,2
29818,1
29819,3
29820,0
29821,1
29822,1
29823,2
29824,1
29825,2
29826,0
29827,0
29828,3
29829,3
29830,2
29831,1
29832,0
29833,2
29834,1
29835,3
29836,3
29837,3
29838,3
29839,1
29840,3
29841,3
29842,3
29843,0
29844,3
29845,1
29846,1
29847,2
29848,2
29849,3
29850,3
29851,0
29852,3
29853,1
29854,2
29855,1
29856,3
29857,3
29858,1
29859,3
29860,0
29861,1
29862,1
29863,3
29864,0
29865,0
29866,0
29867,1
29868,3
29869,0
29870,2
29871,3
29872,1
29873,3
29874,3
29875,3
29876,2
29877,2
29878,0
29879,3
29880,0
29881,2
29882,3
29883,3
29884,3
29885,0
29886,0
29887,1
29888,1
29889,3
29890,3
29891,3
29892,3
29893,3
29894,0
29895,0
29896,2
29897,2
29898,0
29899,3
29900,3
29901,3
29902,0
29903,1
29904,3
29905,2
29906,3
29907,2
29908,2
29909,1
29910,0
29911,1
29912,3
29913,1
29914,0
29915,2
29916,3
29917,3
29918,0
29919,1
29920,3
29921,2
29922,1
29923,2
29924,1
29925,1
29926,2
29927,0
29928,1
29929,3
29930,2
29931,3
29932,3
29933,1
29934,3
29935,0
29936,0
29937,3
29938,2
29939,1
29940,3
29941,1
29942,3
29943,2
29944,3
29945,3
29946,2
29947,2
29948,0
29949,2
29950,1
29951,3
29952,3
29953,2
29954,0
29955,2
29956,1
29957,1
29958,3
29959,3
29960,1
29961,2
29962,1
29963,1
29964,1
29965,2
29966,3
29967,2
29968,3
29969,2
29970,1
29971,1
29972,2
29973,2
29974,3
29975,3
29976,1
29977,2
29978,3
29979,3
29980,1
29981,3
29982,3
29983,3
29984,3
29985,1
29986,0
29987,0
29988,3
29989,2
29990,2
29991,2
29992,3
29993,3
29994,3
29995,3
29996,3
29997,2
29998,1
29999,3
30000,3
30001,3
30002,3
30003,2
30004,0
30005,3
30006,2
30007,0
30008,2
30009,1
30010,1
30011,2
30012,3
30013,2
30014,2
30015,3
30016,0
30017,3
30018,0
30019,0
30020,3
30021,2
30022,1
30023,1
30024,0
30025,2
30026,3
30027,3
30028,1
30029,0
30030,1
30031,2
30032,2
30033,3
30034,2
30035,0
30036,2
30037,2
30038,3
30039,2
30040,1
30041,3
30042,3
30043,3
30044,1
30045,2
30046,3
30047,3
30048,3
30049,3
30050,0
30051,0
30052,3
30053,1
30054,1
30055,2
30056,1
30057,2
30058,3
30059,3
30060,1
30061,1
30062,0
30063,2
30064,1
30065,2
30066,3
30067,3
30068,3
30069,3
30070,3
30071,3
30072,1
30073,0
30074,2
30075,2
30076,3
30077,3
30078,2
30079,1
30080,3
30081,3
30082,3
30083,2
30084,2
30085,3
30086,1
30087,3
30088,2
30089,3
30090,0
30091,0
30092,2
30093,3
30094,2
30095,2
30096,1
30097,3
30098,0
30099,2
30100,0
30101,3
30102,3
30103,2
30104,3
30105,2
30106,2
30107,2
30108,2
30109,3
30110,2
30111,3
30112,0
30113,2
30114,0
30115,3
30116,1
30117,3
30118,2
30119,3
30120,0
30121,3
30122,2
30123,1
30124,2
30125,0
30126,1
30127,1
30128,0
30129,1
30130,3
30131,3
30132,3
30133,1
30134,3
30135,0
30136,1
30137,2
30138,2
30139,1
30140,3
30141,1
30142,1
30143,0
30144,1
30145,2
30146,2
30147,1
30148,3
30149,0
30150,1
30151,1
30152,0
30153,2
30154,3
30155,1
30156,1
30157,0
30158,3
30159,2
30160,0
30161,1
30162,3
30163,1
30164,3
30165,1
30166,2
30167,3
30168,3
30169,0
30170,3
30171,0
30172,2
30173,1
30174,1
30175,2
30176,0
30177,0
30178,1
30179,3
30180,3
30181,0
30182,3
30183,2
30184,1
30185,3
30186,3
30187,0
30188,2
30189,3
30190,0
30191,1
30192,3
30193,2
30194,3
30195,2
30196,3
30197,1
30198,0
30199,2
30200,0
30201,1
30202,1
30203,1
30204,3
30205,1
30206,2
30207,2
30208,3
30209,2
30210,3
30211,3
30212,3
30213,3
30214,3
30215,3
30216,3
30217,2
30218,3
30219,2
30220,3
30221,0
30222,1
30223,3
30224,1
30225,0
30226,1
30227,3
30228,0
30229,3
30230,0
30231,2
30232,0
30233,1
30234,3
30235,3
30236,2
30237,1
30238,0
30239,3
30240,3
30241,1
30242,3
30243,1
30244,0
30245,1
30246,0
30247,2
30248,3
30249,1
30250,1
30251,2
30252,0
30253,0
30254,2
30255,0
30256,3
30257,1
30258,1
30259,2
30260,2
30261,2
30262,3
30263,3
30264,0
30265,2
30266,3
30267,1
30268,2
30269,2
30270,1
30271,3
30272,0
30273,1
30274,3
30275,2
30276,3
30277,0
30278,3
30279,0
30280,3
30281,3
30282,3
30283,1
30284,0
30285,2
30286,1
30287,1
30288,1
30289,3
30290,2
30291,2
30292,2
30293,2
30294,2
30295,3
30296,3
30297,3
30298,2
30299,3
30300,1
30301,3
30302,1
30303,3
30304,3
30305,2
30306,2
30307,0
30308,0
30309,0
30310,2
30311,1
30312,3
30313,2
30314,0
30315,3
30316,3
30317,3
30318,3
30319,3
30320,2
30321,2
30322,1
30323,2
30324,1
30325,3
30326,0
30327,2
30328,3
30329,1
30330,3
30331,1
30332,2
30333,0
30334,2
30335,2
30336,3
30337,3
30338,2
30339,3
30340,3
30341,1
30342,3
30343,1
30344,1
30345,2
30346,3
30347,3
30348,1
30349,3
30350,0
30351,2
30352,3
30353,3
30354,1
30355,1
30356,0
30357,2
30358,3
30359,0
30360,2
30361,3
30362,0
30363,1
30364,3
30365,3
30366,2
30367,3
30368,3
30369,2
30370,2
30371,1
30372,0
30373,2
30374,2
30375,0
30376,1
30377,1
30378,0
30379,0
30380,1
30381,3
30382,3
30383,3
30384,2
30385,2
30386,0
30387,3
30388,1
30389,3
30390,3
30391,0
30392,2
30393,1
30394,2
30395,3
30396,0
30397,0
30398,2
30399,1
30400,3
30401,1
30402,3
30403,2
30404,3
30405,3
30406,3
30407,3
30408,0
30409,0
30410,1
30411,0
30412,2
30413,3
30414,0
30415,3
30416,0
30417,3
30418,1
30419,1
30420,3
30421,1
30422,2
30423,3
30424,1
30425,2
30426,3
30427,1
30428,3
30429,1
30430,0
30431,3
30432,3
30433,1
30434,3
30435,1
30436,3
30437,2
30438,2
30439,0
30440,3
30441,0
30442,0
30443,2
30444,2
30445,3
30446,1
30447,2
30448,0
30449,3
30450,1
30451,0
30452,2
30453,2
30454,3
30455,1
30456,2
30457,3
30458,3
30459,2
30460,3
30461,2
30462,1
30463,0
30464,3
30465,2
30466,1
30467,0
30468,3
30469,0
30470,2
30471,0
30472,0
30473,2
30474,3
30475,1
30476,2
30477,1
30478,2
30479,3
30480,3
30481,3
30482,3
30483,2
30484,3
30485,0
30486,3
30487,3
30488,0
30489,3
30490,1
30491,3
30492,3
30493,2
30494,3
30495,0
30496,3
30497,0
30498,2
30499,3
30500,0
30501,3
30502,2
30503,2
30504,3
30505,0
30506,0
30507,1
30508,0
30509,2
30510,3
30511,1
30512,1
30513,0
30514,3
30515,3
30516,3
30517,0
30518,3
30519,0
30520,1
30521,0
30522,1
30523,3
30524,3
30525,1
30526,2
30527,2
30528,0
30529,0
30530,1
30531,2
30532,3
30533,2
30534,1
30535,2
30536,3
30537,3
30538,1
30539,3
30540,0
30541,0
30542,2
30543,0
30544,0
30545,3
30546,3
30547,3
30548,0
30549,0
30550,0
30551,2
30552,3
30553,3
30554,3
30555,1
30556,3
30557,3
30558,2
30559,1
30560,3
30561,2
30562,0
30563,3
30564,3
30565,0
30566,3
30567,0
30568,2
30569,0
30570,2
30571,1
30572,0
30573,3
30574,1
30575,3
30576,2
30577,3
30578,2
30579,3
30580,0
30581,3
30582,1
30583,3
30584,2
30585,0
30586,0
30587,2
30588,3
30589,0
30590,0
30591,2
30592,1
30593,0
30594,1
30595,2
30596,3
30597,1
30598,3
30599,2
30600,2
30601,3
30602,3
30603,3
30604,3
30605,0
30606,1
30607,2
30608,1
30609,2
30610,3
30611,2
30612,1
30613,3
30614,3
30615,3
30616,3
30617,2
30618,3
30619,1
30620,1
30621,3
30622,1
30623,3
30624,1
30625,2
30626,0
30627,0
30628,1
30629,3
30630,2
30631,3
30632,0
30633,3
30634,3
30635,2
30636,1
30637,3
30638,3
30639,0
30640,1
30641,2
30642,1
30643,3
30644,2
30645,3
30646,1
30647,3
30648,1
30649,1
30650,2
30651,0
30652,0
30653,3
30654,0
30655,2
30656,2
30657,0
30658,3
30659,3
30660,3
30661,3
30662,0
30663,2
30664,1
30665,0
30666,3
30667,0
30668,1
30669,2
30670,3
30671,3
30672,0
30673,3
30674,1
30675,1
30676,2
30677,3
30678,2
30679,2
30680,3
30681,2
30682,3
30683,1
30684,2
30685,3
30686,3
30687,3
30688,3
30689,1
30690,2
30691,2
30692,0
30693,3
30694,0
30695,3
30696,3
30697,0
30698,1
30699,2
30700,1
30701,1
30702,3
30703,2
30704,3
30705,3
30706,0
30707,1
30708,1
30709,3
30710,3
30711,3
30712,3
30713,3
30714,1
30715,3
30716,3
30717,3
30718,1
30719,0
30720,2
30721,2
30722,3
30723,2
30724,3
30725,1
30726,1
30727,3
30728,3
30729,3
30730,0
30731,1
30732,3
30733,3
30734,3
30735,3
30736,2
30737,0
30738,2
30739,1
30740,3
30741,3
30742,0
30743,0
30744,2
30745,0
30746,3
30747,3
30748,2
30749,3
30750,3
30751,1
30752,1
30753,3
30754,3
30755,0
30756,3
30757,2
30758,3
30759,3
30760,3
30761,0
30762,0
30763,2
30764,3
30765,0
30766,2
30767,3
30768,2
30769,1
30770,3
30771,2
30772,0
30773,1
30774,0
30775,2
30776,3
30777,1
30778,3
30779,2
30780,0
30781,3
30782,2
30783,3
30784,3
30785,2
30786,2
30787,0
30788,0
30789,3
30790,3
30791,2
30792,1
30793,1
30794,1
30795,1
30796,1
30797,2
30798,3
30799,3
30800,2
30801,2
30802,1
30803,1
30804,1
30805,1
30806,1
30807,3
30808,3
30809,3
30810,1
30811,1
30812,0
30813,1
30814,3
30815,3
30816,2
30817,3
30818,1
30819,3
30820,1
30821,3
30822,2
30823,3
30824,3
30825,3
30826,0
30827,1
30828,2
30829,2
30830,2
30831,0
30832,2
30833,0
30834,3
30835,3
30836,3
30837,3
30838,1
30839,0
30840,3
30841,3
30842,3
30843,3
30844,0
30845,0
30846,1
30847,2
30848,3
30849,1
30850,3
30851,3
30852,3
30853,3
30854,1
30855,3
30856,3
30857,3
30858,3
30859,2
30860,1
30861,3
30862,3
30863,0
30864,2
30865,3
30866,1
30867,1
30868,0
30869,2
30870,1
30871,1
30872,3
30873,1
30874,3
30875,3
30876,1
30877,2
30878,3
30879,0
30880,3
30881,0
30882,3
30883,3
30884,3
30885,3
30886,3
30887,2
30888,1
30889,0
30890,2
30891,3
30892,3
30893,3
30894,3
30895,3
30896,3
30897,3
30898,2
30899,0
30900,3
30901,3
30902,0
30903,3
30904,3
30905,3
30906,1
30907,3
30908,1
30909,2
30910,2
30911,1
30912,3
30913,3
30914,3
30915,0
30916,3
30917,0
30918,3
30919,3
30920,0
30921,3
30922,0
30923,0
30924,3
30925,3
30926,2
30927,3
30928,1
30929,3
30930,3
30931,3
30932,2
30933,0
30934,3
30935,2
30936,2
30937,1
30938,0
30939,0
30940,3
30941,1
30942,2
30943,2
30944,1
30945,0
30946,3
30947,2
30948,2
30949,2
30950,2
30951,3
30952,3
30953,0
30954,0
30955,0
30956,3
30957,3
30958,2
30959,2
30960,0
30961,1
30962,0
30963,0
30964,3
30965,1
30966,1
30967,3
30968,3
30969,0
30970,0
30971,3
30972,1
30973,2
30974,0
30975,0
30976,0
30977,1
30978,1
30979,1
30980,3
30981,2
30982,3
30983,0
30984,3
30985,0
30986,2
30987,2
30988,2
30989,0
30990,0
30991,3
30992,3
30993,2
30994,0
30995,0
30996,2
30997,3
30998,2
30999,1
31000,2
31001,3
31002,1
31003,3
31004,2
31005,0
31006,3
31007,3
31008,1
31009,3
31010,3
31011,0
31012,1
31013,3
31014,1
31015,3
31016,3
31017,1
31018,2
31019,0
31020,1
31021,1
31022,3
31023,3
31024,2
31025,1
31026,3
31027,3
31028,0
31029,0
31030,3
31031,3
31032,2
31033,2
31034,0
31035,0
31036,1
31037,0
31038,3
31039,3
31040,1
31041,3
31042,3
31043,3
31044,2
31045,3
31046,1
31047,1
31048,3
31049,2
31050,3
31051,3
31052,3
31053,0
31054,1
31055,3
31056,1
31057,3
31058,1
31059,2
31060,1
31061,2
31062,3
31063,2
31064,1
31065,3
31066,1
31067,2
31068,3
31069,1
31070,0
31071,2
31072,2
31073,0
31074,3
31075,1
31076,0
31077,0
31078,2
31079,1
31080,1
31081,1
31082,2
31083,2
31084,3
31085,3
31086,2
31087,1
31088,1
31089,0
31090,1
31091,1
31092,2
31093,0
31094,3
31095,2
31096,2
31097,3
31098,3
31099,0
31100,2
31101,3
31102,3
31103,0
31104,1
31105,3
31106,3
31107,1
31108,3
31109,0
31110,3
31111,0
31112,3
31113,1
31114,0
31115,3
31116,0
31117,3
31118,2
31119,3
31120,2
31121,2
31122,1
31123,1
31124,0
31125,3
31126,2
31127,1
31128,0
31129,1
31130,2
31131,3
31132,3
31133,3
31134,3
31135,0
31136,3
31137,3
31138,0
31139,1
31140,1
31141,3
31142,3
31143,3
31144,1
31145,3
31146,0
31147,3
31148,3
31149,3
31150,3
31151,0
31152,1
31153,2
31154,0
31155,3
31156,3
31157,1
31158,2
31159,0
31160,2
31161,0
31162,3
31163,3
31164,0
31165,0
31166,3
31167,2
31168,2
31169,0
31170,2
31171,0
31172,2
31173,0
31174,3
31175,3
31176,2
31177,2
31178,3
31179,2
31180,1
31181,2
31182,3
31183,2
31184,1
31185,1
31186,1
31187,0
31188,3
31189,3
31190,3
31191,1
31192,2
31193,1
31194,2
31195,3
31196,0
31197,2
31198,2
31199,2
31200,3
31201,3
31202,3
31203,3
31204,0
31205,1
31206,0
31207,3
31208,1
31209,3
31210,3
31211,1
31212,0
31213,1
31214,1
31215,3
31216,3
31217,3
31218,1
31219,0
31220,0
31221,2
31222,3
31223,3
31224,1
31225,0
31226,3
31227,3
31228,0
31229,3
31230,0
31231,2
31232,0
31233,0
31234,2
31235,1
31236,3
31237,1
31238,2
31239,1
31240,2
31241,2
31242,1
31243,0
31244,2
31245,2
31246,2
31247,3
31248,1
31249,3
31250,1
31251,2
31252,2
31253,2
31254,1
31255,3
31256,1
31257,2
31258,3
31259,0
31260,3
31261,2
31262,3
31263,0
31264,1
31265,3
31266,2
31267,1
31268,3
31269,3
31270,0
31271,3
31272,2
31273,3
31274,3
31275,2
31276,2
31277,3
31278,3
31279,2
31280,1
31281,3
31282,2
31283,1
31284,3
31285,2
31286,3
31287,3
31288,2
31289,3
31290,0
31291,3
31292,1
31293,3
31294,3
31295,2
31296,3
31297,0
31298,2
31299,0
31300,0
31301,2
31302,0
31303,3
31304,0
31305,3
31306,3
31307,1
31308,1
31309,3
31310,2
31311,3
31312,1
31313,0
31314,3
31315,1
31316,1
31317,0
31318,2
31319,1
31320,3
31321,2
31322,2
31323,0
31324,2
31325,0
31326,2
31327,1
31328,1
31329,1
31330,3
31331,3
31332,3
31333,2
31334,0
31335,3
31336,1
31337,2
31338,1
31339,3
31340,1
31341,3
31342,1
31343,2
31344,3
31345,3
31346,2
31347,1
31348,3
31349,2
31350,3
31351,3
31352,2
31353,1
31354,0
31355,3
31356,3
31357,1
31358,1
31359,2
31360,3
31361,0
31362,3
31363,3
31364,2
31365,2
31366,2
31367,3
31368,1
31369,2
31370,3
31371,1
31372,3
31373,2
31374,3
31375,1
31376,3
31377,0
31378,3
31379,0
31380,3
31381,2
31382,0
31383,2
31384,2
31385,0
31386,2
31387,2
31388,3
31389,3
31390,2
31391,0
31392,0
31393,3
31394,2
31395,3
31396,3
31397,1
31398,0
31399,0
31400,3
31401,3
31402,3
31403,3
31404,3
31405,0
31406,1
31407,0
31408,0
31409,3
31410,3
31411,2
31412,1
31413,2
31414,3
31415,2
31416,1
31417,3
31418,3
31419,2
31420,0
31421,3
31422,2
31423,1
31424,3
31425,3
31426,1
31427,0
31428,1
31429,0
31430,3
31431,3
31432,3
31433,3
31434,2
31435,3
31436,2
31437,3
31438,2
31439,2
31440,1
31441,1
31442,3
31443,3
31444,3
31445,0
31446,3
31447,2
31448,2
31449,1
31450,3
31451,1
31452,2
31453,2
31454,3
31455,1
31456,3
31457,3
31458,3
31459,0
31460,1
31461,2
31462,0
31463,3
31464,3
31465,1
31466,1
31467,0
31468,2
31469,2
31470,0
31471,3
31472,0
31473,3
31474,2
31475,3
31476,3
31477,2
31478,3
31479,2
31480,1
31481,3
31482,1
31483,1
31484,1
31485,2
31486,3
31487,2
31488,0
31489,3
31490,1
31491,0
31492,3
31493,2
31494,3
31495,1
31496,3
31497,3
31498,3
31499,3
31500,1
31501,3
31502,3
31503,3
31504,1
31505,0
31506,1
31507,1
31508,1
31509,1
31510,3
31511,0
31512,3
31513,1
31514,2
31515,3
31516,0
31517,3
31518,3
31519,0
31520,3
31521,2
31522,0
31523,3
31524,3
31525,1
31526,2
31527,1
31528,2
31529,3
31530,3
31531,2
31532,3
31533,0
31534,2
31535,2
31536,3
31537,2
31538,2
31539,3
31540,3
31541,2
31542,2
31543,2
31544,0
31545,1
31546,2
31547,0
31548,3
31549,3
31550,1
31551,1
31552,1
31553,3
31554,0
31555,3
31556,3
31557,2
31558,3
31559,3
31560,3
31561,2
31562,2
31563,3
31564,3
31565,1
31566,0
31567,0
31568,3
31569,3
31570,2
31571,3
31572,2
31573,2
31574,1
31575,3
31576,1
31577,2
31578,1
31579,2
31580,3
31581,1
31582,2
31583,1
31584,0
31585,3
31586,3
31587,3
31588,3
31589,2
31590,0
31591,1
31592,3
31593,2
31594,2
31595,2
31596,2
31597,2
31598,0
31599,3
31600,3
31601,3
31602,2
31603,1
31604,3
31605,0
31606,1
31607,2
31608,0
31609,3
31610,0
31611,1
31612,3
31613,2
31614,3
31615,2
31616,0
31617,3
31618,3
31619,1
31620,3
31621,0
31622,2
31623,1
31624,2
31625,0
31626,1
31627,3
31628,0
31629,1
31630,3
31631,1
31632,3
31633,0
31634,3
31635,1
31636,1
31637,3
31638,2
31639,3
31640,1
31641,2
31642,3
31643,3
31644,0
31645,3
31646,3
31647,2
31648,0
31649,0
31650,3
31651,2
31652,1
31653,2
31654,1
31655,0
31656,1
31657,3
31658,1
31659,1
31660,1
31661,3
31662,3
31663,1
31664,2
31665,3
31666,2
31667,2
31668,2
31669,1
31670,3
31671,2
31672,1
31673,3
31674,2
31675,2
31676,0
31677,1
31678,1
31679,1
31680,3
31681,3
31682,3
31683,3
31684,0
31685,2
31686,3
31687,2
31688,2
31689,2
31690,0
31691,0
31692,1
31693,3
31694,3
31695,3
31696,1
31697,1
31698,3
31699,3
31700,0
31701,1
31702,3
31703,3
31704,0
31705,0
31706,2
31707,1
31708,3
31709,2
31710,0
31711,2
31712,0
31713,2
31714,3
31715,3
31716,1
31717,3
31718,2
31719,2
31720,2
31721,3
31722,0
31723,3
31724,1
31725,3
31726,3
31727,0
31728,0
31729,3
31730,3
31731,3
31732,2
31733,1
31734,2
31735,2
31736,3
31737,3
31738,3
31739,1
31740,3
31741,3
31742,1
31743,3
31744,0
31745,0
31746,1
31747,3
31748,1
31749,3
31750,3
31751,0
31752,0
31753,3
31754,3
31755,2
31756,3
31757,3
31758,3
31759,3
31760,1
31761,3
31762,3
31763,2
31764,3
31765,0
31766,0
31767,1
31768,1
31769,3
31770,3
31771,2
31772,3
31773,0
31774,0
31775,3
31776,3
31777,2
31778,1
31779,1
31780,0
31781,3
31782,0
31783,1
31784,3
31785,2
31786,1
31787,2
31788,0
31789,1
31790,3
31791,3
31792,2
31793,3
31794,3
31795,0
31796,0
31797,0
31798,1
31799,1
31800,0
31801,3
31802,0
31803,3
31804,0
31805,3
31806,0
31807,2
31808,3
31809,3
31810,2
31811,1
31812,3
31813,0
31814,3
31815,3
31816,3
31817,1
31818,3
31819,2
31820,3
31821,3
31822,2
31823,1
31824,1
31825,1
31826,2
31827,3
31828,1
31829,2
31830,2
31831,3
31832,1
31833,0
31834,2
31835,3
31836,1
31837,3
31838,3
31839,0
31840,2
31841,3
31842,2
31843,2
31844,0
31845,2
31846,1
31847,2
31848,1
31849,2
31850,2
31851,3
31852,2
31853,3
31854,0
31855,1
31856,1
31857,2
31858,3
31859,1
31860,3
31861,0
31862,1
31863,0
31864,0
31865,3
31866,3
31867,3
31868,2
31869,2
31870,3
31871,1
31872,3
31873,2
31874,2
31875,3
31876,1
31877,3
31878,3
31879,3
31880,3
31881,1
31882,3
31883,2
31884,1
31885,2
31886,3
31887,1
31888,2
31889,1
31890,2
31891,3
31892,2
31893,0
31894,3
31895,1
31896,3
31897,0
31898,2
31899,1
31900,3
31901,1
31902,2
31903,2
31904,0
31905,2
31906,2
31907,3
31908,1
31909,0
31910,0
31911,3
31912,0
31913,2
31914,2
31915,3
31916,2
31917,3
31918,1
31919,2
31920,3
31921,2
31922,3
31923,0
31924,0
31925,3
31926,3
31927,0
31928,1
31929,1
31930,3
31931,1
31932,1
31933,1
31934,3
31935,2
31936,3
31937,3
31938,2
31939,3
31940,3
31941,3
31942,0
31943,2
31944,1
31945,1
31946,0
31947,3
31948,2
31949,3
31950,3
31951,2
31952,1
31953,3
31954,3
31955,0
31956,2
31957,0
31958,2
31959,0
31960,3
31961,3
31962,1
31963,1
31964,0
31965,1
31966,0
31967,3
31968,0
31969,0
31970,1
31971,1
31972,3
31973,3
31974,3
31975,1
31976,2
31977,0
31978,3
31979,1
31980,3
31981,3
31982,1
31983,3
31984,3
31985,1
31986,3
31987,2
31988,1
31989,0
31990,1
31991,3
31992,3
31993,3
31994,3
31995,3
31996,2
31997,1
31998,2
31999,0
32000,2
32001,1
32002,1
32003,2
32004,3
32005,0
32006,3
32007,0
32008,2
32009,3
32010,3
32011,3
32012,3
32013,1
32014,2
32015,3
32016,1
32017,0
32018,0
32019,3
32020,0
32021,1
32022,1
32023,1
32024,2
32025,2
32026,0
32027,2
32028,2
32029,2
32030,2
32031,1
32032,0
32033,1
32034,2
32035,1
32036,2
32037,0
32038,3
32039,0
32040,1
32041,1
32042,1
32043,0
32044,3
32045,0
32046,3
32047,1
32048,3
32049,3
32050,0
32051,3
32052,1
32053,3
32054,1
32055,2
32056,2
32057,3
32058,1
32059,0
32060,1
32061,0
32062,0
32063,0
32064,3
32065,2
32066,0
32067,1
32068,2
32069,2
32070,3
32071,2
32072,1
32073,3
32074,1
32075,3
32076,0
32077,2
32078,3
32079,1
32080,2
32081,1
32082,0
32083,1
32084,3
32085,0
32086,3
32087,3
32088,0
32089,0
32090,2
32091,3
32092,0
32093,3
32094,0
32095,0
32096,2
32097,2
32098,2
32099,0
32100,2
32101,3
32102,1
32103,3
32104,1
32105,1
32106,3
32107,3
32108,3
32109,3
32110,2
32111,0
32112,1
32113,3
32114,3
32115,2
32116,1
32117,2
32118,1
32119,0
32120,3
32121,3
32122,2
32123,1
32124,1
32125,0
32126,2
32127,1
32128,1
32129,3
32130,3
32131,3
32132,3
32133,1
32134,1
32135,1
32136,0
32137,3
32138,3
32139,3
32140,3
32141,1
32142,3
32143,3
32144,3
32145,1
32146,3
32147,1
32148,2
32149,3
32150,3
32151,3
32152,2
32153,2
32154,2
32155,3
32156,3
32157,3
32158,1
32159,1
32160,3
32161,0
32162,2
32163,3
32164,3
32165,1
32166,3
32167,3
32168,0
32169,1
32170,1
32171,0
32172,2
32173,2
32174,0
32175,0
32176,0
32177,0
32178,1
32179,0
32180,1
32181,0
32182,3
32183,1
32184,0
32185,3
32186,3
32187,1
32188,2
32189,3
32190,2
32191,3
32192,1
32193,3
32194,2
32195,0
32196,3
32197,0
32198,3
32199,0
32200,3
32201,0
32202,3
32203,1
32204,3
32205,2
32206,2
32207,0
32208,1
32209,2
32210,2
32211,0
32212,3
32213,3
32214,0
32215,1
32216,1
32217,2
32218,1
32219,1
32220,0
32221,1
32222,0
32223,2
32224,3
32225,3
32226,3
32227,1
32228,3
32229,0
32230,2
32231,1
32232,3
32233,3
32234,2
32235,3
32236,3
32237,0
32238,1
32239,2
32240,2
32241,1
32242,3
32243,1
32244,2
32245,3
32246,3
32247,1
32248,1
32249,3
32250,3
32251,0
32252,3
32253,2
32254,3
32255,2
32256,3
32257,2
32258,3
32259,1
32260,3
32261,3
32262,1
32263,1
32264,3
32265,3
32266,3
32267,2
32268,3
32269,1
32270,3
32271,3
32272,3
32273,0
32274,3
32275,1
32276,2
32277,3
32278,1
32279,1
32280,2
32281,2
32282,3
32283,1
32284,3
32285,3
32286,2
32287,3
32288,3
32289,3
32290,3
32291,3
32292,3
32293,0
32294,2
32295,3
32296,2
32297,2
32298,3
32299,3
32300,0
32301,0
32302,2
32303,2
32304,1
32305,2
32306,1
32307,2
32308,0
32309,1
32310,1
32311,2
32312,2
32313,2
32314,0
32315,0
32316,2
32317,3
32318,2
32319,2
32320,1
32321,3
32322,2
32323,3
32324,0
32325,2
32326,2
32327,3
32328,1
32329,3
32330,0
32331,2
32332,3
32333,1
32334,3
32335,3
32336,0
32337,0
32338,2
32339,3
32340,1
32341,2
32342,2
32343,3
32344,1
32345,2
32346,1
32347,2
32348,1
32349,3
32350,2
32351,3
32352,1
32353,3
32354,3
32355,0
32356,2
32357,1
32358,3
32359,2
32360,2
32361,1
32362,1
32363,2
32364,3
32365,2
32366,1
32367,3
32368,3
32369,1
32370,0
32371,3
32372,2
32373,2
32374,2
32375,3
32376,1
32377,2
32378,1
32379,2
32380,1
32381,2
32382,1
32383,0
32384,3
32385,0
32386,3
32387,0
32388,3
32389,3
32390,1
32391,3
32392,0
32393,1
32394,3
32395,2
32396,1
32397,0
32398,1
32399,3
32400,3
32401,0
32402,2
32403,1
32404,2
32405,3
32406,3
32407,0
32408,3
32409,3
32410,3
32411,1
32412,3
32413,3
32414,3
32415,2
32416,0
32417,0
32418,1
32419,0
32420,3
32421,2
32422,0
32423,2
32424,2
32425,2
32426,1
32427,2
32428,0
32429,1
32430,3
32431,3
32432,1
32433,3
32434,1
32435,3
32436,2
32437,3
32438,3
32439,3
32440,0
32441,1
32442,0
32443,1
32444,3
32445,2
32446,3
32447,3
32448,2
32449,3
32450,0
32451,3
32452,3
32453,3
32454,3
32455,3
32456,3
32457,1
32458,2
32459,3
32460,2
32461,0
32462,2
32463,1
32464,3
32465,3
32466,1
32467,3
32468,1
32469,2
32470,3
32471,3
32472,3
32473,0
32474,0
32475,2
32476,3
32477,0
32478,1
32479,3
32480,1
32481,2
32482,3
32483,1
32484,0
32485,2
32486,2
32487,2
32488,1
32489,3
32490,3
32491,3
32492,3
32493,3
32494,3
32495,1
32496,2
32497,2
32498,3
32499,3
32500,1
32501,3
32502,1
32503,0
32504,1
32505,1
32506,2
32507,3
32508,3
32509,3
32510,2
32511,3
32512,1
32513,1
32514,1
32515,0
32516,3
32517,2
32518,2
32519,3
32520,3
32521,2
32522,2
32523,1
32524,3
32525,1
32526,2
32527,0
32528,0
32529,3
32530,2
32531,3
32532,2
32533,0
32534,3
32535,3
32536,3
32537,3
32538,3
32539,0
32540,2
32541,0
32542,0
32543,0
32544,3
32545,1
32546,3
32547,0
32548,0
32549,3
32550,1
32551,0
32552,3
32553,1
32554,2
32555,3
32556,1
32557,3
32558,2
32559,2
32560,1
32561,2
32562,3
32563,1
32564,0
32565,3
32566,0
32567,1
32568,3
32569,3
32570,0
32571,2
32572,1
32573,2
32574,2
32575,1
32576,0
32577,3
32578,2
32579,1
32580,1
32581,3
32582,1
32583,0
32584,1
32585,1
32586,0
32587,3
32588,1
32589,0
32590,3
32591,3
32592,2
32593,2
32594,3
32595,1
32596,3
32597,3
32598,3
32599,0
32600,0
32601,1
32602,2
32603,0
32604,3
32605,2
32606,1
32607,0
32608,1
32609,1
32610,3
32611,1
32612,1
32613,3
32614,1
32615,2
32616,2
32617,1
32618,3
32619,3
32620,3
32621,3
32622,3
32623,2
32624,3
32625,0
32626,0
32627,0
32628,2
32629,1
32630,3
32631,1
32632,1
32633,1
32634,3
32635,2
32636,3
32637,3
32638,1
32639,2
32640,0
32641,2
32642,0
32643,2
32644,1
32645,2
32646,2
32647,1
32648,0
32649,0
32650,3
32651,3
32652,0
32653,3
32654,1
32655,3
32656,2
32657,3
32658,1
32659,3
32660,2
32661,3
32662,3
32663,2
32664,1
32665,1
32666,2
32667,3
32668,1
32669,2
32670,2
32671,3
32672,1
32673,3
32674,2
32675,3
32676,2
32677,0
32678,1
32679,1
32680,3
32681,2
32682,3
32683,2
32684,3
32685,3
32686,0
32687,3
32688,2
32689,1
32690,3
32691,1
32692,3
32693,3
32694,0
32695,0
32696,2
32697,0
32698,0
32699,2
32700,1
32701,3
32702,3
32703,0
32704,3
32705,3
32706,1
32707,3
32708,2
32709,1
32710,0
32711,1
32712,1
32713,1
32714,3
32715,2
32716,0
32717,3
32718,2
32719,1
32720,1
32721,1
32722,0
32723,0
32724,1
32725,3
32726,1
32727,3
32728,1
32729,0
32730,3
32731,1
32732,1
32733,3
32734,1
32735,0
32736,3
32737,1
32738,0
32739,1
32740,3
32741,2
32742,3
32743,0
32744,3
32745,1
32746,3
32747,3
32748,2
32749,3
32750,3
32751,0
32752,3
32753,0
32754,0
32755,2
32756,3
32757,0
32758,0
32759,1
32760,3
32761,1
32762,1
32763,3
32764,3
32765,3
32766,3
32767,0
32768,3
32769,3
32770,3
32771,0
32772,3
32773,3
32774,3
32775,2
32776,1
32777,0
32778,3
32779,3
32780,0
32781,3
32782,0
32783,2
32784,3
32785,0
32786,2
32787,0
32788,1
32789,2
32790,0
32791,1
32792,2
32793,1
32794,2
32795,1
32796,0
32797,1
32798,3
32799,3
32800,3
32801,3
32802,3
32803,3
32804,3
32805,3
32806,3
32807,2
32808,3
32809,2
32810,1
32811,2
32812,3
32813,1
32814,3
32815,3
32816,0
32817,1
32818,2
32819,1
32820,3
32821,3
32822,3
32823,1
32824,3
32825,2
32826,1
32827,2
32828,2
32829,0
32830,1
32831,1
32832,1
32833,1
32834,0
32835,2
32836,3
32837,2
32838,3
32839,2
32840,2
32841,3
32842,2
32843,0
32844,1
32845,2
32846,2
32847,2
32848,0
32849,3
32850,3
32851,0
32852,2
32853,3
32854,2
32855,0
32856,2
32857,1
32858,1
32859,0
32860,1
32861,3
32862,1
32863,3
32864,1
32865,2
32866,0
32867,3
32868,2
32869,0
32870,1
32871,2
32872,2
32873,3
32874,2
32875,3
32876,3
32877,2
32878,1
32879,2
32880,3
32881,1
32882,3
32883,2
32884,3
32885,1
32886,3
32887,3
32888,0
32889,1
32890,3
32891,3
32892,2
32893,1
32894,3
32895,2
32896,2
32897,0
32898,3
32899,1
32900,0
32901,3
32902,3
32903,2
32904,1
32905,3
32906,3
32907,3
32908,1
32909,3
32910,0
32911,2
32912,2
32913,2
32914,3
32915,1
32916,1
32917,3
32918,3
32919,0
32920,3
32921,0
32922,3
32923,3
32924,3
32925,2
32926,3
32927,2
32928,1
32929,0
32930,1
32931,2
32932,3
32933,2
32934,3
32935,3
32936,2
32937,0
32938,1
32939,1
32940,3
32941,2
32942,3
32943,2
32944,2
32945,2
32946,3
32947,0
32948,2
32949,0
32950,0
32951,2
32952,2
32953,1
32954,3
32955,2
32956,3
32957,2
32958,3
32959,3
32960,0
32961,0
32962,3
32963,3
32964,3
32965,2
32966,1
32967,1
32968,3
32969,1
32970,3
32971,3
32972,1
32973,2
32974,2
32975,2
32976,1
32977,1
32978,3
32979,1
32980,0
32981,3
32982,3
32983,1
32984,1
32985,1
32986,1
32987,0
32988,0
32989,1
32990,2
32991,2
32992,1
32993,0
32994,3
32995,0
32996,1
32997,2
32998,0
32999,0
33000,3
33001,2
33002,3
33003,1
33004,2
33005,1
33006,3
33007,2
33008,1
33009,3
33010,3
33011,1
33012,3
33013,2
33014,1
33015,2
33016,2
33017,2
33018,3
33019,2
33020,0
33021,2
33022,1
33023,3
33024,1
33025,1
33026,0
33027,0
33028,3
33029,2
33030,2
33031,2
33032,3
33033,3
33034,3
33035,1
33036,3
33037,0
33038,1
33039,1
33040,3
33041,1
33042,0
33043,0
33044,0
33045,1
33046,3
33047,1
33048,3
33049,1
33050,1
33051,2
33052,0
33053,3
33054,0
33055,1
33056,3
33057,3
33058,3
33059,1
33060,2
33061,3
33062,3
33063,2
33064,3
33065,3
33066,3
33067,0
33068,0
33069,1
33070,0
33071,3
33072,3
33073,1
33074,3
33075,0
33076,3
33077,1
33078,3
33079,0
33080,1
33081,1
33082,3
33083,0
33084,3
33085,3
33086,1
33087,2
33088,3
33089,2
33090,3
33091,3
33092,1
33093,3
33094,3
33095,3
33096,1
33097,3
33098,3
33099,3
33100,2
33101,2
33102,3
33103,2
33104,2
33105,1
33106,1
33107,3
33108,0
33109,0
33110,0
33111,1
33112,2
33113,0
33114,3
33115,3
33116,3
33117,3
33118,3
33119,3
33120,3
33121,0
33122,0
33123,3
33124,3
33125,0
33126,1
33127,0
33128,0
33129,1
33130,1
33131,2
33132,1
33133,0
33134,2
33135,2
33136,3
33137,2
33138,3
33139,2
33140,1
33141,3
33142,3
33143,0
33144,0
33145,1
33146,3
33147,0
33148,0
33149,3
33150,1
33151,2
33152,1
33153,2
33154,2
33155,3
33156,1
33157,1
33158,1
33159,3
33160,2
33161,0
33162,2
33163,3
33164,2
33165,3
33166,1
33167,3
33168,1
33169,3
33170,3
33171,1
33172,2
33173,2
33174,1
33175,3
33176,3
33177,2
33178,0
33179,2
33180,2
33181,2
33182,0
33183,2
33184,3
33185,1
33186,1
33187,1
33188,3
33189,3
33190,1
33191,3
33192,3
33193,2
33194,2
33195,0
33196,1
33197,2
33198,3
33199,3
33200,3
33201,3
33202,2
33203,3
33204,0
33205,1
33206,0
33207,1
33208,2
33209,3
33210,0
33211,0
33212,1
33213,3
33214,1
33215,0
33216,2
33217,0
33218,3
33219,3
33220,3
33221,3
33222,2
33223,2
33224,3
33225,0
33226,0
33227,3
33228,3
33229,2
33230,1
33231,1
33232,2
33233,3
33234,2
33235,2
33236,1
33237,3
33238,2
33239,2
33240,3
33241,0
33242,3
33243,2
33244,3
33245,2
33246,0
33247,3
33248,3
33249,1
33250,1
33251,3
33252,1
33253,0
33254,1
33255,0
33256,3
33257,2
33258,3
33259,1
33260,0
33261,3
33262,1
33263,1
33264,0
33265,1
33266,1
33267,2
33268,3
33269,0
33270,2
33271,0
33272,3
33273,2
33274,3
33275,3
33276,2
33277,3
33278,0
33279,2
33280,3
33281,3
33282,2
33283,3
33284,2
33285,3
33286,2
33287,3
33288,3
33289,0
33290,2
33291,3
33292,1
33293,3
33294,0
33295,0
33296,1
33297,2
33298,0
33299,0
33300,1
33301,3
33302,3
33303,1
33304,1
33305,3
33306,0
33307,2
33308,1
33309,3
33310,3
33311,3
33312,1
33313,2
33314,0
33315,2
33316,2
33317,0
33318,1
33319,1
33320,0
33321,2
33322,1
33323,3
33324,3
33325,3
33326,0
33327,3
33328,3
33329,1
33330,1
33331,1
33332,2
33333,2
33334,2
33335,2
33336,0
33337,1
33338,3
33339,3
33340,1
33341,1
33342,3
33343,0
33344,3
33345,3
33346,0
33347,2
33348,0
33349,2
33350,0
33351,0
33352,2
33353,0
33354,3
33355,3
33356,1
33357,0
33358,3
33359,1
33360,0
33361,3
33362,3
33363,3
33364,0
33365,0
33366,1
33367,3
33368,3
33369,0
33370,3
33371,1
33372,3
33373,2
33374,2
33375,2
33376,0
33377,0
33378,1
33379,2
33380,3
33381,0
33382,3
33383,2
33384,3
33385,0
33386,2
33387,1
33388,0
33389,2
33390,0
33391,1
33392,3
33393,0
33394,3
33395,2
33396,1
33397,0
33398,3
33399,2
33400,3
33401,0
33402,1
33403,3
33404,0
33405,3
33406,0
33407,2
33408,1
33409,2
33410,0
33411,2
33412,3
33413,3
33414,0
33415,1
33416,3
33417,3
33418,3
33419,3
33420,2
33421,0
33422,0
33423,3
33424,1
33425,2
33426,0
33427,3
33428,3
33429,2
33430,2
33431,3
33432,2
33433,3
33434,3
33435,0
33436,2
33437,0
33438,2
33439,1
33440,2
33441,1
33442,3
33443,2
33444,3
33445,3
33446,2
33447,3
33448,3
33449,3
33450,3
33451,3
33452,0
33453,1
33454,1
33455,3
33456,1
33457,3
33458,2
33459,2
33460,1
33461,1
33462,2
33463,3
33464,0
33465,0
33466,3
33467,0
33468,3
33469,0
33470,0
33471,3
33472,3
33473,1
33474,2
33475,1
33476,1
33477,0
33478,3
33479,2
33480,3
33481,3
33482,2
33483,3
33484,3
33485,1
33486,1
33487,3
33488,0
33489,3
33490,0
33491,1
33492,2
33493,3
33494,0
33495,3
33496,0
33497,0
33498,0
33499,3
33500,1
33501,3
33502,3
33503,3
33504,0
33505,2
33506,0
33507,0
33508,1
33509,3
33510,0
33511,2
33512,3
33513,3
33514,2
33515,2
33516,2
33517,1
33518,1
33519,2
33520,1
33521,2
33522,1
33523,3
33524,0
33525,3
33526,1
33527,0
33528,2
33529,2
33530,3
33531,0
33532,0
33533,3
33534,0
33535,1
33536,0
33537,3
33538,1
33539,3
33540,2
33541,2
33542,2
33543,3
33544,2
33545,3
33546,3
33547,0
33548,3
33549,2
33550,0
33551,3
33552,0
33553,2
33554,1
33555,2
33556,3
33557,0
33558,1
33559,0
33560,0
33561,3
33562,0
33563,0
33564,3
33565,3
33566,0
33567,1
33568,3
33569,3
33570,3
33571,0
33572,1
33573,3
33574,2
33575,2
33576,2
33577,3
33578,0
33579,0
33580,2
33581,2
33582,0
33583,2
33584,3
33585,3
33586,3
33587,2
33588,1
33589,1
33590,3
33591,1
33592,3
33593,3
33594,3
33595,1
33596,0
33597,3
33598,0
33599,3
33600,1
33601,1
33602,3
33603,0
33604,2
33605,3
33606,1
33607,1
33608,1
33609,2
33610,1
33611,0
33612,3
33613,1
33614,3
33615,1
33616,3
33617,0
33618,3
33619,1
33620,3
33621,0
33622,2
33623,3
33624,2
33625,3
33626,2
33627,1
33628,2
33629,2
33630,1
33631,3
33632,1
33633,1
33634,3
33635,2
33636,3
33637,2
33638,3
33639,2
33640,3
33641,2
33642,1
33643,3
33644,0
33645,1
33646,1
33647,0
33648,1
33649,1
33650,2
33651,2
33652,1
33653,2
33654,3
33655,2
33656,2
33657,3
33658,2
33659,1
33660,2
33661,3
33662,1
33663,1
33664,0
33665,2
33666,2
33667,2
33668,3
33669,3
33670,3
33671,0
33672,3
33673,3
33674,0
33675,1
33676,1
33677,0
33678,2
33679,2
33680,0
33681,2
33682,3
33683,3
33684,2
33685,1
33686,2
33687,2
33688,2
33689,3
33690,2
33691,3
33692,2
33693,1
33694,1
33695,0
33696,2
33697,1
33698,2
33699,2
33700,1
33701,3
33702,3
33703,1
33704,1
33705,3
33706,1
33707,3
33708,1
33709,1
33710,2
33711,3
33712,1
33713,0
33714,3
33715,1
33716,3
33717,1
33718,1
33719,1
33720,0
33721,3
33722,2
33723,0
33724,3
33725,0
33726,2
33727,3
33728,0
33729,0
33730,3
33731,3
33732,0
33733,2
33734,3
33735,1
33736,2
33737,3
33738,1
33739,3
33740,0
33741,2
33742,2
33743,0
33744,3
33745,3
33746,0
33747,0
33748,1
33749,1
33750,2
33751,1
33752,1
33753,3
33754,0
33755,2
33756,0
33757,1
33758,3
33759,1
33760,2
33761,1
33762,0
33763,0
33764,3
33765,0
33766,3
33767,0
33768,1
33769,3
33770,2
33771,3
33772,3
33773,2
33774,0
33775,1
33776,2
33777,0
33778,2
33779,1
33780,2
33781,2
33782,3
33783,3
33784,3
33785,3
33786,2
33787,1
33788,0
33789,3
33790,2
33791,1
33792,2
33793,3
33794,0
33795,0
33796,0
33797,2
33798,3
33799,0
33800,1
33801,3
33802,3
33803,0
33804,1
33805,0
33806,2
33807,3
33808,2
33809,1
33810,3
33811,1
33812,2
33813,3
33814,3
33815,2
33816,1
33817,0
33818,0
33819,0
33820,1
33821,3
33822,1
33823,0
33824,0
33825,1
33826,2
33827,2
33828,3
33829,3
33830,0
33831,3
33832,3
33833,2
33834,3
33835,1
33836,0
33837,0
33838,3
33839,2
33840,3
33841,3
33842,3
33843,0
33844,2
33845,2
33846,0
33847,2
33848,2
33849,3
33850,2
33851,1
33852,2
33853,1
33854,3
33855,2
33856,3
33857,0
33858,0
33859,1
33860,3
33861,3
33862,1
33863,1
33864,1
33865,1
33866,3
33867,1
33868,3
33869,1
33870,0
33871,1
33872,3
33873,2
33874,2
33875,3
33876,2
33877,2
33878,1
33879,3
33880,1
33881,3
33882,1
33883,1
33884,1
33885,3
33886,0
33887,3
33888,1
33889,1
33890,3
33891,1
33892,2
33893,3
33894,1
33895,3
33896,2
33897,0
33898,2
33899,0
33900,0
33901,3
33902,3
33903,3
33904,2
33905,1
33906,0
33907,3
33908,3
33909,0
33910,3
33911,2
33912,3
33913,0
33914,1
33915,2
33916,3
33917,3
33918,0
33919,3
33920,1
33921,1
33922,3
33923,3
33924,1
33925,3
33926,0
33927,1
33928,0
33929,3
33930,2
33931,3
33932,2
33933,1
33934,3
33935,1
33936,2
33937,1
33938,3
33939,1
33940,1
33941,3
33942,3
33943,1
33944,1
33945,2
33946,3
33947,1
33948,2
33949,0
33950,3
33951,3
33952,2
33953,3
33954,3
33955,1
33956,2
33957,3
33958,3
33959,2
33960,3
33961,0
33962,1
33963,1
33964,3
33965,2
33966,2
33967,1
33968,1
33969,3
33970,3
33971,3
33972,1
33973,2
33974,2
33975,3
33976,1
33977,3
33978,3
33979,0
33980,1
33981,1
33982,0
33983,1
33984,2
33985,1
33986,1
33987,3
33988,2
33989,1
33990,1
33991,3
33992,3
33993,0
33994,0
33995,1
33996,3
33997,2
33998,1
33999,3
34000,1
34001,1
34002,0
34003,3
34004,3
34005,2
34006,0
34007,0
34008,3
34009,2
34010,1
34011,3
34012,1
34013,1
34014,0
34015,3
34016,1
34017,3
34018,2
34019,1
34020,3
34021,2
34022,3
34023,1
34024,0
34025,2
34026,0
34027,3
34028,2
34029,2
34030,2
34031,1
34032,0
34033,3
34034,0
34035,3
34036,1
34037,3
34038,1
34039,3
34040,3
34041,0
34042,3
34043,2
34044,0
34045,3
34046,2
34047,3
34048,2
34049,0
34050,3
34051,3
34052,3
34053,0
34054,2
34055,2
34056,0
34057,1
34058,3
34059,2
34060,3
34061,3
34062,3
34063,2
34064,2
34065,3
34066,2
34067,0
34068,1
34069,0
34070,3
34071,0
34072,1
34073,2
34074,2
34075,0
34076,1
34077,2
34078,2
34079,0
34080,3
34081,3
34082,2
34083,0
34084,3
34085,0
34086,1
34087,2
34088,1
34089,3
34090,0
34091,0
34092,2
34093,2
34094,3
34095,3
34096,3
34097,1
34098,2
34099,2
34100,1
34101,1
34102,3
34103,2
34104,2
34105,0
34106,0
34107,0
34108,3
34109,3
34110,2
34111,3
34112,2
34113,3
34114,2
34115,2
34116,2
34117,1
34118,1
34119,2
34120,3
34121,2
34122,1
34123,3
34124,3
34125,3
34126,3
34127,3
34128,3
34129,3
34130,0
34131,1
34132,3
34133,0
34134,0
34135,3
34136,2
34137,2
34138,1
34139,3
34140,2
34141,2
34142,3
34143,2
34144,3
34145,0
34146,1
34147,3
34148,1
34149,3
34150,0
34151,0
34152,1
34153,3
34154,1
34155,2
34156,3
34157,2
34158,0
34159,1
34160,2
34161,3
34162,3
34163,3
34164,2
34165,2
34166,3
34167,2
34168,3
34169,1
34170,2
34171,0
34172,1
34173,2
34174,2
34175,1
34176,1
34177,0
34178,0
34179,1
34180,1
34181,3
34182,2
34183,3
34184,3
34185,3
34186,2
34187,1
34188,1
34189,3
34190,1
34191,2
34192,0
34193,1
34194,3
34195,3
34196,3
34197,2
34198,2
34199,3
34200,2
34201,3
34202,2
34203,3
34204,1
34205,2
34206,0
34207,3
34208,1
34209,2
34210,2
34211,2
34212,0
34213,3
34214,3
34215,2
34216,1
34217,2
34218,3
34219,3
34220,0
34221,1
34222,3
34223,3
34224,3
34225,2
34226,1
34227,0
34228,3
34229,1
34230,3
34231,3
34232,3
34233,3
34234,0
34235,3
34236,1
34237,0
34238,2
34239,1
34240,1
34241,3
34242,2
34243,0
34244,0
34245,2
34246,3
34247,3
34248,2
34249,2
34250,3
34251,3
34252,1
34253,1
34254,1
34255,1
34256,1
34257,3
34258,1
34259,3
34260,2
34261,3
34262,3
34263,2
34264,1
34265,1
34266,2
34267,3
34268,2
34269,3
34270,0
34271,2
34272,3
34273,2
34274,2
34275,2
34276,3
34277,2
34278,3
34279,1
34280,0
34281,2
34282,2
34283,1
34284,3
34285,1
34286,0
34287,3
34288,3
34289,3
34290,1
34291,3
34292,1
34293,3
34294,3
34295,3
34296,2
34297,3
34298,0
34299,3
34300,3
34301,0
34302,0
34303,3
34304,3
34305,0
34306,3
34307,3
34308,2
34309,0
34310,2
34311,2
34312,1
34313,3
34314,1
34315,3
34316,0
34317,3
34318,2
34319,3
34320,0
34321,3
34322,2
34323,3
34324,2
34325,2
34326,3
34327,3
34328,3
34329,1
34330,2
34331,1
34332,2
34333,0
34334,0
34335,3
34336,1
34337,1
34338,2
34339,1
34340,2
34341,2
34342,2
34343,1
34344,3
34345,3
34346,3
34347,3
34348,0
34349,2
34350,2
34351,2
34352,3
34353,3
34354,1
34355,0
34356,3
34357,3
34358,1
34359,2
34360,2
34361,3
34362,3
34363,2
34364,2
34365,1
34366,0
34367,0
34368,0
34369,2
34370,1
34371,3
34372,2
34373,3
34374,1
34375,0
34376,2
34377,3
34378,3
34379,2
34380,2
34381,0
34382,3
34383,0
34384,2
34385,3
34386,2
34387,2
34388,3
34389,2
34390,0
34391,2
34392,2
34393,3
34394,0
34395,1
34396,2
34397,3
34398,3
34399,0
34400,2
34401,2
34402,3
34403,1
34404,3
34405,1
34406,3
34407,2
34408,3
34409,2
34410,1
34411,3
34412,2
34413,0
34414,0
34415,2
34416,0
34417,2
34418,2
34419,0
34420,3
34421,1
34422,3
34423,2
34424,3
34425,3
34426,2
34427,1
34428,2
34429,1
34430,3
34431,1
34432,1
34433,3
34434,3
34435,0
34436,2
34437,3
34438,2
34439,3
34440,0
34441,3
34442,2
34443,1
34444,3
34445,0
34446,2
34447,3
34448,3
34449,0
34450,1
34451,1
34452,1
34453,1
34454,1
34455,1
34456,3
34457,3
34458,3
34459,0
34460,0
34461,1
34462,1
34463,3
34464,1
34465,2
34466,0
34467,2
34468,3
34469,2
34470,2
34471,1
34472,3
34473,1
34474,1
34475,3
34476,2
34477,2
34478,3
34479,0
34480,2
34481,1
34482,2
34483,3
34484,2
34485,0
34486,3
34487,3
34488,3
34489,2
34490,1
34491,0
34492,3
34493,1
34494,3
34495,3
34496,1
34497,2
34498,2
34499,1
34500,1
34501,3
34502,3
34503,0
34504,3
34505,2
34506,1
34507,2
34508,1
34509,3
34510,2
34511,2
34512,0
34513,3
34514,1
34515,3
34516,1
34517,3
34518,3
34519,1
34520,1
34521,1
34522,0
34523,1
34524,3
34525,2
34526,1
34527,0
34528,3
34529,3
34530,0
34531,3
34532,2
34533,1
34534,3
34535,3
34536,3
34537,2
34538,0
34539,2
34540,3
34541,3
34542,1
34543,2
34544,1
34545,1
34546,3
34547,2
34548,1
34549,0
34550,1
34551,3
34552,1
34553,0
34554,3
34555,2
34556,1
34557,1
34558,2
34559,2
34560,1
34561,3
34562,2
34563,0
34564,0
34565,1
34566,3
34567,3
34568,3
34569,3
34570,0
34571,2
34572,0
34573,1
34574,3
34575,1
34576,2
34577,3
34578,1
34579,2
34580,0
34581,1
34582,3
34583,2
34584,0
34585,1
34586,3
34587,0
34588,0
34589,2
34590,3
34591,2
34592,0
34593,0
34594,1
34595,1
34596,1
34597,2
34598,3
34599,3
34600,3
34601,1
34602,2
34603,2
34604,3
34605,2
34606,3
34607,2
34608,1
34609,0
34610,3
34611,0
34612,1
34613,3
34614,1
34615,1
34616,2
34617,3
34618,2
34619,1
34620,1
34621,0
34622,3
34623,2
34624,1
34625,0
34626,3
34627,0
34628,1
34629,0
34630,1
34631,1
34632,1
34633,3
34634,2
34635,2
34636,1
34637,3
34638,3
34639,1
34640,3
34641,3
34642,1
34643,3
34644,3
34645,1
34646,0
34647,1
34648,3
34649,2
34650,2
34651,3
34652,3
34653,2
34654,0
34655,1
34656,3
34657,1
34658,1
34659,1
34660,1
34661,3
34662,2
34663,3
34664,3
34665,0
34666,1
34667,1
34668,2
34669,1
34670,0
34671,1
34672,3
34673,0
34674,3
34675,0
34676,3
34677,0
34678,3
34679,2
34680,0
34681,2
34682,3
34683,1
34684,3
34685,3
34686,3
34687,3
34688,3
34689,1
34690,2
34691,2
34692,3
34693,3
34694,0
34695,2
34696,0
34697,0
34698,1
34699,0
34700,1
34701,1
34702,1
34703,1
34704,3
34705,1
34706,1
34707,3
34708,3
34709,3
34710,3
34711,0
34712,3
34713,2
34714,2
34715,2
34716,1
34717,3
34718,2
34719,2
34720,2
34721,3
34722,2
34723,2
34724,2
34725,3
34726,3
34727,3
34728,3
34729,2
34730,3
34731,3
34732,3
34733,0
34734,0
34735,3
34736,3
34737,1
34738,1
34739,3
34740,2
34741,0
34742,2
34743,2
34744,1
34745,0
34746,2
34747,2
34748,3
34749,2
34750,2
34751,3
34752,3
34753,1
34754,3
34755,3
34756,3
34757,3
34758,2
34759,0
34760,1
34761,1
34762,0
34763,3
34764,1
34765,2
34766,3
34767,1
34768,2
34769,1
34770,0
34771,3
34772,3
34773,2
34774,0
34775,3
34776,3
34777,3
34778,2
34779,1
34780,3
34781,1
34782,1
34783,1
34784,1
34785,3
34786,1
34787,1
34788,2
34789,1
34790,2
34791,3
34792,3
34793,1
34794,0
34795,3
34796,2
34797,2
34798,3
34799,0
34800,3
34801,0
34802,2
34803,2
34804,1
34805,0
34806,3
34807,2
34808,1
34809,3
34810,3
34811,2
34812,3
34813,3
34814,3
34815,1
34816,0
34817,1
34818,2
34819,3
34820,1
34821,2
34822,3
34823,0
34824,1
34825,1
34826,0
34827,2
34828,0
34829,3
34830,1
34831,0
34832,3
34833,0
34834,2
34835,2
34836,3
34837,3
34838,0
34839,3
34840,3
34841,2
34842,2
34843,3
34844,1
34845,2
34846,2
34847,2
34848,0
34849,2
34850,3
34851,1
34852,3
34853,3
34854,1
34855,2
34856,2
34857,0
34858,3
34859,3
34860,2
34861,2
34862,1
34863,0
34864,3
34865,3
34866,2
34867,0
34868,1
34869,0
34870,0
34871,3
34872,2
34873,0
34874,1
34875,2
34876,3
34877,2
34878,1
34879,0
34880,3
34881,2
34882,3
34883,3
34884,3
34885,3
34886,0
34887,0
34888,0
34889,1
34890,3
34891,1
34892,3
34893,3
34894,0
34895,0
34896,0
34897,0
34898,2
34899,3
34900,3
34901,2
34902,2
34903,0
34904,2
34905,2
34906,1
34907,2
34908,3
34909,3
34910,0
34911,1
34912,2
34913,2
34914,1
34915,0
34916,3
34917,3
34918,2
34919,1
34920,3
34921,0
34922,3
34923,2
34924,2
34925,2
34926,3
34927,0
34928,1
34929,3
34930,0
34931,3
34932,2
34933,2
34934,0
34935,3
34936,2
34937,1
34938,0
34939,3
34940,1
34941,0
34942,3
34943,1
34944,2
34945,0
34946,0
34947,0
34948,2
34949,0
34950,3
34951,1
34952,1
34953,0
34954,2
34955,3
34956,3
34957,3
34958,3
34959,3
34960,0
34961,3
34962,1
34963,1
34964,1
34965,3
34966,2
34967,3
34968,0
34969,2
34970,3
34971,3
34972,3
34973,2
34974,1
34975,3
34976,3
34977,3
34978,1
34979,3
34980,1
34981,3
34982,0
34983,3
34984,3
34985,0
34986,2
34987,3
34988,3
34989,2
34990,2
34991,0
34992,2
34993,0
34994,2
34995,3
34996,0
34997,3
34998,0
34999,2
35000,3
35001,1
35002,3
35003,1
35004,2
35005,2
35006,0
35007,2
35008,0
35009,2
35010,3
35011,2
35012,3
35013,1
35014,2
35015,3
35016,3
35017,1
35018,3
35019,1
35020,2
35021,2
35022,1
35023,0
35024,2
35025,1
35026,2
35027,2
35028,0
35029,2
35030,3
35031,1
35032,1
35033,3
35034,1
35035,0
35036,3
35037,2
35038,3
35039,1
35040,2
35041,0
35042,3
35043,0
35044,2
35045,3
35046,3
35047,2
35048,1
35049,1
35050,3
35051,3
35052,3
35053,1
35054,3
35055,2
35056,3
35057,2
35058,2
35059,3
35060,2
35061,1
35062,2
35063,3
35064,1
35065,3
35066,2
35067,2
35068,3
35069,0
35070,3
35071,3
35072,2
35073,2
35074,3
35075,3
35076,3
35077,0
35078,3
35079,1
35080,3
35081,0
35082,2
35083,3
35084,1
35085,3
35086,0
35087,0
35088,2
35089,0
35090,0
35091,0
35092,2
35093,3
35094,0
35095,3
35096,3
35097,3
35098,2
35099,1
35100,3
35101,1
35102,3
35103,0
35104,1
35105,1
35106,3
35107,2
35108,1
35109,1
35110,1
35111,1
35112,2
35113,2
35114,3
35115,1
35116,0
35117,3
35118,1
35119,0
35120,2
35121,3
35122,3
35123,2
35124,3
35125,2
35126,3
35127,3
35128,3
35129,2
35130,3
35131,3
35132,3
35133,1
35134,2
35135,2
35136,2
35137,2
35138,3
35139,2
35140,0
35141,3
35142,2
35143,3
35144,3
35145,3
35146,2
35147,2
35148,0
35149,3
35150,1
35151,2
35152,2
35153,0
35154,3
35155,3
35156,0
35157,3
35158,1
35159,3
35160,1
35161,3
35162,1
35163,1
35164,3
35165,0
35166,0
35167,0
35168,3
35169,1
35170,3
35171,3
35172,2
35173,2
35174,1
35175,1
35176,0
35177,1
35178,0
35179,3
35180,0
35181,2
35182,2
35183,2
35184,2
35185,3
35186,2
35187,1
35188,0
35189,0
35190,1
35191,3
35192,1
35193,1
35194,1
35195,3
35196,1
35197,3
35198,3
35199,1
35200,3
35201,1
35202,3
35203,2
35204,2
35205,1
35206,0
35207,1
35208,0
35209,0
35210,2
35211,3
35212,2
35213,0
35214,3
35215,3
35216,1
35217,1
35218,2
35219,2
35220,3
35221,1
35222,3
35223,1
35224,0
35225,1
35226,3
35227,3
35228,3
35229,1
35230,1
35231,3
35232,3
35233,3
35234,2
35235,2
35236,3
35237,3
35238,2
35239,3
35240,1
35241,2
35242,0
35243,1
35244,1
35245,3
35246,1
35247,3
35248,1
35249,3
35250,1
35251,2
35252,2
35253,0
35254,3
35255,3
35256,3
35257,1
35258,3
35259,2
35260,3
35261,1
35262,3
35263,0
35264,1
35265,1
35266,3
35267,2
35268,1
35269,1
35270,1
35271,0
35272,1
35273,0
35274,0
35275,3
35276,0
35277,3
35278,1
35279,3
35280,0
35281,3
35282,1
35283,3
35284,3
35285,2
35286,1
35287,2
35288,3
35289,2
35290,1
35291,1
35292,3
35293,1
35294,2
35295,2
35296,3
35297,2
35298,2
35299,1
35300,2
35301,1
35302,0
35303,1
35304,3
35305,0
35306,0
35307,1
35308,1
35309,1
35310,2
35311,2
35312,3
35313,3
35314,1
35315,3
35316,3
35317,1
35318,1
35319,3
35320,2
35321,2
35322,3
35323,0
35324,3
35325,3
35326,0
35327,0
35328,0
35329,1
35330,3
35331,0
35332,2
35333,1
35334,2
35335,3
35336,3
35337,3
35338,3
35339,1
35340,0
35341,0
35342,3
35343,3
35344,2
35345,3
35346,1
35347,3
35348,3
35349,3
35350,2
35351,3
35352,2
35353,0
35354,1
35355,1
35356,3
35357,0
35358,3
35359,2
35360,1
35361,0
35362,2
35363,1
35364,2
35365,3
35366,3
35367,3
35368,0
35369,3
35370,1
35371,3
35372,1
35373,3
35374,3
35375,1
35376,2
35377,3
35378,1
35379,0
35380,3
35381,2
35382,2
35383,1
35384,3
35385,3
35386,1
35387,1
35388,2
35389,0
35390,2
35391,0
35392,1
35393,1
35394,3
35395,3
35396,3
35397,2
35398,3
35399,3
35400,2
35401,2
35402,3
35403,3
35404,3
35405,2
35406,0
35407,3
35408,0
35409,2
35410,1
35411,1
35412,2
35413,0
35414,3
35415,2
35416,0
35417,2
35418,0
35419,1
35420,1
35421,1
35422,0
35423,3
35424,1
35425,3
35426,3
35427,3
35428,2
35429,2
35430,3
35431,3
35432,3
35433,3
35434,2
35435,0
35436,2
35437,2
35438,1
35439,0
35440,1
35441,3
35442,2
35443,3
35444,1
35445,3
35446,2
35447,1
35448,1
35449,3
35450,3
35451,1
35452,2
35453,3
35454,1
35455,2
35456,0
35457,2
35458,0
35459,3
35460,2
35461,0
35462,0
35463,1
35464,3
35465,1
35466,3
35467,3
35468,3
35469,1
35470,3
35471,1
35472,2
35473,1
35474,0
35475,2
35476,0
35477,1
35478,3
35479,1
35480,1
35481,1
35482,0
35483,3
35484,0
35485,0
35486,3
35487,3
35488,3
35489,3
35490,0
35491,0
35492,1
35493,0
35494,3
35495,0
35496,3
35497,3
35498,0
35499,1
35500,0
35501,1
35502,3
35503,3
35504,3
35505,3
35506,1
35507,3
35508,3
35509,0
35510,2
35511,3
35512,2
35513,3
35514,1
35515,0
35516,0
35517,3
35518,2
35519,3
35520,3
35521,3
35522,3
35523,3
35524,0
35525,3
35526,1
35527,1
35528,1
35529,0
35530,1
35531,3
35532,3
35533,2
35534,1
35535,0
35536,0
35537,2
35538,3
35539,3
35540,1
35541,2
35542,1
35543,1
35544,0
35545,2
35546,1
35547,2
35548,0
35549,1
35550,3
35551,1
35552,0
35553,1
35554,1
35555,2
35556,3
35557,0
35558,3
35559,2
35560,1
35561,2
35562,2
35563,3
35564,3
35565,2
35566,2
35567,2
35568,2
35569,0
35570,1
35571,0
35572,2
35573,3
35574,0
35575,0
35576,1
35577,2
35578,3
35579,3
35580,0
35581,2
35582,3
35583,2
35584,2
35585,0
35586,2
35587,0
35588,0
35589,3
35590,1
35591,1
35592,1
35593,1
35594,1
35595,1
35596,1
35597,0
35598,3
35599,3
35600,0
35601,1
35602,3
35603,3
35604,3
35605,1
35606,2
35607,2
35608,3
35609,1
35610,1
35611,0
35612,3
35613,3
35614,3
35615,0
35616,3
35617,3
35618,3
35619,3
35620,1
35621,3
35622,1
35623,3
35624,1
35625,2
35626,0
35627,3
35628,0
35629,1
35630,1
35631,2
35632,0
35633,3
35634,1
35635,1
35636,2
35637,1
35638,0
35639,3
35640,3
35641,1
35642,1
35643,2
35644,0
35645,3
35646,2
35647,2
35648,3
35649,0
35650,0
35651,3
35652,3
35653,1
35654,2
35655,1
35656,3
35657,3
35658,1
35659,0
35660,3
35661,1
35662,1
35663,1
35664,2
35665,3
35666,2
35667,2
35668,2
35669,1
35670,1
35671,3
35672,2
35673,0
35674,2
35675,3
35676,0
35677,3
35678,2
35679,0
35680,3
35681,3
35682,1
35683,3
35684,3
35685,1
35686,3
35687,1
35688,2
35689,3
35690,0
35691,2
35692,2
35693,1
35694,3
35695,1
35696,3
35697,3
35698,2
35699,3
35700,2
35701,3
35702,1
35703,1
35704,2
35705,0
35706,3
35707,2
35708,0
35709,0
35710,1
35711,1
35712,3
35713,1
35714,3
35715,0
35716,3
35717,1
35718,0
35719,3
35720,0
35721,1
35722,1
35723,2
35724,0
35725,3
35726,3
35727,0
35728,3
35729,2
35730,0
35731,3
35732,0
35733,3
35734,3
35735,3
35736,1
35737,3
35738,2
35739,1
35740,3
35741,2
35742,3
35743,2
35744,3
35745,3
35746,1
35747,1
35748,1
35749,0
35750,2
35751,1
35752,0
35753,3
35754,0
35755,2
35756,0
35757,2
35758,1
35759,2
35760,3
35761,1
35762,1
35763,3
35764,1
35765,3
35766,2
35767,3
35768,2
35769,2
35770,1
35771,2
35772,3
35773,3
35774,2
35775,3
35776,3
35777,3
35778,0
35779,0
35780,2
35781,1
35782,0
35783,1
35784,3
35785,0
35786,1
35787,3
35788,2
35789,3
35790,1
35791,1
35792,3
35793,3
35794,3
35795,0
35796,3
35797,0
35798,2
35799,1
35800,1
35801,3
35802,0
35803,1
35804,2
35805,2
35806,2
35807,2
35808,3
35809,2
35810,3
35811,3
35812,1
35813,3
35814,3
35815,1
35816,3
35817,0
35818,3
35819,1
35820,2
35821,3
35822,3
35823,2
35824,3
35825,0
35826,1
35827,3
35828,0
35829,3
35830,1
35831,3
35832,0
35833,3
35834,3
35835,1
35836,3
35837,2
35838,2
35839,0
35840,2
35841,1
35842,2
35843,0
35844,3
35845,3
35846,1
35847,0
35848,3
35849,3
35850,3
35851,3
35852,1
35853,1
35854,0
35855,0
35856,0
35857,0
35858,2
35859,2
35860,3
35861,2
35862,2
35863,3
35864,3
35865,3
35866,2
35867,3
35868,3
35869,1
35870,3
35871,1
35872,1
35873,3
35874,0
35875,0
35876,3
35877,1
35878,3
35879,3
35880,1
35881,1
35882,3
35883,0
35884,3
35885,0
35886,3
35887,0
35888,0
35889,0
35890,0
35891,3
35892,3
35893,3
35894,0
35895,2
35896,3
35897,0
35898,2
35899,0
35900,0
35901,0
35902,0
35903,0
35904,3
35905,3
35906,2
35907,3
35908,1
35909,1
35910,2
35911,2
35912,0
35913,0
35914,3
35915,3
35916,0
35917,2
35918,0
35919,1
35920,0
35921,1
35922,0
35923,3
35924,2
35925,1
35926,3
35927,3
35928,3
35929,3
35930,0
35931,2
35932,3
35933,2
35934,2
35935,3
35936,3
35937,2
35938,0
35939,0
35940,1
35941,3
35942,2
35943,1
35944,0
35945,3
35946,3
35947,3
35948,3
35949,2
35950,3
35951,3
35952,0
35953,0
35954,2
35955,0
35956,3
35957,3
35958,0
35959,1
35960,1
35961,2
35962,1
35963,2
35964,3
35965,2
35966,1
35967,3
35968,1
35969,1
35970,2
35971,3
35972,3
35973,1
35974,3
35975,3
35976,2
35977,2
35978,1
35979,0
35980,3
35981,3
35982,3
35983,3
35984,3
35985,0
35986,3
35987,0
35988,2
35989,2
35990,3
35991,3
35992,1
35993,3
35994,3
35995,3
35996,0
35997,3
35998,3
35999,2
36000,1
36001,3
36002,0
36003,0
36004,3
36005,3
36006,0
36007,0
36008,3
36009,0
36010,1
36011,3
36012,1
36013,0
36014,3
36015,2
36016,2
36017,2
36018,0
36019,3
36020,1
36021,3
36022,3
36023,1
36024,2
36025,3
36026,3
36027,1
36028,2
36029,0
36030,2
36031,3
36032,3
36033,2
36034,1
36035,3
36036,3
36037,1
36038,2
36039,2
36040,3
36041,2
36042,1
36043,2
36044,1
36045,3
36046,0
36047,2
36048,3
36049,1
36050,3
36051,2
36052,0
36053,0
36054,3
36055,3
36056,3
36057,2
36058,1
36059,1
36060,1
36061,3
36062,3
36063,2
36064,3
36065,3
36066,3
36067,0
36068,1
36069,3
36070,1
36071,0
36072,3
36073,1
36074,1
36075,3
36076,2
36077,1
36078,3
36079,0
36080,0
36081,0
36082,0
36083,1
36084,0
36085,1
36086,2
36087,3
36088,3
36089,2
36090,1
36091,1
36092,1
36093,3
36094,0
36095,2
36096,1
36097,1
36098,2
36099,2
36100,3
36101,2
36102,3
36103,2
36104,2
36105,3
36106,0
36107,1
36108,3
36109,0
36110,2
36111,1
36112,1
36113,3
36114,2
36115,2
36116,3
36117,3
36118,1
36119,1
36120,2
36121,3
36122,2
36123,2
36124,1
36125,0
36126,2
36127,2
36128,1
36129,0
36130,3
36131,3
36132,1
36133,2
36134,3
36135,1
36136,2
36137,1
36138,3
36139,0
36140,0
36141,3
36142,2
36143,2
36144,0
36145,3
36146,2
36147,2
36148,2
36149,2
36150,2
36151,0
36152,0
36153,3
36154,0
36155,1
36156,3
36157,2
36158,2
36159,1
36160,0
36161,2
36162,0
36163,1
36164,3
36165,0
36166,1
36167,0
36168,0
36169,1
36170,3
36171,2
36172,0
36173,1
36174,1
36175,3
36176,3
36177,0
36178,0
36179,3
36180,1
36181,1
36182,3
36183,3
36184,0
36185,3
36186,3
36187,0
36188,3
36189,2
36190,3
36191,2
36192,0
36193,0
36194,3
36195,3
36196,2
36197,3
36198,3
36199,3
36200,0
36201,3
36202,0
36203,2
36204,1
36205,2
36206,1
36207,2
36208,1
36209,1
36210,2
36211,1
36212,1
36213,0
36214,1
36215,1
36216,0
36217,0
36218,1
36219,0
36220,0
36221,1
36222,2
36223,1
36224,3
36225,0
36226,2
36227,2
36228,2
36229,2
36230,1
36231,1
36232,1
36233,1
36234,2
36235,2
36236,3
36237,0
36238,3
36239,3
36240,3
36241,2
36242,1
36243,1
36244,2
36245,1
36246,3
36247,3
36248,1
36249,2
36250,0
36251,0
36252,3
36253,3
36254,2
36255,1
36256,2
36257,3
36258,3
36259,0
36260,3
36261,2
36262,2
36263,2
36264,0
36265,2
36266,1
36267,0
36268,3
36269,1
36270,0
36271,3
36272,1
36273,0
36274,1
36275,3
36276,3
36277,2
36278,0
36279,1
36280,1
36281,1
36282,3
36283,1
36284,0
36285,3
36286,3
36287,3
36288,2
36289,3
36290,3
36291,2
36292,3
36293,2
36294,3
36295,3
36296,2
36297,3
36298,0
36299,2
36300,0
36301,1
36302,0
36303,1
36304,1
36305,3
36306,0
36307,0
36308,3
36309,3
36310,3
36311,2
36312,0
36313,0
36314,3
36315,3
36316,0
36317,0
36318,1
36319,2
36320,3
36321,1
36322,2
36323,3
36324,0
36325,3
36326,1
36327,3
36328,3
36329,0
36330,3
36331,1
36332,1
36333,1
36334,1
36335,3
36336,2
36337,3
36338,2
36339,1
36340,3
36341,0
36342,1
36343,3
36344,0
36345,0
36346,1
36347,0
36348,3
36349,3
36350,2
36351,1
36352,1
36353,1
36354,3
36355,1
36356,3
36357,3
36358,1
36359,1
36360,3
36361,2
36362,0
36363,3
36364,2
36365,2
36366,2
36367,3
36368,3
36369,1
36370,3
36371,3
36372,3
36373,1
36374,2
36375,3
36376,2
36377,1
36378,2
36379,3
36380,0
36381,0
36382,1
36383,0
36384,1
36385,3
36386,0
36387,1
36388,0
36389,3
36390,1
36391,3
36392,0
36393,3
36394,2
36395,3
36396,1
36397,2
36398,2
36399,3
36400,3
36401,2
36402,3
36403,3
36404,2
36405,1
36406,2
36407,2
36408,3
36409,1
36410,2
36411,3
36412,3
36413,3
36414,2
36415,3
36416,3
36417,0
36418,1
36419,0
36420,0
36421,3
36422,3
36423,3
36424,3
36425,1
36426,1
36427,0
36428,1
36429,3
36430,2
36431,3
36432,1
36433,0
36434,3
36435,3
36436,2
36437,3
36438,0
36439,2
36440,1
36441,1
36442,0
36443,2
36444,1
36445,1
36446,2
36447,2
36448,2
36449,0
36450,3
36451,3
36452,0
36453,3
36454,3
36455,0
36456,1
36457,3
36458,3
36459,3
36460,3
36461,3
36462,3
36463,0
36464,1
36465,1
36466,1
36467,3
36468,0
36469,3
36470,1
36471,2
36472,3
36473,3
36474,0
36475,2
36476,1
36477,3
36478,1
36479,2
36480,3
36481,2
36482,1
36483,2
36484,1
36485,0
36486,3
36487,1
36488,2
36489,1
36490,2
36491,1
36492,3
36493,2
36494,2
36495,3
36496,1
36497,2
36498,3
36499,0
36500,2
36501,0
36502,3
36503,0
36504,0
36505,3
36506,1
36507,3
36508,0
36509,1
36510,2
36511,1
36512,3
36513,3
36514,2
36515,3
36516,2
36517,3
36518,2
36519,2
36520,2
36521,3
36522,2
36523,3
36524,3
36525,1
36526,3
36527,3
36528,0
36529,1
36530,1
36531,1
36532,3
36533,3
36534,0
36535,0
36536,2
36537,2
36538,2
36539,1
36540,1
36541,2
36542,0
36543,0
36544,1
36545,0
36546,1
36547,1
36548,1
36549,0
36550,3
36551,3
36552,3
36553,2
36554,1
36555,0
36556,2
36557,3
36558,0
36559,2
36560,1
36561,0
36562,3
36563,0
36564,0
36565,2
36566,2
36567,0
36568,0
36569,0
36570,3
36571,0
36572,2
36573,0
36574,1
36575,3
36576,1
36577,0
36578,3
36579,3
36580,0
36581,1
36582,3
36583,1
36584,2
36585,2
36586,0
36587,2
36588,0
36589,3
36590,2
36591,2
36592,3
36593,2
36594,1
36595,3
36596,2
36597,2
36598,3
36599,3
36600,2
36601,1
36602,2
36603,0
36604,2
36605,2
36606,0
36607,0
36608,3
36609,0
36610,3
36611,0
36612,2
36613,3
36614,2
36615,1
36616,3
36617,3
36618,3
36619,1
36620,1
36621,1
36622,2
36623,2
36624,3
36625,1
36626,1
36627,3
36628,3
36629,1
36630,3
36631,2
36632,2
36633,0
36634,3
36635,2
36636,1
36637,1
36638,0
36639,3
36640,3
36641,3
36642,1
36643,1
36644,0
36645,1
36646,2
36647,3
36648,1
36649,1
36650,3
36651,3
36652,3
36653,3
36654,3
36655,2
36656,2
36657,2
36658,1
36659,0
36660,2
36661,2
36662,3
36663,2
36664,3
36665,1
36666,0
36667,0
36668,1
36669,3
36670,3
36671,2
36672,3
36673,0
36674,2
36675,1
36676,3
36677,2
36678,3
36679,1
36680,2
36681,1
36682,3
36683,0
36684,3
36685,0
36686,1
36687,1
36688,0
36689,3
36690,1
36691,3
36692,1
36693,0
36694,3
36695,3
36696,1
36697,0
36698,2
36699,1
36700,3
36701,1
36702,1
36703,3
36704,1
36705,3
36706,0
36707,1
36708,0
36709,0
36710,0
36711,3
36712,3
36713,0
36714,3
36715,2
36716,1
36717,0
36718,2
36719,1
36720,3
36721,3
36722,2
36723,0
36724,2
36725,1
36726,3
36727,2
36728,0
36729,2
36730,1
36731,3
36732,3
36733,1
36734,3
36735,3
36736,2
36737,1
36738,2
36739,2
36740,1
36741,2
36742,1
36743,3
36744,0
36745,3
36746,1
36747,1
36748,0
36749,1
36750,1
36751,3
36752,3
36753,3
36754,2
36755,3
36756,2
36757,2
36758,3
36759,2
36760,0
36761,3
36762,2
36763,3
36764,0
36765,3
36766,3
36767,1
36768,3
36769,3
36770,2
36771,2
36772,2
36773,3
36774,1
36775,2
36776,2
36777,3
36778,3
36779,0
36780,3
36781,0
36782,3
36783,3
36784,0
36785,1
36786,3
36787,3
36788,0
36789,1
36790,3
36791,3
36792,2
36793,2
36794,1
36795,3
36796,1
36797,0
36798,2
36799,3
36800,0
36801,1
36802,2
36803,0
36804,0
36805,1
36806,3
36807,1
36808,0
36809,2
36810,3
36811,0
36812,3
36813,3
36814,1
36815,0
36816,1
36817,2
36818,3
36819,1
36820,3
36821,0
36822,3
36823,2
36824,2
36825,1
36826,1
36827,0
36828,3
36829,3
36830,1
36831,0
36832,3
36833,0
36834,1
36835,0
36836,0
36837,0
36838,3
36839,3
36840,0
36841,2
36842,1
36843,2
36844,1
36845,0
36846,0
36847,3
36848,1
36849,2
36850,3
36851,3
36852,1
36853,3
36854,2
36855,2
36856,3
36857,2
36858,3
36859,3
36860,0
36861,1
36862,3
36863,0
36864,0
36865,1
36866,2
36867,0
36868,3
36869,3
36870,2
36871,3
36872,1
36873,1
36874,3
36875,1
36876,3
36877,3
36878,1
36879,3
36880,3
36881,0
36882,3
36883,1
36884,3
36885,2
36886,0
36887,3
36888,0
36889,3
36890,2
36891,3
36892,3
36893,2
36894,3
36895,2
36896,1
36897,2
36898,2
36899,2
36900,1
36901,3
36902,1
36903,3
36904,0
36905,2
36906,0
36907,1
36908,1
36909,1
36910,2
36911,3
36912,1
36913,3
36914,3
36915,0
36916,3
36917,3
36918,1
36919,3
36920,3
36921,3
36922,1
36923,3
36924,1
36925,1
36926,0
36927,3
36928,2
36929,3
36930,0
36931,3
36932,0
36933,0
36934,1
36935,3
36936,0
36937,1
36938,1
36939,3
36940,3
36941,0
36942,3
36943,3
36944,3
36945,2
36946,3
36947,1
36948,0
36949,3
36950,0
36951,1
36952,0
36953,3
36954,2
36955,0
36956,1
36957,3
36958,2
36959,0
36960,0
36961,3
36962,0
36963,0
36964,3
36965,1
36966,3
36967,1
36968,1
36969,0
36970,0
36971,2
36972,3
36973,3
36974,2
36975,2
36976,1
36977,3
36978,2
36979,2
36980,1
36981,2
36982,3
36983,2
36984,1
36985,1
36986,0
36987,1
36988,3
36989,1
36990,0
36991,3
36992,3
36993,1
36994,2
36995,2
36996,1
36997,3
36998,1
36999,2
37000,0
37001,3
37002,1
37003,2
37004,3
37005,3
37006,1
37007,2
37008,2
37009,2
37010,2
37011,1
37012,3
37013,2
37014,3
37015,1
37016,2
37017,3
37018,3
37019,3
37020,3
37021,3
37022,1
37023,1
37024,3
37025,3
37026,3
37027,2
37028,1
37029,1
37030,2
37031,3
37032,0
37033,3
37034,0
37035,3
37036,0
37037,2
37038,3
37039,1
37040,2
37041,3
37042,1
37043,2
37044,2
37045,3
37046,0
37047,3
37048,0
37049,2
37050,1
37051,1
37052,0
37053,1
37054,1
37055,0
37056,2
37057,3
37058,3
37059,3
37060,0
37061,2
37062,3
37063,0
37064,0
37065,2
37066,1
37067,3
37068,0
37069,3
37070,3
37071,3
37072,0
37073,0
37074,3
37075,3
37076,0
37077,1
37078,3
37079,3
37080,3
37081,1
37082,2
37083,1
37084,1
37085,1
37086,3
37087,2
37088,2
37089,0
37090,0
37091,0
37092,2
37093,3
37094,1
37095,1
37096,2
37097,0
37098,3
37099,2
37100,1
37101,3
37102,0
37103,3
37104,3
37105,3
37106,3
37107,1
37108,2
37109,2
37110,0
37111,2
37112,1
37113,2
37114,0
37115,2
37116,0
37117,1
37118,3
37119,2
37120,2
37121,2
37122,3
37123,1
37124,3
37125,0
37126,0
37127,0
37128,3
37129,3
37130,2
37131,3
37132,1
37133,1
37134,1
37135,3
37136,0
37137,3
37138,1
37139,3
37140,3
37141,1
37142,2
37143,0
37144,3
37145,2
37146,3
37147,3
37148,2
37149,0
37150,3
37151,0
37152,1
37153,3
37154,0
37155,0
37156,3
37157,2
37158,3
37159,1
37160,2
37161,3
37162,3
37163,2
37164,1
37165,1
37166,2
37167,3
37168,0
37169,3
37170,1
37171,2
37172,3
37173,0
37174,3
37175,3
37176,2
37177,3
37178,2
37179,3
37180,2
37181,1
37182,2
37183,3
37184,2
37185,1
37186,2
37187,3
37188,0
37189,0
37190,3
37191,2
37192,3
37193,3
37194,1
37195,3
37196,3
37197,2
37198,3
37199,1
37200,2
37201,1
37202,3
37203,3
37204,3
37205,3
37206,2
37207,0
37208,3
37209,1
37210,3
37211,0
37212,2
37213,2
37214,3
37215,0
37216,1
37217,3
37218,1
37219,1
37220,0
37221,0
37222,1
37223,3
37224,1
37225,1
37226,0
37227,3
37228,0
37229,0
37230,3
37231,1
37232,2
37233,3
37234,3
37235,2
37236,3
37237,3
37238,1
37239,3
37240,3
37241,2
37242,1
37243,3
37244,0
37245,3
37246,2
37247,0
37248,0
37249,1
37250,3
37251,1
37252,1
37253,3
37254,3
37255,2
37256,2
37257,1
37258,1
37259,0
37260,1
37261,3
37262,2
37263,0
37264,3
37265,2
37266,3
37267,1
37268,3
37269,2
37270,0
37271,3
37272,3
37273,3
37274,2
37275,2
37276,1
37277,1
37278,2
37279,2
37280,2
37281,0
37282,2
37283,1
37284,0
37285,2
37286,1
37287,3
37288,3
37289,3
37290,0
37291,3
37292,2
37293,1
37294,2
37295,1
37296,2
37297,2
37298,2
37299,3
37300,3
37301,2
37302,2
37303,1
37304,0
37305,1
37306,3
37307,1
37308,3
37309,1
37310,3
37311,1
37312,2
37313,3
37314,3
37315,3
37316,2
37317,2
37318,3
37319,2
37320,0
37321,3
37322,0
37323,2
37324,2
37325,1
37326,0
37327,3
37328,3
37329,3
37330,0
37331,3
37332,0
37333,2
37334,0
37335,1
37336,0
37337,3
37338,3
37339,2
37340,3
37341,0
37342,1
37343,3
37344,2
37345,1
37346,0
37347,1
37348,3
37349,3
37350,2
37351,3
37352,1
37353,3
37354,0
37355,3
37356,0
37357,3
37358,2
37359,0
37360,2
37361,3
37362,2
37363,3
37364,3
37365,2
37366,1
37367,1
37368,3
37369,2
37370,0
37371,3
37372,3
37373,1
37374,1
37375,3
37376,0
37377,1
37378,3
37379,0
37380,2
37381,3
37382,1
37383,3
37384,0
37385,2
37386,3
37387,1
37388,1
37389,0
37390,3
37391,2
37392,0
37393,3
37394,1
37395,3
37396,0
37397,3
37398,3
37399,0
37400,3
37401,2
37402,3
37403,1
37404,3
37405,2
37406,3
37407,0
37408,3
37409,1
37410,3
37411,2
37412,3
37413,3
37414,0
37415,2
37416,2
37417,1
37418,0
37419,1
37420,0
37421,2
37422,3
37423,3
37424,3
37425,1
37426,1
37427,2
37428,3
37429,2
37430,3
37431,3
37432,3
37433,1
37434,2
37435,3
37436,0
37437,2
37438,0
37439,1
37440,1
37441,3
37442,3
37443,2
37444,1
37445,1
37446,0
37447,0
37448,1
37449,3
37450,1
37451,0
37452,0
37453,3
37454,0
37455,1
37456,3
37457,0
37458,2
37459,0
37460,2
37461,1
37462,0
37463,0
37464,1
37465,3
37466,2
37467,1
37468,3
37469,0
37470,2
37471,3
37472,3
37473,3
37474,0
37475,0
37476,3
37477,3
37478,0
37479,3
37480,3
37481,2
37482,2
37483,3
37484,3
37485,0
37486,3
37487,1
37488,3
37489,0
37490,1
37491,1
37492,2
37493,0
37494,2
37495,1
37496,3
37497,1
37498,3
37499,2
37500,3
37501,2
37502,2
37503,1
37504,2
37505,0
37506,1
37507,0
37508,3
37509,3
37510,2
37511,2
37512,0
37513,0
37514,0
37515,2
37516,3
37517,1
37518,3
37519,3
37520,3
37521,1
37522,1
37523,3
37524,0
37525,1
37526,3
37527,3
37528,2
37529,2
37530,2
37531,3
37532,2
37533,0
37534,0
37535,3
37536,3
37537,0
37538,1
37539,2
37540,2
37541,2
37542,1
37543,1
37544,2
37545,0
37546,2
37547,2
37548,2
37549,1
37550,3
37551,0
37552,3
37553,3
37554,1
37555,3
37556,3
37557,2
37558,0
37559,0
37560,2
37561,3
37562,2
37563,3
37564,3
37565,2
37566,1
37567,1
37568,2
37569,3
37570,3
37571,3
37572,2
37573,1
37574,3
37575,3
37576,0
37577,3
37578,3
37579,1
37580,1
37581,1
37582,1
37583,0
37584,2
37585,0
37586,0
37587,3
37588,0
37589,0
37590,0
37591,3
37592,1
37593,1
37594,2
37595,0
37596,1
37597,1
37598,2
37599,1
37600,2
37601,2
37602,2
37603,2
37604,3
37605,3
37606,3
37607,3
37608,3
37609,1
37610,0
37611,0
37612,3
37613,0
37614,3
37615,1
37616,0
37617,2
37618,0
37619,2
37620,1
37621,0
37622,0
37623,3
37624,3
37625,1
37626,0
37627,2
37628,1
37629,3
37630,3
37631,3
37632,0
37633,3
37634,3
37635,3
37636,3
37637,3
37638,2
37639,1
37640,0
37641,3
37642,2
37643,2
37644,2
37645,3
37646,0
37647,2
37648,1
37649,1
37650,0
37651,2
37652,0
37653,0
37654,0
37655,2
37656,3
37657,0
37658,2
37659,2
37660,3
37661,3
37662,3
37663,1
37664,0
37665,1
37666,0
37667,3
37668,1
37669,3
37670,0
37671,1
37672,1
37673,1
37674,3
37675,1
37676,3
37677,3
37678,3
37679,0
37680,3
37681,0
37682,1
37683,2
37684,1
37685,3
37686,3
37687,1
37688,0
37689,0
37690,3
37691,2
37692,1
37693,1
37694,2
37695,3
37696,1
37697,0
37698,3
37699,1
37700,3
37701,3
37702,3
37703,3
37704,2
37705,1
37706,1
37707,1
37708,2
37709,2
37710,2
37711,0
37712,0
37713,2
37714,1
37715,0
37716,1
37717,2
37718,2
37719,1
37720,0
37721,3
37722,0
37723,2
37724,3
37725,0
37726,3
37727,2
37728,2
37729,3
37730,1
37731,2
37732,3
37733,3
37734,3
37735,3
37736,3
37737,2
37738,3
37739,2
37740,1
37741,3
37742,1
37743,2
37744,0
37745,3
37746,3
37747,1
37748,3
37749,3
37750,2
37751,1
37752,1
37753,1
37754,1
37755,3
37756,1
37757,3
37758,3
37759,3
37760,0
37761,2
37762,1
37763,0
37764,1
37765,3
37766,1
37767,0
37768,3
37769,3
37770,3
37771,3
37772,1
37773,1
37774,2
37775,2
37776,0
37777,0
37778,1
37779,3
37780,1
37781,3
37782,3
37783,3
37784,0
37785,2
37786,0
37787,0
37788,0
37789,2
37790,1
37791,1
37792,2
37793,3
37794,3
37795,2
37796,3
37797,3
37798,3
37799,2
37800,3
37801,0
37802,3
37803,2
37804,3
37805,1
37806,3
37807,0
37808,1
37809,2
37810,2
37811,3
37812,3
37813,1
37814,1
37815,3
37816,1
37817,3
37818,2
37819,2
37820,1
37821,2
37822,2
37823,0
37824,0
37825,0
37826,2
37827,0
37828,0
37829,3
37830,3
37831,1
37832,0
37833,3
37834,1
37835,3
37836,1
37837,0
37838,1
37839,2
37840,2
37841,2
37842,3
37843,1
37844,3
37845,3
37846,0
37847,1
37848,2
37849,0
37850,1
37851,1
37852,2
37853,1
37854,2
37855,2
37856,3
37857,1
37858,3
37859,1
37860,1
37861,3
37862,0
37863,0
37864,2
37865,1
37866,2
37867,0
37868,1
37869,1
37870,2
37871,3
37872,2
37873,3
37874,3
37875,1
37876,2
37877,3
37878,1
37879,2
37880,3
37881,2
37882,2
37883,0
37884,0
37885,2
37886,1
37887,3
37888,0
37889,1
37890,2
37891,2
37892,0
37893,3
37894,3
37895,0
37896,3
37897,0
37898,2
37899,2
37900,1
37901,2
37902,0
37903,3
37904,0
37905,2
37906,3
37907,0
37908,2
37909,1
37910,3
37911,0
37912,3
37913,3
37914,3
37915,3
37916,2
37917,3
37918,0
37919,2
37920,2
37921,3
37922,1
37923,2
37924,0
37925,1
37926,2
37927,2
37928,2
37929,0
37930,1
37931,1
37932,1
37933,3
37934,1
37935,3
37936,3
37937,3
37938,1
37939,2
37940,0
37941,1
37942,3
37943,3
37944,1
37945,0
37946,3
37947,2
37948,0
37949,2
37950,3
37951,2
37952,2
37953,3
37954,3
37955,3
37956,1
37957,3
37958,2
37959,3
37960,0
37961,0
37962,2
37963,3
37964,3
37965,3
37966,0
37967,2
37968,0
37969,2
37970,3
37971,2
37972,2
37973,2
37974,2
37975,3
37976,2
37977,3
37978,0
37979,0
37980,3
37981,3
37982,3
37983,0
37984,3
37985,3
37986,1
37987,2
37988,3
37989,0
37990,3
37991,3
37992,0
37993,0
37994,3
37995,2
37996,3
37997,2
37998,0
37999,3
38000,2
38001,2
38002,3
38003,0
38004,3
38005,1
38006,2
38007,3
38008,3
38009,1
38010,1
38011,3
38012,0
38013,3
38014,3
38015,1
38016,2
38017,2
38018,0
38019,3
38020,3
38021,1
38022,3
38023,3
38024,2
38025,2
38026,3
38027,1
38028,3
38029,0
38030,2
38031,1
38032,3
38033,3
38034,1
38035,3
38036,3
38037,3
38038,3
38039,1
38040,0
38041,1
38042,3
38043,1
38044,2
38045,2
38046,1
38047,0
38048,3
38049,0
38050,2
38051,3
38052,3
38053,2
38054,1
38055,2
38056,3
38057,2
38058,0
38059,3
38060,1
38061,2
38062,0
38063,2
38064,2
38065,3
38066,3
38067,2
38068,1
38069,0
38070,3
38071,3
38072,1
38073,3
38074,2
38075,1
38076,1
38077,2
38078,3
38079,1
38080,2
38081,1
38082,2
38083,3
38084,0
38085,3
38086,1
38087,2
38088,1
38089,0
38090,2
38091,0
38092,0
38093,2
38094,2
38095,2
38096,0
38097,0
38098,1
38099,0
38100,0
38101,1
38102,3
38103,0
38104,3
38105,3
38106,0
38107,0
38108,3
38109,3
38110,3
38111,1
38112,2
38113,0
38114,1
38115,0
38116,3
38117,3
38118,0
38119,2
38120,0
38121,1
38122,2
38123,3
38124,3
38125,1
38126,1
38127,2
38128,1
38129,3
38130,2
38131,1
38132,3
38133,3
38134,1
38135,2
38136,0
38137,3
38138,1
38139,2
38140,1
38141,3
38142,3
38143,2
38144,2
38145,3
38146,3
38147,0
38148,3
38149,1
38150,0
38151,1
38152,2
38153,3
38154,0
38155,0
38156,0
38157,3
38158,3
38159,3
38160,2
38161,3
38162,3
38163,0
38164,0
38165,2
38166,3
38167,1
38168,3
38169,0
38170,0
38171,3
38172,2
38173,2
38174,2
38175,2
38176,1
38177,3
38178,2
38179,3
38180,1
38181,3
38182,1
38183,1
38184,2
38185,3
38186,3
38187,2
38188,0
38189,2
38190,3
38191,3
38192,0
38193,3
38194,1
38195,2
38196,1
38197,2
38198,3
38199,3
38200,0
38201,3
38202,3
38203,2
38204,2
38205,2
38206,3
38207,1
38208,3
38209,2
38210,3
38211,1
38212,1
38213,1
38214,3
38215,0
38216,3
38217,2
38218,3
38219,3
38220,3
38221,3
38222,0
38223,0
38224,1
38225,0
38226,2
38227,3
38228,3
38229,2
38230,2
38231,3
38232,2
38233,2
38234,3
38235,2
38236,0
38237,1
38238,3
38239,3
38240,2
38241,3
38242,1
38243,2
38244,0
38245,1
38246,3
38247,0
38248,1
38249,3
38250,2
38251,3
38252,2
38253,3
38254,0
38255,1
38256,3
38257,2
38258,3
38259,1
38260,1
38261,2
38262,3
38263,3
38264,2
38265,2
38266,3
38267,3
38268,3
38269,3
38270,3
38271,3
38272,3
38273,0
38274,1
38275,3
38276,2
38277,0
38278,3
38279,0
38280,1
38281,1
38282,1
38283,3
38284,3
38285,3
38286,3
38287,3
38288,2
38289,3
38290,0
38291,3
38292,1
38293,3
38294,3
38295,3
38296,1
38297,3
38298,3
38299,0
38300,2
38301,2
38302,0
38303,1
38304,2
38305,1
38306,1
38307,1
38308,1
38309,3
38310,3
38311,3
38312,1
38313,3
38314,0
38315,3
38316,3
38317,0
38318,0
38319,3
38320,0
38321,2
38322,1
38323,0
38324,3
38325,1
38326,3
38327,1
38328,2
38329,0
38330,2
38331,1
38332,3
38333,3
38334,3
38335,2
38336,3
38337,3
38338,3
38339,0
38340,0
38341,1
38342,1
38343,0
38344,3
38345,0
38346,1
38347,0
38348,3
38349,1
38350,3
38351,3
38352,3
38353,3
38354,3
38355,3
38356,1
38357,1
38358,3
38359,3
38360,0
38361,3
38362,1
38363,0
38364,2
38365,1
38366,1
38367,2
38368,3
38369,2
38370,0
38371,3
38372,3
38373,2
38374,2
38375,1
38376,2
38377,3
38378,2
38379,2
38380,2
38381,3
38382,2
38383,0
38384,2
38385,0
38386,0
38387,2
38388,3
38389,1
38390,1
38391,3
38392,0
38393,1
38394,1
38395,3
38396,3
38397,3
38398,2
38399,1
38400,3
38401,2
38402,2
38403,2
38404,1
38405,1
38406,3
38407,2
38408,1
38409,1
38410,3
38411,0
38412,3
38413,3
38414,0
38415,3
38416,1
38417,3
38418,0
38419,2
38420,3
38421,1
38422,1
38423,0
38424,2
38425,2
38426,3
38427,2
38428,0
38429,3
38430,0
38431,3
38432,3
38433,1
38434,0
38435,0
38436,1
38437,3
38438,0
38439,3
38440,3
38441,1
38442,3
38443,2
38444,3
38445,2
38446,2
38447,3
38448,3
38449,2
38450,3
38451,3
38452,2
38453,3
38454,0
38455,2
38456,0
38457,0
38458,1
38459,1
38460,1
38461,0
38462,0
38463,3
38464,3
38465,0
38466,1
38467,0
38468,2
38469,3
38470,3
38471,0
38472,1
38473,3
38474,1
38475,1
38476,3
38477,3
38478,0
38479,1
38480,0
38481,2
38482,1
38483,3
38484,1
38485,3
38486,3
38487,2
38488,0
38489,3
38490,0
38491,2
38492,3
38493,0
38494,1
38495,2
38496,3
38497,2
38498,2
38499,1
38500,2
38501,1
38502,3
38503,2
38504,2
38505,1
38506,3
38507,0
38508,3
38509,1
38510,3
38511,1
38512,1
38513,3
38514,2
38515,1
38516,2
38517,0
38518,1
38519,3
38520,0
38521,0
38522,0
38523,1
38524,1
38525,0
38526,3
38527,1
38528,2
38529,2
38530,0
38531,2
38532,0
38533,3
38534,3
38535,3
38536,3
38537,3
38538,3
38539,2
38540,2
38541,0
38542,3
38543,1
38544,2
38545,1
38546,3
38547,2
38548,2
38549,2
38550,3
38551,3
38552,3
38553,1
38554,3
38555,3
38556,1
38557,1
38558,2
38559,1
38560,0
38561,3
38562,3
38563,2
38564,0
38565,3
38566,3
38567,3
38568,3
38569,1
38570,0
38571,2
38572,3
38573,2
38574,3
38575,1
38576,3
38577,0
38578,3
38579,1
38580,2
38581,3
38582,1
38583,2
38584,2
38585,3
38586,1
38587,2
38588,2
38589,3
38590,2
38591,3
38592,2
38593,3
38594,0
38595,2
38596,3
38597,3
38598,3
38599,0
38600,3
38601,3
38602,3
38603,3
38604,2
38605,0
38606,3
38607,2
38608,1
38609,1
38610,3
38611,0
38612,3
38613,2
38614,2
38615,2
38616,3
38617,2
38618,2
38619,3
38620,2
38621,3
38622,3
38623,1
38624,3
38625,2
38626,3
38627,1
38628,0
38629,3
38630,3
38631,3
38632,2
38633,0
38634,1
38635,0
38636,3
38637,3
38638,1
38639,3
38640,1
38641,1
38642,1
38643,0
38644,0
38645,2
38646,3
38647,2
38648,1
38649,1
38650,3
38651,2
38652,0
38653,2
38654,3
38655,3
38656,2
38657,1
38658,1
38659,3
38660,3
38661,0
38662,1
38663,3
38664,3
38665,1
38666,3
38667,2
38668,2
38669,2
38670,3
38671,0
38672,1
38673,3
38674,2
38675,3
38676,1
38677,2
38678,3
38679,3
38680,0
38681,3
38682,0
38683,3
38684,0
38685,3
38686,1
38687,0
38688,2
38689,0
38690,3
38691,1
38692,1
38693,3
38694,0
38695,3
38696,1
38697,3
38698,3
38699,3
38700,3
38701,3
38702,3
38703,0
38704,1
38705,1
38706,1
38707,0
38708,2
38709,2
38710,0
38711,2
38712,2
38713,2
38714,1
38715,2
38716,3
38717,0
38718,3
38719,3
38720,2
38721,2
38722,2
38723,0
38724,2
38725,3
38726,3
38727,1
38728,0
38729,3
38730,2
38731,2
38732,3
38733,2
38734,3
38735,2
38736,3
38737,3
38738,3
38739,3
38740,1
38741,1
38742,2
38743,1
38744,3
38745,3
38746,1
38747,0
38748,3
38749,3
38750,0
38751,0
38752,0
38753,2
38754,2
38755,3
38756,3
38757,1
38758,0
38759,0
38760,2
38761,2
38762,2
38763,2
38764,3
38765,3
38766,3
38767,1
38768,0
38769,1
38770,1
38771,0
38772,2
38773,2
38774,3
38775,3
38776,3
38777,3
38778,3
38779,3
38780,3
38781,2
38782,2
38783,3
38784,1
38785,1
38786,2
38787,0
38788,0
38789,3
38790,3
38791,0
38792,2
38793,2
38794,3
38795,2
38796,3
38797,3
38798,3
38799,1
38800,1
38801,3
38802,0
38803,0
38804,3
38805,0
38806,3
38807,2
38808,0
38809,3
38810,0
38811,0
38812,3
38813,3
38814,1
38815,2
38816,1
38817,1
38818,1
38819,3
38820,2
38821,3
38822,2
38823,3
38824,2
38825,3
38826,3
38827,3
38828,2
38829,2
38830,2
38831,1
38832,1
38833,3
38834,3
38835,0
38836,3
38837,3
38838,2
38839,1
38840,2
38841,1
38842,0
38843,1
38844,3
38845,3
38846,0
38847,1
38848,3
38849,3
38850,0
38851,3
38852,3
38853,1
38854,3
38855,2
38856,2
38857,0
38858,3
38859,3
38860,2
38861,1
38862,3
38863,1
38864,3
38865,0
38866,3
38867,3
38868,1
38869,3
38870,0
38871,3
38872,2
38873,3
38874,3
38875,0
38876,0
38877,0
38878,3
38879,3
38880,2
38881,3
38882,3
38883,3
38884,3
38885,3
38886,0
38887,1
38888,0
38889,2
38890,2
38891,3
38892,3
38893,3
38894,2
38895,0
38896,2
38897,3
38898,1
38899,2
38900,1
38901,3
38902,3
38903,0
38904,3
38905,2
38906,1
38907,3
38908,3
38909,1
38910,1
38911,0
38912,3
38913,0
38914,1
38915,0
38916,3
38917,3
38918,1
38919,3
38920,1
38921,1
38922,2
38923,3
38924,3
38925,3
38926,3
38927,0
38928,3
38929,3
38930,0
38931,3
38932,3
38933,1
38934,0
38935,3
38936,0
38937,2
38938,2
38939,1
38940,0
38941,0
38942,0
38943,2
38944,1
38945,0
38946,3
38947,0
38948,2
38949,1
38950,0
38951,3
38952,2
38953,3
38954,2
38955,3
38956,2
38957,3
38958,2
38959,1
38960,3
38961,3
38962,0
38963,2
38964,1
38965,0
38966,0
38967,2
38968,3
38969,3
38970,1
38971,2
38972,2
38973,2
38974,1
38975,3
38976,2
38977,2
38978,0
38979,1
38980,2
38981,3
38982,3
38983,3
38984,2
38985,3
38986,0
38987,3
38988,1
38989,3
38990,3
38991,3
38992,2
38993,3
38994,3
38995,3
38996,3
38997,3
38998,1
38999,2
39000,3
39001,0
39002,1
39003,2
39004,1
39005,3
39006,1
39007,1
39008,2
39009,1
39010,3
39011,2
39012,1
39013,3
39014,1
39015,3
39016,3
39017,0
39018,1
39019,1
39020,1
39021,3
39022,3
39023,0
39024,1
39025,0
39026,2
39027,3
39028,3
39029,3
39030,0
39031,2
39032,1
39033,3
39034,3
39035,3
39036,1
39037,3
39038,0
39039,2
39040,2
39041,3
39042,2
39043,0
39044,3
39045,3
39046,0
39047,1
39048,0
39049,3
39050,2
39051,2
39052,3
39053,0
39054,2
39055,0
39056,3
39057,3
39058,3
39059,1
39060,0
39061,3
39062,3
39063,3
39064,1
39065,1
39066,0
39067,3
39068,3
39069,1
39070,2
39071,1
39072,0
39073,1
39074,3
39075,1
39076,1
39077,2
39078,0
39079,2
39080,3
39081,1
39082,1
39083,0
39084,3
39085,2
39086,2
39087,3
39088,3
39089,2
39090,3
39091,3
39092,3
39093,3
39094,3
39095,2
39096,0
39097,3
39098,0
39099,0
39100,2
39101,1
39102,2
39103,0
39104,0
39105,2
39106,2
39107,1
39108,3
39109,3
39110,1
39111,3
39112,2
39113,2
39114,1
39115,2
39116,2
39117,2
39118,0
39119,3
39120,3
39121,3
39122,1
39123,3
39124,3
39125,2
39126,3
39127,3
39128,2
39129,3
39130,0
39131,3
39132,2
39133,3
39134,2
39135,3
39136,3
39137,1
39138,1
39139,2
39140,1
39141,3
39142,0
39143,3
39144,0
39145,2
39146,3
39147,2
39148,2
39149,3
39150,0
39151,2
39152,1
39153,2
39154,3
39155,1
39156,1
39157,2
39158,3
39159,0
39160,1
39161,2
39162,2
39163,3
39164,1
39165,2
39166,3
39167,2
39168,2
39169,0
39170,0
39171,2
39172,0
39173,2
39174,3
39175,1
39176,3
39177,0
39178,0
39179,2
39180,3
39181,0
39182,3
39183,1
39184,2
39185,1
39186,2
39187,1
39188,1
39189,0
39190,1
39191,0
39192,3
39193,1
39194,1
39195,2
39196,1
39197,3
39198,0
39199,3
39200,3
39201,3
39202,2
39203,3
39204,2
39205,2
39206,3
39207,2
39208,2
39209,0
39210,3
39211,2
39212,2
39213,3
39214,2
39215,2
39216,1
39217,3
39218,0
39219,1
39220,3
39221,2
39222,2
39223,3
39224,3
39225,2
39226,3
39227,3
39228,3
39229,3
39230,3
39231,3
39232,1
39233,1
39234,3
39235,1
39236,2
39237,3
39238,3
39239,2
39240,1
39241,3
39242,3
39243,2
39244,3
39245,3
39246,0
39247,3
39248,0
39249,0
39250,1
39251,0
39252,3
39253,0
39254,3
39255,2
39256,3
39257,0
39258,3
39259,1
39260,3
39261,1
39262,0
39263,2
39264,3
39265,2
39266,3
39267,2
39268,3
39269,3
39270,3
39271,1
39272,1
39273,3
39274,1
39275,3
39276,0
39277,0
39278,1
39279,0
39280,0
39281,2
39282,2
39283,3
39284,0
39285,3
39286,3
39287,0
39288,1
39289,1
39290,3
39291,3
39292,2
39293,0
39294,1
39295,3
39296,2
39297,1
39298,1
39299,1
39300,2
39301,1
39302,3
39303,3
39304,3
39305,3
39306,2
39307,1
39308,1
39309,3
39310,2
39311,0
39312,1
39313,1
39314,2
39315,3
39316,2
39317,3
39318,3
39319,1
39320,3
39321,3
39322,3
39323,3
39324,1
39325,3
39326,3
39327,3
39328,3
39329,2
39330,1
39331,1
39332,3
39333,3
39334,3
39335,3
39336,3
39337,0
39338,0
39339,1
39340,1
39341,2
39342,1
39343,3
39344,0
39345,3
39346,0
39347,1
39348,0
39349,2
39350,3
39351,0
39352,3
39353,3
39354,2
39355,3
39356,3
39357,3
39358,2
39359,3
39360,2
39361,3
39362,1
39363,2
39364,2
39365,3
39366,3
39367,0
39368,3
39369,3
39370,2
39371,2
39372,1
39373,2
39374,3
39375,3
39376,3
39377,3
39378,0
39379,2
39380,2
39381,2
39382,2
39383,1
39384,3
39385,0
39386,2
39387,0
39388,1
39389,1
39390,3
39391,2
39392,0
39393,3
39394,1
39395,3
39396,2
39397,2
39398,3
39399,1
39400,3
39401,3
39402,0
39403,0
39404,2
39405,0
39406,3
39407,1
39408,2
39409,2
39410,3
39411,0
39412,2
39413,3
39414,3
39415,3
39416,1
39417,2
39418,3
39419,2
39420,2
39421,2
39422,1
39423,3
39424,1
39425,1
39426,1
39427,3
39428,3
39429,0
39430,3
39431,0
39432,0
39433,3
39434,3
39435,3
39436,2
39437,3
39438,3
39439,0
39440,1
39441,2
39442,1
39443,3
39444,1
39445,3
39446,3
39447,1
39448,3
39449,2
39450,3
39451,0
39452,3
39453,1
39454,1
39455,2
39456,3
39457,2
39458,0
39459,2
39460,0
39461,1
39462,3
39463,2
39464,1
39465,2
39466,3
39467,3
39468,2
39469,1
39470,0
39471,3
39472,3
39473,3
39474,2
39475,1
39476,0
39477,2
39478,1
39479,0
39480,1
39481,1
39482,0
39483,1
39484,0
39485,2
39486,3
39487,0
39488,3
39489,2
39490,0
39491,3
39492,0
39493,1
39494,3
39495,2
39496,3
39497,2
39498,2
39499,1
39500,0
39501,3
39502,3
39503,2
39504,1
39505,1
39506,1
39507,2
39508,0
39509,0
39510,2
39511,3
39512,1
39513,3
39514,3
39515,0
39516,3
39517,3
39518,2
39519,1
39520,1
39521,3
39522,2
39523,3
39524,2
39525,3
39526,0
39527,3
39528,0
39529,0
39530,3
39531,3
39532,0
39533,3
39534,1
39535,0
39536,2
39537,3
39538,1
39539,0
39540,3
39541,2
39542,1
39543,2
39544,3
39545,3
39546,3
39547,1
39548,2
39549,2
39550,2
39551,0
39552,2
39553,0
39554,3
39555,0
39556,3
39557,3
39558,3
39559,1
39560,1
39561,3
39562,2
39563,2
39564,2
39565,3
39566,1
39567,2
39568,2
39569,3
39570,0
39571,0
39572,0
39573,2
39574,3
39575,2
39576,2
39577,3
39578,2
39579,0
39580,2
39581,2
39582,0
39583,2
39584,3
39585,2
39586,0
39587,3
39588,3
39589,1
39590,0
39591,1
39592,0
39593,2
39594,1
39595,1
39596,2
39597,0
39598,0
39599,3
39600,3
39601,3
39602,2
39603,2
39604,1
39605,0
39606,2
39607,3
39608,1
39609,2
39610,2
39611,2
39612,1
39613,3
39614,3
39615,1
39616,1
39617,3
39618,0
39619,1
39620,3
39621,3
39622,0
39623,2
39624,3
39625,3
39626,2
39627,2
39628,1
39629,3
39630,2
39631,3
39632,0
39633,0
39634,1
39635,0
39636,3
39637,3
39638,3
39639,3
39640,3
39641,1
39642,1
39643,2
39644,2
39645,1
39646,1
39647,1
39648,2
39649,0
39650,3
39651,3
39652,2
39653,3
39654,0
39655,3
39656,3
39657,0
39658,3
39659,3
39660,3
39661,3
39662,2
39663,0
39664,3
39665,3
39666,2
39667,0
39668,1
39669,2
39670,1
39671,1
39672,1
39673,2
39674,1
39675,0
39676,3
39677,2
39678,2
39679,2
39680,0
39681,3
39682,0
39683,1
39684,3
39685,2
39686,3
39687,2
39688,2
39689,2
39690,0
39691,0
39692,2
39693,2
39694,2
39695,2
39696,1
39697,1
39698,0
39699,2
39700,2
39701,3
39702,1
39703,1
39704,3
39705,3
39706,3
39707,3
39708,3
39709,1
39710,3
39711,2
39712,1
39713,3
39714,3
39715,0
39716,2
39717,0
39718,3
39719,3
39720,3
39721,3
39722,3
39723,3
39724,2
39725,3
39726,1
39727,2
39728,2
39729,0
39730,3
39731,1
39732,3
39733,3
39734,2
39735,2
39736,3
39737,2
39738,3
39739,3
39740,2
39741,2
39742,2
39743,3
39744,0
39745,0
39746,2
39747,2
39748,3
39749,3
39750,3
39751,0
39752,3
39753,1
39754,3
39755,0
39756,1
39757,1
39758,3
39759,3
39760,3
39761,3
39762,2
39763,3
39764,0
39765,2
39766,0
39767,2
39768,1
39769,2
39770,2
39771,1
39772,2
39773,3
39774,3
39775,1
39776,2
39777,1
39778,1
39779,1
39780,3
39781,0
39782,3
39783,3
39784,2
39785,1
39786,3
39787,2
39788,0
39789,1
39790,1
39791,3
39792,2
39793,0
39794,3
39795,3
39796,1
39797,1
39798,3
39799,3
39800,0
39801,2
39802,3
39803,2
39804,3
39805,2
39806,2
39807,1
39808,0
39809,2
39810,1
39811,1
39812,1
39813,0
39814,3
39815,3
39816,1
39817,0
39818,3
39819,3
39820,0
39821,2
39822,3
39823,0
39824,3
39825,2
39826,1
39827,0
39828,2
39829,0
39830,3
39831,3
39832,1
39833,0
39834,2
39835,1
39836,2
39837,1
39838,1
39839,1
39840,1
39841,2
39842,3
39843,1
39844,3
39845,3
39846,3
39847,1
39848,2
39849,1
39850,1
39851,1
39852,1
39853,2
39854,0
39855,1
39856,2
39857,0
39858,0
39859,0
39860,0
39861,3
39862,1
39863,3
39864,2
39865,2
39866,0
39867,3
39868,2
39869,1
39870,3
39871,2
39872,3
39873,3
39874,3
39875,3
39876,3
39877,2
39878,0
39879,1
39880,0
39881,0
39882,2
39883,1
39884,0
39885,0
39886,1
39887,3
39888,1
39889,2
39890,3
39891,3
39892,2
39893,3
39894,1
39895,2
39896,2
39897,2
39898,1
39899,0
39900,1
39901,0
39902,2
39903,3
39904,1
39905,1
39906,3
39907,3
39908,2
39909,2
39910,2
39911,3
39912,0
39913,2
39914,0
39915,1
39916,1
39917,0
39918,0
39919,2
39920,2
39921,1
39922,3
39923,0
39924,3
39925,0
39926,3
39927,3
39928,1
39929,2
39930,0
39931,0
39932,3
39933,2
39934,1
39935,3
39936,0
39937,3
39938,2
39939,0
39940,3
39941,1
39942,2
39943,0
39944,3
39945,3
39946,3
39947,3
39948,1
39949,0
39950,2
39951,2
39952,1
39953,2
39954,3
39955,1
39956,3
39957,1
39958,2
39959,0
39960,3
39961,2
39962,1
39963,0
39964,3
39965,3
39966,3
39967,2
39968,3
39969,2
39970,0
39971,3
39972,0
39973,1
39974,2
39975,0
39976,0
39977,3
39978,1
39979,2
39980,0
39981,3
39982,0
39983,0
39984,0
39985,1
39986,1
39987,2
39988,1
39989,3
39990,3
39991,2
39992,0
39993,3
39994,3
39995,2
39996,3
39997,0
39998,1
39999,3
40000,2
40001,0
40002,2
40003,1
40004,2
40005,3
40006,2
40007,2
40008,3
40009,3
40010,1
40011,3
40012,0
40013,0
40014,3
40015,0
40016,0
40017,3
40018,1
40019,3
40020,2
40021,2
40022,3
40023,0
40024,2
40025,2
40026,0
40027,1
40028,0
40029,3
40030,0
40031,3
40032,3
40033,3
40034,3
40035,2
40036,1
40037,1
40038,3
40039,3
40040,2
40041,3
40042,2
40043,3
40044,2
40045,3
40046,0
40047,2
40048,2
40049,3
40050,1
40051,2
40052,2
40053,3
40054,1
40055,3
40056,3
40057,3
40058,0
40059,1
40060,1
40061,3
40062,2
40063,0
40064,2
40065,1
40066,2
40067,3
40068,3
40069,2
40070,0
40071,0
40072,1
40073,3
40074,1
40075,2
40076,2
40077,3
40078,3
40079,1
40080,3
40081,2
40082,1
40083,3
40084,0
40085,1
40086,0
40087,2
40088,2
40089,1
40090,3
40091,0
40092,1
40093,1
40094,0
40095,2
40096,0
40097,1
40098,3
40099,3
40100,3
40101,3
40102,3
40103,0
40104,0
40105,3
40106,0
40107,2
40108,3
40109,2
40110,3
40111,3
40112,1
40113,3
40114,2
40115,0
40116,0
40117,3
40118,3
40119,1
40120,3
40121,0
40122,3
40123,3
40124,2
40125,3
40126,2
40127,3
40128,3
40129,0
40130,0
40131,3
40132,2
40133,0
40134,2
40135,0
40136,2
40137,0
40138,3
40139,1
40140,2
40141,0
40142,3
40143,1
40144,0
40145,1
40146,2
40147,2
40148,3
40149,2
40150,2
40151,2
40152,2
40153,3
40154,2
40155,3
40156,3
40157,2
40158,3
40159,0
40160,1
40161,0
40162,1
40163,3
40164,3
40165,3
40166,2
40167,0
40168,3
40169,0
40170,2
40171,0
40172,2
40173,0
40174,3
40175,3
40176,1
40177,1
40178,1
40179,2
40180,2
40181,0
40182,3
40183,0
40184,2
40185,2
40186,1
40187,2
40188,3
40189,2
40190,3
40191,3
40192,3
40193,3
40194,3
40195,1
40196,0
40197,2
40198,3
40199,2
40200,2
40201,0
40202,2
40203,2
40204,3
40205,2
40206,3
40207,1
40208,1
40209,1
40210,1
40211,3
40212,3
40213,0
40214,3
40215,1
40216,3
40217,3
40218,2
40219,0
40220,1
40221,0
40222,2
40223,3
40224,2
40225,1
40226,3
40227,0
40228,3
40229,2
40230,2
40231,1
40232,1
40233,0
40234,3
40235,1
40236,1
40237,0
40238,3
40239,3
40240,0
40241,2
40242,2
40243,3
40244,0
40245,3
40246,0
40247,3
40248,3
40249,1
40250,3
40251,1
40252,3
40253,0
40254,0
40255,0
40256,2
40257,2
40258,0
40259,2
40260,2
40261,3
40262,3
40263,0
40264,0
40265,2
40266,3
40267,2
40268,0
40269,2
40270,1
40271,3
40272,3
40273,0
40274,3
40275,3
40276,1
40277,1
40278,3
40279,3
40280,1
40281,2
40282,3
40283,2
40284,2
40285,1
40286,1
40287,2
40288,3
40289,0
40290,3
40291,1
40292,1
40293,2
40294,3
40295,2
40296,3
40297,3
40298,3
40299,2
40300,2
40301,3
40302,3
40303,0
40304,2
40305,2
40306,1
40307,2
40308,1
40309,1
40310,1
40311,1
40312,3
40313,0
40314,1
40315,3
40316,3
40317,1
40318,3
40319,0
40320,3
40321,1
40322,0
40323,3
40324,2
40325,2
40326,3
40327,2
40328,3
40329,1
40330,1
40331,2
40332,1
40333,3
40334,3
40335,3
40336,3
40337,1
40338,3
40339,0
40340,1
40341,2
40342,1
40343,1
40344,3
40345,0
40346,3
40347,0
40348,3
40349,3
40350,2
40351,2
40352,0
40353,1
40354,2
40355,2
40356,2
40357,3
40358,3
40359,1
40360,3
40361,3
40362,0
40363,0
40364,1
40365,1
40366,3
40367,2
40368,3
40369,3
40370,1
40371,2
40372,3
40373,0
40374,3
40375,0
40376,3
40377,3
40378,1
40379,2
40380,0
40381,1
40382,3
40383,1
40384,1
40385,3
40386,0
40387,2
40388,1
40389,3
40390,2
40391,2
40392,3
40393,3
40394,3
40395,0
40396,3
40397,3
40398,3
40399,2
40400,3
40401,2
40402,2
40403,1
40404,1
40405,2
40406,0
40407,2
40408,3
40409,0
40410,3
40411,1
40412,3
40413,2
40414,3
40415,1
40416,3
40417,3
40418,3
40419,3
40420,3
40421,0
40422,2
40423,1
40424,2
40425,2
40426,0
40427,3
40428,3
40429,2
40430,1
40431,3
40432,1
40433,2
40434,2
40435,3
40436,1
40437,2
40438,3
40439,3
40440,1
40441,2
40442,3
40443,3
40444,2
40445,1
40446,3
40447,1
40448,2
40449,1
40450,0
40451,2
40452,3
40453,0
40454,0
40455,3
40456,1
40457,3
40458,1
40459,1
40460,1
40461,0
40462,0
40463,2
40464,3
40465,1
40466,2
40467,3
40468,3
40469,3
40470,3
40471,2
40472,3
40473,0
40474,3
40475,1
40476,1
40477,3
40478,2
40479,1
40480,3
40481,3
40482,2
40483,1
40484,3
40485,0
40486,2
40487,1
40488,2
40489,2
40490,1
40491,2
40492,3
40493,3
40494,2
40495,3
40496,2
40497,0
40498,1
40499,2
40500,2
40501,3
40502,3
40503,0
40504,3
40505,2
40506,3
40507,0
40508,1
40509,3
40510,3
40511,2
40512,1
40513,0
40514,1
40515,3
40516,0
40517,3
40518,3
40519,2
40520,1
40521,0
40522,2
40523,1
40524,1
40525,0
40526,3
40527,2
40528,0
40529,3
40530,2
40531,3
40532,3
40533,3
40534,1
40535,3
40536,1
40537,3
40538,2
40539,2
40540,3
40541,0
40542,3
40543,3
40544,1
40545,3
40546,0
40547,2
40548,0
40549,3
40550,2
40551,2
40552,0
40553,2
40554,2
40555,3
40556,1
40557,2
40558,0
40559,2
40560,3
40561,3
40562,3
40563,2
40564,3
40565,1
40566,3
40567,3
40568,0
40569,2
40570,1
40571,3
40572,2
40573,0
40574,3
40575,0
40576,3
40577,3
40578,0
40579,2
40580,3
40581,2
40582,1
40583,1
40584,3
40585,1
40586,2
40587,0
40588,3
40589,2
40590,2
40591,0
40592,3
40593,3
40594,2
40595,0
40596,3
40597,0
40598,1
40599,0
40600,3
40601,3
40602,1
40603,3
40604,1
40605,1
40606,2
40607,3
40608,1
40609,3
40610,0
40611,3
40612,1
40613,3
40614,0
40615,3
40616,1
40617,3
40618,3
40619,0
40620,2
40621,3
40622,3
40623,0
40624,3
40625,3
40626,3
40627,3
40628,2
40629,3
40630,1
40631,2
40632,1
40633,3
40634,2
40635,3
40636,0
40637,3
40638,2
40639,3
40640,3
40641,1
40642,2
40643,2
40644,1
40645,3
40646,2
40647,3
40648,1
40649,3
40650,0
40651,1
40652,0
40653,0
40654,3
40655,2
40656,3
40657,3
40658,0
40659,0
40660,0
40661,1
40662,2
40663,3
40664,2
40665,0
40666,1
40667,1
40668,3
40669,3
40670,3
40671,2
40672,3
40673,2
40674,3
40675,0
40676,3
40677,3
40678,2
40679,2
40680,2
40681,1
40682,1
40683,2
40684,3
40685,2
40686,3
40687,3
40688,3
40689,2
40690,3
40691,2
40692,3
40693,3
40694,0
40695,3
40696,1
40697,2
40698,2
40699,3
40700,3
40701,1
40702,3
40703,3
40704,3
40705,3
40706,1
40707,1
40708,0
40709,1
40710,3
40711,0
40712,3
40713,1
40714,3
40715,2
40716,0
40717,0
40718,0
40719,0
40720,2
40721,3
40722,0
40723,1
40724,2
40725,2
40726,0
40727,3
40728,3
40729,1
40730,3
40731,2
40732,2
40733,2
40734,0
40735,3
40736,0
40737,2
40738,2
40739,0
40740,1
40741,2
40742,1
40743,2
40744,3
40745,2
40746,3
40747,1
40748,2
40749,3
40750,3
40751,3
40752,2
40753,2
40754,3
40755,0
40756,3
40757,2
40758,2
40759,3
40760,3
40761,1
40762,2
40763,3
40764,2
40765,3
40766,3
40767,0
40768,2
40769,0
40770,0
40771,3
40772,0
40773,1
40774,2
40775,3
40776,1
40777,3
40778,2
40779,3
40780,1
40781,1
40782,2
40783,3
40784,0
40785,1
40786,1
40787,0
40788,3
40789,3
40790,0
40791,3
40792,3
40793,3
40794,3
40795,2
40796,0
40797,1
40798,0
40799,3
40800,3
40801,1
40802,0
40803,2
40804,2
40805,3
40806,1
40807,2
40808,0
40809,3
40810,2
40811,3
40812,2
40813,3
40814,3
40815,0
40816,0
40817,0
40818,0
40819,2
40820,2
40821,0
40822,1
40823,2
40824,0
40825,3
40826,2
40827,0
40828,2
40829,1
40830,0
40831,1
40832,0
40833,2
40834,3
40835,3
40836,3
40837,3
40838,1
40839,3
40840,0
40841,3
40842,2
40843,3
40844,3
40845,3
40846,3
40847,0
40848,0
40849,1
40850,0
40851,2
40852,3
40853,2
40854,1
40855,3
40856,0
40857,2
40858,1
40859,0
40860,2
40861,3
40862,2
40863,2
40864,3
40865,2
40866,2
40867,3
40868,1
40869,1
40870,0
40871,2
40872,3
40873,1
40874,3
40875,1
40876,3
40877,3
40878,3
40879,3
40880,3
40881,1
40882,1
40883,2
40884,1
40885,0
40886,3
40887,2
40888,2
40889,3
40890,2
40891,1
40892,2
40893,1
40894,0
40895,3
40896,2
40897,1
40898,1
40899,2
40900,0
40901,1
40902,0
40903,3
40904,2
40905,0
40906,2
40907,3
40908,2
40909,2
40910,0
40911,2
40912,1
40913,2
40914,3
40915,3
40916,2
40917,0
40918,3
40919,2
40920,3
40921,2
40922,2
40923,3
40924,1
40925,3
40926,2
40927,3
40928,2
40929,3
40930,3
40931,0
40932,3
40933,0
40934,3
40935,3
40936,3
40937,0
40938,2
40939,0
40940,2
40941,3
40942,2
40943,0
40944,3
40945,3
40946,3
40947,1
40948,1
40949,0
40950,3
40951,3
40952,0
40953,1
40954,2
40955,0
40956,2
40957,3
40958,1
40959,3
40960,3
40961,3
40962,2
40963,3
40964,3
40965,3
40966,1
40967,0
40968,3
40969,3
40970,2
40971,1
40972,2
40973,2
40974,2
40975,1
40976,3
40977,3
40978,2
40979,1
40980,3
40981,0
40982,3
40983,0
40984,1
40985,2
40986,2
40987,2
40988,2
40989,1
40990,2
40991,1
40992,2
40993,3
40994,3
40995,3
40996,0
40997,3
40998,3
40999,1
41000,3
41001,0
41002,3
41003,2
41004,0
41005,3
41006,3
41007,3
41008,1
41009,3
41010,3
41011,1
41012,1
41013,2
41014,3
41015,2
41016,3
41017,0
41018,3
41019,1
41020,3
41021,2
41022,0
41023,3
41024,2
41025,2
41026,1
41027,3
41028,1
41029,3
41030,2
41031,2
41032,0
41033,1
41034,3
41035,3
41036,3
41037,1
41038,1
41039,0
41040,3
41041,0
41042,3
41043,3
41044,1
41045,3
41046,3
41047,1
41048,1
41049,0
41050,0
41051,1
41052,3
41053,3
41054,0
41055,3
41056,2
41057,1
41058,0
41059,1
41060,3
41061,1
41062,0
41063,1
41064,0
41065,0
41066,2
41067,1
41068,1
41069,1
41070,0
41071,2
41072,0
41073,0
41074,1
41075,3
41076,1
41077,2
41078,2
41079,1
41080,3
41081,3
41082,0
41083,3
41084,2
41085,3
41086,0
41087,3
41088,3
41089,3
41090,2
41091,0
41092,3
41093,3
41094,2
41095,3
41096,1
41097,0
41098,3
41099,2
41100,3
41101,3
41102,2
41103,3
41104,1
41105,1
41106,2
41107,2
41108,1
41109,3
41110,1
41111,3
41112,3
41113,3
41114,3
41115,1
41116,3
41117,1
41118,0
41119,0
41120,0
41121,0
41122,0
41123,3
41124,2
41125,1
41126,0
41127,1
41128,1
41129,1
41130,2
41131,3
41132,2
41133,2
41134,3
41135,0
41136,3
41137,3
41138,0
41139,3
41140,2
41141,3
41142,1
41143,0
41144,3
41145,3
41146,3
41147,2
41148,3
41149,0
41150,0
41151,3
41152,3
41153,0
41154,3
41155,2
41156,0
41157,1
41158,0
41159,0
41160,3
41161,3
41162,2
41163,2
41164,0
41165,2
41166,3
41167,2
41168,0
41169,2
41170,1
41171,2
41172,0
41173,3
41174,2
41175,3
41176,0
41177,1
41178,3
41179,3
41180,3
41181,3
41182,3
41183,0
41184,0
41185,1
41186,2
41187,0
41188,2
41189,1
41190,3
41191,2
41192,1
41193,3
41194,0
41195,0
41196,2
41197,0
41198,2
41199,2
41200,2
41201,0
41202,3
41203,2
41204,3
41205,0
41206,3
41207,3
41208,3
41209,1
41210,3
41211,3
41212,2
41213,2
41214,1
41215,3
41216,0
41217,2
41218,1
41219,2
41220,0
41221,3
41222,1
41223,3
41224,2
41225,3
41226,3
41227,2
41228,3
41229,0
41230,2
41231,1
41232,1
41233,3
41234,0
41235,2
41236,0
41237,3
41238,1
41239,3
41240,3
41241,1
41242,2
41243,1
41244,3
41245,3
41246,3
41247,3
41248,3
41249,3
41250,2
41251,1
41252,3
41253,0
41254,2
41255,1
41256,1
41257,2
41258,0
41259,2
41260,1
41261,3
41262,1
41263,3
41264,2
41265,3
41266,2
41267,0
41268,2
41269,3
41270,3
41271,3
41272,1
41273,1
41274,3
41275,3
41276,1
41277,3
41278,0
41279,2
41280,3
41281,2
41282,2
41283,1
41284,3
41285,3
41286,1
41287,1
41288,0
41289,0
41290,2
41291,0
41292,3
41293,3
41294,0
41295,2
41296,1
41297,0
41298,3
41299,1
41300,1
41301,0
41302,0
41303,2
41304,1
41305,3
41306,1
41307,1
41308,2
41309,3
41310,3
41311,1
41312,3
41313,3
41314,3
41315,3
41316,1
41317,1
41318,3
41319,3
41320,1
41321,2
41322,2
41323,1
41324,1
41325,3
41326,1
41327,2
41328,3
41329,1
41330,0
41331,3
41332,2
41333,0
41334,3
41335,1
41336,2
41337,2
41338,0
41339,3
41340,1
41341,2
41342,0
41343,3
41344,3
41345,3
41346,1
41347,1
41348,0
41349,3
41350,3
41351,3
41352,3
41353,2
41354,2
41355,2
41356,3
41357,1
41358,0
41359,1
41360,0
41361,3
41362,2
41363,1
41364,1
41365,0
41366,1
41367,0
41368,0
41369,2
41370,2
41371,3
41372,0
41373,2
41374,2
41375,1
41376,1
41377,1
41378,2
41379,3
41380,3
41381,2
41382,3
41383,2
41384,1
41385,3
41386,0
41387,1
41388,0
41389,0
41390,3
41391,3
41392,0
41393,3
41394,3
41395,1
41396,0
41397,1
41398,0
41399,1
41400,3
41401,0
41402,3
41403,3
41404,1
41405,3
41406,2
41407,2
41408,0
41409,3
41410,2
41411,0
41412,1
41413,3
41414,1
41415,0
41416,1
41417,2
41418,0
41419,3
41420,3
41421,1
41422,1
41423,3
41424,3
41425,2
41426,0
41427,3
41428,1
41429,1
41430,2
41431,1
41432,0
41433,2
41434,0
41435,3
41436,2
41437,0
41438,0
41439,3
41440,3
41441,3
41442,3
41443,3
41444,0
41445,0
41446,0
41447,2
41448,3
41449,3
41450,3
41451,2
41452,3
41453,1
41454,3
41455,3
41456,3
41457,3
41458,3
41459,2
41460,2
41461,3
41462,3
41463,3
41464,3
41465,2
41466,0
41467,0
41468,2
41469,3
41470,3
41471,0
41472,0
41473,2
41474,1
41475,2
41476,2
41477,3
41478,3
41479,3
41480,3
41481,3
41482,3
41483,2
41484,1
41485,3
41486,3
41487,2
41488,1
41489,0
41490,2
41491,1
41492,0
41493,3
41494,2
41495,1
41496,0
41497,0
41498,1
41499,3
41500,3
41501,0
41502,3
41503,1
41504,1
41505,0
41506,0
41507,0
41508,3
41509,3
41510,3
41511,2
41512,3
41513,3
41514,0
41515,2
41516,2
41517,1
41518,3
41519,2
41520,0
41521,3
41522,3
41523,3
41524,3
41525,3
41526,3
41527,3
41528,3
41529,0
41530,0
41531,0
41532,3
41533,1
41534,1
41535,0
41536,3
41537,2
41538,1
41539,1
41540,2
41541,0
41542,2
41543,0
41544,3
41545,0
41546,3
41547,1
41548,3
41549,2
41550,1
41551,3
41552,0
41553,1
41554,3
41555,0
41556,1
41557,2
41558,2
41559,1
41560,0
41561,2
41562,2
41563,1
41564,1
41565,3
41566,0
41567,3
41568,0
41569,3
41570,0
41571,1
41572,2
41573,0
41574,2
41575,2
41576,0
41577,2
41578,3
41579,0
41580,3
41581,2
41582,3
41583,3
41584,3
41585,0
41586,2
41587,2
41588,3
41589,3
41590,3
41591,2
41592,2
41593,3
41594,3
41595,0
41596,1
41597,2
41598,3
41599,3
41600,1
41601,2
41602,2
41603,1
41604,3
41605,2
41606,3
41607,0
41608,0
41609,0
41610,0
41611,0
41612,0
41613,2
41614,1
41615,0
41616,1
41617,3
41618,2
41619,1
41620,3
41621,2
41622,0
41623,1
41624,1
41625,3
41626,3
41627,0
41628,3
41629,1
41630,0
41631,1
41632,3
41633,3
41634,2
41635,0
41636,0
41637,2
41638,0
41639,1
41640,2
41641,3
41642,3
41643,2
41644,0
41645,0
41646,2
41647,1
41648,2
41649,3
41650,3
41651,0
41652,3
41653,3
41654,0
41655,2
41656,2
41657,0
41658,2
41659,3
41660,3
41661,0
41662,2
41663,0
41664,3
41665,3
41666,1
41667,0
41668,1
41669,1
41670,2
41671,0
41672,3
41673,3
41674,1
41675,3
41676,0
41677,0
41678,2
41679,3
41680,1
41681,2
41682,1
41683,0
41684,3
41685,2
41686,1
41687,0
41688,2
41689,1
41690,1
41691,0
41692,2
41693,0
41694,0
41695,1
41696,3
41697,1
41698,0
41699,2
41700,1
41701,2
41702,3
41703,3
41704,3
41705,3
41706,0
41707,3
41708,2
41709,2
41710,0
41711,1
41712,1
41713,1
41714,0
41715,3
41716,3
41717,0
41718,2
41719,3
41720,1
41721,1
41722,2
41723,0
41724,2
41725,0
41726,2
41727,2
41728,1
41729,1
41730,3
41731,3
41732,2
41733,0
41734,1
41735,1
41736,3
41737,1
41738,3
41739,3
41740,0
41741,0
41742,3
41743,0
41744,2
41745,0
41746,3
41747,3
41748,0
41749,2
41750,3
41751,3
41752,3
41753,1
41754,3
41755,0
41756,0
41757,0
41758,3
41759,2
41760,1
41761,1
41762,3
41763,2
41764,2
41765,3
41766,3
41767,1
41768,1
41769,1
41770,0
41771,3
41772,3
41773,3
41774,3
41775,3
41776,3
41777,2
41778,0
41779,2
41780,3
41781,3
41782,0
41783,3
41784,3
41785,0
41786,3
41787,2
41788,3
41789,0
41790,1
41791,2
41792,0
41793,2
41794,2
41795,3
41796,2
41797,0
41798,1
41799,0
41800,1
41801,3
41802,3
41803,1
41804,1
41805,3
41806,3
41807,3
41808,3
41809,3
41810,1
41811,1
41812,3
41813,3
41814,3
41815,3
41816,3
41817,2
41818,0
41819,1
41820,0
41821,1
41822,3
41823,3
41824,0
41825,1
41826,2
41827,2
41828,2
41829,1
41830,2
41831,2
41832,0
41833,3
41834,3
41835,3
41836,2
41837,3
41838,3
41839,2
41840,1
41841,0
41842,1
41843,0
41844,2
41845,0
41846,3
41847,3
41848,1
41849,1
41850,3
41851,2
41852,0
41853,3
41854,2
41855,3
41856,1
41857,2
41858,1
41859,1
41860,2
41861,3
41862,3
41863,0
41864,2
41865,1
41866,3
41867,3
41868,2
41869,2
41870,2
41871,3
41872,1
41873,1
41874,1
41875,2
41876,0
41877,1
41878,3
41879,3
41880,2
41881,2
41882,1
41883,3
41884,1
41885,3
41886,2
41887,3
41888,1
41889,0
41890,1
41891,3
41892,0
41893,3
41894,0
41895,0
41896,2
41897,0
41898,1
41899,3
41900,3
41901,2
41902,1
41903,2
41904,0
41905,2
41906,1
41907,1
41908,3
41909,1
41910,3
41911,2
41912,0
41913,2
41914,3
41915,0
41916,3
41917,1
41918,2
41919,2
41920,0
41921,2
41922,3
41923,0
41924,0
41925,3
41926,2
41927,3
41928,3
41929,0
41930,2
41931,3
41932,1
41933,3
41934,3
41935,0
41936,2
41937,0
41938,3
41939,3
41940,2
41941,1
41942,3
41943,2
41944,2
41945,2
41946,3
41947,0
41948,3
41949,3
41950,2
41951,1
41952,3
41953,0
41954,3
41955,2
41956,3
41957,2
41958,0
41959,3
41960,3
41961,3
41962,3
41963,3
41964,3
41965,3
41966,3
41967,3
41968,2
41969,3
41970,2
41971,0
41972,1
41973,3
41974,3
41975,3
41976,1
41977,0
41978,3
41979,3
41980,3
41981,1
41982,2
41983,2
41984,0
41985,0
41986,3
41987,1
41988,1
41989,3
41990,3
41991,0
41992,0
41993,3
41994,3
41995,2
41996,3
41997,1
41998,3
41999,1
42000,1
42001,3
42002,2
42003,2
42004,3
42005,0
42006,2
42007,3
42008,3
42009,0
42010,2
42011,0
42012,1
42013,2
42014,1
42015,0
42016,2
42017,3
42018,2
42019,1
42020,3
42021,3
42022,3
42023,2
42024,3
42025,1
42026,3
42027,3
42028,0
42029,3
42030,1
42031,1
42032,3
42033,2
42034,3
42035,0
42036,1
42037,0
42038,3
42039,1
42040,3
42041,1
42042,3
42043,0
42044,3
42045,1
42046,2
42047,0
42048,3
42049,1
42050,0
42051,2
42052,2
42053,3
42054,1
42055,3
42056,3
42057,2
42058,0
42059,2
42060,3
42061,1
42062,0
42063,3
42064,3
42065,3
42066,3
42067,3
42068,2
42069,3
42070,0
42071,0
42072,0
42073,0
42074,2
42075,3
42076,2
42077,0
42078,0
42079,0
42080,3
42081,2
42082,0
42083,3
42084,3
42085,1
42086,2
42087,2
42088,1
42089,3
42090,1
42091,3
42092,1
42093,3
42094,3
42095,3
42096,1
42097,1
42098,0
42099,3
42100,2
42101,2
42102,2
42103,3
42104,2
42105,1
42106,2
42107,3
42108,3
42109,0
42110,2
42111,3
42112,3
42113,1
42114,3
42115,2
42116,3
42117,3
42118,2
42119,3
42120,2
42121,1
42122,2
42123,1
42124,3
42125,2
42126,3
42127,2
42128,1
42129,3
42130,2
42131,1
42132,3
42133,3
42134,3
42135,3
42136,1
42137,2
42138,2
42139,1
42140,3
42141,3
42142,2
42143,3
42144,2
42145,1
42146,0
42147,3
42148,3
42149,0
42150,3
42151,1
42152,1
42153,1
42154,1
42155,3
42156,3
42157,3
42158,1
42159,2
42160,3
42161,0
42162,3
42163,3
42164,3
42165,3
42166,0
42167,3
42168,3
42169,1
42170,0
42171,3
42172,3
42173,2
42174,3
42175,1
42176,1
42177,2
42178,0
42179,3
42180,1
42181,1
42182,2
42183,3
42184,1
42185,0
42186,1
42187,3
42188,3
42189,2
42190,3
42191,1
42192,2
42193,0
42194,1
42195,2
42196,0
42197,0
42198,1
42199,2
42200,3
42201,1
42202,3
42203,2
42204,2
42205,3
42206,3
42207,3
42208,0
42209,2
42210,1
42211,1
42212,3
42213,0
42214,1
42215,0
42216,3
42217,0
42218,2
42219,3
42220,2
42221,2
42222,3
42223,0
42224,2
42225,3
42226,1
42227,1
42228,1
42229,2
42230,2
42231,3
42232,3
42233,3
42234,1
42235,3
42236,2
42237,1
42238,3
42239,3
42240,3
42241,3
42242,1
42243,1
42244,1
42245,1
42246,0
42247,3
42248,3
42249,2
42250,2
42251,3
42252,1
42253,3
42254,3
42255,0
42256,3
42257,0
42258,3
42259,2
42260,0
42261,1
42262,3
42263,1
42264,0
42265,2
42266,1
42267,3
42268,3
42269,3
42270,3
42271,2
42272,1
42273,1
42274,2
42275,1
42276,3
42277,3
42278,0
42279,1
42280,1
42281,2
42282,2
42283,3
42284,2
42285,1
42286,3
42287,2
42288,3
42289,1
42290,2
42291,3
42292,1
42293,1
42294,0
42295,1
42296,2
42297,3
42298,3
42299,0
42300,1
42301,2
42302,1
42303,1
42304,0
42305,2
42306,1
42307,1
42308,0
42309,3
42310,0
42311,2
42312,2
42313,3
42314,0
42315,3
42316,1
42317,3
42318,3
42319,3
42320,2
42321,3
42322,2
42323,3
42324,3
42325,3
42326,3
42327,3
42328,0
42329,0
42330,3
42331,2
42332,1
42333,3
42334,3
42335,3
42336,1
42337,1
42338,3
42339,1
42340,3
42341,3
42342,1
42343,2
42344,0
42345,3
42346,1
42347,3
42348,3
42349,3
42350,3
42351,2
42352,0
42353,3
42354,3
42355,3
42356,3
42357,1
42358,3
42359,2
42360,2
42361,3
42362,3
42363,0
42364,0
42365,0
42366,1
42367,3
42368,1
42369,3
42370,1
42371,2
42372,3
42373,3
42374,1
42375,2
42376,2
42377,2
42378,3
42379,2
42380,0
42381,2
42382,3
42383,2
42384,2
42385,2
42386,1
42387,1
42388,0
42389,2
42390,2
42391,3
42392,1
42393,2
42394,1
42395,1
42396,1
42397,3
42398,0
42399,2
42400,1
42401,3
42402,2
42403,3
42404,1
42405,1
42406,2
42407,1
42408,0
42409,1
42410,3
42411,0
42412,0
42413,2
42414,3
42415,3
42416,0
42417,2
42418,2
42419,3
42420,2
42421,3
42422,1
42423,3
42424,3
42425,2
42426,3
42427,3
42428,3
42429,2
42430,1
42431,0
42432,0
42433,1
42434,3
42435,2
42436,2
42437,2
42438,2
42439,2
42440,0
42441,0
42442,0
42443,1
42444,2
42445,2
42446,2
42447,3
42448,3
42449,2
42450,2
42451,1
42452,2
42453,1
42454,2
42455,3
42456,2
42457,1
42458,2
42459,2
42460,3
42461,0
42462,0
42463,1
42464,2
42465,1
42466,3
42467,1
42468,1
42469,3
42470,0
42471,2
42472,2
42473,3
42474,1
42475,3
42476,1
42477,1
42478,1
42479,1
42480,2
42481,0
42482,1
42483,0
42484,2
42485,1
42486,3
42487,3
42488,3
42489,3
42490,3
42491,3
42492,1
42493,3
42494,3
42495,0
42496,2
42497,3
42498,3
42499,3
42500,0
42501,1
42502,3
42503,3
42504,3
42505,3
42506,0
42507,0
42508,1
42509,3
42510,0
42511,3
42512,2
42513,1
42514,3
42515,1
42516,1
42517,3
42518,2
42519,2
42520,1
42521,1
42522,1
42523,3
42524,1
42525,1
42526,0
42527,1
42528,1
42529,3
42530,3
42531,1
42532,0
42533,1
42534,3
42535,3
42536,2
42537,1
42538,3
42539,0
42540,1
42541,3
42542,1
42543,3
42544,1
42545,0
42546,1
42547,3
42548,0
42549,3
42550,1
42551,3
42552,2
42553,3
42554,1
42555,3
42556,3
42557,3
42558,3
42559,2
42560,1
42561,1
42562,1
42563,3
42564,0
42565,3
42566,0
42567,3
42568,3
42569,0
42570,0
42571,3
42572,3
42573,3
42574,3
42575,1
42576,2
42577,2
42578,0
42579,3
42580,0
42581,0
42582,3
42583,1
42584,0
42585,2
42586,3
42587,2
42588,0
42589,1
42590,2
42591,1
42592,2
42593,3
42594,1
42595,3
42596,1
42597,1
42598,0
42599,3
42600,3
42601,3
42602,3
42603,3
42604,3
42605,2
42606,0
42607,1
42608,3
42609,1
42610,0
42611,0
42612,1
42613,2
42614,2
42615,3
42616,3
42617,2
42618,3
42619,2
42620,2
42621,1
42622,0
42623,3
42624,0
42625,3
42626,0
42627,1
42628,3
42629,1
42630,3
42631,1
42632,0
42633,3
42634,1
42635,3
42636,1
42637,3
42638,3
42639,2
42640,0
42641,3
42642,1
42643,3
42644,1
42645,2
42646,2
42647,1
42648,3
42649,1
42650,2
42651,2
42652,2
42653,2
42654,1
42655,3
42656,3
42657,3
42658,0
42659,0
42660,1
42661,0
42662,0
42663,3
42664,3
42665,0
42666,3
42667,0
42668,3
42669,2
42670,2
42671,1
42672,2
42673,1
42674,3
42675,3
42676,2
42677,3
42678,2
42679,3
42680,2
42681,2
42682,1
42683,2
42684,2
42685,0
42686,1
42687,3
42688,0
42689,2
42690,3
42691,0
42692,0
42693,1
42694,0
42695,1
42696,2
42697,2
42698,3
42699,3
42700,1
42701,2
42702,2
42703,3
42704,1
42705,3
42706,0
42707,2
42708,3
42709,2
42710,3
42711,3
42712,2
42713,1
42714,1
42715,2
42716,2
42717,0
42718,3
42719,1
42720,3
42721,3
42722,3
42723,3
42724,2
42725,2
42726,0
42727,2
42728,0
42729,3
42730,0
42731,3
42732,3
42733,0
42734,3
42735,3
42736,3
42737,0
42738,3
42739,0
42740,0
42741,2
42742,3
42743,3
42744,1
42745,2
42746,3
42747,2
42748,3
42749,3
42750,1
42751,1
42752,1
42753,3
42754,0
42755,1
42756,3
42757,3
42758,3
42759,3
42760,1
42761,0
42762,2
42763,1
42764,0
42765,3
42766,2
42767,3
42768,2
42769,1
42770,2
42771,3
42772,1
42773,2
42774,3
42775,3
42776,3
42777,1
42778,1
42779,0
42780,0
42781,3
42782,1
42783,3
42784,2
42785,1
42786,1
42787,1
42788,2
42789,3
42790,3
42791,3
42792,0
42793,3
42794,3
42795,0
42796,2
42797,3
42798,3
42799,3
42800,0
42801,3
42802,1
42803,3
42804,1
42805,3
42806,1
42807,1
42808,0
42809,2
42810,2
42811,0
42812,2
42813,1
42814,0
42815,3
42816,3
42817,1
42818,2
42819,0
42820,2
42821,2
42822,3
42823,2
42824,2
42825,1
42826,1
42827,1
42828,3
42829,0
42830,1
42831,0
42832,3
42833,2
42834,0
42835,3
42836,3
42837,2
42838,2
42839,1
42840,2
42841,3
42842,1
42843,2
42844,1
42845,1
42846,2
42847,1
42848,2
42849,3
42850,1
42851,2
42852,1
42853,2
42854,0
42855,0
42856,2
42857,0
42858,2
42859,1
42860,3
42861,1
42862,0
42863,3
42864,3
42865,0
42866,2
42867,3
42868,2
42869,3
42870,3
42871,3
42872,3
42873,1
42874,1
42875,3
42876,3
42877,1
42878,2
42879,2
42880,3
42881,2
42882,1
42883,2
42884,3
42885,1
42886,0
42887,3
42888,1
42889,2
42890,3
42891,3
42892,3
42893,3
42894,2
42895,2
42896,2
42897,0
42898,0
42899,1
42900,3
42901,1
42902,0
42903,0
42904,2
42905,1
42906,0
42907,2
42908,3
42909,3
42910,2
42911,1
42912,3
42913,3
42914,1
42915,3
42916,3
42917,3
42918,3
42919,2
42920,1
42921,0
42922,0
42923,2
42924,3
42925,2
42926,1
42927,3
42928,2
42929,2
42930,3
42931,3
42932,3
42933,0
42934,3
42935,1
42936,3
42937,3
42938,2
42939,0
42940,1
42941,1
42942,1
42943,0
42944,2
42945,2
42946,0
42947,1
42948,0
42949,3
42950,0
42951,2
42952,3
42953,3
42954,3
42955,0
42956,3
42957,1
42958,3
42959,3
42960,2
42961,3
42962,3
42963,3
42964,3
42965,2
42966,2
42967,0
42968,3
42969,3
42970,3
42971,3
42972,1
42973,3
42974,0
42975,1
42976,1
42977,0
42978,2
42979,1
42980,3
42981,2
42982,3
42983,2
42984,2
42985,0
42986,1
42987,1
42988,1
42989,3
42990,0
42991,1
42992,2
42993,2
42994,3
42995,1
42996,2
42997,3
42998,3
42999,3
43000,3
43001,1
43002,2
43003,3
43004,0
43005,0
43006,2
43007,0
43008,3
43009,0
43010,3
43011,2
43012,1
43013,1
43014,3
43015,0
43016,3
43017,1
43018,1
43019,3
43020,3
43021,1
43022,1
43023,0
43024,1
43025,3
43026,2
43027,2
43028,3
43029,3
43030,2
43031,2
43032,2
43033,0
43034,3
43035,2
43036,3
43037,1
43038,3
43039,0
43040,2
43041,1
43042,3
43043,3
43044,2
43045,1
43046,2
43047,0
43048,2
43049,1
43050,1
43051,0
43052,3
43053,3
43054,1
43055,1
43056,2
43057,0
43058,2
43059,2
43060,2
43061,2
43062,0
43063,1
43064,3
43065,3
43066,3
43067,1
43068,0
43069,0
43070,3
43071,2
43072,0
43073,2
43074,0
43075,2
43076,3
43077,2
43078,1
43079,3
43080,0
43081,1
43082,2
43083,2
43084,3
43085,0
43086,3
43087,3
43088,3
43089,0
43090,0
43091,1
43092,3
43093,2
43094,2
43095,3
43096,1
43097,3
43098,2
43099,3
43100,3
43101,3
43102,1
43103,2
43104,1
43105,3
43106,0
43107,0
43108,1
43109,3
43110,0
43111,0
43112,2
43113,2
43114,3
43115,3
43116,2
43117,2
43118,2
43119,3
43120,1
43121,3
43122,1
43123,2
43124,0
43125,2
43126,2
43127,3
43128,3
43129,3
43130,3
43131,3
43132,1
43133,0
43134,2
43135,2
43136,0
43137,2
43138,2
43139,2
43140,0
43141,3
43142,0
43143,0
43144,0
43145,3
43146,0
43147,2
43148,3
43149,2
43150,3
43151,0
43152,2
43153,3
43154,1
43155,3
43156,1
43157,1
43158,2
43159,1
43160,3
43161,3
43162,2
43163,0
43164,1
43165,1
43166,2
43167,0
43168,3
43169,2
43170,0
43171,0
43172,2
43173,2
43174,3
43175,3
43176,2
43177,3
43178,0
43179,1
43180,2
43181,0
43182,3
43183,3
43184,2
43185,3
43186,3
43187,3
43188,2
43189,2
43190,2
43191,2
43192,2
43193,1
43194,3
43195,3
43196,1
43197,3
43198,2
43199,3
43200,3
43201,1
43202,3
43203,2
43204,0
43205,0
43206,3
43207,2
43208,2
43209,3
43210,3
43211,1
43212,0
43213,0
43214,1
43215,1
43216,3
43217,1
43218,3
43219,2
43220,1
43221,3
43222,1
43223,2
43224,3
43225,0
43226,0
43227,1
43228,1
43229,0
43230,1
43231,1
43232,0
43233,3
43234,3
43235,0
43236,3
43237,3
43238,2
43239,3
43240,0
43241,1
43242,3
43243,2
43244,1
43245,3
43246,3
43247,3
43248,3
43249,3
43250,2
43251,3
43252,3
43253,1
43254,1
43255,1
43256,2
43257,2
43258,3
43259,2
43260,2
43261,3
43262,1
43263,3
43264,1
43265,3
43266,2
43267,0
43268,2
43269,1
43270,0
43271,2
43272,2
43273,3
43274,0
43275,2
43276,2
43277,2
43278,1
43279,3
43280,3
43281,1
43282,0
43283,2
43284,2
43285,3
43286,2
43287,3
43288,3
43289,3
43290,2
43291,1
43292,3
43293,3
43294,3
43295,2
43296,3
43297,3
43298,1
43299,0
43300,0
43301,1
43302,2
43303,0
43304,3
43305,3
43306,3
43307,3
43308,3
43309,3
43310,2
43311,0
43312,2
43313,3
43314,2
43315,1
43316,0
43317,1
43318,2
43319,3
43320,3
43321,1
43322,2
43323,3
43324,2
43325,0
43326,3
43327,2
43328,1
43329,1
43330,0
43331,3
43332,0
43333,3
43334,2
43335,0
43336,3
43337,3
43338,1
43339,0
43340,2
43341,0
43342,3
43343,3
43344,2
43345,1
43346,2
43347,1
43348,0
43349,2
43350,3
43351,3
43352,3
43353,1
43354,3
43355,1
43356,1
43357,2
43358,1
43359,3
43360,2
43361,3
43362,3
43363,1
43364,0
43365,3
43366,0
43367,0
43368,3
43369,1
43370,1
43371,0
43372,0
43373,0
43374,0
43375,3
43376,1
43377,1
43378,2
43379,2
43380,2
43381,3
43382,0
43383,1
43384,2
43385,3
43386,1
43387,2
43388,3
43389,2
43390,0
43391,3
43392,1
43393,0
43394,0
43395,2
43396,3
43397,1
43398,0
43399,1
43400,3
43401,3
43402,2
43403,0
43404,1
43405,3
43406,2
43407,0
43408,0
43409,0
43410,2
43411,1
43412,0
43413,1
43414,1
43415,3
43416,3
43417,3
43418,3
43419,2
43420,3
43421,2
43422,0
43423,3
43424,3
43425,0
43426,1
43427,2
43428,1
43429,1
43430,2
43431,3
43432,3
43433,0
43434,3
43435,0
43436,2
43437,3
43438,0
43439,2
43440,3
43441,2
43442,3
43443,0
43444,0
43445,3
43446,3
43447,0
43448,1
43449,2
43450,0
43451,3
43452,1
43453,2
43454,0
43455,2
43456,3
43457,3
43458,2
43459,3
43460,1
43461,2
43462,3
43463,0
43464,0
43465,1
43466,2
43467,3
43468,3
43469,1
43470,0
43471,3
43472,1
43473,1
43474,0
43475,3
43476,3
43477,3
43478,0
43479,3
43480,2
43481,3
43482,3
43483,1
43484,2
43485,3
43486,0
43487,1
43488,3
43489,2
43490,1
43491,0
43492,2
43493,3
43494,3
43495,2
43496,1
43497,3
43498,3
43499,0
43500,3
43501,1
43502,2
43503,3
43504,0
43505,2
43506,0
43507,1
43508,1
43509,3
43510,3
43511,3
43512,0
43513,3
43514,3
43515,3
43516,3
43517,0
43518,2
43519,0
43520,0
43521,3
43522,2
43523,1
43524,3
43525,3
43526,2
43527,3
43528,3
43529,3
43530,3
43531,2
43532,3
43533,1
43534,1
43535,2
43536,0
43537,1
43538,3
43539,3
43540,0
43541,0
43542,0
43543,3
43544,2
43545,2
43546,1
43547,3
43548,1
43549,2
43550,1
43551,3
43552,3
43553,0
43554,1
43555,0
43556,3
43557,2
43558,0
43559,2
43560,2
43561,2
43562,1
43563,3
43564,3
43565,3
43566,1
43567,3
43568,0
43569,2
43570,1
43571,3
43572,0
43573,1
43574,1
43575,1
43576,2
43577,1
43578,3
43579,3
43580,3
43581,0
43582,2
43583,3
43584,3
43585,3
43586,1
43587,0
43588,1
43589,3
43590,1
43591,0
43592,0
43593,0
43594,3
43595,0
43596,3
43597,3
43598,3
43599,3
43600,1
43601,1
43602,1
43603,1
43604,3
43605,0
43606,3
43607,3
43608,3
43609,1
43610,3
43611,1
43612,0
43613,0
43614,2
43615,3
43616,3
43617,1
43618,2
43619,3
43620,1
43621,1
43622,3
43623,2
43624,1
43625,0
43626,2
43627,3
43628,1
43629,1
43630,2
43631,1
43632,2
43633,1
43634,0
43635,3
43636,3
43637,3
43638,0
43639,2
43640,3
43641,3
43642,3
43643,1
43644,2
43645,3
43646,0
43647,3
43648,1
43649,2
43650,0
43651,2
43652,0
43653,3
43654,1
43655,3
43656,0
43657,2
43658,0
43659,2
43660,3
43661,3
43662,3
43663,2
43664,1
43665,2
43666,3
43667,2
43668,1
43669,0
43670,3
43671,3
43672,2
43673,3
43674,2
43675,0
43676,1
43677,3
43678,2
43679,0
43680,0
43681,2
43682,2
43683,1
43684,3
43685,1
43686,3
43687,2
43688,2
43689,2
43690,1
43691,2
43692,3
43693,2
43694,2
43695,3
43696,3
43697,2
43698,3
43699,1
43700,2
43701,0
43702,3
43703,0
43704,2
43705,1
43706,3
43707,1
43708,1
43709,0
43710,2
43711,2
43712,1
43713,0
43714,3
43715,3
43716,1
43717,1
43718,3
43719,3
43720,3
43721,3
43722,3
43723,3
43724,3
43725,2
43726,2
43727,0
43728,3
43729,3
43730,2
43731,3
43732,1
43733,3
43734,2
43735,3
43736,0
43737,0
43738,0
43739,3
43740,2
43741,0
43742,1
43743,3
43744,3
43745,3
43746,2
43747,0
43748,3
43749,1
43750,3
43751,0
43752,3
43753,1
43754,2
43755,1
43756,3
43757,1
43758,0
43759,1
43760,3
43761,1
43762,0
43763,3
43764,3
43765,3
43766,1
43767,2
43768,3
43769,0
43770,0
43771,0
43772,3
43773,2
43774,3
43775,0
43776,3
43777,2
43778,3
43779,3
43780,3
43781,2
43782,1
43783,1
43784,2
43785,1
43786,3
43787,2
43788,1
43789,2
43790,3
43791,3
43792,3
43793,3
43794,0
43795,1
43796,0
43797,3
43798,2
43799,0
43800,0
43801,3
43802,0
43803,1
43804,3
43805,3
43806,3
43807,2
43808,1
43809,2
43810,0
43811,0
43812,1
43813,1
43814,0
43815,3
43816,2
43817,0
43818,1
43819,1
43820,3
43821,3
43822,0
43823,0
43824,1
43825,0
43826,2
43827,2
43828,1
43829,3
43830,2
43831,2
43832,1
43833,3
43834,1
43835,1
43836,0
43837,2
43838,3
43839,2
43840,2
43841,0
43842,3
43843,2
43844,1
43845,2
43846,0
43847,0
43848,3
43849,3
43850,3
43851,3
43852,1
43853,2
43854,3
43855,2
43856,3
43857,2
43858,3
43859,3
43860,3
43861,1
43862,0
43863,2
43864,2
43865,0
43866,2
43867,3
43868,3
43869,3
43870,1
43871,0
43872,3
43873,2
43874,3
43875,3
43876,1
43877,0
43878,1
43879,3
43880,2
43881,1
43882,3
43883,0
43884,1
43885,3
43886,0
43887,2
43888,0
43889,1
43890,1
43891,3
43892,2
43893,3
43894,0
43895,1
43896,2
43897,2
43898,2
43899,0
43900,3
43901,0
43902,0
43903,3
43904,3
43905,0
43906,3
43907,0
43908,2
43909,0
43910,1
43911,3
43912,0
43913,3
43914,0
43915,0
43916,0
43917,3
43918,1
43919,1
43920,2
43921,3
43922,3
43923,1
43924,3
43925,1
43926,0
43927,1
43928,2
43929,3
43930,3
43931,3
43932,1
43933,3
43934,3
43935,0
43936,3
43937,2
43938,3
43939,2
43940,0
43941,2
43942,3
43943,2
43944,1
43945,3
43946,2
43947,0
43948,0
43949,2
43950,1
43951,2
43952,0
43953,0
43954,2
43955,3
43956,0
43957,3
43958,1
43959,2
43960,0
43961,0
43962,0
43963,2
43964,2
43965,3
43966,0
43967,1
43968,1
43969,3
43970,2
43971,3
43972,3
43973,3
43974,1
43975,1
43976,2
43977,0
43978,3
43979,1
43980,3
43981,3
43982,3
43983,0
43984,1
43985,2
43986,3
43987,1
43988,2
43989,3
43990,2
43991,3
43992,0
43993,1
43994,3
43995,1
43996,3
43997,3
43998,3
43999,0
44000,3
44001,3
44002,1
44003,0
44004,3
44005,2
44006,0
44007,3
44008,1
44009,3
44010,0
44011,3
44012,2
44013,3
44014,1
44015,0
44016,1
44017,2
44018,0
44019,1
44020,1
44021,1
44022,3
44023,2
44024,1
44025,3
44026,3
44027,1
44028,2
44029,1
44030,0
44031,0
44032,3
44033,3
44034,1
44035,1
44036,3
44037,1
44038,3
44039,1
44040,2
44041,0
44042,3
44043,1
44044,3
44045,2
44046,1
44047,0
44048,2
44049,0
44050,3
44051,3
44052,2
44053,1
44054,0
44055,3
44056,3
44057,3
44058,3
44059,1
44060,3
44061,3
44062,3
44063,3
44064,3
44065,1
44066,3
44067,1
44068,0
44069,3
44070,3
44071,2
44072,3
44073,0
44074,1
44075,0
44076,1
44077,1
44078,0
44079,0
44080,2
44081,0
44082,3
44083,1
44084,2
44085,0
44086,3
44087,0
44088,3
44089,3
44090,2
44091,2
44092,0
44093,1
44094,1
44095,2
44096,3
44097,3
44098,2
44099,3
44100,3
44101,3
44102,0
44103,1
44104,2
44105,1
44106,1
44107,2
44108,0
44109,0
44110,0
44111,3
44112,3
44113,1
44114,3
44115,2
44116,0
44117,3
44118,1
44119,3
44120,1
44121,2
44122,1
44123,2
44124,2
44125,1
44126,3
44127,1
44128,1
44129,3
44130,3
44131,2
44132,2
44133,2
44134,3
44135,0
44136,3
44137,0
44138,2
44139,2
44140,2
44141,1
44142,1
44143,1
44144,3
44145,3
44146,3
44147,0
44148,2
44149,2
44150,2
44151,2
44152,2
44153,3
44154,3
44155,3
44156,3
44157,0
44158,3
44159,1
44160,3
44161,3
44162,2
44163,3
44164,0
44165,2
44166,1
44167,1
44168,1
44169,1
44170,0
44171,3
44172,0
44173,3
44174,1
44175,3
44176,3
44177,1
44178,3
44179,3
44180,3
44181,1
44182,3
44183,3
44184,2
44185,0
44186,2
44187,1
44188,0
44189,0
44190,3
44191,3
44192,2
44193,1
44194,1
44195,3
44196,3
44197,0
44198,3
44199,3
44200,3
44201,1
44202,0
44203,0
44204,2
44205,3
44206,3
44207,3
44208,1
44209,3
44210,1
44211,3
44212,1
44213,3
44214,3
44215,2
44216,2
44217,1
44218,1
44219,2
44220,3
44221,2
44222,2
44223,1
44224,0
44225,0
44226,0
44227,3
44228,1
44229,1
44230,2
44231,3
44232,2
44233,1
44234,1
44235,1
44236,3
44237,2
44238,1
44239,2
44240,0
44241,3
44242,3
44243,2
44244,1
44245,3
44246,0
44247,1
44248,3
44249,3
44250,3
44251,3
44252,3
44253,3
44254,0
44255,0
44256,3
44257,3
44258,0
44259,3
44260,2
44261,2
44262,1
44263,3
44264,2
44265,2
44266,3
44267,0
44268,3
44269,1
44270,2
44271,0
44272,3
44273,3
44274,3
44275,3
44276,0
44277,0
44278,3
44279,2
44280,3
44281,1
44282,2
44283,1
44284,1
44285,3
44286,0
44287,0
44288,1
44289,0
44290,0
44291,3
44292,3
44293,3
44294,0
44295,3
44296,0
44297,3
44298,3
44299,3
44300,2
44301,1
44302,2
44303,1
44304,0
44305,3
44306,2
44307,2
44308,2
44309,3
44310,0
44311,0
44312,3
44313,3
44314,3
44315,1
44316,1
44317,0
44318,3
44319,0
44320,1
44321,3
44322,2
44323,2
44324,3
44325,2
44326,3
44327,1
44328,2
44329,0
44330,2
44331,2
44332,0
44333,2
44334,1
44335,1
44336,0
44337,1
44338,0
44339,3
44340,1
44341,0
44342,3
44343,1
44344,2
44345,2
44346,1
44347,1
44348,0
44349,1
44350,3
44351,2
44352,3
44353,3
44354,2
44355,2
44356,3
44357,2
44358,1
44359,0
44360,1
44361,3
44362,3
44363,3
44364,3
44365,2
44366,1
44367,1
44368,3
44369,2
44370,3
44371,3
44372,1
44373,3
44374,3
44375,1
44376,1
44377,3
44378,2
44379,3
44380,3
44381,1
44382,0
44383,1
44384,1
44385,3
44386,1
44387,2
44388,1
44389,3
44390,3
44391,3
44392,3
44393,3
44394,1
44395,2
44396,1
44397,1
44398,3
44399,1
44400,1
44401,2
44402,0
44403,3
44404,2
44405,2
44406,0
44407,2
44408,1
44409,0
44410,3
44411,2
44412,2
44413,3
44414,1
44415,3
44416,1
44417,2
44418,2
44419,3
44420,2
44421,3
44422,0
44423,2
44424,3
44425,3
44426,2
44427,0
44428,2
44429,0
44430,2
44431,1
44432,1
44433,2
44434,1
44435,1
44436,0
44437,2
44438,0
44439,1
44440,2
44441,0
44442,3
44443,3
44444,1
44445,0
44446,2
44447,2
44448,2
44449,3
44450,1
44451,1
44452,0
44453,3
44454,2
44455,2
44456,3
44457,2
44458,3
44459,3
44460,2
44461,2
44462,1
44463,2
44464,3
44465,1
44466,1
44467,3
44468,3
44469,1
44470,1
44471,3
44472,1
44473,1
44474,0
44475,0
44476,2
44477,1
44478,3
44479,0
44480,2
44481,1
44482,3
44483,2
44484,1
44485,3
44486,1
44487,1
44488,2
44489,2
44490,0
44491,0
44492,3
44493,1
44494,2
44495,1
44496,1
44497,3
44498,1
44499,2
44500,1
44501,1
44502,0
44503,3
44504,1
44505,2
44506,1
44507,1
44508,1
44509,0
44510,1
44511,3
44512,3
44513,0
44514,2
44515,1
44516,3
44517,1
44518,3
44519,0
44520,1
44521,0
44522,1
44523,3
44524,1
44525,0
44526,3
44527,2
44528,3
44529,3
44530,0
44531,3
44532,2
44533,0
44534,0
44535,0
44536,1
44537,1
44538,3
44539,0
44540,0
44541,3
44542,1
44543,3
44544,0
44545,2
44546,3
44547,0
44548,3
44549,3
44550,0
44551,0
44552,1
44553,0
44554,1
44555,0
44556,3
44557,2
44558,2
44559,2
44560,0
44561,1
44562,3
44563,3
44564,0
44565,2
44566,2
44567,2
44568,1
44569,3
44570,3
44571,1
44572,2
44573,3
44574,1
44575,2
44576,1
44577,3
44578,3
44579,1
44580,1
44581,1
44582,2
44583,3
44584,3
44585,3
44586,3
44587,3
44588,3
44589,3
44590,1
44591,1
44592,3
44593,3
44594,3
44595,1
44596,3
44597,3
44598,2
44599,0
44600,2
44601,1
44602,3
44603,3
44604,3
44605,2
44606,3
44607,3
44608,0
44609,3
44610,1
44611,0
44612,3
44613,3
44614,1
44615,0
44616,3
44617,0
44618,3
44619,3
44620,1
44621,2
44622,0
44623,0
44624,1
44625,3
44626,3
44627,2
44628,3
44629,3
44630,2
44631,1
44632,2
44633,3
44634,3
44635,0
44636,1
44637,3
44638,0
44639,0
44640,2
44641,3
44642,1
44643,2
44644,3
44645,3
44646,3
44647,2
44648,2
44649,3
44650,2
44651,3
44652,1
44653,2
44654,2
44655,2
44656,1
44657,2
44658,3
44659,1
44660,3
44661,1
44662,2
44663,3
44664,3
44665,3
44666,3
44667,3
44668,3
44669,3
44670,3
44671,3
44672,2
44673,1
44674,3
44675,2
44676,2
44677,1
44678,3
44679,0
44680,3
44681,0
44682,3
44683,3
44684,3
44685,0
44686,1
44687,2
44688,1
44689,1
44690,2
44691,1
44692,3
44693,0
44694,3
44695,1
44696,3
44697,2
44698,2
44699,1
44700,3
44701,0
44702,3
44703,0
44704,0
44705,2
44706,2
44707,2
44708,1
44709,1
44710,0
44711,3
44712,1
44713,1
44714,1
44715,1
44716,1
44717,3
44718,2
44719,3
44720,2
44721,0
44722,3
44723,3
44724,3
44725,0
44726,3
44727,1
44728,1
44729,1
44730,3
44731,3
44732,3
44733,1
44734,2
44735,0
44736,3
44737,0
44738,2
44739,1
44740,1
44741,3
44742,2
44743,2
44744,0
44745,2
44746,1
44747,3
44748,1
44749,2
44750,1
44751,3
44752,3
44753,3
44754,3
44755,1
44756,3
44757,2
44758,3
44759,0
44760,2
44761,1
44762,0
44763,3
44764,1
44765,3
44766,0
44767,0
44768,0
44769,0
44770,3
44771,3
44772,1
44773,3
44774,0
44775,3
44776,3
44777,2
44778,2
44779,1
44780,0
44781,2
44782,2
44783,3
44784,2
44785,2
44786,3
44787,1
44788,1
44789,3
44790,3
44791,3
44792,3
44793,1
44794,3
44795,3
44796,2
44797,2
44798,3
44799,0
44800,3
44801,3
44802,3
44803,1
44804,2
44805,2
44806,3
44807,3
44808,1
44809,0
44810,0
44811,3
44812,3
44813,0
44814,1
44815,0
44816,3
44817,3
44818,3
44819,1
44820,3
44821,1
44822,3
44823,1
44824,3
44825,3
44826,3
44827,3
44828,0
44829,2
44830,3
44831,0
44832,1
44833,0
44834,3
44835,1
44836,0
44837,2
44838,3
44839,2
44840,3
44841,1
44842,3
44843,0
44844,3
44845,0
44846,1
44847,1
44848,3
44849,0
44850,3
44851,0
44852,1
44853,3
44854,1
44855,1
44856,3
44857,0
44858,1
44859,2
44860,2
44861,1
44862,3
44863,3
44864,3
44865,3
44866,0
44867,2
44868,3
44869,3
44870,3
44871,2
44872,0
44873,0
44874,3
44875,0
44876,3
44877,0
44878,1
44879,2
44880,2
44881,3
44882,3
44883,3
44884,0
44885,3
44886,2
44887,2
44888,1
44889,2
44890,3
44891,2
44892,0
44893,3
44894,1
44895,2
44896,0
44897,2
44898,2
44899,0
44900,3
44901,0
44902,0
44903,1
44904,1
44905,1
44906,3
44907,2
44908,2
44909,1
44910,0
44911,0
44912,2
44913,2
44914,3
44915,3
44916,0
44917,1
44918,2
44919,3
44920,1
44921,3
44922,0
44923,2
44924,3
44925,3
44926,0
44927,2
44928,2
44929,2
44930,3
44931,2
44932,2
44933,3
44934,2
44935,3
44936,3
44937,0
44938,0
44939,2
44940,3
44941,3
44942,0
44943,2
44944,3
44945,1
44946,3
44947,1
44948,3
44949,2
44950,0
44951,3
44952,1
44953,0
44954,1
44955,3
44956,0
44957,3
44958,3
44959,3
44960,3
44961,0
44962,3
44963,3
44964,3
44965,0
44966,3
44967,1
44968,2
44969,2
44970,2
44971,2
44972,0
44973,0
44974,2
44975,2
44976,0
44977,3
44978,3
44979,2
44980,0
44981,1
44982,3
44983,1
44984,1
44985,3
44986,1
44987,3
44988,1
44989,2
44990,0
44991,0
44992,0
44993,3
44994,3
44995,3
44996,3
44997,1
44998,0
44999,0
45000,3
45001,2
45002,0
45003,3
45004,2
45005,1
45006,2
45007,2
45008,3
45009,0
45010,3
45011,3
45012,3
45013,1
45014,3
45015,3
45016,2
45017,1
45018,0
45019,1
45020,1
45021,3
45022,0
45023,3
45024,2
45025,3
45026,3
45027,0
45028,1
45029,0
45030,0
45031,1
45032,1
45033,1
45034,0
45035,3
45036,3
45037,1
45038,2
45039,1
45040,2
45041,3
45042,1
45043,0
45044,2
45045,3
45046,2
45047,2
45048,3
45049,3
45050,3
45051,3
45052,3
45053,2
45054,3
45055,0
45056,3
45057,0
45058,0
45059,2
45060,2
45061,0
45062,3
45063,2
45064,1
45065,3
45066,0
45067,3
45068,3
45069,3
45070,3
45071,3
45072,1
45073,2
45074,3
45075,1
45076,0
45077,3
45078,3
45079,3
45080,1
45081,1
45082,3
45083,1
45084,3
45085,3
45086,2
45087,0
45088,2
45089,1
45090,3
45091,0
45092,1
45093,3
45094,3
45095,1
45096,3
45097,2
45098,3
45099,3
45100,3
45101,0
45102,1
45103,3
45104,3
45105,1
45106,0
45107,2
45108,1
45109,3
45110,3
45111,2
45112,3
45113,2
45114,2
45115,0
45116,2
45117,3
45118,0
45119,3
45120,2
45121,2
45122,3
45123,2
45124,3
45125,3
45126,1
45127,0
45128,3
45129,3
45130,2
45131,3
45132,3
45133,0
45134,0
45135,1
45136,3
45137,3
45138,2
45139,3
45140,2
45141,1
45142,1
45143,2
45144,2
45145,3
45146,0
45147,0
45148,3
45149,2
45150,0
45151,0
45152,2
45153,1
45154,1
45155,1
45156,1
45157,0
45158,0
45159,2
45160,3
45161,1
45162,3
45163,3
45164,1
45165,2
45166,1
45167,2
45168,1
45169,3
45170,0
45171,0
45172,3
45173,3
45174,1
45175,3
45176,0
45177,3
45178,3
45179,1
45180,3
45181,3
45182,3
45183,2
45184,3
45185,3
45186,1
45187,3
45188,0
45189,2
45190,3
45191,1
45192,3
45193,1
45194,2
45195,1
45196,2
45197,3
45198,2
45199,3
45200,0
45201,3
45202,2
45203,3
45204,1
45205,1
45206,2
45207,3
45208,1
45209,2
45210,3
45211,1
45212,2
45213,1
45214,1
45215,0
45216,1
45217,1
45218,1
45219,3
45220,3
45221,1
45222,0
45223,2
45224,0
45225,3
45226,1
45227,3
45228,1
45229,3
45230,1
45231,3
45232,1
45233,3
45234,2
45235,1
45236,1
45237,3
45238,1
45239,3
45240,1
45241,1
45242,0
45243,2
45244,2
45245,0
45246,3
45247,1
45248,3
45249,3
45250,1
45251,1
45252,0
45253,3
45254,3
45255,1
45256,1
45257,0
45258,0
45259,0
45260,1
45261,3
45262,2
45263,0
45264,3
45265,2
45266,2
45267,3
45268,1
45269,3
45270,2
45271,3
45272,3
45273,3
45274,3
45275,3
45276,3
45277,0
45278,3
45279,3
45280,2
45281,3
45282,3
45283,1
45284,0
45285,3
45286,0
45287,3
45288,3
45289,2
45290,1
45291,2
45292,0
45293,0
45294,0
45295,2
45296,3
45297,2
45298,2
45299,3
45300,0
45301,1
45302,3
45303,0
45304,3
45305,2
45306,3
45307,3
45308,3
45309,2
45310,1
45311,2
45312,1
45313,3
45314,2
45315,2
45316,2
45317,3
45318,0
45319,1
45320,3
45321,3
45322,3
45323,0
45324,3
45325,2
45326,3
45327,0
45328,2
45329,0
45330,2
45331,1
45332,2
45333,1
45334,0
45335,0
45336,3
45337,3
45338,3
45339,2
45340,1
45341,2
45342,1
45343,1
45344,3
45345,3
45346,3
45347,0
45348,1
45349,2
45350,3
45351,0
45352,3
45353,1
45354,1
45355,1
45356,3
45357,3
45358,2
45359,0
45360,3
45361,1
45362,0
45363,3
45364,1
45365,0
45366,3
45367,3
45368,3
45369,2
45370,1
45371,1
45372,1
45373,1
45374,2
45375,0
45376,3
45377,2
45378,0
45379,3
45380,3
45381,0
45382,0
45383,0
45384,0
45385,3
45386,3
45387,1
45388,3
45389,3
45390,1
45391,3
45392,3
45393,0
45394,1
45395,0
45396,1
45397,2
45398,2
45399,3
45400,1
45401,1
45402,1
45403,2
45404,2
45405,3
45406,0
45407,1
45408,3
45409,3
45410,1
45411,2
45412,1
45413,3
45414,0
45415,3
45416,3
45417,2
45418,3
45419,1
45420,2
45421,3
45422,2
45423,2
45424,3
45425,1
45426,0
45427,1
45428,3
45429,0
45430,1
45431,0
45432,0
45433,2
45434,2
45435,3
45436,3
45437,0
45438,2
45439,3
45440,3
45441,1
45442,3
45443,1
45444,1
45445,0
45446,3
45447,1
45448,1
45449,0
45450,3
45451,2
45452,2
45453,3
45454,1
45455,1
45456,2
45457,0
45458,3
45459,1
45460,3
45461,2
45462,2
45463,1
45464,1
45465,1
45466,3
45467,2
45468,3
45469,1
45470,0
45471,1
45472,3
45473,3
45474,0
45475,3
45476,2
45477,2
45478,1
45479,3
45480,1
45481,1
45482,3
45483,1
45484,3
45485,2
45486,3
45487,1
45488,0
45489,3
45490,3
45491,2
45492,3
45493,2
45494,0
45495,2
45496,2
45497,3
45498,3
45499,0
45500,2
45501,2
45502,3
45503,1
45504,1
45505,0
45506,2
45507,3
45508,2
45509,1
45510,3
45511,0
45512,0
45513,2
45514,3
45515,3
45516,2
45517,1
45518,2
45519,1
45520,3
45521,3
45522,3
45523,3
45524,2
45525,0
45526,0
45527,2
45528,3
45529,2
45530,3
45531,3
45532,0
45533,2
45534,3
45535,0
45536,3
45537,3
45538,1
45539,1
45540,1
45541,3
45542,3
45543,3
45544,2
45545,2
45546,1
45547,2
45548,0
45549,3
45550,2
45551,3
45552,3
45553,0
45554,3
45555,3
45556,3
45557,0
45558,3
45559,2
45560,0
45561,3
45562,1
45563,3
45564,2
45565,3
45566,1
45567,3
45568,2
45569,3
45570,1
45571,1
45572,2
45573,2
45574,0
45575,0
45576,2
45577,2
45578,3
45579,3
45580,0
45581,3
45582,2
45583,3
45584,2
45585,0
45586,3
45587,3
45588,0
45589,3
45590,2
45591,1
45592,3
45593,0
45594,3
45595,2
45596,2
45597,0
45598,2
45599,3
45600,2
45601,3
45602,3
45603,3
45604,2
45605,2
45606,3
45607,2
45608,1
45609,3
45610,2
45611,2
45612,2
45613,2
45614,1
45615,0
45616,3
45617,3
45618,3
45619,2
45620,0
45621,1
45622,2
45623,3
45624,2
45625,0
45626,1
45627,2
45628,2
45629,3
45630,2
45631,1
45632,1
45633,0
45634,2
45635,3
45636,2
45637,0
45638,0
45639,2
45640,3
45641,3
45642,0
45643,1
45644,3
45645,1
45646,3
45647,3
45648,3
45649,3
45650,3
45651,1
45652,3
45653,0
45654,0
45655,3
45656,2
45657,2
45658,0
45659,0
45660,0
45661,1
45662,3
45663,3
45664,1
45665,1
45666,3
45667,0
45668,2
45669,0
45670,3
45671,2
45672,3
45673,3
45674,1
45675,3
45676,3
45677,0
45678,3
45679,0
45680,1
45681,0
45682,2
45683,3
45684,3
45685,0
45686,2
45687,2
45688,2
45689,1
45690,1
45691,3
45692,2
45693,2
45694,3
45695,0
45696,3
45697,3
45698,2
45699,1
45700,1
45701,0
45702,3
45703,1
45704,3
45705,3
45706,2
45707,3
45708,0
45709,1
45710,3
45711,1
45712,2
45713,3
45714,0
45715,3
45716,3
45717,1
45718,1
45719,1
45720,3
45721,0
45722,3
45723,2
45724,1
45725,2
45726,0
45727,1
45728,0
45729,1
45730,1
45731,1
45732,0
45733,2
45734,0
45735,1
45736,2
45737,3
45738,3
45739,2
45740,0
45741,0
45742,3
45743,2
45744,1
45745,3
45746,1
45747,2
45748,2
45749,3
45750,3
45751,0
45752,1
45753,3
45754,2
45755,1
45756,1
45757,3
45758,3
45759,3
45760,1
45761,3
45762,3
45763,1
45764,0
45765,0
45766,1
45767,3
45768,1
45769,3
45770,3
45771,2
45772,0
45773,0
45774,0
45775,2
45776,1
45777,2
45778,3
45779,2
45780,3
45781,3
45782,2
45783,3
45784,1
45785,3
45786,0
45787,3
45788,1
45789,0
45790,1
45791,1
45792,1
45793,2
45794,2
45795,2
45796,0
45797,1
45798,1
45799,1
45800,0
45801,0
45802,0
45803,3
45804,2
45805,2
45806,1
45807,3
45808,1
45809,1
45810,2
45811,2
45812,1
45813,3
45814,2
45815,3
45816,1
45817,0
45818,2
45819,1
45820,3
45821,0
45822,2
45823,1
45824,3
45825,0
45826,1
45827,3
45828,2
45829,2
45830,0
45831,3
45832,0
45833,3
45834,3
45835,1
45836,3
45837,2
45838,1
45839,2
45840,3
45841,3
45842,3
45843,1
45844,1
45845,1
45846,2
45847,1
45848,1
45849,1
45850,0
45851,1
45852,2
45853,2
45854,3
45855,2
45856,0
45857,2
45858,2
45859,2
45860,3
45861,2
45862,2
45863,2
45864,0
45865,0
45866,2
45867,3
45868,2
45869,3
45870,0
45871,2
45872,3
45873,2
45874,2
45875,0
45876,3
45877,3
45878,2
45879,2
45880,3
45881,0
45882,0
45883,3
45884,3
45885,2
45886,3
45887,0
45888,3
45889,3
45890,1
45891,3
45892,3
45893,3
45894,3
45895,3
45896,3
45897,3
45898,3
45899,3
45900,3
45901,3
45902,3
45903,3
45904,0
45905,3
45906,2
45907,1
45908,0
45909,0
45910,0
45911,0
45912,2
45913,0
45914,3
45915,3
45916,2
45917,1
45918,1
45919,2
45920,3
45921,2
45922,1
45923,3
45924,2
45925,1
45926,2
45927,2
45928,0
45929,1
45930,3
45931,2
45932,3
45933,3
45934,0
45935,3
45936,2
45937,1
45938,2
45939,1
45940,3
45941,0
45942,0
45943,2
45944,3
45945,3
45946,2
45947,2
45948,2
45949,0
45950,3
45951,3
45952,1
45953,3
45954,0
45955,0
45956,1
45957,3
45958,0
45959,0
45960,3
45961,1
45962,3
45963,1
45964,0
45965,2
45966,3
45967,3
45968,1
45969,3
45970,3
45971,3
45972,3
45973,1
45974,3
45975,2
45976,1
45977,3
45978,1
45979,0
45980,0
45981,2
45982,2
45983,3
45984,2
45985,2
45986,3
45987,3
45988,1
45989,3
45990,3
45991,1
45992,3
45993,2
45994,0
45995,1
45996,1
45997,0
45998,2
45999,0
46000,3
46001,2
46002,3
46003,1
46004,2
46005,0
46006,1
46007,2
46008,2
46009,2
46010,3
46011,0
46012,0
46013,3
46014,0
46015,1
46016,3
46017,0
46018,0
46019,1
46020,2
46021,2
46022,1
46023,1
46024,2
46025,3
46026,3
46027,0
46028,3
46029,0
46030,3
46031,1
46032,2
46033,2
46034,0
46035,1
46036,0
46037,3
46038,3
46039,3
46040,3
46041,1
46042,0
46043,2
46044,3
46045,2
46046,3
46047,3
46048,1
46049,3
46050,3
46051,1
46052,0
46053,0
46054,2
46055,2
46056,1
46057,0
46058,0
46059,1
46060,3
46061,1
46062,3
46063,2
46064,2
46065,1
46066,2
46067,0
46068,1
46069,3
46070,0
46071,3
46072,0
46073,1
46074,0
46075,0
46076,1
46077,1
46078,3
46079,1
46080,0
46081,1
46082,1
46083,3
46084,3
46085,0
46086,1
46087,0
46088,2
46089,1
46090,0
46091,3
46092,0
46093,2
46094,0
46095,1
46096,2
46097,3
46098,0
46099,3
46100,2
46101,1
46102,3
46103,2
46104,1
46105,1
46106,0
46107,0
46108,1
46109,3
46110,1
46111,2
46112,0
46113,0
46114,2
46115,3
46116,2
46117,3
46118,3
46119,3
46120,1
46121,3
46122,3
46123,3
46124,1
46125,3
46126,1
46127,2
46128,3
46129,3
46130,3
46131,0
46132,3
46133,1
46134,3
46135,1
46136,2
46137,3
46138,0
46139,2
46140,0
46141,2
46142,0
46143,1
46144,3
46145,3
46146,0
46147,2
46148,3
46149,1
46150,2
46151,1
46152,2
46153,1
46154,2
46155,3
46156,1
46157,2
46158,3
46159,0
46160,1
46161,3
46162,0
46163,0
46164,2
46165,1
46166,0
46167,3
46168,0
46169,2
46170,2
46171,0
46172,1
46173,0
46174,0
46175,2
46176,1
46177,3
46178,2
46179,1
46180,2
46181,0
46182,0
46183,2
46184,2
46185,2
46186,3
46187,3
46188,0
46189,0
46190,3
46191,0
46192,3
46193,2
46194,3
46195,0
46196,1
46197,3
46198,3
46199,3
46200,3
46201,3
46202,3
46203,0
46204,1
46205,0
46206,0
46207,2
46208,1
46209,2
46210,3
46211,1
46212,3
46213,2
46214,0
46215,1
46216,0
46217,1
46218,3
46219,3
46220,0
46221,0
46222,0
46223,3
46224,2
46225,1
46226,3
46227,2
46228,3
46229,2
46230,2
46231,3
46232,1
46233,3
46234,0
46235,3
46236,2
46237,3
46238,3
46239,1
46240,0
46241,2
46242,2
46243,1
46244,0
46245,1
46246,0
46247,3
46248,3
46249,1
46250,0
46251,0
46252,2
46253,2
46254,1
46255,3
46256,2
46257,3
46258,1
46259,2
46260,2
46261,3
46262,1
46263,2
46264,2
46265,1
46266,1
46267,0
46268,2
46269,1
46270,1
46271,3
46272,2
46273,2
46274,2
46275,0
46276,2
46277,0
46278,1
46279,3
46280,0
46281,2
46282,3
46283,1
46284,3
46285,2
46286,3
46287,2
46288,0
46289,2
46290,2
46291,0
46292,0
46293,1
46294,3
46295,2
46296,3
46297,0
46298,1
46299,1
46300,3
46301,2
46302,3
46303,3
46304,2
46305,0
46306,3
46307,3
46308,2
46309,2
46310,3
46311,2
46312,3
46313,0
46314,3
46315,1
46316,2
46317,3
46318,3
46319,2
46320,0
46321,0
46322,1
46323,0
46324,3
46325,0
46326,1
46327,2
46328,3
46329,2
46330,3
46331,2
46332,3
46333,3
46334,3
46335,1
46336,0
46337,3
46338,1
46339,2
46340,3
46341,1
46342,1
46343,0
46344,2
46345,1
46346,3
46347,3
46348,0
46349,1
46350,1
46351,2
46352,1
46353,3
46354,0
46355,0
46356,2
46357,2
46358,0
46359,3
46360,3
46361,1
46362,3
46363,2
46364,2
46365,3
46366,2
46367,3
46368,3
46369,3
46370,3
46371,1
46372,1
46373,3
46374,3
46375,2
46376,1
46377,1
46378,0
46379,0
46380,2
46381,2
46382,3
46383,2
46384,1
46385,3
46386,2
46387,3
46388,0
46389,2
46390,3
46391,2
46392,1
46393,1
46394,1
46395,3
46396,1
46397,2
46398,0
46399,0
46400,3
46401,3
46402,1
46403,2
46404,1
46405,2
46406,2
46407,2
46408,2
46409,0
46410,2
46411,0
46412,2
46413,2
46414,3
46415,3
46416,3
46417,3
46418,1
46419,3
46420,0
46421,2
46422,2
46423,3
46424,3
46425,2
46426,3
46427,3
46428,2
46429,3
46430,2
46431,1
46432,2
46433,0
46434,1
46435,3
46436,1
46437,1
46438,1
46439,3
46440,1
46441,3
46442,1
46443,2
46444,3
46445,3
46446,2
46447,0
46448,3
46449,2
46450,0
46451,2
46452,2
46453,3
46454,0
46455,1
46456,0
46457,0
46458,1
46459,3
46460,3
46461,3
46462,1
46463,2
46464,0
46465,2
46466,1
46467,1
46468,3
46469,1
46470,3
46471,1
46472,3
46473,3
46474,0
46475,3
46476,0
46477,2
46478,1
46479,2
46480,1
46481,2
46482,0
46483,3
46484,3
46485,2
46486,3
46487,1
46488,3
46489,3
46490,2
46491,2
46492,1
46493,3
46494,2
46495,1
46496,1
46497,1
46498,1
46499,1
46500,3
46501,3
46502,1
46503,2
46504,3
46505,3
46506,2
46507,0
46508,1
46509,3
46510,3
46511,3
46512,0
46513,2
46514,0
46515,0
46516,1
46517,1
46518,1
46519,2
46520,1
46521,3
46522,2
46523,0
46524,3
46525,0
46526,3
46527,3
46528,1
46529,2
46530,2
46531,0
46532,1
46533,3
46534,3
46535,3
46536,0
46537,0
46538,0
46539,1
46540,0
46541,3
46542,2
46543,0
46544,2
46545,3
46546,2
46547,0
46548,0
46549,1
46550,2
46551,0
46552,0
46553,3
46554,3
46555,2
46556,2
46557,3
46558,0
46559,1
46560,3
46561,2
46562,0
46563,1
46564,3
46565,1
46566,1
46567,0
46568,3
46569,2
46570,3
46571,3
46572,3
46573,3
46574,2
46575,3
46576,0
46577,3
46578,3
46579,0
46580,1
46581,1
46582,1
46583,0
46584,1
46585,1
46586,2
46587,3
46588,3
46589,0
46590,3
46591,3
46592,3
46593,2
46594,3
46595,2
46596,0
46597,3
46598,2
46599,1
46600,2
46601,3
46602,1
46603,3
46604,0
46605,2
46606,0
46607,0
46608,1
46609,2
46610,1
46611,1
46612,1
46613,2
46614,0
46615,3
46616,3
46617,3
46618,2
46619,3
46620,2
46621,3
46622,1
46623,3
46624,0
46625,2
46626,1
46627,3
46628,2
46629,3
46630,3
46631,1
46632,2
46633,2
46634,2
46635,2
46636,2
46637,3
46638,2
46639,2
46640,2
46641,1
46642,3
46643,2
46644,2
46645,2
46646,2
46647,0
46648,3
46649,3
46650,3
46651,3
46652,1
46653,1
46654,0
46655,3
46656,3
46657,2
46658,0
46659,1
46660,3
46661,3
46662,1
46663,3
46664,0
46665,2
46666,3
46667,1
46668,3
46669,0
46670,3
46671,2
46672,3
46673,3
46674,1
46675,1
46676,3
46677,1
46678,2
46679,2
46680,3
46681,3
46682,3
46683,3
46684,1
46685,3
46686,3
46687,2
46688,3
46689,3
46690,0
46691,0
46692,3
46693,3
46694,0
46695,3
46696,1
46697,1
46698,3
46699,2
46700,3
46701,2
46702,3
46703,3
46704,3
46705,3
46706,1
46707,1
46708,3
46709,3
46710,0
46711,1
46712,2
46713,3
46714,1
46715,2
46716,1
46717,3
46718,2
46719,3
46720,3
46721,2
46722,3
46723,1
46724,2
46725,3
46726,2
46727,0
46728,0
46729,3
46730,3
46731,1
46732,1
46733,3
46734,0
46735,3
46736,1
46737,3
46738,0
46739,1
46740,0
46741,3
46742,2
46743,3
46744,3
46745,2
46746,3
46747,1
46748,3
46749,0
46750,0
46751,0
46752,2
46753,3
46754,3
46755,2
46756,2
46757,3
46758,3
46759,1
46760,3
46761,3
46762,3
46763,3
46764,3
46765,3
46766,0
46767,0
46768,1
46769,0
46770,3
46771,0
46772,1
46773,1
46774,3
46775,3
46776,3
46777,3
46778,2
46779,2
46780,3
46781,3
46782,3
46783,1
46784,2
46785,0
46786,0
46787,0
46788,3
46789,2
46790,0
46791,3
46792,2
46793,1
46794,3
46795,0
46796,3
46797,3
46798,3
46799,1
46800,0
46801,3
46802,3
46803,0
46804,1
46805,0
46806,0
46807,1
46808,3
46809,1
46810,3
46811,3
46812,3
46813,2
46814,3
46815,3
46816,3
46817,3
46818,3
46819,3
46820,3
46821,3
46822,0
46823,3
46824,0
46825,3
46826,2
46827,0
46828,3
46829,2
46830,3
46831,2
46832,3
46833,2
46834,1
46835,0
46836,0
46837,0
46838,3
46839,1
46840,2
46841,1
46842,1
46843,3
46844,3
46845,0
46846,3
46847,3
46848,3
46849,3
46850,3
46851,0
46852,1
46853,3
46854,2
46855,2
46856,1
46857,3
46858,2
46859,2
46860,3
46861,3
46862,0
46863,1
46864,2
46865,3
46866,1
46867,0
46868,0
46869,2
46870,2
46871,2
46872,3
46873,3
46874,0
46875,2
46876,0
46877,2
46878,2
46879,3
46880,0
46881,3
46882,0
46883,1
46884,1
46885,0
46886,1
46887,3
46888,3
46889,1
46890,1
46891,2
46892,3
46893,1
46894,0
46895,3
46896,3
46897,2
46898,3
46899,2
46900,1
46901,1
46902,3
46903,2
46904,3
46905,3
46906,2
46907,3
46908,3
46909,0
46910,2
46911,2
46912,1
46913,3
46914,1
46915,3
46916,2
46917,2
46918,1
46919,0
46920,2
46921,2
46922,2
46923,0
46924,2
46925,2
46926,2
46927,3
46928,3
46929,1
46930,1
46931,0
46932,3
46933,2
46934,0
46935,3
46936,3
46937,1
46938,1
46939,1
46940,3
46941,1
46942,1
46943,3
46944,3
46945,3
46946,1
46947,3
46948,2
46949,2
46950,3
46951,3
46952,3
46953,3
46954,1
46955,3
46956,3
46957,3
46958,3
46959,1
46960,3
46961,2
46962,0
46963,0
46964,0
46965,3
46966,0
46967,3
46968,1
46969,1
46970,0
46971,3
46972,1
46973,3
46974,3
46975,0
46976,3
46977,3
46978,1
46979,0
46980,2
46981,1
46982,3
46983,1
46984,2
46985,0
46986,1
46987,0
46988,1
46989,3
46990,3
46991,2
46992,3
46993,2
46994,3
46995,0
46996,1
46997,3
46998,2
46999,0
47000,2
47001,2
47002,2
47003,3
47004,2
47005,2
47006,1
47007,3
47008,3
47009,2
47010,3
47011,0
47012,0
47013,3
47014,2
47015,3
47016,3
47017,3
47018,1
47019,1
47020,3
47021,0
47022,2
47023,0
47024,1
47025,1
47026,3
47027,1
47028,3
47029,3
47030,1
47031,2
47032,0
47033,0
47034,0
47035,2
47036,0
47037,1
47038,3
47039,1
47040,3
47041,2
47042,0
47043,3
47044,3
47045,0
47046,3
47047,0
47048,2
47049,3
47050,2
47051,0
47052,1
47053,3
47054,2
47055,2
47056,3
47057,2
47058,1
47059,3
47060,1
47061,0
47062,1
47063,3
47064,1
47065,3
47066,1
47067,3
47068,2
47069,0
47070,3
47071,1
47072,0
47073,2
47074,1
47075,1
47076,0
47077,2
47078,3
47079,3
47080,3
47081,2
47082,0
47083,1
47084,0
47085,2
47086,3
47087,3
47088,1
47089,2
47090,2
47091,3
47092,0
47093,3
47094,0
47095,3
47096,2
47097,3
47098,2
47099,2
47100,3
47101,1
47102,2
47103,3
47104,0
47105,3
47106,1
47107,3
47108,3
47109,0
47110,2
47111,2
47112,3
47113,1
47114,1
47115,3
47116,0
47117,1
47118,0
47119,2
47120,1
47121,1
47122,3
47123,1
47124,2
47125,3
47126,2
47127,3
47128,3
47129,0
47130,1
47131,1
47132,0
47133,3
47134,3
47135,3
47136,3
47137,0
47138,0
47139,0
47140,3
47141,3
47142,2
47143,3
47144,0
47145,3
47146,0
47147,2
47148,2
47149,3
47150,3
47151,3
47152,3
47153,3
47154,2
47155,3
47156,3
47157,3
47158,2
47159,1
47160,2
47161,1
47162,2
47163,0
47164,1
47165,2
47166,3
47167,0
47168,2
47169,3
47170,3
47171,2
47172,1
47173,2
47174,2
47175,0
47176,1
47177,3
47178,2
47179,2
47180,2
47181,1
47182,0
47183,2
47184,1
47185,3
47186,3
47187,1
47188,2
47189,2
47190,1
47191,3
47192,1
47193,0
47194,0
47195,1
47196,2
47197,1
47198,3
47199,1
47200,3
47201,1
47202,2
47203,1
47204,3
47205,3
47206,2
47207,2
47208,3
47209,3
47210,1
47211,2
47212,1
47213,3
47214,0
47215,3
47216,1
47217,3
47218,2
47219,3
47220,3
47221,3
47222,0
47223,3
47224,3
47225,3
47226,3
47227,0
47228,2
47229,3
47230,3
47231,3
47232,2
47233,3
47234,0
47235,1
47236,0
47237,0
47238,3
47239,1
47240,3
47241,1
47242,2
47243,3
47244,3
47245,3
47246,2
47247,2
47248,1
47249,1
47250,2
47251,1
47252,2
47253,2
47254,1
47255,2
47256,1
47257,3
47258,1
47259,2
47260,3
47261,1
47262,3
47263,3
47264,1
47265,2
47266,0
47267,1
47268,1
47269,3
47270,1
47271,2
47272,1
47273,2
47274,0
47275,3
47276,0
47277,0
47278,3
47279,1
47280,2
47281,3
47282,3
47283,1
47284,1
47285,3
47286,1
47287,3
47288,3
47289,3
47290,1
47291,1
47292,2
47293,3
47294,2
47295,3
47296,3
47297,2
47298,3
47299,3
47300,1
47301,0
47302,3
47303,2
47304,3
47305,2
47306,2
47307,3
47308,1
47309,1
47310,3
47311,3
47312,0
47313,2
47314,3
47315,2
47316,3
47317,3
47318,3
47319,2
47320,3
47321,1
47322,2
47323,1
47324,2
47325,0
47326,3
47327,0
47328,2
47329,0
47330,3
47331,3
47332,3
47333,3
47334,3
47335,1
47336,1
47337,3
47338,1
47339,3
47340,0
47341,3
47342,2
47343,2
47344,0
47345,2
47346,1
47347,3
47348,3
47349,3
47350,1
47351,2
47352,1
47353,3
47354,3
47355,3
47356,0
47357,1
47358,1
47359,3
47360,2
47361,3
47362,1
47363,3
47364,2
47365,1
47366,3
47367,3
47368,3
47369,1
47370,3
47371,2
47372,1
47373,3
47374,0
47375,3
47376,3
47377,0
47378,2
47379,3
47380,0
47381,3
47382,2
47383,3
47384,1
47385,3
47386,3
47387,1
47388,3
47389,3
47390,0
47391,0
47392,3
47393,0
47394,3
47395,3
47396,3
47397,0
47398,2
47399,0
47400,1
47401,3
47402,1
47403,2
47404,1
47405,3
47406,3
47407,0
47408,2
47409,3
47410,3
47411,3
47412,1
47413,1
47414,0
47415,3
47416,2
47417,2
47418,3
47419,2
47420,3
47421,2
47422,2
47423,1
47424,2
47425,3
47426,0
47427,2
47428,3
47429,3
47430,3
47431,1
47432,2
47433,0
47434,1
47435,3
47436,1
47437,0
47438,3
47439,3
47440,0
47441,2
47442,1
47443,1
47444,3
47445,3
47446,2
47447,0
47448,2
47449,1
47450,3
47451,3
47452,2
47453,2
47454,3
47455,3
47456,3
47457,0
47458,3
47459,3
47460,2
47461,2
47462,3
47463,1
47464,3
47465,1
47466,0
47467,2
47468,2
47469,0
47470,2
47471,3
47472,3
47473,3
47474,3
47475,3
47476,3
47477,2
47478,2
47479,0
47480,0
47481,1
47482,2
47483,1
47484,3
47485,0
47486,3
47487,0
47488,0
47489,3
47490,0
47491,3
47492,2
47493,0
47494,0
47495,3
47496,3
47497,2
47498,1
47499,2
47500,2
47501,3
47502,1
47503,0
47504,3
47505,0
47506,3
47507,2
47508,0
47509,3
47510,0
47511,0
47512,3
47513,2
47514,2
47515,0
47516,2
47517,3
47518,2
47519,1
47520,3
47521,1
47522,3
47523,2
47524,1
47525,2
47526,2
47527,3
47528,3
47529,1
47530,3
47531,1
47532,2
47533,3
47534,2
47535,0
47536,1
47537,3
47538,3
47539,3
47540,3
47541,3
47542,0
47543,3
47544,3
47545,0
47546,3
47547,1
47548,0
47549,2
47550,3
47551,1
47552,0
47553,3
47554,2
47555,2
47556,3
47557,2
47558,1
47559,3
47560,3
47561,3
47562,1
47563,0
47564,2
47565,1
47566,1
47567,0
47568,3
47569,3
47570,1
47571,2
47572,1
47573,1
47574,2
47575,3
47576,3
47577,3
47578,1
47579,3
47580,3
47581,0
47582,3
47583,1
47584,2
47585,3
47586,2
47587,0
47588,1
47589,2
47590,2
47591,2
47592,1
47593,1
47594,1
47595,2
47596,1
47597,1
47598,3
47599,3
47600,3
47601,0
47602,1
47603,0
47604,2
47605,0
47606,1
47607,0
47608,3
47609,2
47610,0
47611,1
47612,1
47613,2
47614,2
47615,3
47616,1
47617,3
47618,3
47619,3
47620,2
47621,0
47622,1
47623,3
47624,0
47625,3
47626,0
47627,3
47628,3
47629,2
47630,3
47631,3
47632,3
47633,2
47634,1
47635,1
47636,1
47637,0
47638,3
47639,3
47640,3
47641,2
47642,2
47643,0
47644,3
47645,3
47646,0
47647,2
47648,2
47649,1
47650,3
47651,3
47652,1
47653,1
47654,3
47655,3
47656,2
47657,0
47658,0
47659,1
47660,0
47661,1
47662,3
47663,0
47664,3
47665,1
47666,1
47667,3
47668,1
47669,3
47670,3
47671,3
47672,2
47673,3
47674,1
47675,2
47676,0
47677,3
47678,3
47679,1
47680,2
47681,3
47682,3
47683,1
47684,1
47685,2
47686,0
47687,1
47688,3
47689,2
47690,3
47691,1
47692,3
47693,1
47694,1
47695,2
47696,0
47697,1
47698,1
47699,0
47700,2
47701,0
47702,3
47703,3
47704,3
47705,2
47706,0
47707,3
47708,3
47709,0
47710,1
47711,0
47712,0
47713,3
47714,0
47715,2
47716,1
47717,1
47718,0
47719,0
47720,1
47721,3
47722,3
47723,0
47724,3
47725,3
47726,2
47727,2
47728,1
47729,3
47730,2
47731,1
47732,1
47733,2
47734,3
47735,3
47736,2
47737,2
47738,3
47739,0
47740,2
47741,3
47742,3
47743,3
47744,0
47745,3
47746,0
47747,3
47748,1
47749,2
47750,3
47751,1
47752,0
47753,3
47754,3
47755,2
47756,3
47757,3
47758,3
47759,2
47760,2
47761,2
47762,1
47763,0
47764,2
47765,1
47766,3
47767,2
47768,3
47769,2
47770,1
47771,2
47772,1
47773,3
47774,1
47775,2
47776,2
47777,1
47778,0
47779,0
47780,2
47781,2
47782,1
47783,3
47784,3
47785,2
47786,1
47787,2
47788,1
47789,0
47790,3
47791,3
47792,3
47793,1
47794,0
47795,3
47796,2
47797,3
47798,0
47799,0
47800,1
47801,0
47802,2
47803,0
47804,0
47805,1
47806,0
47807,0
47808,3
47809,0
47810,0
47811,3
47812,2
47813,0
47814,3
47815,1
47816,3
47817,3
47818,3
47819,1
47820,1
47821,1
47822,3
47823,3
47824,0
47825,1
47826,2
47827,3
47828,1
47829,3
47830,1
47831,0
47832,0
47833,3
47834,2
47835,2
47836,1
47837,2
47838,0
47839,1
47840,3
47841,3
47842,3
47843,3
47844,2
47845,1
47846,1
47847,1
47848,1
47849,1
47850,3
47851,3
47852,1
47853,0
47854,2
47855,3
47856,3
47857,1
47858,3
47859,3
47860,2
47861,0
47862,0
47863,2
47864,2
47865,2
47866,2
47867,1
47868,3
47869,2
47870,2
47871,0
47872,3
47873,1
47874,1
47875,3
47876,3
47877,0
47878,2
47879,1
47880,1
47881,2
47882,3
47883,3
47884,0
47885,2
47886,1
47887,3
47888,1
47889,3
47890,3
47891,2
47892,1
47893,2
47894,3
47895,3
47896,3
47897,1
47898,0
47899,0
47900,0
47901,0
47902,2
47903,3
47904,3
47905,3
47906,1
47907,1
47908,2
47909,1
47910,3
47911,3
47912,2
47913,2
47914,1
47915,3
47916,1
47917,3
47918,0
47919,0
47920,1
47921,0
47922,0
47923,3
47924,2
47925,3
47926,3
47927,3
47928,3
47929,2
47930,0
47931,2
47932,3
47933,2
47934,3
47935,1
47936,3
47937,3
47938,3
47939,3
47940,1
47941,1
47942,2
47943,2
47944,1
47945,0
47946,3
47947,3
47948,0
47949,1
47950,2
47951,2
47952,3
47953,2
47954,3
47955,3
47956,3
47957,1
47958,3
47959,3
47960,3
47961,2
47962,2
47963,3
47964,0
47965,2
47966,0
47967,0
47968,1
47969,1
47970,1
47971,3
47972,1
47973,2
47974,3
47975,3
47976,0
47977,1
47978,3
47979,3
47980,3
47981,1
47982,3
47983,1
47984,0
47985,1
47986,3
47987,3
47988,2
47989,0
47990,1
47991,3
47992,3
47993,0
47994,3
47995,3
47996,3
47997,1
47998,3
47999,2
48000,1
48001,1
48002,2
48003,1
48004,2
48005,3
48006,3
48007,2
48008,3
48009,2
48010,2
48011,0
48012,1
48013,2
48014,3
48015,1
48016,1
48017,3
48018,0
48019,2
48020,1
48021,1
48022,1
48023,0
48024,0
48025,1
48026,0
48027,3
48028,1
48029,2
48030,2
48031,3
48032,2
48033,2
48034,2
48035,3
48036,1
48037,3
48038,2
48039,3
48040,2
48041,2
48042,3
48043,3
48044,1
48045,1
48046,2
48047,3
48048,0
48049,1
48050,3
48051,2
48052,1
48053,2
48054,3
48055,0
48056,3
48057,2
48058,0
48059,1
48060,2
48061,0
48062,2
48063,3
48064,1
48065,3
48066,3
48067,2
48068,2
48069,2
48070,1
48071,2
48072,0
48073,2
48074,3
48075,3
48076,1
48077,0
48078,2
48079,1
48080,2
48081,3
48082,1
48083,3
48084,0
48085,1
48086,0
48087,3
48088,3
48089,1
48090,1
48091,1
48092,0
48093,2
48094,2
48095,1
48096,3
48097,2
48098,1
48099,2
48100,2
48101,1
48102,2
48103,3
48104,1
48105,1
48106,2
48107,3
48108,0
48109,2
48110,3
48111,0
48112,2
48113,1
48114,1
48115,0
48116,2
48117,0
48118,0
48119,2
48120,3
48121,1
48122,3
48123,0
48124,2
48125,2
48126,0
48127,1
48128,2
48129,2
48130,0
48131,3
48132,3
48133,0
48134,0
48135,3
48136,3
48137,2
48138,3
48139,3
48140,3
48141,3
48142,0
48143,3
48144,2
48145,2
48146,3
48147,3
48148,0
48149,0
48150,3
48151,0
48152,3
48153,3
48154,2
48155,1
48156,2
48157,3
48158,2
48159,3
48160,0
48161,3
48162,3
48163,2
48164,3
48165,2
48166,3
48167,3
48168,0
48169,1
48170,3
48171,2
48172,0
48173,3
48174,0
48175,2
48176,3
48177,3
48178,2
48179,0
48180,0
48181,2
48182,2
48183,3
48184,2
48185,2
48186,0
48187,3
48188,0
48189,2
48190,3
48191,3
48192,3
48193,3
48194,2
48195,2
48196,3
48197,1
48198,3
48199,2
48200,3
48201,3
48202,1
48203,1
48204,3
48205,3
48206,0
48207,3
48208,0
48209,3
48210,1
48211,2
48212,3
48213,2
48214,3
48215,2
48216,0
48217,0
48218,3
48219,1
48220,3
48221,2
48222,2
48223,1
48224,3
48225,3
48226,1
48227,2
48228,3
48229,0
48230,0
48231,0
48232,2
48233,3
48234,2
48235,0
48236,0
48237,0
48238,1
48239,3
48240,3
48241,0
48242,2
48243,0
48244,1
48245,1
48246,2
48247,2
48248,0
48249,3
48250,3
48251,3
48252,1
48253,3
48254,3
48255,1
48256,3
48257,1
48258,2
48259,1
48260,3
48261,0
48262,2
48263,0
48264,1
48265,3
48266,3
48267,2
48268,0
48269,3
48270,1
48271,1
48272,3
48273,3
48274,1
48275,1
48276,2
48277,0
48278,0
48279,0
48280,1
48281,3
48282,1
48283,0
48284,3
48285,0
48286,0
48287,0
48288,3
48289,0
48290,0
48291,2
48292,2
48293,1
48294,3
48295,3
48296,3
48297,3
48298,1
48299,3
48300,2
48301,1
48302,3
48303,2
48304,3
48305,3
48306,3
48307,1
48308,3
48309,3
48310,0
48311,1
48312,0
48313,1
48314,1
48315,3
48316,3
48317,1
48318,3
48319,1
48320,2
48321,2
48322,3
48323,3
48324,2
48325,1
48326,1
48327,3
48328,0
48329,3
48330,2
48331,0
48332,3
48333,2
48334,1
48335,3
48336,1
48337,0
48338,2
48339,3
48340,1
48341,1
48342,3
48343,1
48344,3
48345,2
48346,3
48347,2
48348,0
48349,3
48350,3
48351,1
48352,2
48353,3
48354,2
48355,0
48356,2
48357,3
48358,2
48359,0
48360,3
48361,0
48362,2
48363,1
48364,0
48365,1
48366,2
48367,3
48368,0
48369,3
48370,1
48371,3
48372,0
48373,0
48374,2
48375,1
48376,1
48377,0
48378,1
48379,3
48380,3
48381,3
48382,2
48383,3
48384,1
48385,3
48386,3
48387,3
48388,2
48389,1
48390,3
48391,1
48392,3
48393,1
48394,0
48395,3
48396,0
48397,1
48398,2
48399,2
48400,0
48401,3
48402,2
48403,3
48404,2
48405,1
48406,0
48407,1
48408,1
48409,0
48410,1
48411,2
48412,3
48413,0
48414,1
48415,0
48416,3
48417,0
48418,2
48419,1
48420,0
48421,2
48422,0
48423,2
48424,0
48425,2
48426,1
48427,0
48428,0
48429,2
48430,3
48431,0
48432,3
48433,2
48434,0
48435,0
48436,0
48437,0
48438,0
48439,3
48440,0
48441,0
48442,3
48443,1
48444,1
48445,0
48446,3
48447,1
48448,1
48449,3
48450,3
48451,3
48452,2
48453,3
48454,3
48455,0
48456,2
48457,3
48458,1
48459,2
48460,2
48461,1
48462,1
48463,3
48464,1
48465,2
48466,2
48467,2
48468,3
48469,3
48470,2
48471,1
48472,1
48473,3
48474,1
48475,3
48476,0
48477,1
48478,1
48479,1
48480,3
48481,3
48482,1
48483,1
48484,3
48485,0
48486,0
48487,0
48488,3
48489,0
48490,2
48491,3
48492,3
48493,2
48494,1
48495,3
48496,1
48497,3
48498,3
48499,2
48500,0
48501,2
48502,1
48503,3
48504,1
48505,0
48506,1
48507,2
48508,0
48509,3
48510,0
48511,2
48512,1
48513,0
48514,3
48515,2
48516,3
48517,2
48518,2
48519,1
48520,2
48521,2
48522,2
48523,3
48524,3
48525,0
48526,2
48527,3
48528,2
48529,2
48530,1
48531,3
48532,3
48533,3
48534,3
48535,1
48536,0
48537,3
48538,0
48539,3
48540,1
48541,3
48542,2
48543,2
48544,3
48545,1
48546,3
48547,3
48548,2
48549,3
48550,0
48551,3
48552,2
48553,0
48554,3
48555,3
48556,2
48557,2
48558,2
48559,3
48560,2
48561,3
48562,1
48563,3
48564,3
48565,3
48566,1
48567,1
48568,0
48569,3
48570,0
48571,1
48572,2
48573,3
48574,3
48575,1
48576,3
48577,2
48578,1
48579,2
48580,1
48581,1
48582,1
48583,3
48584,3
48585,3
48586,3
48587,3
48588,3
48589,2
48590,3
48591,2
48592,1
48593,0
48594,2
48595,1
48596,3
48597,2
48598,1
48599,1
48600,0
48601,2
48602,2
48603,3
48604,1
48605,2
48606,3
48607,3
48608,3
48609,1
48610,3
48611,3
48612,2
48613,3
48614,0
48615,0
48616,2
48617,3
48618,2
48619,2
48620,3
48621,3
48622,3
48623,3
48624,0
48625,0
48626,1
48627,0
48628,2
48629,2
48630,0
48631,3
48632,3
48633,1
48634,3
48635,3
48636,2
48637,3
48638,3
48639,3
48640,1
48641,1
48642,2
48643,0
48644,2
48645,3
48646,3
48647,3
48648,0
48649,0
48650,0
48651,1
48652,2
48653,3
48654,2
48655,1
48656,3
48657,0
48658,3
48659,1
48660,0
48661,1
48662,2
48663,3
48664,2
48665,0
48666,1
48667,3
48668,3
48669,0
48670,2
48671,3
48672,1
48673,1
48674,3
48675,3
48676,3
48677,3
48678,2
48679,0
48680,1
48681,3
48682,2
48683,1
48684,0
48685,3
48686,0
48687,1
48688,3
48689,3
48690,0
48691,2
48692,1
48693,1
48694,1
48695,3
48696,0
48697,2
48698,2
48699,3
48700,2
48701,0
48702,0
48703,3
48704,2
48705,0
48706,3
48707,0
48708,3
48709,2
48710,3
48711,1
48712,0
48713,1
48714,2
48715,3
48716,1
48717,3
48718,3
48719,3
48720,2
48721,3
48722,3
48723,3
48724,3
48725,2
48726,3
48727,2
48728,2
48729,0
48730,2
48731,2
48732,3
48733,0
48734,0
48735,0
48736,0
48737,0
48738,1
48739,1
48740,1
48741,2
48742,1
48743,2
48744,3
48745,2
48746,2
48747,0
48748,3
48749,1
48750,3
48751,2
48752,3
48753,1
48754,3
48755,3
48756,3
48757,2
48758,1
48759,1
48760,3
48761,0
48762,0
48763,2
48764,3
48765,3
48766,2
48767,3
48768,2
48769,0
48770,2
48771,1
48772,3
48773,2
48774,1
48775,2
48776,3
48777,0
48778,1
48779,0
48780,3
48781,3
48782,3
48783,2
48784,1
48785,3
48786,1
48787,1
48788,0
48789,3
48790,2
48791,2
48792,2
48793,1
48794,3
48795,3
48796,3
48797,2
48798,3
48799,2
48800,2
48801,0
48802,3
48803,3
48804,3
48805,0
48806,1
48807,0
48808,2
48809,1
48810,3
48811,3
48812,3
48813,2
48814,2
48815,1
48816,3
48817,1
48818,1
48819,3
48820,0
48821,3
48822,1
48823,1
48824,2
48825,0
48826,2
48827,3
48828,2
48829,1
48830,0
48831,3
48832,0
48833,1
48834,0
48835,1
48836,3
48837,3
48838,1
48839,3
48840,3
48841,0
48842,2
48843,1
48844,1
48845,0
48846,3
48847,1
48848,2
48849,0
48850,3
48851,0
48852,3
48853,0
48854,2
48855,0
48856,2
48857,3
48858,3
48859,1
48860,3
48861,3
48862,2
48863,2
48864,2
48865,1
48866,2
48867,2
48868,3
48869,3
48870,1
48871,0
48872,1
48873,1
48874,3
48875,2
48876,3
48877,3
48878,1
48879,1
48880,0
48881,1
48882,3
48883,2
48884,1
48885,2
48886,1
48887,2
48888,2
48889,3
48890,3
48891,2
48892,3
48893,1
48894,3
48895,1
48896,3
48897,3
48898,2
48899,3
48900,1
48901,3
48902,0
48903,3
48904,3
48905,3
48906,0
48907,1
48908,3
48909,3
48910,3
48911,3
48912,1
48913,0
48914,3
48915,2
48916,3
48917,2
48918,0
48919,1
48920,2
48921,3
48922,0
48923,1
48924,1
48925,1
48926,1
48927,0
48928,2
48929,1
48930,2
48931,2
48932,1
48933,3
48934,1
48935,2
48936,3
48937,1
48938,1
48939,3
48940,0
48941,1
48942,3
48943,1
48944,0
48945,1
48946,3
48947,2
48948,3
48949,0
48950,0
48951,2
48952,0
48953,3
48954,2
48955,0
48956,1
48957,3
48958,3
48959,2
48960,3
48961,3
48962,2
48963,2
48964,1
48965,3
48966,2
48967,1
48968,1
48969,3
48970,2
48971,3
48972,2
48973,1
48974,3
48975,3
48976,3
48977,3
48978,1
48979,0
48980,0
48981,3
48982,1
48983,3
48984,2
48985,3
48986,0
48987,1
48988,2
48989,0
48990,3
48991,3
48992,0
48993,1
48994,2
48995,0
48996,0
48997,2
48998,3
48999,2
49000,3
49001,1
49002,2
49003,1
49004,3
49005,3
49006,3
49007,2
49008,1
49009,3
49010,3
49011,3
49012,1
49013,3
49014,3
49015,3
49016,1
49017,3
49018,0
49019,2
49020,2
49021,3
49022,3
49023,1
49024,3
49025,1
49026,0
49027,0
49028,2
49029,3
49030,3
49031,2
49032,2
49033,0
49034,3
49035,3
49036,3
49037,0
49038,3
49039,1
49040,1
49041,2
49042,2
49043,3
49044,0
49045,3
49046,3
49047,3
49048,3
49049,1
49050,3
49051,3
49052,1
49053,2
49054,0
49055,3
49056,3
49057,2
49058,1
49059,2
49060,0
49061,1
49062,3
49063,3
49064,1
49065,3
49066,2
49067,1
49068,1
49069,3
49070,3
49071,3
49072,1
49073,3
49074,3
49075,2
49076,2
49077,3
49078,3
49079,1
49080,1
49081,2
49082,0
49083,0
49084,2
49085,2
49086,1
49087,3
49088,3
49089,2
49090,1
49091,2
49092,3
49093,1
49094,3
49095,3
49096,1
49097,3
49098,0
49099,3
49100,2
49101,0
49102,2
49103,1
49104,2
49105,2
49106,0
49107,3
49108,3
49109,2
49110,2
49111,2
49112,2
49113,0
49114,2
49115,3
49116,1
49117,1
49118,1
49119,0
49120,3
49121,1
49122,2
49123,3
49124,2
49125,3
49126,3
49127,3
49128,3
49129,0
49130,2
49131,3
49132,3
49133,3
49134,3
49135,3
49136,2
49137,2
49138,2
49139,1
49140,0
49141,0
49142,2
49143,3
49144,3
49145,1
49146,3
49147,1
49148,0
49149,1
49150,0
49151,3
49152,1
49153,1
49154,0
49155,2
49156,1
49157,1
49158,3
49159,1
49160,2
49161,0
49162,3
49163,2
49164,0
49165,1
49166,1
49167,3
49168,3
49169,2
49170,1
49171,1
49172,3
49173,3
49174,3
49175,3
49176,1
49177,3
49178,1
49179,3
49180,3
49181,1
49182,3
49183,3
49184,1
49185,2
49186,2
49187,2
49188,0
49189,3
49190,2
49191,0
49192,1
49193,1
49194,1
49195,2
49196,3
49197,3
49198,3
49199,0
49200,1
49201,3
49202,3
49203,0
49204,1
49205,0
49206,0
49207,3
49208,0
49209,3
49210,3
49211,3
49212,3
49213,0
49214,0
49215,3
49216,3
49217,2
49218,2
49219,1
49220,3
49221,2
49222,0
49223,2
49224,1
49225,0
49226,1
49227,3
49228,3
49229,2
49230,0
49231,3
49232,1
49233,0
49234,2
49235,3
49236,3
49237,3
49238,3
49239,3
49240,1
49241,3
49242,0
49243,2
49244,2
49245,1
49246,2
49247,2
49248,2
49249,0
49250,0
49251,3
49252,1
49253,2
49254,0
49255,0
49256,2
49257,3
49258,1
49259,2
49260,1
49261,3
49262,0
49263,3
49264,2
49265,2
49266,3
49267,0
49268,3
49269,1
49270,0
49271,3
49272,0
49273,2
49274,3
49275,1
49276,2
49277,1
49278,1
49279,3
49280,2
49281,1
49282,1
49283,3
49284,2
49285,2
49286,3
49287,3
49288,0
49289,0
49290,3
49291,1
49292,1
49293,3
49294,1
49295,0
49296,0
49297,2
49298,2
49299,3
49300,3
49301,2
49302,2
49303,1
49304,3
49305,2
49306,1
49307,2
49308,2
49309,2
49310,2
49311,1
49312,3
49313,0
49314,3
49315,1
49316,2
49317,2
49318,3
49319,0
49320,3
49321,1
49322,1
49323,3
49324,3
49325,3
49326,1
49327,1
49328,3
49329,2
49330,3
49331,1
49332,3
49333,3
49334,2
49335,1
49336,2
49337,3
49338,1
49339,1
49340,2
49341,0
49342,0
49343,3
49344,1
49345,3
49346,3
49347,1
49348,2
49349,3
49350,1
49351,1
49352,1
49353,1
49354,0
49355,0
49356,2
49357,1
49358,3
49359,1
49360,3
49361,3
49362,2
49363,1
49364,0
49365,2
49366,3
49367,3
49368,3
49369,0
49370,2
49371,3
49372,2
49373,2
49374,2
49375,0
49376,3
49377,3
49378,1
49379,2
49380,1
49381,0
49382,3
49383,2
49384,1
49385,3
49386,0
49387,0
49388,3
49389,0
49390,2
49391,0
49392,0
49393,3
49394,3
49395,1
49396,1
49397,3
49398,3
49399,2
49400,2
49401,2
49402,0
49403,2
49404,1
49405,3
49406,0
49407,1
49408,1
49409,3
49410,2
49411,3
49412,3
49413,3
49414,1
49415,2
49416,0
49417,0
49418,2
49419,3
49420,1
49421,1
49422,2
49423,0
49424,3
49425,0
49426,0
49427,3
49428,0
49429,2
49430,1
49431,0
49432,2
49433,2
49434,3
49435,3
49436,3
49437,0
49438,0
49439,0
49440,0
49441,0
49442,3
49443,2
49444,1
49445,1
49446,0
49447,0
49448,3
49449,2
49450,0
49451,0
49452,0
49453,3
49454,3
49455,1
49456,3
49457,0
49458,0
49459,1
49460,0
49461,2
49462,1
49463,1
49464,3
49465,1
49466,1
49467,1
49468,2
49469,3
49470,2
49471,0
49472,0
49473,1
49474,2
49475,1
49476,2
49477,0
49478,3
49479,3
49480,3
49481,3
49482,2
49483,3
49484,0
49485,1
49486,2
49487,3
49488,1
49489,1
49490,1
49491,3
49492,3
49493,0
49494,2
49495,2
49496,3
49497,2
49498,0
49499,0
49500,2
49501,0
49502,0
49503,3
49504,3
49505,0
49506,3
49507,1
49508,2
49509,0
49510,2
49511,1
49512,0
49513,1
49514,1
49515,3
49516,3
49517,3
49518,3
49519,0
49520,3
49521,3
49522,2
49523,2
49524,3
49525,2
49526,2
49527,0
49528,3
49529,3
49530,3
49531,2
49532,0
49533,0
49534,2
49535,3
49536,3
49537,2
49538,0
49539,0
49540,2
49541,2
49542,3
49543,2
49544,3
49545,1
49546,1
49547,3
49548,2
49549,1
49550,0
49551,2
49552,2
49553,0
49554,2
49555,3
49556,3
49557,0
49558,2
49559,1
49560,3
49561,3
49562,3
49563,2
49564,2
49565,3
49566,3
49567,1
49568,2
49569,2
49570,1
49571,0
49572,3
49573,1
49574,2
49575,3
49576,3
49577,2
49578,1
49579,2
49580,3
49581,3
49582,3
49583,3
49584,0
49585,1
49586,3
49587,3
49588,3
49589,1
49590,2
49591,0
49592,0
49593,1
49594,3
49595,0
49596,1
49597,0
49598,1
49599,1
49600,3
49601,0
49602,2
49603,1
49604,2
49605,3
49606,1
49607,2
49608,2
49609,3
49610,2
49611,1
49612,3
49613,1
49614,2
49615,3
49616,3
49617,1
49618,2
49619,2
49620,3
49621,0
49622,0
49623,1
49624,1
49625,0
49626,2
49627,2
49628,0
49629,2
49630,3
49631,2
49632,3
49633,2
49634,0
49635,1
49636,2
49637,3
49638,1
49639,3
49640,1
49641,1
49642,2
49643,3
49644,3
49645,2
49646,3
49647,3
49648,3
49649,0
49650,1
49651,2
49652,3
49653,0
49654,1
49655,0
49656,3
49657,0
49658,0
49659,3
49660,3
49661,3
49662,3
49663,2
49664,1
49665,2
49666,2
49667,0
49668,2
49669,3
49670,3
49671,3
49672,0
49673,3
49674,3
49675,0
49676,3
49677,1
49678,2
49679,3
49680,3
49681,2
49682,2
49683,2
49684,2
49685,0
49686,3
49687,2
49688,3
49689,0
49690,3
49691,3
49692,0
49693,2
49694,2
49695,1
49696,2
49697,3
49698,3
49699,0
49700,3
49701,3
49702,2
49703,3
49704,0
49705,2
49706,3
49707,3
49708,3
49709,0
49710,3
49711,3
49712,3
49713,2
49714,3
49715,1
49716,2
49717,0
49718,3
49719,2
49720,2
49721,0
49722,1
49723,1
49724,1
49725,0
49726,1
49727,3
49728,3
49729,2
49730,3
49731,0
49732,1
49733,3
49734,2
49735,1
49736,1
49737,2
49738,2
49739,3
49740,3
49741,2
49742,3
49743,2
49744,1
49745,0
49746,3
49747,0
49748,0
49749,3
49750,3
49751,2
49752,3
49753,3
49754,3
49755,3
49756,3
49757,1
49758,3
49759,0
49760,2
49761,3
49762,2
49763,2
49764,2
49765,0
49766,2
49767,0
49768,1
49769,0
49770,2
49771,1
49772,2
49773,0
49774,1
49775,1
49776,2
49777,1
49778,3
49779,1
49780,0
49781,2
49782,3
49783,0
49784,3
49785,1
49786,0
49787,3
49788,3
49789,3
49790,2
49791,3
49792,2
49793,1
49794,0
49795,3
49796,1
49797,3
49798,3
49799,0
49800,3
49801,1
49802,1
49803,3
49804,3
49805,2
49806,2
49807,2
49808,0
49809,3
49810,2
49811,2
49812,3
49813,2
49814,1
49815,3
49816,0
49817,3
49818,2
49819,3
49820,0
49821,1
49822,1
49823,3
49824,2
49825,2
49826,2
49827,3
49828,3
49829,2
49830,2
49831,3
49832,3
49833,0
49834,2
49835,2
49836,0
49837,1
49838,0
49839,3
49840,1
49841,3
49842,1
49843,3
49844,3
49845,0
49846,1
49847,3
49848,0
49849,3
49850,3
49851,3
49852,1
49853,3
49854,1
49855,3
49856,3
49857,1
49858,2
49859,3
49860,2
49861,1
49862,1
49863,3
49864,1
49865,1
49866,3
49867,2
49868,3
49869,3
49870,1
49871,2
49872,1
49873,0
49874,2
49875,3
49876,0
49877,3
49878,3
49879,3
49880,1
49881,1
49882,3
49883,1
49884,0
49885,3
49886,1
49887,0
49888,3
49889,0
49890,2
49891,3
49892,2
49893,3
49894,2
49895,3
49896,1
49897,2
49898,0
49899,2
49900,2
49901,2
49902,2
49903,3
49904,3
49905,2
49906,1
49907,0
49908,3
49909,3
49910,0
49911,2
49912,3
49913,3
49914,3
49915,1
49916,2
49917,0
49918,2
49919,3
49920,1
49921,0
49922,2
49923,3
49924,3
49925,1
49926,3
49927,0
49928,3
49929,3
49930,3
49931,1
49932,3
49933,3
49934,0
49935,3
49936,1
49937,2
49938,1
49939,3
49940,2
49941,3
49942,2
49943,0
49944,3
49945,2
49946,2
49947,1
49948,2
49949,3
49950,0
49951,1
49952,3
49953,0
49954,2
49955,1
49956,3
49957,2
49958,0
49959,3
49960,3
49961,0
49962,0
49963,3
49964,1
49965,2
49966,2
49967,3
49968,0
49969,0
49970,3
49971,3
49972,3
49973,3
49974,1
49975,3
49976,2
49977,2
49978,2
49979,0
49980,1
49981,2
49982,3
49983,2
49984,2
49985,3
49986,3
49987,1
49988,3
49989,1
49990,1
49991,0
49992,3
49993,0
49994,3
49995,1
49996,0
49997,0
49998,2
49999,0
50000,2
50001,3
50002,3
50003,2
50004,3
50005,2
50006,3
50007,0
50008,1
50009,2
50010,2
50011,0
50012,0
50013,3
50014,0
50015,1
50016,1
50017,1
50018,3
50019,1
50020,3
50021,1
50022,0
50023,3
50024,3
50025,2
50026,3
50027,3
50028,0
50029,3
50030,3
50031,3
50032,3
50033,0
50034,2
50035,3
50036,1
50037,3
50038,2
50039,0
50040,3
50041,2
50042,2
50043,2
50044,2
50045,0
50046,3
50047,0
50048,2
50049,1
50050,1
50051,2
50052,3
50053,3
50054,3
50055,0
50056,2
50057,3
50058,3
50059,1
50060,2
50061,3
50062,0
50063,0
50064,2
50065,0
50066,3
50067,1
50068,2
50069,1
50070,3
50071,0
50072,3
50073,2
50074,2
50075,1
50076,0
50077,2
50078,1
50079,0
50080,2
50081,1
50082,3
50083,2
50084,2
50085,3
50086,3
50087,3
50088,0
50089,3
50090,0
50091,2
50092,0
50093,3
50094,2
50095,1
50096,3
50097,3
50098,2
50099,3
50100,2
50101,0
50102,2
50103,1
50104,2
50105,2
50106,0
50107,1
50108,1
50109,0
50110,2
50111,1
50112,3
50113,3
50114,3
50115,1
50116,2
50117,2
50118,0
50119,3
50120,3
50121,0
50122,1
50123,3
50124,1
50125,0
50126,0
50127,3
50128,3
50129,2
50130,0
50131,1
50132,3
50133,3
50134,3
50135,3
50136,3
50137,3
50138,3
50139,2
50140,0
50141,3
50142,0
50143,3
50144,2
50145,2
50146,3
50147,2
50148,2
50149,1
50150,3
50151,1
50152,2
50153,0
50154,3
50155,3
50156,3
50157,1
50158,1
50159,1
50160,1
50161,1
50162,2
50163,0
50164,2
50165,2
50166,0
50167,3
50168,3
50169,0
50170,1
50171,2
50172,0
50173,0
50174,1
50175,3
50176,3
50177,1
50178,2
50179,2
50180,0
50181,3
50182,0
50183,3
50184,0
50185,1
50186,2
50187,2
50188,1
50189,3
50190,3
50191,3
50192,3
50193,1
50194,0
50195,3
50196,2
50197,1
50198,2
50199,3
50200,3
50201,3
50202,3
50203,0
50204,0
50205,3
50206,1
50207,3
50208,1
50209,3
50210,1
50211,1
50212,2
50213,3
50214,0
50215,2
50216,2
50217,3
50218,0
50219,3
50220,3
50221,2
50222,0
50223,3
50224,3
50225,2
50226,0
50227,0
50228,2
50229,3
50230,1
50231,2
50232,0
50233,3
50234,3
50235,2
50236,2
50237,0
50238,3
50239,1
50240,2
50241,3
50242,3
50243,3
50244,3
50245,3
50246,3
50247,2
50248,1
50249,1
50250,2
50251,3
50252,3
50253,1
50254,0
50255,1
50256,1
50257,3
50258,3
50259,3
50260,3
50261,1
50262,0
50263,0
50264,2
50265,3
50266,3
50267,3
50268,1
50269,0
50270,0
50271,3
50272,1
50273,3
50274,3
50275,0
50276,1
50277,2
50278,0
50279,0
50280,2
50281,1
50282,3
50283,3
50284,3
50285,1
50286,2
50287,3
50288,1
50289,2
50290,3
50291,3
50292,3
50293,3
50294,2
50295,1
50296,0
50297,2
50298,3
50299,1
50300,3
50301,0
50302,0
50303,2
50304,2
50305,1
50306,3
50307,3
50308,0
50309,1
50310,2
50311,3
50312,1
50313,3
50314,3
50315,1
50316,2
50317,3
50318,1
50319,3
50320,2
50321,1
50322,0
50323,2
50324,1
50325,1
50326,3
50327,3
50328,2
50329,2
50330,1
50331,3
50332,3
50333,1
50334,1
50335,3
50336,0
50337,3
50338,1
50339,3
50340,3
50341,2
50342,3
50343,2
50344,3
50345,3
50346,2
50347,0
50348,3
50349,3
50350,2
50351,3
50352,3
50353,2
50354,1
50355,3
50356,2
50357,0
50358,1
50359,3
50360,2
50361,3
50362,1
50363,3
50364,0
50365,3
50366,3
50367,1
50368,3
50369,2
50370,2
50371,1
50372,1
50373,3
50374,2
50375,0
50376,0
50377,0
50378,1
50379,3
50380,3
50381,3
50382,3
50383,0
50384,0
50385,2
50386,3
50387,1
50388,0
50389,2
50390,3
50391,3
50392,3
50393,2
50394,3
50395,3
50396,1
50397,1
50398,0
50399,3
50400,0
50401,1
50402,1
50403,3
50404,1
50405,1
50406,3
50407,3
50408,2
50409,3
50410,1
50411,2
50412,3
50413,1
50414,3
50415,3
50416,3
50417,0
50418,1
50419,3
50420,1
50421,2
50422,2
50423,2
50424,3
50425,3
50426,3
50427,3
50428,1
50429,0
50430,1
50431,2
50432,1
50433,2
50434,3
50435,3
50436,3
50437,3
50438,2
50439,0
50440,1
50441,2
50442,2
50443,1
50444,3
50445,2
50446,2
50447,3
50448,3
50449,3
50450,1
50451,2
50452,1
50453,1
50454,1
50455,0
50456,0
50457,1
50458,1
50459,1
50460,0
50461,1
50462,2
50463,0
50464,2
50465,2
50466,3
50467,2
50468,3
50469,0
50470,2
50471,2
50472,2
50473,0
50474,0
50475,3
50476,1
50477,1
50478,3
50479,0
50480,0
50481,3
50482,1
50483,0
50484,3
50485,3
50486,1
50487,2
50488,3
50489,3
50490,2
50491,0
50492,2
50493,0
50494,3
50495,3
50496,0
50497,3
50498,0
50499,2
50500,2
50501,3
50502,1
50503,3
50504,0
50505,1
50506,2
50507,3
50508,0
50509,1
50510,3
50511,0
50512,3
50513,3
50514,3
50515,2
50516,2
50517,0
50518,0
50519,1
50520,3
50521,1
50522,3
50523,3
50524,0
50525,1
50526,3
50527,2
50528,3
50529,2
50530,2
50531,0
50532,1
50533,3
50534,3
50535,3
50536,3
50537,1
50538,2
50539,0
50540,2
50541,1
50542,1
50543,0
50544,2
50545,3
50546,3
50547,0
50548,1
50549,0
50550,3
50551,3
50552,2
50553,1
50554,3
50555,3
50556,3
50557,3
50558,3
50559,1
50560,2
50561,1
50562,2
50563,3
50564,3
50565,3
50566,1
50567,3
50568,0
50569,1
50570,3
50571,0
50572,0
50573,2
50574,0
50575,1
50576,2
50577,1
50578,1
50579,1
50580,3
50581,3
50582,1
50583,3
50584,1
50585,3
50586,1
50587,0
50588,2
50589,2
50590,2
50591,2
50592,3
50593,2
50594,3
50595,3
50596,3
50597,3
50598,1
50599,3
50600,1
50601,2
50602,1
50603,0
50604,3
50605,0
50606,3
50607,1
50608,0
50609,3
50610,2
50611,0
50612,2
50613,2
50614,3
50615,1
50616,1
50617,1
50618,0
50619,2
50620,3
50621,2
50622,1
50623,2
50624,3
50625,3
50626,3
50627,2
50628,0
50629,3
50630,3
50631,3
50632,2
50633,3
50634,3
50635,0
50636,2
50637,1
50638,3
50639,2
50640,1
50641,3
50642,1
50643,2
50644,0
50645,1
50646,2
50647,0
50648,0
50649,3
50650,0
50651,0
50652,1
50653,3
50654,0
50655,1
50656,2
50657,1
50658,3
50659,3
50660,3
50661,3
50662,2
50663,0
50664,0
50665,1
50666,1
50667,0
50668,3
50669,3
50670,3
50671,0
50672,3
50673,3
50674,1
50675,3
50676,1
50677,0
50678,3
50679,3
50680,0
50681,3
50682,0
50683,2
50684,1
50685,1
50686,3
50687,3
50688,2
50689,1
50690,2
50691,1
50692,2
50693,2
50694,2
50695,2
50696,0
50697,2
50698,2
50699,1
50700,0
50701,1
50702,1
50703,0
50704,3
50705,0
50706,2
50707,3
50708,2
50709,3
50710,1
50711,2
50712,1
50713,3
50714,2
50715,2
50716,1
50717,0
50718,3
50719,3
50720,1
50721,0
50722,0
50723,0
50724,3
50725,1
50726,0
50727,0
50728,1
50729,3
50730,3
50731,0
50732,3
50733,0
50734,3
50735,1
50736,3
50737,2
50738,0
50739,3
50740,1
50741,3
50742,2
50743,3
50744,1
50745,3
50746,2
50747,3
50748,0
50749,1
50750,3
50751,0
50752,0
50753,1
50754,2
50755,3
50756,1
50757,2
50758,0
50759,2
50760,1
50761,3
50762,2
50763,2
50764,2
50765,2
50766,2
50767,2
50768,2
50769,0
50770,1
50771,2
50772,2
50773,2
50774,3
50775,2
50776,0
50777,3
50778,1
50779,3
50780,1
50781,3
50782,0
50783,2
50784,3
50785,3
50786,3
50787,3
50788,1
50789,2
50790,0
50791,0
50792,0
50793,2
50794,2
50795,1
50796,0
50797,3
50798,1
50799,3
50800,3
50801,3
50802,3
50803,3
50804,3
50805,3
50806,2
50807,3
50808,3
50809,2
50810,2
50811,3
50812,0
50813,1
50814,0
50815,1
50816,3
50817,2
50818,0
50819,1
50820,1
50821,2
50822,3
50823,1
50824,0
50825,3
50826,2
50827,1
50828,3
50829,3
50830,0
50831,1
50832,1
50833,0
50834,1
50835,3
50836,3
50837,1
50838,0
50839,1
50840,0
50841,1
50842,2
50843,3
50844,0
50845,3
50846,2
50847,2
50848,3
50849,3
50850,1
50851,3
50852,0
50853,3
50854,3
50855,1
50856,2
50857,3
50858,2
50859,2
50860,3
50861,1
50862,1
50863,2
50864,2
50865,0
50866,3
50867,2
50868,1
50869,3
50870,3
50871,0
50872,2
50873,3
50874,3
50875,2
50876,1
50877,2
50878,2
50879,1
50880,1
50881,2
50882,0
50883,2
50884,2
50885,1
50886,2
50887,2
50888,1
50889,3
50890,0
50891,3
50892,0
50893,3
50894,3
50895,3
50896,1
50897,2
50898,3
50899,1
50900,2
50901,3
50902,2
50903,3
50904,0
50905,0
50906,3
50907,3
50908,1
50909,2
50910,1
50911,3
50912,0
50913,3
50914,0
50915,0
50916,3
50917,3
50918,3
50919,3
50920,2
50921,1
50922,3
50923,3
50924,3
50925,2
50926,1
50927,0
50928,0
50929,3
50930,3
50931,2
50932,1
50933,0
50934,0
50935,2
50936,3
50937,0
50938,0
50939,3
50940,3
50941,1
50942,3
50943,3
50944,3
50945,1
50946,1
50947,1
50948,1
50949,3
50950,3
50951,3
50952,3
50953,0
50954,2
50955,2
50956,3
50957,3
50958,0
50959,1
50960,3
50961,3
50962,0
50963,1
50964,1
50965,3
50966,3
50967,1
50968,3
50969,0
50970,1
50971,2
50972,3
50973,1
50974,3
50975,3
50976,2
50977,3
50978,0
50979,1
50980,3
50981,2
50982,0
50983,0
50984,3
50985,0
50986,2
50987,0
50988,3
50989,3
50990,3
50991,1
50992,1
50993,1
50994,2
50995,0
50996,2
50997,3
50998,0
50999,1
51000,2
51001,1
51002,2
51003,3
51004,3
51005,2
51006,2
51007,0
51008,3
51009,1
51010,3
51011,3
51012,3
51013,2
51014,1
51015,2
51016,0
51017,2
51018,3
51019,2
51020,1
51021,2
51022,1
51023,3
51024,1
51025,2
51026,3
51027,3
51028,2
51029,3
51030,2
51031,3
51032,0
51033,1
51034,1
51035,0
51036,0
51037,1
51038,3
51039,0
51040,3
51041,2
51042,3
51043,0
51044,1
51045,3
51046,2
51047,3
51048,3
51049,2
51050,3
51051,0
51052,2
51053,3
51054,2
51055,2
51056,0
51057,3
51058,1
51059,0
51060,1
51061,2
51062,3
51063,2
51064,1
51065,2
51066,2
51067,1
51068,3
51069,2
51070,2
51071,0
51072,2
51073,2
51074,1
51075,3
51076,2
51077,2
51078,3
51079,3
51080,2
51081,1
51082,2
51083,1
51084,0
51085,2
51086,0
51087,1
51088,3
51089,2
51090,3
51091,3
51092,3
51093,2
51094,0
51095,3
51096,1
51097,2
51098,2
51099,1
51100,1
51101,1
51102,3
51103,1
51104,3
51105,1
51106,1
51107,0
51108,3
51109,3
51110,2
51111,1
51112,1
51113,0
51114,3
51115,1
51116,1
51117,2
51118,3
51119,1
51120,0
51121,3
51122,0
51123,2
51124,0
51125,2
51126,0
51127,0
51128,1
51129,3
51130,2
51131,3
51132,0
51133,3
51134,1
51135,3
51136,2
51137,2
51138,1
51139,3
51140,3
51141,1
51142,2
51143,1
51144,2
51145,3
51146,1
51147,0
51148,0
51149,1
51150,1
51151,3
51152,1
51153,3
51154,3
51155,1
51156,1
51157,2
51158,0
51159,2
51160,0
51161,3
51162,0
51163,3
51164,0
51165,2
51166,2
51167,0
51168,2
51169,1
51170,3
51171,2
51172,3
51173,1
51174,2
51175,3
51176,1
51177,0
51178,3
51179,1
51180,3
51181,3
51182,0
51183,3
51184,1
51185,2
51186,1
51187,3
51188,3
51189,3
51190,2
51191,3
51192,0
51193,1
51194,3
51195,3
51196,2
51197,3
51198,0
51199,1
51200,1
51201,2
51202,3
51203,3
51204,1
51205,2
51206,1
51207,3
51208,1
51209,3
51210,3
51211,3
51212,2
51213,0
51214,3
51215,3
51216,1
51217,2
51218,1
51219,1
51220,1
51221,0
51222,3
51223,3
51224,1
51225,3
51226,1
51227,0
51228,0
51229,1
51230,3
51231,2
51232,0
51233,3
51234,3
51235,3
51236,2
51237,3
51238,0
51239,3
51240,0
51241,2
51242,0
51243,1
51244,3
51245,3
51246,3
51247,0
51248,1
51249,2
51250,3
51251,2
51252,1
51253,2
51254,2
51255,3
51256,1
51257,1
51258,1
51259,2
51260,3
51261,3
51262,2
51263,3
51264,1
51265,1
51266,3
51267,3
51268,2
51269,3
51270,0
51271,2
51272,2
51273,3
51274,2
51275,0
51276,2
51277,0
51278,2
51279,1
51280,3
51281,1
51282,1
51283,0
51284,0
51285,2
51286,3
51287,1
51288,0
51289,3
51290,2
51291,1
51292,1
51293,2
51294,3
51295,3
51296,3
51297,2
51298,0
51299,1
51300,1
51301,1
51302,2
51303,3
51304,1
51305,3
51306,1
51307,2
51308,3
51309,2
51310,1
51311,2
51312,3
51313,0
51314,1
51315,1
51316,3
51317,3
51318,3
51319,3
51320,2
51321,3
51322,3
51323,3
51324,3
51325,2
51326,2
51327,1
51328,3
51329,2
51330,3
51331,3
51332,3
51333,1
51334,0
51335,2
51336,0
51337,1
51338,1
51339,1
51340,3
51341,0
51342,0
51343,0
51344,2
51345,3
51346,1
51347,3
51348,2
51349,1
51350,1
51351,3
51352,0
51353,1
51354,0
51355,0
51356,3
51357,0
51358,1
51359,1
51360,2
51361,3
51362,3
51363,2
51364,2
51365,2
51366,2
51367,1
51368,0
51369,1
51370,3
51371,3
51372,2
51373,0
51374,3
51375,3
51376,2
51377,3
51378,3
51379,0
51380,1
51381,3
51382,3
51383,0
51384,0
51385,3
51386,3
51387,0
51388,3
51389,3
51390,2
51391,3
51392,0
51393,2
51394,3
51395,1
51396,3
51397,3
51398,3
51399,1
51400,2
51401,3
51402,0
51403,1
51404,3
51405,2
51406,3
51407,0
51408,1
51409,3
51410,3
51411,3
51412,2
51413,3
51414,3
51415,3
51416,1
51417,2
51418,2
51419,2
51420,3
51421,1
51422,3
51423,3
51424,3
51425,1
51426,0
51427,0
51428,0
51429,3
51430,2
51431,3
51432,0
51433,0
51434,3
51435,1
51436,1
51437,1
51438,0
51439,3
51440,1
51441,0
51442,2
51443,2
51444,2
51445,1
51446,1
51447,3
51448,3
51449,2
51450,1
51451,2
51452,2
51453,1
51454,3
51455,2
51456,1
51457,1
51458,3
51459,3
51460,3
51461,3
51462,3
51463,2
51464,1
51465,3
51466,0
51467,3
51468,3
51469,1
51470,2
51471,1
51472,1
51473,2
51474,0
51475,3
51476,3
51477,2
51478,2
51479,1
51480,1
51481,1
51482,1
51483,2
51484,0
51485,0
51486,3
51487,0
51488,3
51489,2
51490,1
51491,3
51492,1
51493,3
51494,3
51495,3
51496,0
51497,0
51498,2
51499,3
51500,1
51501,0
51502,3
51503,2
51504,2
51505,0
51506,1
51507,3
51508,1
51509,1
51510,0
51511,2
51512,3
51513,0
51514,2
51515,3
51516,2
51517,3
51518,2
51519,2
51520,1
51521,1
51522,2
51523,2
51524,0
51525,2
51526,0
51527,0
51528,3
51529,3
51530,2
51531,2
51532,1
51533,2
51534,0
51535,3
51536,1
51537,0
51538,0
51539,1
51540,0
51541,0
51542,3
51543,3
51544,3
51545,1
51546,0
51547,3
51548,3
51549,0
51550,3
51551,0
51552,2
51553,1
51554,3
51555,1
51556,3
51557,1
51558,3
51559,2
51560,3
51561,0
51562,0
51563,3
51564,3
51565,1
51566,3
51567,2
51568,3
51569,3
51570,0
51571,2
51572,3
51573,3
51574,3
51575,3
51576,3
51577,3
51578,1
51579,0
51580,3
51581,0
51582,2
51583,3
51584,2
51585,2
51586,1
51587,3
51588,0
51589,2
51590,2
51591,3
51592,0
51593,0
51594,3
51595,0
51596,0
51597,3
51598,3
51599,1
51600,2
51601,2
51602,0
51603,1
51604,3
51605,0
51606,3
51607,1
51608,3
51609,2
51610,1
51611,3
51612,2
51613,0
51614,2
51615,0
51616,0
51617,0
51618,2
51619,3
51620,1
51621,2
51622,3
51623,3
51624,0
51625,3
51626,3
51627,2
51628,1
51629,1
51630,3
51631,3
51632,2
51633,3
51634,3
51635,2
51636,1
51637,3
51638,1
51639,0
51640,2
51641,3
51642,2
51643,1
51644,0
51645,3
51646,0
51647,1
51648,2
51649,1
51650,3
51651,2
51652,3
51653,2
51654,3
51655,0
51656,2
51657,0
51658,3
51659,1
51660,3
51661,1
51662,3
51663,2
51664,0
51665,1
51666,1
51667,1
51668,3
51669,2
51670,3
51671,3
51672,0
51673,1
51674,3
51675,1
51676,2
51677,3
51678,3
51679,3
51680,0
51681,2
51682,2
51683,2
51684,0
51685,2
51686,0
51687,0
51688,0
51689,1
51690,0
51691,3
51692,0
51693,3
51694,3
51695,0
51696,2
51697,1
51698,3
51699,2
51700,3
51701,2
51702,3
51703,1
51704,3
51705,1
51706,2
51707,1
51708,2
51709,3
51710,1
51711,2
51712,2
51713,0
51714,2
51715,2
51716,3
51717,1
51718,3
51719,3
51720,3
51721,1
51722,2
51723,0
51724,0
51725,0
51726,3
51727,1
51728,3
51729,3
51730,3
51731,2
51732,2
51733,1
51734,3
51735,1
51736,0
51737,3
51738,3
51739,3
51740,0
51741,1
51742,2
51743,0
51744,3
51745,3
51746,1
51747,1
51748,0
51749,1
51750,2
51751,2
51752,1
51753,1
51754,2
51755,1
51756,0
51757,2
51758,3
51759,3
51760,1
51761,2
51762,2
51763,1
51764,1
51765,3
51766,0
51767,0
51768,2
51769,3
51770,0
51771,1
51772,1
51773,3
51774,2
51775,1
51776,2
51777,3
51778,2
51779,3
51780,3
51781,3
51782,1
51783,0
51784,2
51785,3
51786,2
51787,3
51788,2
51789,1
51790,2
51791,0
51792,0
51793,3
51794,0
51795,0
51796,3
51797,2
51798,2
51799,3
51800,3
51801,0
51802,1
51803,3
51804,3
51805,2
51806,1
51807,2
51808,3
51809,1
51810,2
51811,1
51812,1
51813,1
51814,2
51815,3
51816,2
51817,0
51818,3
51819,1
51820,3
51821,0
51822,2
51823,2
51824,0
51825,2
51826,3
51827,2
51828,0
51829,3
51830,3
51831,0
51832,3
51833,3
51834,3
51835,3
51836,0
51837,3
51838,0
51839,0
51840,3
51841,3
51842,2
51843,3
51844,0
51845,1
51846,1
51847,1
51848,2
51849,3
51850,3
51851,1
51852,3
51853,3
51854,2
51855,3
51856,2
51857,3
51858,1
51859,2
51860,2
51861,2
51862,1
51863,3
51864,2
51865,0
51866,3
51867,3
51868,2
51869,1
51870,3
51871,3
51872,2
51873,3
51874,3
51875,2
51876,3
51877,3
51878,3
51879,3
51880,1
51881,2
51882,3
51883,0
51884,2
51885,0
51886,3
51887,1
51888,1
51889,3
51890,3
51891,3
51892,3
51893,1
51894,3
51895,0
51896,2
51897,0
51898,3
51899,3
51900,3
51901,2
51902,3
51903,2
51904,1
51905,2
51906,1
51907,0
51908,3
51909,2
51910,2
51911,3
51912,3
51913,2
51914,0
51915,1
51916,0
51917,0
51918,2
51919,3
51920,2
51921,3
51922,3
51923,3
51924,3
51925,2
51926,3
51927,0
51928,1
51929,3
51930,3
51931,2
51932,3
51933,3
51934,3
51935,1
51936,3
51937,3
51938,3
51939,2
51940,3
51941,1
51942,2
51943,3
51944,1
51945,1
51946,1
51947,0
51948,1
51949,3
51950,0
51951,3
51952,0
51953,2
51954,2
51955,3
51956,3
51957,1
51958,1
51959,3
51960,0
51961,2
51962,3
51963,2
51964,2
51965,3
51966,3
51967,2
51968,3
51969,2
51970,0
51971,1
51972,0
51973,3
51974,3
51975,1
51976,0
51977,1
51978,1
51979,3
51980,1
51981,2
51982,3
51983,3
51984,1
51985,3
51986,3
51987,1
51988,3
51989,2
51990,0
51991,0
51992,2
51993,1
51994,3
51995,2
51996,1
51997,1
51998,2
51999,2
52000,2
52001,3
52002,3
52003,3
52004,3
52005,2
52006,0
52007,2
52008,2
52009,1
52010,2
52011,1
52012,0
52013,1
52014,0
52015,2
52016,3
52017,1
52018,1
52019,1
52020,0
52021,3
52022,2
52023,3
52024,0
52025,2
52026,2
52027,2
52028,1
52029,3
52030,0
52031,3
52032,0
52033,0
52034,0
52035,1
52036,0
52037,0
52038,2
52039,2
52040,3
52041,0
52042,0
52043,2
52044,2
52045,0
52046,3
52047,3
52048,1
52049,2
52050,0
52051,2
52052,1
52053,2
52054,3
52055,3
52056,3
52057,3
52058,3
52059,1
52060,3
52061,1
52062,2
52063,0
52064,3
52065,1
52066,3
52067,2
52068,3
52069,3
52070,3
52071,2
52072,3
52073,1
52074,2
52075,3
52076,3
52077,0
52078,2
52079,3
52080,2
52081,3
52082,1
52083,1
52084,2
52085,2
52086,1
52087,1
52088,2
52089,2
52090,2
52091,1
52092,2
52093,1
52094,3
52095,2
52096,2
52097,2
52098,0
52099,1
52100,0
52101,1
52102,3
52103,3
52104,1
52105,3
52106,1
52107,1
52108,3
52109,1
52110,3
52111,1
52112,3
52113,0
52114,1
52115,1
52116,3
52117,0
52118,3
52119,3
52120,3
52121,2
52122,0
52123,0
52124,2
52125,3
52126,3
52127,2
52128,3
52129,2
52130,0
52131,1
52132,1
52133,2
52134,1
52135,1
52136,2
52137,3
52138,1
52139,2
52140,2
52141,2
52142,1
52143,2
52144,0
52145,3
52146,1
52147,2
52148,0
52149,3
52150,1
52151,1
52152,2
52153,3
52154,2
52155,0
52156,2
52157,0
52158,1
52159,1
52160,0
52161,2
52162,1
52163,2
52164,2
52165,0
52166,3
52167,0
52168,1
52169,3
52170,2
52171,3
52172,3
52173,3
52174,2
52175,0
52176,3
52177,2
52178,2
52179,3
52180,3
52181,2
52182,1
52183,1
52184,1
52185,3
52186,1
52187,3
52188,1
52189,3
52190,2
52191,1
52192,3
52193,3
52194,0
52195,0
52196,1
52197,3
52198,0
52199,3
52200,0
52201,0
52202,3
52203,0
52204,3
52205,3
52206,2
52207,2
52208,3
52209,3
52210,2
52211,3
52212,0
52213,3
52214,3
52215,1
52216,3
52217,2
52218,1
52219,3
52220,2
52221,1
52222,2
52223,2
52224,1
52225,1
52226,3
52227,3
52228,1
52229,0
52230,1
52231,2
52232,2
52233,0
52234,3
52235,1
52236,3
52237,1
52238,3
52239,0
52240,3
52241,1
52242,2
52243,2
52244,2
52245,0
52246,2
52247,1
52248,2
52249,3
52250,3
52251,3
52252,0
52253,3
52254,3
52255,2
52256,1
52257,0
52258,3
52259,0
52260,2
52261,1
52262,3
52263,3
52264,2
52265,2
52266,0
52267,1
52268,1
52269,0
52270,3
52271,2
52272,3
52273,2
52274,2
52275,3
52276,3
52277,2
52278,0
52279,3
52280,2
52281,3
52282,3
52283,3
52284,0
52285,3
52286,1
52287,3
52288,2
52289,1
52290,3
52291,3
52292,3
52293,2
52294,3
52295,1
52296,0
52297,3
52298,2
52299,1
52300,1
52301,3
52302,0
52303,3
52304,2
52305,3
52306,3
52307,2
52308,3
52309,3
52310,3
52311,0
52312,1
52313,2
52314,2
52315,2
52316,1
52317,3
52318,3
52319,2
52320,1
52321,3
52322,1
52323,3
52324,3
52325,0
52326,0
52327,1
52328,3
52329,0
52330,2
52331,2
52332,2
52333,1
52334,1
52335,3
52336,1
52337,1
52338,0
52339,1
52340,2
52341,2
52342,1
52343,1
52344,0
52345,3
52346,2
52347,3
52348,3
52349,0
52350,2
52351,0
52352,3
52353,0
52354,3
52355,0
52356,0
52357,3
52358,1
52359,1
52360,3
52361,2
52362,0
52363,3
52364,2
52365,3
52366,1
52367,3
52368,3
52369,1
52370,2
52371,3
52372,2
52373,0
52374,0
52375,2
52376,0
52377,0
52378,2
52379,1
52380,3
52381,1
52382,0
52383,3
52384,3
52385,2
52386,3
52387,3
52388,2
52389,2
52390,0
52391,1
52392,0
52393,2
52394,0
52395,2
52396,2
52397,0
52398,3
52399,0
52400,3
52401,2
52402,2
52403,1
52404,1
52405,1
52406,3
52407,0
52408,1
52409,1
52410,0
52411,3
52412,1
52413,0
52414,2
52415,2
52416,3
52417,2
52418,2
52419,1
52420,3
52421,0
52422,3
52423,1
52424,2
52425,3
52426,2
52427,3
52428,2
52429,2
52430,0
52431,3
52432,3
52433,3
52434,2
52435,2
52436,3
52437,3
52438,3
52439,3
52440,1
52441,0
52442,3
52443,3
52444,3
52445,1
52446,1
52447,3
52448,3
52449,3
52450,1
52451,0
52452,0
52453,0
52454,0
52455,1
52456,1
52457,1
52458,0
52459,3
52460,0
52461,2
52462,0
52463,1
52464,3
52465,1
52466,2
52467,3
52468,2
52469,1
52470,1
52471,3
52472,0
52473,3
52474,0
52475,3
52476,3
52477,3
52478,3
52479,1
52480,3
52481,1
52482,1
52483,1
52484,0
52485,0
52486,1
52487,3
52488,3
52489,2
52490,3
52491,0
52492,0
52493,0
52494,1
52495,2
52496,2
52497,0
52498,2
52499,0
52500,1
52501,3
52502,2
52503,2
52504,3
52505,3
52506,3
52507,3
52508,0
52509,2
52510,2
52511,0
52512,3
52513,1
52514,1
52515,2
52516,3
52517,1
52518,3
52519,1
52520,2
52521,1
52522,1
52523,2
52524,3
52525,1
52526,2
52527,1
52528,1
52529,1
52530,3
52531,3
52532,1
52533,1
52534,3
52535,0
52536,3
52537,3
52538,0
52539,3
52540,1
52541,3
52542,0
52543,1
52544,3
52545,1
52546,0
52547,1
52548,3
52549,1
52550,3
52551,3
52552,1
52553,3
52554,3
52555,0
52556,2
52557,1
52558,1
52559,1
52560,3
52561,2
52562,1
52563,3
52564,2
52565,2
52566,3
52567,3
52568,1
52569,3
52570,1
52571,3
52572,3
52573,0
52574,3
52575,1
52576,3
52577,1
52578,1
52579,1
52580,3
52581,1
52582,3
52583,3
52584,3
52585,3
52586,1
52587,2
52588,1
52589,2
52590,3
52591,1
52592,0
52593,2
52594,2
52595,0
52596,2
52597,1
52598,1
52599,2
52600,2
52601,2
52602,1
52603,3
52604,3
52605,1
52606,3
52607,2
52608,3
52609,2
52610,3
52611,3
52612,1
52613,3
52614,3
52615,0
52616,1
52617,2
52618,0
52619,1
52620,2
52621,1
52622,0
52623,3
52624,0
52625,3
52626,3
52627,1
52628,1
52629,3
52630,0
52631,3
52632,3
52633,2
52634,3
52635,3
52636,2
52637,3
52638,3
52639,0
52640,3
52641,1
52642,3
52643,3
52644,3
52645,2
52646,2
52647,3
52648,3
52649,2
52650,1
52651,1
52652,2
52653,3
52654,1
52655,3
52656,3
52657,1
52658,0
52659,2
52660,3
52661,2
52662,2
52663,2
52664,3
52665,2
52666,3
52667,0
52668,2
52669,1
52670,3
52671,1
52672,2
52673,0
52674,0
52675,3
52676,1
52677,0
52678,2
52679,1
52680,3
52681,2
52682,2
52683,0
52684,1
52685,1
52686,0
52687,2
52688,2
52689,0
52690,1
52691,1
52692,0
52693,2
52694,2
52695,3
52696,1
52697,3
52698,0
52699,2
52700,3
52701,3
52702,3
52703,1
52704,2
52705,0
52706,2
52707,3
52708,3
52709,1
52710,2
52711,0
52712,3
52713,3
52714,2
52715,2
52716,3
52717,2
52718,1
52719,3
52720,2
52721,3
52722,1
52723,0
52724,2
52725,1
52726,1
52727,3
52728,2
52729,0
52730,2
52731,1
52732,1
52733,1
52734,2
52735,0
52736,0
52737,0
52738,1
52739,3
52740,0
52741,1
52742,1
52743,1
52744,2
52745,2
52746,3
52747,3
52748,1
52749,1
52750,3
52751,0
52752,3
52753,3
52754,0
52755,1
52756,3
52757,3
52758,1
52759,0
52760,2
52761,1
52762,2
52763,1
52764,0
52765,2
52766,3
52767,0
52768,3
52769,3
52770,3
52771,2
52772,3
52773,1
52774,1
52775,1
52776,3
52777,2
52778,0
52779,0
52780,3
52781,3
52782,2
52783,1
52784,2
52785,1
52786,1
52787,1
52788,3
52789,0
52790,2
52791,3
52792,2
52793,3
52794,3
52795,0
52796,3
52797,3
52798,0
52799,0
52800,3
52801,3
52802,3
52803,1
52804,0
52805,1
52806,2
52807,0
52808,3
52809,3
52810,0
52811,2
52812,3
52813,3
52814,3
52815,0
52816,2
52817,1
52818,0
52819,3
52820,1
52821,0
52822,2
52823,2
52824,3
52825,3
52826,1
52827,3
52828,2
52829,0
52830,3
52831,2
52832,0
52833,1
52834,3
52835,1
52836,3
52837,3
52838,0
52839,0
52840,2
52841,0
52842,2
52843,0
52844,1
52845,2
52846,0
52847,3
52848,2
52849,1
52850,1
52851,3
52852,1
52853,3
52854,2
52855,3
52856,0
52857,1
52858,0
52859,3
52860,1
52861,0
52862,1
52863,0
52864,1
52865,3
52866,1
52867,3
52868,2
52869,3
52870,2
52871,3
52872,1
52873,3
52874,0
52875,2
52876,1
52877,1
52878,1
52879,2
52880,0
52881,1
52882,0
52883,3
52884,3
52885,3
52886,3
52887,3
52888,3
52889,1
52890,1
52891,3
52892,3
52893,1
52894,2
52895,3
52896,3
52897,3
52898,0
52899,1
52900,2
52901,3
52902,2
52903,2
52904,2
52905,1
52906,0
52907,0
52908,2
52909,2
52910,0
52911,1
52912,2
52913,2
52914,0
52915,3
52916,0
52917,2
52918,0
52919,3
52920,0
52921,2
52922,3
52923,0
52924,3
52925,3
52926,2
52927,3
52928,0
52929,3
52930,1
52931,3
52932,3
52933,2
52934,3
52935,3
52936,1
52937,3
52938,2
52939,3
52940,3
52941,2
52942,2
52943,2
52944,0
52945,3
52946,2
52947,1
52948,3
52949,1
52950,2
52951,0
52952,0
52953,3
52954,2
52955,2
52956,1
52957,3
52958,3
52959,2
52960,3
52961,0
52962,0
52963,3
52964,1
52965,2
52966,3
52967,1
52968,2
52969,2
52970,1
52971,2
52972,3
52973,3
52974,1
52975,3
52976,2
52977,0
52978,2
52979,0
52980,1
52981,3
52982,2
52983,1
52984,3
52985,1
52986,0
52987,1
52988,2
52989,0
52990,2
52991,0
52992,1
52993,3
52994,3
52995,3
52996,1
52997,0
52998,2
52999,1
53000,1
53001,3
53002,3
53003,0
53004,3
53005,3
53006,3
53007,3
53008,0
53009,1
53010,1
53011,2
53012,2
53013,3
53014,1
53015,3
53016,3
53017,0
53018,1
53019,1
53020,1
53021,2
53022,2
53023,2
53024,0
53025,1
53026,0
53027,3
53028,3
53029,3
53030,3
53031,3
53032,2
53033,3
53034,1
53035,2
53036,3
53037,3
53038,3
53039,3
53040,2
53041,0
53042,2
53043,3
53044,3
53045,3
53046,1
53047,0
53048,3
53049,0
53050,2
53051,2
53052,2
53053,2
53054,2
53055,1
53056,3
53057,2
53058,3
53059,1
53060,2
53061,1
53062,0
53063,3
53064,2
53065,3
53066,1
53067,3
53068,0
53069,3
53070,0
53071,0
53072,3
53073,1
53074,3
53075,2
53076,2
53077,2
53078,1
53079,3
53080,0
53081,3
53082,3
53083,1
53084,0
53085,3
53086,0
53087,3
53088,3
53089,2
53090,3
53091,3
53092,3
53093,0
53094,1
53095,1
53096,2
53097,1
53098,2
53099,2
53100,3
53101,3
53102,3
53103,1
53104,3
53105,3
53106,3
53107,3
53108,2
53109,3
53110,0
53111,2
53112,3
53113,2
53114,0
53115,1
53116,3
53117,2
53118,2
53119,3
53120,2
53121,2
53122,1
53123,0
53124,3
53125,0
53126,3
53127,2
53128,3
53129,2
53130,3
53131,0
53132,3
53133,2
53134,3
53135,3
53136,0
53137,0
53138,3
53139,2
53140,1
53141,0
53142,3
53143,0
53144,0
53145,3
53146,1
53147,3
53148,2
53149,2
53150,3
53151,3
53152,2
53153,1
53154,3
53155,2
53156,2
53157,3
53158,3
53159,3
53160,3
53161,3
53162,3
53163,1
53164,2
53165,3
53166,1
53167,1
53168,2
53169,1
53170,1
53171,3
53172,3
53173,3
53174,2
53175,0
53176,3
53177,3
53178,3
53179,2
53180,1
53181,0
53182,1
53183,3
53184,3
53185,3
53186,2
53187,1
53188,3
53189,3
53190,1
53191,3
53192,1
53193,2
53194,1
53195,3
53196,3
53197,0
53198,3
53199,3
53200,3
53201,2
53202,2
53203,1
53204,1
53205,3
53206,3
53207,3
53208,3
53209,0
53210,1
53211,1
53212,1
53213,3
53214,1
53215,3
53216,1
53217,1
53218,0
53219,3
53220,3
53221,0
53222,2
53223,2
53224,3
53225,1
53226,1
53227,0
53228,2
53229,3
53230,3
53231,0
53232,1
53233,1
53234,2
53235,3
53236,1
53237,2
53238,0
53239,1
53240,3
53241,1
53242,1
53243,3
53244,2
53245,2
53246,0
53247,1
53248,3
53249,1
53250,1
53251,3
53252,0
53253,3
53254,0
53255,0
53256,1
53257,2
53258,3
53259,0
53260,0
53261,1
53262,3
53263,2
53264,3
53265,0
53266,3
53267,1
53268,3
53269,0
53270,1
53271,3
53272,0
53273,3
53274,3
53275,3
53276,3
53277,2
53278,3
53279,3
53280,1
53281,3
53282,0
53283,1
53284,3
53285,3
53286,3
53287,3
53288,1
53289,1
53290,2
53291,3
53292,0
53293,1
53294,1
53295,3
53296,1
53297,1
53298,0
53299,3
53300,0
53301,3
53302,1
53303,2
53304,3
53305,0
53306,2
53307,1
53308,1
53309,1
53310,1
53311,1
53312,1
53313,0
53314,0
53315,0
53316,2
53317,2
53318,3
53319,0
53320,3
53321,2
53322,1
53323,2
53324,1
53325,3
53326,3
53327,1
53328,3
53329,3
53330,0
53331,2
53332,3
53333,2
53334,2
53335,1
53336,3
53337,1
53338,2
53339,3
53340,2
53341,3
53342,3
53343,0
53344,3
53345,1
53346,1
53347,0
53348,3
53349,1
53350,2
53351,3
53352,0
53353,3
53354,0
53355,2
53356,3
53357,0
53358,2
53359,1
53360,0
53361,2
53362,0
53363,3
53364,1
53365,3
53366,3
53367,0
53368,2
53369,3
53370,2
53371,0
53372,0
53373,3
53374,3
53375,3
53376,3
53377,2
53378,2
53379,2
53380,1
53381,1
53382,0
53383,0
53384,0
53385,3
53386,3
53387,3
53388,2
53389,1
53390,2
53391,2
53392,3
53393,3
53394,0
53395,3
53396,2
53397,1
53398,1
53399,0
53400,2
53401,2
53402,1
53403,1
53404,3
53405,3
53406,0
53407,3
53408,2
53409,2
53410,0
53411,1
53412,2
53413,0
53414,2
53415,1
53416,1
53417,1
53418,2
53419,2
53420,1
53421,3
53422,3
53423,1
53424,3
53425,3
53426,2
53427,2
53428,3
53429,0
53430,0
53431,3
53432,0
53433,3
53434,1
53435,0
53436,1
53437,1
53438,3
53439,3
53440,2
53441,3
53442,2
53443,0
53444,3
53445,3
53446,2
53447,3
53448,2
53449,0
53450,1
53451,2
53452,2
53453,2
53454,0
53455,2
53456,2
53457,0
53458,3
53459,3
53460,2
53461,1
53462,3
53463,3
53464,0
53465,2
53466,0
53467,3
53468,3
53469,1
53470,3
53471,0
53472,3
53473,2
53474,3
53475,1
53476,1
53477,3
53478,0
53479,1
53480,2
53481,2
53482,0
53483,2
53484,3
53485,3
53486,2
53487,0
53488,1
53489,3
53490,3
53491,2
53492,0
53493,3
53494,1
53495,1
53496,0
53497,2
53498,3
53499,3
53500,0
53501,3
53502,2
53503,3
53504,3
53505,1
53506,3
53507,3
53508,2
53509,0
53510,3
53511,1
53512,2
53513,3
53514,3
53515,3
53516,2
53517,3
53518,3
53519,2
53520,1
53521,3
53522,3
53523,1
53524,3
53525,0
53526,1
53527,3
53528,2
53529,0
53530,0
53531,1
53532,3
53533,2
53534,1
53535,0
53536,1
53537,3
53538,1
53539,3
53540,0
53541,2
53542,1
53543,1
53544,0
53545,2
53546,1
53547,0
53548,3
53549,3
53550,3
53551,1
53552,0
53553,1
53554,3
53555,1
53556,3
53557,2
53558,0
53559,1
53560,1
53561,3
53562,1
53563,1
53564,1
53565,2
53566,3
53567,0
53568,1
53569,0
53570,1
53571,2
53572,1
53573,3
53574,2
53575,1
53576,1
53577,3
53578,1
53579,2
53580,0
53581,1
53582,2
53583,0
53584,2
53585,3
53586,1
53587,3
53588,3
53589,2
53590,1
53591,1
53592,2
53593,2
53594,2
53595,3
53596,0
53597,2
53598,3
53599,3
53600,3
53601,3
53602,3
53603,3
53604,3
53605,2
53606,3
53607,0
53608,3
53609,1
53610,3
53611,3
53612,0
53613,3
53614,3
53615,3
53616,2
53617,2
53618,0
53619,2
53620,2
53621,3
53622,3
53623,3
53624,2
53625,1
53626,0
53627,3
53628,2
53629,2
53630,3
53631,1
53632,2
53633,1
53634,2
53635,3
53636,1
53637,0
53638,3
53639,2
53640,2
53641,3
53642,2
53643,1
53644,0
53645,3
53646,1
53647,1
53648,3
53649,1
53650,3
53651,3
53652,3
53653,3
53654,1
53655,0
53656,2
53657,1
53658,0
53659,2
53660,2
53661,3
53662,3
53663,3
53664,3
53665,2
53666,2
53667,0
53668,0
53669,1
53670,2
53671,2
53672,2
53673,1
53674,0
53675,0
53676,2
53677,2
53678,3
53679,3
53680,2
53681,2
53682,3
53683,1
53684,1
53685,3
53686,3
53687,0
53688,1
53689,2
53690,3
53691,0
53692,1
53693,0
53694,3
53695,3
53696,3
53697,2
53698,3
53699,3
53700,1
53701,1
53702,2
53703,1
53704,2
53705,2
53706,3
53707,3
53708,3
53709,1
53710,2
53711,3
53712,3
53713,3
53714,3
53715,1
53716,0
53717,3
53718,2
53719,1
53720,3
53721,3
53722,2
53723,1
53724,2
53725,3
53726,1
53727,2
53728,3
53729,3
53730,2
53731,3
53732,3
53733,1
53734,2
53735,0
53736,3
53737,1
53738,3
53739,3
53740,2
53741,1
53742,1
53743,2
53744,3
53745,2
53746,3
53747,3
53748,3
53749,3
53750,3
53751,2
53752,2
53753,2
53754,3
53755,0
53756,0
53757,0
53758,2
53759,2
53760,1
53761,3
53762,0
53763,1
53764,2
53765,2
53766,0
53767,1
53768,0
53769,0
53770,1
53771,3
53772,3
53773,3
53774,1
53775,3
53776,3
53777,3
53778,1
53779,1
53780,0
53781,2
53782,3
53783,0
53784,3
53785,3
53786,1
53787,2
53788,3
53789,2
53790,2
53791,1
53792,3
53793,1
53794,3
53795,3
53796,2
53797,3
53798,3
53799,3
53800,1
53801,2
53802,1
53803,1
53804,3
53805,3
53806,1
53807,3
53808,2
53809,2
53810,2
53811,1
53812,3
53813,3
53814,2
53815,3
53816,3
53817,2
53818,1
53819,0
53820,0
53821,3
53822,3
53823,0
53824,1
53825,0
53826,2
53827,2
53828,3
53829,0
53830,2
53831,1
53832,1
53833,1
53834,0
53835,3
53836,0
53837,0
53838,3
53839,2
53840,3
53841,2
53842,3
53843,3
53844,1
53845,3
53846,2
53847,0
53848,0
53849,2
53850,3
53851,3
53852,3
53853,1
53854,3
53855,0
53856,3
53857,3
53858,3
53859,0
53860,3
53861,2
53862,0
53863,3
53864,1
53865,2
53866,0
53867,1
53868,3
53869,1
53870,0
53871,3
53872,2
53873,3
53874,0
53875,1
53876,3
53877,1
53878,0
53879,2
53880,3
53881,0
53882,2
53883,0
53884,3
53885,2
53886,3
53887,3
53888,0
53889,2
53890,3
53891,0
53892,3
53893,3
53894,3
53895,3
53896,2
53897,2
53898,2
53899,3
53900,0
53901,0
53902,1
53903,0
53904,1
53905,1
53906,3
53907,2
53908,1
53909,2
53910,0
53911,0
53912,0
53913,1
53914,3
53915,2
53916,1
53917,1
53918,1
53919,0
53920,1
53921,3
53922,1
53923,0
53924,0
53925,3
53926,1
53927,2
53928,2
53929,3
53930,3
53931,0
53932,0
53933,3
53934,0
53935,3
53936,3
53937,0
53938,2
53939,3
53940,2
53941,3
53942,2
53943,1
53944,3
53945,1
53946,0
53947,1
53948,1
53949,0
53950,2
53951,2
53952,3
53953,0
53954,1
53955,3
53956,2
53957,3
53958,2
53959,3
53960,2
53961,0
53962,3
53963,1
53964,3
53965,0
53966,2
53967,2
53968,0
53969,1
53970,0
53971,3
53972,3
53973,2
53974,2
53975,0
53976,3
53977,3
53978,3
53979,1
53980,2
53981,1
53982,3
53983,3
53984,3
53985,0
53986,2
53987,2
53988,2
53989,2
53990,1
53991,3
53992,0
53993,2
53994,1
53995,3
53996,2
53997,1
53998,3
53999,0
54000,3
54001,0
54002,1
54003,3
54004,2
54005,3
54006,0
54007,2
54008,2
54009,3
54010,1
54011,2
54012,0
54013,3
54014,3
54015,2
54016,1
54017,0
54018,1
54019,2
54020,0
54021,3
54022,3
54023,3
54024,3
54025,2
54026,2
54027,0
54028,1
54029,3
54030,1
54031,3
54032,3
54033,3
54034,2
54035,2
54036,1
54037,2
54038,2
54039,3
54040,2
54041,3
54042,3
54043,3
54044,3
54045,1
54046,3
54047,1
54048,1
54049,1
54050,3
54051,3
54052,3
54053,3
54054,1
54055,0
54056,2
54057,1
54058,1
54059,0
54060,3
54061,0
54062,2
54063,3
54064,0
54065,2
54066,0
54067,0
54068,1
54069,2
54070,1
54071,1
54072,1
54073,0
54074,1
54075,0
54076,3
54077,3
54078,3
54079,2
54080,1
54081,2
54082,3
54083,2
54084,2
54085,0
54086,3
54087,2
54088,3
54089,1
54090,1
54091,2
54092,2
54093,0
54094,3
54095,3
54096,3
54097,3
54098,3
54099,1
54100,1
54101,2
54102,2
54103,0
54104,3
54105,0
54106,1
54107,3
54108,3
54109,1
54110,0
54111,3
54112,3
54113,2
54114,1
54115,2
54116,2
54117,2
54118,2
54119,1
54120,0
54121,0
54122,1
54123,3
54124,3
54125,2
54126,0
54127,3
54128,2
54129,3
54130,3
54131,1
54132,2
54133,1
54134,0
54135,1
54136,2
54137,1
54138,1
54139,3
54140,3
54141,3
54142,3
54143,1
54144,3
54145,3
54146,3
54147,0
54148,1
54149,1
54150,1
54151,3
54152,1
54153,1
54154,1
54155,3
54156,2
54157,3
54158,0
54159,3
54160,2
54161,1
54162,3
54163,3
54164,3
54165,3
54166,3
54167,3
54168,1
54169,3
54170,2
54171,3
54172,2
54173,1
54174,3
54175,3
54176,2
54177,3
54178,0
54179,3
54180,3
54181,3
54182,3
54183,1
54184,2
54185,3
54186,0
54187,3
54188,1
54189,2
54190,3
54191,1
54192,3
54193,2
54194,0
54195,3
54196,3
54197,0
54198,0
54199,3
54200,0
54201,1
54202,3
54203,2
54204,0
54205,3
54206,2
54207,0
54208,3
54209,3
54210,3
54211,2
54212,1
54213,0
54214,0
54215,3
54216,1
54217,2
54218,3
54219,3
54220,1
54221,2
54222,1
54223,3
54224,3
54225,1
54226,1
54227,1
54228,2
54229,1
54230,2
54231,3
54232,0
54233,3
54234,2
54235,0
54236,3
54237,2
54238,0
54239,3
54240,3
54241,0
54242,1
54243,2
54244,3
54245,2
54246,3
54247,3
54248,0
54249,3
54250,0
54251,3
54252,1
54253,3
54254,1
54255,0
54256,3
54257,2
54258,1
54259,2
54260,1
54261,3
54262,0
54263,0
54264,3
54265,1
54266,3
54267,3
54268,0
54269,3
54270,3
54271,1
54272,0
54273,3
54274,2
54275,0
54276,2
54277,2
54278,1
54279,3
54280,2
54281,0
54282,1
54283,3
54284,3
54285,2
54286,1
54287,3
54288,3
54289,2
54290,0
54291,3
54292,3
54293,0
54294,0
54295,0
54296,1
54297,0
54298,0
54299,3
54300,1
54301,3
54302,2
54303,1
54304,1
54305,1
54306,1
54307,0
54308,3
54309,1
54310,3
54311,3
54312,3
54313,1
54314,3
54315,3
54316,3
54317,3
54318,0
54319,2
54320,1
54321,2
54322,3
54323,3
54324,3
54325,2
54326,3
54327,3
54328,3
54329,2
54330,1
54331,2
54332,3
54333,2
54334,0
54335,1
54336,3
54337,2
54338,0
54339,2
54340,0
54341,3
54342,1
54343,3
54344,0
54345,2
54346,0
54347,1
54348,0
54349,3
54350,3
54351,2
54352,2
54353,3
54354,0
54355,1
54356,3
54357,3
54358,0
54359,0
54360,1
54361,3
54362,3
54363,2
54364,3
54365,1
54366,0
54367,3
54368,1
54369,2
54370,2
54371,0
54372,0
54373,3
54374,2
54375,0
54376,3
54377,3
54378,2
54379,3
54380,2
54381,3
54382,0
54383,2
54384,1
54385,0
54386,2
54387,0
54388,0
54389,3
54390,1
54391,3
54392,0
54393,0
54394,3
54395,3
54396,2
54397,1
54398,3
54399,2
54400,2
54401,2
54402,0
54403,1
54404,3
54405,3
54406,3
54407,0
54408,3
54409,2
54410,1
54411,3
54412,3
54413,3
54414,2
54415,3
54416,3
54417,3
54418,2
54419,3
54420,1
54421,0
54422,1
54423,2
54424,3
54425,2
54426,2
54427,2
54428,2
54429,0
54430,1
54431,1
54432,0
54433,0
54434,3
54435,0
54436,1
54437,2
54438,1
54439,3
54440,3
54441,0
54442,0
54443,3
54444,1
54445,1
54446,3
54447,0
54448,3
54449,3
54450,1
54451,0
54452,3
54453,3
54454,3
54455,0
54456,1
54457,3
54458,3
54459,1
54460,1
54461,0
54462,1
54463,1
54464,3
54465,0
54466,0
54467,3
54468,1
54469,2
54470,2
54471,2
54472,3
54473,2
54474,1
54475,0
54476,3
54477,3
54478,3
54479,0
54480,3
54481,2
54482,3
54483,0
54484,0
54485,3
54486,3
54487,3
54488,2
54489,3
54490,2
54491,2
54492,3
54493,3
54494,3
54495,2
54496,2
54497,0
54498,1
54499,2
54500,2
54501,2
54502,3
54503,1
54504,1
54505,1
54506,0
54507,1
54508,0
54509,0
54510,3
54511,0
54512,2
54513,3
54514,0
54515,0
54516,3
54517,3
54518,3
54519,1
54520,1
54521,3
54522,1
54523,3
54524,0
54525,3
54526,2
54527,3
54528,1
54529,1
54530,0
54531,2
54532,3
54533,1
54534,1
54535,1
54536,2
54537,2
54538,0
54539,0
54540,3
54541,2
54542,1
54543,1
54544,1
54545,1
54546,2
54547,2
54548,2
54549,3
54550,2
54551,1
54552,2
54553,1
54554,0
54555,1
54556,3
54557,3
54558,1
54559,1
54560,3
54561,1
54562,1
54563,2
54564,2
54565,2
54566,3
54567,0
54568,3
54569,2
54570,0
54571,2
54572,3
54573,2
54574,0
54575,3
54576,3
54577,2
54578,3
54579,3
54580,2
54581,3
54582,3
54583,3
54584,1
54585,1
54586,1
54587,2
54588,1
54589,3
54590,1
54591,1
54592,1
54593,0
54594,2
54595,2
54596,3
54597,2
54598,2
54599,3
54600,3
54601,3
54602,2
54603,0
54604,0
54605,3
54606,1
54607,1
54608,1
54609,1
54610,0
54611,2
54612,0
54613,3
54614,1
54615,3
54616,3
54617,3
54618,2
54619,3
54620,3
54621,0
54622,0
54623,1
54624,2
54625,3
54626,0
54627,0
54628,2
54629,3
54630,2
54631,3
54632,1
54633,3
54634,3
54635,2
54636,3
54637,2
54638,2
54639,2
54640,2
54641,2
54642,3
54643,2
54644,0
54645,3
54646,0
54647,3
54648,0
54649,1
54650,2
54651,2
54652,1
54653,2
54654,3
54655,2
54656,2
54657,0
54658,1
54659,3
54660,1
54661,2
54662,3
54663,0
54664,2
54665,1
54666,0
54667,0
54668,3
54669,3
54670,2
54671,2
54672,0
54673,2
54674,3
54675,1
54676,2
54677,3
54678,3
54679,3
54680,0
54681,1
54682,3
54683,3
54684,0
54685,0
54686,2
54687,3
54688,2
54689,0
54690,1
54691,3
54692,0
54693,1
54694,0
54695,2
54696,2
54697,1
54698,0
54699,3
54700,2
54701,1
54702,0
54703,3
54704,0
54705,1
54706,3
54707,3
54708,0
54709,1
54710,1
54711,1
54712,1
54713,3
54714,2
54715,3
54716,2
54717,3
54718,1
54719,1
54720,2
54721,3
54722,0
54723,3
54724,0
54725,1
54726,2
54727,2
54728,1
54729,3
54730,3
54731,1
54732,0
54733,1
54734,3
54735,2
54736,3
54737,1
54738,0
54739,3
54740,3
54741,2
54742,2
54743,3
54744,2
54745,3
54746,3
54747,0
54748,3
54749,1
54750,0
54751,2
54752,3
54753,3
54754,2
54755,2
54756,3
54757,3
54758,1
54759,3
54760,1
54761,0
54762,3
54763,3
54764,1
54765,2
54766,2
54767,0
54768,3
54769,3
54770,3
54771,1
54772,1
54773,1
54774,2
54775,0
54776,3
54777,3
54778,3
54779,1
54780,2
54781,0
54782,3
54783,2
54784,2
54785,1
54786,3
54787,2
54788,0
54789,1
54790,3
54791,3
54792,0
54793,1
54794,1
54795,2
54796,2
54797,2
54798,3
54799,3
54800,0
54801,3
54802,1
54803,2
54804,2
54805,0
54806,1
54807,3
54808,2
54809,1
54810,0
54811,3
54812,3
54813,0
54814,3
54815,3
54816,3
54817,3
54818,3
54819,2
54820,2
54821,2
54822,2
54823,2
54824,0
54825,1
54826,1
54827,3
54828,2
54829,3
54830,2
54831,1
54832,3
54833,2
54834,0
54835,3
54836,0
54837,0
54838,1
54839,3
54840,1
54841,2
54842,3
54843,0
54844,2
54845,0
54846,0
54847,2
54848,1
54849,3
54850,0
54851,3
54852,1
54853,0
54854,0
54855,3
54856,1
54857,0
54858,0
54859,0
54860,0
54861,0
54862,3
54863,2
54864,3
54865,1
54866,2
54867,1
54868,1
54869,0
54870,1
54871,2
54872,0
54873,3
54874,1
54875,2
54876,1
54877,3
54878,2
54879,0
54880,1
54881,3
54882,3
54883,2
54884,3
54885,3
54886,3
54887,3
54888,3
54889,3
54890,2
54891,0
54892,3
54893,0
54894,2
54895,1
54896,1
54897,3
54898,3
54899,2
54900,2
54901,0
54902,0
54903,3
54904,2
54905,1
54906,3
54907,0
54908,2
54909,1
54910,1
54911,3
54912,3
54913,3
54914,3
54915,3
54916,3
54917,3
54918,2
54919,2
54920,2
54921,2
54922,0
54923,0
54924,1
54925,3
54926,2
54927,1
54928,1
54929,0
54930,3
54931,3
54932,2
54933,3
54934,1
54935,1
54936,1
54937,3
54938,1
54939,0
54940,1
54941,0
54942,1
54943,2
54944,3
54945,2
54946,2
54947,2
54948,0
54949,1
54950,3
54951,3
54952,0
54953,3
54954,2
54955,3
54956,3
54957,3
54958,2
54959,0
54960,3
54961,3
54962,1
54963,2
54964,3
54965,2
54966,1
54967,2
54968,2
54969,3
54970,2
54971,0
54972,0
54973,1
54974,2
54975,1
54976,0
54977,3
54978,0
54979,1
54980,1
54981,3
54982,3
54983,3
54984,3
54985,3
54986,3
54987,3
54988,1
54989,3
54990,0
54991,3
54992,0
54993,1
54994,2
54995,0
54996,1
54997,3
54998,1
54999,1
55000,1
55001,2
55002,2
55003,3
55004,3
55005,0
55006,3
55007,3
55008,2
55009,0
55010,3
55011,3
55012,1
55013,1
55014,0
55015,1
55016,2
55017,2
55018,0
55019,3
55020,2
55021,2
55022,2
55023,3
55024,3
55025,3
55026,1
55027,0
55028,0
55029,3
55030,3
55031,2
55032,1
55033,0
55034,2
55035,3
55036,2
55037,3
55038,0
55039,0
55040,3
55041,3
55042,3
55043,1
55044,2
55045,1
55046,1
55047,0
55048,0
55049,1
55050,1
55051,3
55052,1
55053,1
55054,3
55055,2
55056,2
55057,1
55058,3
55059,0
55060,1
55061,2
55062,2
55063,1
55064,0
55065,3
55066,3
55067,2
55068,0
55069,3
55070,3
55071,0
55072,0
55073,3
55074,0
55075,1
55076,3
55077,2
55078,1
55079,3
55080,0
55081,0
55082,3
55083,3
55084,0
55085,1
55086,3
55087,2
55088,1
55089,1
55090,3
55091,0
55092,2
55093,3
55094,3
55095,3
55096,3
55097,1
55098,3
55099,2
55100,2
55101,1
55102,2
55103,2
55104,1
55105,1
55106,2
55107,3
55108,3
55109,3
55110,2
55111,2
55112,3
55113,1
55114,2
55115,1
55116,2
55117,2
55118,1
55119,3
55120,0
55121,1
55122,1
55123,1
55124,1
55125,3
55126,3
55127,0
55128,3
55129,2
55130,2
55131,3
55132,3
55133,3
55134,3
55135,3
55136,1
55137,0
55138,1
55139,3
55140,3
55141,2
55142,3
55143,1
55144,1
55145,1
55146,3
55147,1
55148,0
55149,1
55150,3
55151,3
55152,0
55153,0
55154,3
55155,0
55156,3
55157,3
55158,3
55159,3
55160,1
55161,0
55162,2
55163,2
55164,2
55165,3
55166,1
55167,2
55168,1
55169,3
55170,3
55171,2
55172,1
55173,1
55174,1
55175,3
55176,3
55177,3
55178,2
55179,2
55180,0
55181,2
55182,3
55183,3
55184,3
55185,2
55186,0
55187,0
55188,0
55189,2
55190,1
55191,3
55192,3
55193,3
55194,3
55195,1
55196,3
55197,1
55198,3
55199,2
55200,2
55201,1
55202,3
55203,2
55204,3
55205,1
55206,3
55207,1
55208,0
55209,0
55210,3
55211,2
55212,0
55213,2
55214,3
55215,2
55216,2
55217,1
55218,1
55219,3
55220,1
55221,3
55222,3
55223,3
55224,3
55225,3
55226,0
55227,1
55228,3
55229,3
55230,3
55231,2
55232,3
55233,3
55234,3
55235,1
55236,1
55237,1
55238,2
55239,1
55240,3
55241,1
55242,1
55243,0
55244,3
55245,1
55246,1
55247,3
55248,0
55249,3
55250,3
55251,2
55252,2
55253,3
55254,3
55255,1
55256,0
55257,3
55258,1
55259,2
55260,0
55261,2
55262,3
55263,1
55264,0
55265,3
55266,3
55267,0
55268,0
55269,2
55270,1
55271,3
55272,1
55273,2
55274,0
55275,2
55276,1
55277,3
55278,0
55279,3
55280,2
55281,2
55282,2
55283,3
55284,0
55285,3
55286,3
55287,3
55288,3
55289,3
55290,3
55291,1
55292,2
55293,0
55294,2
55295,2
55296,3
55297,0
55298,2
55299,3
55300,2
55301,0
55302,0
55303,2
55304,3
55305,1
55306,2
55307,0
55308,0
55309,2
55310,0
55311,3
55312,1
55313,0
55314,2
55315,3
55316,2
55317,0
55318,3
55319,0
55320,2
55321,0
55322,2
55323,0
55324,3
55325,0
55326,3
55327,1
55328,2
55329,0
55330,0
55331,0
55332,0
55333,1
55334,3
55335,3
55336,2
55337,2
55338,2
55339,2
55340,2
55341,2
55342,1
55343,0
55344,1
55345,0
55346,2
55347,3
55348,2
55349,0
55350,2
55351,2
55352,3
55353,2
55354,0
55355,2
55356,1
55357,2
55358,3
55359,1
55360,0
55361,1
55362,3
55363,3
55364,2
55365,0
55366,3
55367,0
55368,3
55369,1
55370,3
55371,1
55372,3
55373,3
55374,2
55375,2
55376,1
55377,3
55378,0
55379,3
55380,3
55381,2
55382,1
55383,3
55384,1
55385,0
55386,3
55387,2
55388,0
55389,1
55390,2
55391,3
55392,3
55393,3
55394,0
55395,0
55396,3
55397,3
55398,2
55399,1
55400,3
55401,3
55402,3
55403,0
55404,0
55405,3
55406,3
55407,2
55408,0
55409,2
55410,0
55411,3
55412,3
55413,3
55414,2
55415,1
55416,2
55417,3
55418,2
55419,2
55420,0
55421,0
55422,3
55423,3
55424,3
55425,1
55426,3
55427,3
55428,3
55429,3
55430,1
55431,3
55432,2
55433,2
55434,3
55435,1
55436,3
55437,0
55438,2
55439,1
55440,2
55441,0
55442,3
55443,1
55444,3
55445,3
55446,2
55447,3
55448,0
55449,3
55450,3
55451,1
55452,2
55453,2
55454,3
55455,2
55456,3
55457,3
55458,3
55459,0
55460,1
55461,2
55462,2
55463,0
55464,3
55465,1
55466,3
55467,3
55468,0
55469,3
55470,1
55471,3
55472,3
55473,3
55474,2
55475,2
55476,0
55477,2
55478,3
55479,2
55480,3
55481,3
55482,3
55483,1
55484,1
55485,3
55486,3
55487,3
55488,3
55489,3
55490,0
55491,3
55492,3
55493,1
55494,0
55495,1
55496,2
55497,3
55498,1
55499,2
55500,3
55501,2
55502,1
55503,1
55504,2
55505,0
55506,0
55507,3
55508,1
55509,3
55510,3
55511,2
55512,3
55513,3
55514,1
55515,2
55516,1
55517,1
55518,1
55519,0
55520,0
55521,1
55522,2
55523,3
55524,0
55525,1
55526,1
55527,3
55528,1
55529,0
55530,3
55531,0
55532,3
55533,0
55534,2
55535,0
55536,2
55537,3
55538,2
55539,0
55540,0
55541,3
55542,3
55543,2
55544,0
55545,3
55546,2
55547,3
55548,1
55549,0
55550,3
55551,0
55552,2
55553,0
55554,2
55555,1
55556,2
55557,0
55558,1
55559,1
55560,2
55561,1
55562,2
55563,2
55564,1
55565,1
55566,0
55567,2
55568,0
55569,3
55570,0
55571,3
55572,3
55573,3
55574,2
55575,0
55576,0
55577,1
55578,1
55579,3
55580,3
55581,3
55582,1
55583,3
55584,2
55585,1
55586,2
55587,1
55588,3
55589,1
55590,0
55591,3
55592,2
55593,1
55594,2
55595,2
55596,0
55597,2
55598,3
55599,2
55600,3
55601,1
55602,3
55603,0
55604,0
55605,3
55606,3
55607,3
55608,3
55609,2
55610,3
55611,1
55612,2
55613,1
55614,2
55615,3
55616,3
55617,3
55618,2
55619,3
55620,3
55621,0
55622,2
55623,1
55624,2
55625,0
55626,0
55627,3
55628,3
55629,1
55630,3
55631,2
55632,3
55633,2
55634,2
55635,3
55636,0
55637,2
55638,3
55639,1
55640,3
55641,1
55642,3
55643,2
55644,1
55645,0
55646,2
55647,0
55648,3
55649,3
55650,3
55651,1
55652,2
55653,3
55654,2
55655,2
55656,2
55657,2
55658,0
55659,2
55660,2
55661,1
55662,3
55663,0
55664,3
55665,1
55666,0
55667,3
55668,2
55669,0
55670,2
55671,0
55672,3
55673,1
55674,2
55675,3
55676,3
55677,3
55678,3
55679,0
55680,3
55681,2
55682,2
55683,0
55684,1
55685,3
55686,3
55687,3
55688,3
55689,0
55690,3
55691,3
55692,3
55693,1
55694,3
55695,2
55696,2
55697,2
55698,2
55699,3
55700,3
55701,3
55702,2
55703,3
55704,2
55705,2
55706,2
55707,1
55708,1
55709,3
55710,3
55711,1
55712,1
55713,2
55714,3
55715,0
55716,3
55717,3
55718,3
55719,3
55720,2
55721,3
55722,2
55723,3
55724,1
55725,1
55726,2
55727,2
55728,2
55729,1
55730,1
55731,2
55732,2
55733,2
55734,0
55735,2
55736,3
55737,3
55738,3
55739,3
55740,3
55741,3
55742,3
55743,3
55744,2
55745,1
55746,2
55747,3
55748,2
55749,3
55750,1
55751,3
55752,0
55753,2
55754,2
55755,3
55756,2
55757,3
55758,3
55759,3
55760,3
55761,2
55762,3
55763,3
55764,3
55765,1
55766,2
55767,3
55768,0
55769,2
55770,0
55771,1
55772,2
55773,0
55774,1
55775,3
55776,2
55777,1
55778,1
55779,0
55780,0
55781,1
55782,1
55783,2
55784,3
55785,0
55786,2
55787,3
55788,2
55789,0
55790,2
55791,3
55792,0
55793,0
55794,2
55795,3
55796,3
55797,2
55798,2
55799,2
55800,3
55801,3
55802,1
55803,3
55804,2
55805,1
55806,2
55807,3
55808,0
55809,3
55810,2
55811,2
55812,1
55813,3
55814,2
55815,3
55816,0
55817,2
55818,2
55819,3
55820,0
55821,0
55822,0
55823,3
55824,1
55825,3
55826,1
55827,2
55828,1
55829,1
55830,0
55831,2
55832,0
55833,3
55834,1
55835,1
55836,3
55837,1
55838,0
55839,0
55840,1
55841,2
55842,2
55843,3
55844,2
55845,3
55846,1
55847,0
55848,2
55849,1
55850,3
55851,3
55852,2
55853,3
55854,3
55855,3
55856,2
55857,0
55858,1
55859,3
55860,2
55861,3
55862,1
55863,3
55864,3
55865,3
55866,2
55867,2
55868,1
55869,3
55870,2
55871,3
55872,2
55873,0
55874,3
55875,2
55876,3
55877,3
55878,1
55879,3
55880,0
55881,0
55882,0
55883,1
55884,1
55885,3
55886,1
55887,3
55888,2
55889,2
55890,3
55891,2
55892,1
55893,3
55894,0
55895,2
55896,0
55897,1
55898,3
55899,0
55900,2
55901,0
55902,0
55903,1
55904,3
55905,2
55906,1
55907,0
55908,3
55909,3
55910,2
55911,2
55912,2
55913,1
55914,3
55915,0
55916,3
55917,2
55918,3
55919,1
55920,2
55921,0
55922,3
55923,2
55924,1
55925,3
55926,2
55927,3
55928,0
55929,0
55930,3
55931,0
55932,3
55933,3
55934,2
55935,3
55936,3
55937,0
55938,0
55939,3
55940,2
55941,2
55942,3
55943,3
55944,1
55945,3
55946,2
55947,0
55948,2
55949,0
55950,2
55951,3
55952,2
55953,3
55954,2
55955,1
55956,0
55957,3
55958,3
55959,3
55960,1
55961,3
55962,2
55963,3
55964,1
55965,0
55966,0
55967,0
55968,1
55969,1
55970,0
55971,0
55972,3
55973,3
55974,3
55975,2
55976,2
55977,2
55978,2
55979,2
55980,0
55981,0
55982,3
55983,3
55984,1
55985,1
55986,2
55987,2
55988,1
55989,3
55990,3
55991,0
55992,0
55993,3
55994,3
55995,3
55996,0
55997,3
55998,0
55999,1
56000,3
56001,2
56002,2
56003,0
56004,2
56005,2
56006,3
56007,2
56008,0
56009,3
56010,2
56011,3
56012,1
56013,3
56014,1
56015,2
56016,3
56017,0
56018,1
56019,1
56020,1
56021,1
56022,3
56023,3
56024,3
56025,1
56026,1
56027,0
56028,1
56029,2
56030,1
56031,0
56032,1
56033,2
56034,3
56035,3
56036,2
56037,3
56038,3
56039,2
56040,2
56041,0
56042,0
56043,0
56044,1
56045,3
56046,3
56047,3
56048,2
56049,2
56050,3
56051,3
56052,2
56053,0
56054,1
56055,3
56056,2
56057,1
56058,3
56059,2
56060,2
56061,3
56062,0
56063,1
56064,1
56065,3
56066,0
56067,2
56068,2
56069,1
56070,3
56071,2
56072,3
56073,0
56074,0
56075,3
56076,2
56077,0
56078,2
56079,2
56080,3
56081,3
56082,1
56083,2
56084,2
56085,3
56086,3
56087,0
56088,3
56089,0
56090,2
56091,3
56092,3
56093,0
56094,1
56095,3
56096,3
56097,1
56098,3
56099,0
56100,1
56101,0
56102,1
56103,0
56104,2
56105,2
56106,0
56107,0
56108,3
56109,1
56110,3
56111,1
56112,2
56113,1
56114,1
56115,3
56116,3
56117,3
56118,3
56119,2
56120,1
56121,3
56122,3
56123,1
56124,0
56125,3
56126,0
56127,2
56128,3
56129,1
56130,1
56131,1
56132,3
56133,3
56134,1
56135,3
56136,2
56137,3
56138,1
56139,3
56140,3
56141,3
56142,3
56143,1
56144,2
56145,2
56146,1
56147,3
56148,0
56149,1
56150,1
56151,3
56152,1
56153,2
56154,1
56155,0
56156,3
56157,3
56158,1
56159,2
56160,3
56161,0
56162,0
56163,3
56164,0
56165,2
56166,2
56167,3
56168,1
56169,2
56170,2
56171,3
56172,3
56173,1
56174,1
56175,1
56176,1
56177,3
56178,0
56179,3
56180,0
56181,3
56182,3
56183,3
56184,1
56185,0
56186,3
56187,3
56188,1
56189,3
56190,0
56191,1
56192,0
56193,3
56194,1
56195,2
56196,0
56197,2
56198,2
56199,3
56200,3
56201,3
56202,3
56203,2
56204,1
56205,0
56206,3
56207,1
56208,1
56209,2
56210,2
56211,2
56212,3
56213,2
56214,3
56215,3
56216,1
56217,0
56218,3
56219,3
56220,0
56221,3
56222,3
56223,3
56224,3
56225,3
56226,3
56227,1
56228,3
56229,3
56230,2
56231,1
56232,0
56233,0
56234,3
56235,3
56236,0
56237,0
56238,1
56239,1
56240,3
56241,2
56242,1
56243,1
56244,1
56245,1
56246,0
56247,1
56248,3
56249,3
56250,1
56251,2
56252,3
56253,3
56254,3
56255,2
56256,3
56257,2
56258,2
56259,1
56260,0
56261,2
56262,2
56263,1
56264,1
56265,2
56266,0
56267,3
56268,2
56269,1
56270,3
56271,0
56272,0
56273,2
56274,2
56275,0
56276,1
56277,2
56278,0
56279,3
56280,1
56281,3
56282,3
56283,3
56284,1
56285,0
56286,2
56287,0
56288,3
56289,3
56290,2
56291,3
56292,2
56293,2
56294,1
56295,3
56296,3
56297,1
56298,2
56299,3
56300,1
56301,3
56302,3
56303,3
56304,1
56305,0
56306,1
56307,2
56308,2
56309,3
56310,3
56311,0
56312,0
56313,1
56314,3
56315,3
56316,1
56317,2
56318,3
56319,1
56320,2
56321,3
56322,1
56323,0
56324,3
56325,2
56326,3
56327,1
56328,0
56329,3
56330,1
56331,3
56332,0
56333,2
56334,0
56335,3
56336,1
56337,2
56338,3
56339,3
56340,3
56341,2
56342,3
56343,3
56344,2
56345,1
56346,1
56347,3
56348,0
56349,3
56350,2
56351,0
56352,3
56353,3
56354,3
56355,3
56356,3
56357,3
56358,2
56359,2
56360,0
56361,3
56362,2
56363,3
56364,1
56365,0
56366,3
56367,1
56368,0
56369,1
56370,0
56371,2
56372,3
56373,1
56374,3
56375,2
56376,2
56377,3
56378,1
56379,1
56380,1
56381,2
56382,3
56383,2
56384,2
56385,0
56386,3
56387,3
56388,2
56389,1
56390,3
56391,3
56392,2
56393,3
56394,3
56395,1
56396,0
56397,3
56398,3
56399,0
56400,3
56401,0
56402,1
56403,0
56404,1
56405,1
56406,1
56407,1
56408,3
56409,3
56410,1
56411,3
56412,0
56413,1
56414,3
56415,3
56416,1
56417,0
56418,2
56419,0
56420,0
56421,2
56422,0
56423,3
56424,3
56425,1
56426,2
56427,2
56428,3
56429,0
56430,1
56431,1
56432,2
56433,1
56434,3
56435,0
56436,0
56437,3
56438,2
56439,0
56440,2
56441,2
56442,3
56443,1
56444,3
56445,3
56446,1
56447,3
56448,1
56449,3
56450,3
56451,3
56452,2
56453,0
56454,0
56455,0
56456,3
56457,1
56458,1
56459,3
56460,3
56461,3
56462,2
56463,0
56464,2
56465,1
56466,2
56467,3
56468,0
56469,2
56470,3
56471,2
56472,0
56473,3
56474,3
56475,0
56476,3
56477,3
56478,2
56479,2
56480,1
56481,1
56482,3
56483,1
56484,3
56485,1
56486,2
56487,2
56488,2
56489,2
56490,1
56491,0
56492,1
56493,3
56494,2
56495,2
56496,1
56497,0
56498,2
56499,0
56500,0
56501,2
56502,3
56503,1
56504,2
56505,3
56506,3
56507,3
56508,2
56509,1
56510,1
56511,2
56512,2
56513,1
56514,3
56515,3
56516,3
56517,3
56518,1
56519,3
56520,2
56521,3
56522,2
56523,0
56524,1
56525,0
56526,3
56527,0
56528,1
56529,3
56530,1
56531,3
56532,0
56533,1
56534,1
56535,2
56536,1
56537,2
56538,2
56539,3
56540,0
56541,3
56542,3
56543,1
56544,3
56545,0
56546,3
56547,3
56548,2
56549,0
56550,0
56551,3
56552,3
56553,1
56554,0
56555,3
56556,2
56557,3
56558,3
56559,3
56560,1
56561,2
56562,3
56563,3
56564,1
56565,2
56566,3
56567,2
56568,3
56569,1
56570,3
56571,2
56572,3
56573,2
56574,2
56575,3
56576,1
56577,0
56578,0
56579,0
56580,2
56581,2
56582,1
56583,2
56584,1
56585,0
56586,3
56587,2
56588,1
56589,3
56590,0
56591,1
56592,1
56593,3
56594,3
56595,1
56596,1
56597,2
56598,3
56599,2
56600,0
56601,3
56602,1
56603,2
56604,3
56605,0
56606,0
56607,0
56608,3
56609,0
56610,3
56611,0
56612,0
56613,0
56614,2
56615,1
56616,2
56617,3
56618,3
56619,2
56620,2
56621,1
56622,3
56623,3
56624,0
56625,0
56626,3
56627,1
56628,2
56629,1
56630,1
56631,2
56632,2
56633,2
56634,0
56635,1
56636,2
56637,3
56638,2
56639,3
56640,3
56641,2
56642,0
56643,3
56644,1
56645,3
56646,3
56647,0
56648,2
56649,1
56650,3
56651,0
56652,1
56653,0
56654,3
56655,0
56656,2
56657,1
56658,3
56659,3
56660,1
56661,3
56662,2
56663,0
56664,2
56665,3
56666,1
56667,3
56668,3
56669,2
56670,2
56671,2
56672,3
56673,2
56674,0
56675,0
56676,3
56677,3
56678,1
56679,3
56680,0
56681,3
56682,3
56683,1
56684,3
56685,1
56686,1
56687,1
56688,0
56689,2
56690,3
56691,1
56692,3
56693,3
56694,2
56695,3
56696,3
56697,3
56698,2
56699,2
56700,3
56701,2
56702,2
56703,2
56704,1
56705,3
56706,2
56707,3
56708,1
56709,3
56710,3
56711,0
56712,2
56713,3
56714,2
56715,1
56716,2
56717,2
56718,1
56719,3
56720,3
56721,2
56722,3
56723,3
56724,2
56725,1
56726,1
56727,2
56728,0
56729,3
56730,3
56731,2
56732,2
56733,1
56734,1
56735,2
56736,3
56737,2
56738,3
56739,2
56740,3
56741,1
56742,2
56743,3
56744,0
56745,3
56746,3
56747,3
56748,3
56749,0
56750,3
56751,0
56752,0
56753,2
56754,3
56755,0
56756,0
56757,1
56758,3
56759,1
56760,3
56761,1
56762,3
56763,2
56764,1
56765,3
56766,2
56767,2
56768,3
56769,2
56770,3
56771,0
56772,0
56773,2
56774,0
56775,3
56776,3
56777,2
56778,3
56779,0
56780,0
56781,3
56782,0
56783,2
56784,1
56785,0
56786,2
56787,3
56788,2
56789,0
56790,3
56791,0
56792,0
56793,2
56794,1
56795,2
56796,1
56797,3
56798,2
56799,3
56800,2
56801,0
56802,2
56803,0
56804,3
56805,3
56806,1
56807,0
56808,0
56809,0
56810,2
56811,3
56812,3
56813,2
56814,0
56815,1
56816,0
56817,2
56818,2
56819,3
56820,0
56821,0
56822,1
56823,0
56824,1
56825,0
56826,2
56827,1
56828,3
56829,0
56830,3
56831,2
56832,1
56833,0
56834,0
56835,3
56836,1
56837,1
56838,1
56839,3
56840,1
56841,0
56842,3
56843,3
56844,3
56845,3
56846,3
56847,1
56848,2
56849,2
56850,3
56851,0
56852,1
56853,3
56854,3
56855,2
56856,2
56857,1
56858,2
56859,1
56860,1
56861,0
56862,3
56863,0
56864,0
56865,1
56866,3
56867,0
56868,2
56869,3
56870,1
56871,3
56872,0
56873,1
56874,3
56875,3
56876,3
56877,2
56878,1
56879,2
56880,3
56881,0
56882,3
56883,2
56884,2
56885,1
56886,0
56887,0
56888,1
56889,3
56890,1
56891,0
56892,0
56893,0
56894,3
56895,0
56896,3
56897,0
56898,3
56899,2
56900,1
56901,0
56902,3
56903,3
56904,1
56905,2
56906,1
56907,0
56908,2
56909,0
56910,3
56911,3
56912,0
56913,2
56914,1
56915,3
56916,3
56917,0
56918,2
56919,0
56920,0
56921,3
56922,0
56923,0
56924,1
56925,1
56926,2
56927,0
56928,0
56929,0
56930,3
56931,3
56932,3
56933,1
56934,0
56935,2
56936,1
56937,2
56938,1
56939,2
56940,2
56941,2
56942,1
56943,0
56944,2
56945,3
56946,2
56947,1
56948,2
56949,0
56950,2
56951,2
56952,2
56953,3
56954,3
56955,0
56956,2
56957,3
56958,0
56959,0
56960,1
56961,0
56962,3
56963,2
56964,3
56965,3
56966,3
56967,3
56968,0
56969,2
56970,2
56971,3
56972,2
56973,3
56974,2
56975,2
56976,2
56977,3
56978,3
56979,1
56980,3
56981,1
56982,2
56983,1
56984,3
56985,3
56986,3
56987,0
56988,3
56989,3
56990,0
56991,3
56992,1
56993,2
56994,3
56995,1
56996,3
56997,3
56998,2
56999,3
57000,1
57001,0
57002,1
57003,3
57004,2
57005,2
57006,2
57007,1
57008,3
57009,3
57010,1
57011,0
57012,2
57013,0
57014,2
57015,0
57016,3
57017,3
57018,1
57019,3
57020,0
57021,1
57022,1
57023,2
57024,0
57025,1
57026,0
57027,3
57028,1
57029,3
57030,1
57031,1
57032,1
57033,3
57034,3
57035,1
57036,3
57037,0
57038,3
57039,0
57040,1
57041,3
57042,3
57043,2
57044,1
57045,3
57046,3
57047,2
57048,1
57049,3
57050,2
57051,3
57052,0
57053,2
57054,1
57055,1
57056,0
57057,3
57058,0
57059,1
57060,3
57061,1
57062,2
57063,3
57064,0
57065,1
57066,3
57067,2
57068,0
57069,1
57070,3
57071,2
57072,0
57073,2
57074,3
57075,3
57076,3
57077,2
57078,2
57079,3
57080,0
57081,0
57082,0
57083,1
57084,2
57085,0
57086,3
57087,1
57088,2
57089,1
57090,2
57091,2
57092,0
57093,0
57094,3
57095,3
57096,1
57097,2
57098,3
57099,1
57100,3
57101,3
57102,2
57103,3
57104,1
57105,3
57106,2
57107,1
57108,0
57109,3
57110,0
57111,3
57112,1
57113,3
57114,1
57115,1
57116,2
57117,0
57118,3
57119,0
57120,2
57121,3
57122,3
57123,1
57124,2
57125,3
57126,3
57127,3
57128,2
57129,2
57130,1
57131,0
57132,1
57133,0
57134,2
57135,2
57136,1
57137,1
57138,3
57139,3
57140,1
57141,2
57142,3
57143,2
57144,3
57145,0
57146,2
57147,0
57148,3
57149,2
57150,2
57151,2
57152,3
57153,2
57154,2
57155,2
57156,3
57157,1
57158,3
57159,1
57160,3
57161,1
57162,1
57163,3
57164,0
57165,2
57166,2
57167,3
57168,2
57169,0
57170,3
57171,3
57172,3
57173,2
57174,3
57175,3
57176,1
57177,3
57178,0
57179,3
57180,2
57181,1
57182,2
57183,3
57184,2
57185,3
57186,1
57187,1
57188,3
57189,2
57190,2
57191,3
57192,1
57193,1
57194,0
57195,3
57196,0
57197,3
57198,2
57199,3
57200,3
57201,3
57202,0
57203,3
57204,1
57205,3
57206,3
57207,0
57208,1
57209,2
57210,3
57211,3
57212,0
57213,3
57214,3
57215,1
57216,3
57217,2
57218,3
57219,1
57220,1
57221,3
57222,2
57223,3
57224,3
57225,3
57226,2
57227,1
57228,3
57229,0
57230,2
57231,3
57232,3
57233,0
57234,1
57235,1
57236,3
57237,1
57238,3
57239,0
57240,3
57241,0
57242,3
57243,1
57244,1
57245,1
57246,2
57247,1
57248,3
57249,0
57250,0
57251,3
57252,3
57253,1
57254,1
57255,0
57256,0
57257,2
57258,0
57259,3
57260,3
57261,1
57262,3
57263,1
57264,0
57265,3
57266,3
57267,3
57268,3
57269,2
57270,2
57271,3
57272,1
57273,3
57274,1
57275,3
57276,3
57277,3
57278,0
57279,2
57280,3
57281,1
57282,3
57283,0
57284,0
57285,1
57286,3
57287,3
57288,2
57289,1
57290,1
57291,2
57292,0
57293,2
57294,2
57295,3
57296,3
57297,2
57298,3
57299,3
57300,3
57301,3
57302,1
57303,2
57304,3
57305,3
57306,3
57307,3
57308,0
57309,1
57310,1
57311,3
57312,1
57313,1
57314,2
57315,0
57316,0
57317,3
57318,3
57319,2
57320,2
57321,0
57322,3
57323,1
57324,3
57325,3
57326,3
57327,3
57328,3
57329,3
57330,0
57331,3
57332,0
57333,2
57334,2
57335,1
57336,3
57337,1
57338,3
57339,2
57340,1
57341,2
57342,0
57343,3
57344,1
57345,0
57346,2
57347,1
57348,0
57349,3
57350,2
57351,2
57352,0
57353,0
57354,3
57355,3
57356,1
57357,3
57358,3
57359,1
57360,3
57361,1
57362,3
57363,3
57364,0
57365,3
57366,2
57367,0
57368,2
57369,1
57370,3
57371,0
57372,2
57373,3
57374,1
57375,1
57376,2
57377,3
57378,3
57379,1
57380,1
57381,0
57382,0
57383,0
57384,3
57385,1
57386,0
57387,3
57388,2
57389,3
57390,2
57391,3
57392,3
57393,3
57394,0
57395,3
57396,2
57397,1
57398,3
57399,0
57400,0
57401,0
57402,2
57403,0
57404,0
57405,0
57406,3
57407,3
57408,3
57409,0
57410,3
57411,1
57412,2
57413,2
57414,3
57415,2
57416,3
57417,2
57418,3
57419,1
57420,1
57421,2
57422,3
57423,2
57424,2
57425,3
57426,1
57427,3
57428,1
57429,3
57430,3
57431,1
57432,3
57433,3
57434,3
57435,3
57436,3
57437,0
57438,0
57439,1
57440,3
57441,1
57442,2
57443,1
57444,3
57445,2
57446,0
57447,2
57448,0
57449,2
57450,2
57451,3
57452,1
57453,3
57454,2
57455,0
57456,2
57457,0
57458,3
57459,3
57460,1
57461,1
57462,1
57463,3
57464,1
57465,0
57466,1
57467,3
57468,3
57469,1
57470,0
57471,3
57472,3
57473,0
57474,0
57475,1
57476,3
57477,3
57478,0
57479,3
57480,3
57481,3
57482,2
57483,3
57484,3
57485,1
57486,1
57487,1
57488,1
57489,3
57490,1
57491,0
57492,1
57493,2
57494,1
57495,1
57496,1
57497,1
57498,3
57499,1
57500,1
57501,3
57502,0
57503,0
57504,0
57505,0
57506,3
57507,0
57508,0
57509,0
57510,1
57511,0
57512,2
57513,2
57514,3
57515,3
57516,3
57517,3
57518,0
57519,3
57520,1
57521,3
57522,0
57523,2
57524,2
57525,3
57526,0
57527,3
57528,3
57529,1
57530,3
57531,3
57532,0
57533,1
57534,0
57535,3
57536,2
57537,1
57538,3
57539,2
57540,1
57541,1
57542,0
57543,3
57544,0
57545,2
57546,3
57547,0
57548,3
57549,0
57550,2
57551,3
57552,3
57553,2
57554,3
57555,1
57556,3
57557,0
57558,1
57559,2
57560,0
57561,2
57562,1
57563,1
57564,0
57565,3
57566,0
57567,1
57568,3
57569,0
57570,1
57571,3
57572,2
57573,2
57574,1
57575,0
57576,3
57577,3
57578,2
57579,1
57580,0
57581,2
57582,3
57583,3
57584,2
57585,3
57586,1
57587,2
57588,3
57589,2
57590,2
57591,3
57592,1
57593,1
57594,1
57595,1
57596,3
57597,3
57598,3
57599,3
57600,1
57601,2
57602,0
57603,3
57604,1
57605,2
57606,2
57607,0
57608,3
57609,1
57610,2
57611,0
57612,1
57613,1
57614,2
57615,0
57616,0
57617,1
57618,3
57619,1
57620,1
57621,3
57622,3
57623,3
57624,3
57625,2
57626,2
57627,1
57628,3
57629,1
57630,3
57631,2
57632,2
57633,2
57634,1
57635,3
57636,1
57637,3
57638,3
57639,1
57640,0
57641,3
57642,3
57643,0
57644,3
57645,3
57646,3
57647,1
57648,3
57649,2
57650,2
57651,3
57652,2
57653,3
57654,1
57655,3
57656,3
57657,3
57658,3
57659,3
57660,2
57661,1
57662,3
57663,3
57664,3
57665,2
57666,0
57667,0
57668,3
57669,3
57670,3
57671,1
57672,2
57673,2
57674,3
57675,0
57676,1
57677,2
57678,3
57679,0
57680,0
57681,3
57682,0
57683,2
57684,3
57685,1
57686,2
57687,0
57688,0
57689,3
57690,3
57691,1
57692,1
57693,0
57694,0
57695,1
57696,3
57697,3
57698,1
57699,3
57700,2
57701,1
57702,1
57703,3
57704,1
57705,2
57706,3
57707,0
57708,3
57709,3
57710,3
57711,0
57712,3
57713,3
57714,1
57715,1
57716,0
57717,2
57718,3
57719,3
57720,2
57721,3
57722,3
57723,2
57724,2
57725,3
57726,3
57727,0
57728,1
57729,3
57730,3
57731,3
57732,3
57733,3
57734,1
57735,2
57736,3
57737,2
57738,2
57739,0
57740,1
57741,1
57742,3
57743,3
57744,1
57745,0
57746,0
57747,0
57748,3
57749,0
57750,3
57751,3
57752,3
57753,3
57754,3
57755,3
57756,1
57757,3
57758,1
57759,2
57760,2
57761,0
57762,2
57763,0
57764,2
57765,2
57766,0
57767,1
57768,0
57769,3
57770,1
57771,2
57772,2
57773,2
57774,1
57775,1
57776,2
57777,1
57778,1
57779,3
57780,1
57781,2
57782,0
57783,1
57784,0
57785,1
57786,3
57787,2
57788,2
57789,3
57790,1
57791,2
57792,2
57793,3
57794,1
57795,1
57796,0
57797,1
57798,1
57799,0
57800,0
57801,3
57802,3
57803,3
57804,3
57805,0
57806,2
57807,3
57808,0
57809,3
57810,1
57811,0
57812,1
57813,0
57814,0
57815,2
57816,3
57817,2
57818,1
57819,0
57820,3
57821,2
57822,3
57823,0
57824,3
57825,3
57826,3
57827,3
57828,0
57829,3
57830,3
57831,3
57832,3
57833,1
57834,2
57835,0
57836,2
57837,2
57838,2
57839,3
57840,0
57841,3
57842,2
57843,3
57844,3
57845,3
57846,0
57847,3
57848,0
57849,0
57850,3
57851,3
57852,3
57853,1
57854,0
57855,2
57856,2
57857,0
57858,1
57859,3
57860,3
57861,3
57862,2
57863,2
57864,2
57865,3
57866,3
57867,3
57868,2
57869,1
57870,3
57871,2
57872,2
57873,3
57874,1
57875,0
57876,2
57877,3
57878,3
57879,0
57880,3
57881,0
57882,3
57883,1
57884,2
57885,3
57886,3
57887,1
57888,0
57889,1
57890,3
57891,3
57892,2
57893,0
57894,2
57895,1
57896,2
57897,2
57898,3
57899,0
57900,3
57901,1
57902,1
57903,3
57904,0
57905,0
57906,3
57907,2
57908,3
57909,1
57910,0
57911,2
57912,3
57913,3
57914,1
57915,0
57916,2
57917,0
57918,2
57919,3
57920,0
57921,1
57922,1
57923,0
57924,0
57925,3
57926,1
57927,1
57928,3
57929,2
57930,3
57931,2
57932,3
57933,1
57934,3
57935,0
57936,3
57937,1
57938,3
57939,1
57940,0
57941,1
57942,3
57943,2
57944,3
57945,3
57946,3
57947,2
57948,3
57949,1
57950,0
57951,3
57952,0
57953,3
57954,1
57955,0
57956,3
57957,3
57958,0
57959,3
57960,3
57961,0
57962,3
57963,3
57964,3
57965,3
57966,1
57967,3
57968,1
57969,3
57970,3
57971,2
57972,0
57973,2
57974,2
57975,1
57976,3
57977,2
57978,2
57979,1
57980,2
57981,3
57982,2
57983,2
57984,3
57985,1
57986,0
57987,0
57988,3
57989,0
57990,1
57991,3
57992,0
57993,1
57994,3
57995,1
57996,3
57997,2
57998,3
57999,1
58000,3
58001,2
58002,3
58003,3
58004,2
58005,0
58006,2
58007,2
58008,3
58009,0
58010,3
58011,1
58012,1
58013,0
58014,1
58015,2
58016,3
58017,2
58018,3
58019,1
58020,2
58021,3
58022,3
58023,3
58024,2
58025,2
58026,0
58027,0
58028,3
58029,1
58030,3
58031,1
58032,3
58033,0
58034,2
58035,2
58036,3
58037,3
58038,0
58039,3
58040,2
58041,3
58042,0
58043,2
58044,3
58045,1
58046,1
58047,0
58048,3
58049,1
58050,0
58051,2
58052,2
58053,1
58054,3
58055,3
58056,3
58057,3
58058,3
58059,1
58060,3
58061,3
58062,3
58063,1
58064,3
58065,3
58066,2
58067,3
58068,1
58069,1
58070,1
58071,2
58072,3
58073,2
58074,2
58075,3
58076,3
58077,2
58078,0
58079,3
58080,2
58081,1
58082,0
58083,0
58084,3
58085,0
58086,2
58087,3
58088,3
58089,2
58090,2
58091,2
58092,2
58093,3
58094,1
58095,1
58096,3
58097,0
58098,2
58099,3
58100,3
58101,2
58102,1
58103,3
58104,0
58105,3
58106,2
58107,3
58108,2
58109,1
58110,3
58111,3
58112,2
58113,3
58114,2
58115,2
58116,3
58117,0
58118,3
58119,2
58120,3
58121,2
58122,3
58123,3
58124,3
58125,3
58126,3
58127,3
58128,1
58129,3
58130,3
58131,0
58132,0
58133,3
58134,3
58135,0
58136,3
58137,3
58138,3
58139,3
58140,3
58141,1
58142,2
58143,2
58144,2
58145,1
58146,1
58147,3
58148,1
58149,0
58150,2
58151,3
58152,2
58153,3
58154,1
58155,3
58156,3
58157,1
58158,3
58159,2
58160,3
58161,2
58162,1
58163,3
58164,3
58165,3
58166,1
58167,2
58168,3
58169,1
58170,3
58171,1
58172,3
58173,2
58174,1
58175,3
58176,2
58177,2
58178,2
58179,2
58180,0
58181,2
58182,2
58183,3
58184,1
58185,1
58186,3
58187,3
58188,1
58189,1
58190,3
58191,1
58192,1
58193,3
58194,0
58195,2
58196,0
58197,3
58198,0
58199,2
58200,3
58201,0
58202,1
58203,3
58204,0
58205,0
58206,1
58207,0
58208,1
58209,1
58210,3
58211,3
58212,1
58213,1
58214,2
58215,3
58216,2
58217,1
58218,3
58219,3
58220,2
58221,1
58222,2
58223,1
58224,3
58225,3
58226,1
58227,2
58228,3
58229,0
58230,1
58231,1
58232,1
58233,3
58234,3
58235,1
58236,2
58237,3
58238,3
58239,2
58240,3
58241,3
58242,1
58243,1
58244,1
58245,2
58246,2
58247,3
58248,2
58249,0
58250,2
58251,2
58252,2
58253,3
58254,2
58255,3
58256,3
58257,1
58258,3
58259,0
58260,3
58261,2
58262,0
58263,3
58264,0
58265,3
58266,0
58267,2
58268,0
58269,2
58270,2
58271,2
58272,0
58273,3
58274,3
58275,1
58276,0
58277,2
58278,2
58279,1
58280,3
58281,3
58282,2
58283,2
58284,1
58285,3
58286,2
58287,1
58288,3
58289,1
58290,0
58291,2
58292,3
58293,0
58294,3
58295,2
58296,3
58297,0
58298,3
58299,0
58300,3
58301,0
58302,1
58303,2
58304,3
58305,3
58306,3
58307,3
58308,1
58309,3
58310,3
58311,1
58312,3
58313,2
58314,3
58315,3
58316,2
58317,3
58318,3
58319,0
58320,1
58321,3
58322,2
58323,0
58324,2
58325,2
58326,2
58327,0
58328,2
58329,0
58330,1
58331,2
58332,1
58333,3
58334,3
58335,3
58336,3
58337,1
58338,2
58339,1
58340,2
58341,3
58342,3
58343,2
58344,2
58345,1
58346,2
58347,3
58348,2
58349,3
58350,2
58351,1
58352,0
58353,2
58354,0
58355,0
58356,2
58357,3
58358,2
58359,3
58360,3
58361,3
58362,2
58363,0
58364,2
58365,1
58366,0
58367,3
58368,0
58369,0
58370,3
58371,3
58372,0
58373,2
58374,1
58375,2
58376,1
58377,0
58378,2
58379,1
58380,0
58381,3
58382,3
58383,1
58384,1
58385,2
58386,2
58387,3
58388,0
58389,0
58390,3
58391,3
58392,1
58393,2
58394,0
58395,3
58396,2
58397,3
58398,1
58399,1
58400,1
58401,3
58402,0
58403,0
58404,0
58405,1
58406,2
58407,2
58408,0
58409,2
58410,3
58411,1
58412,2
58413,1
58414,0
58415,2
58416,3
58417,1
58418,1
58419,1
58420,2
58421,1
58422,1
58423,3
58424,1
58425,3
58426,3
58427,0
58428,3
58429,0
58430,3
58431,2
58432,3
58433,1
58434,1
58435,3
58436,2
58437,2
58438,3
58439,1
58440,3
58441,1
58442,1
58443,3
58444,3
58445,0
58446,3
58447,2
58448,1
58449,1
58450,2
58451,3
58452,3
58453,2
58454,1
58455,3
58456,1
58457,0
58458,2
58459,3
58460,0
58461,1
58462,2
58463,0
58464,2
58465,3
58466,2
58467,2
58468,3
58469,1
58470,3
58471,3
58472,2
58473,3
58474,3
58475,3
58476,3
58477,3
58478,1
58479,3
58480,0
58481,0
58482,3
58483,2
58484,3
58485,0
58486,2
58487,3
58488,1
58489,2
58490,3
58491,0
58492,2
58493,0
58494,0
58495,0
58496,2
58497,3
58498,2
58499,3
58500,1
58501,1
58502,3
58503,2
58504,3
58505,1
58506,1
58507,2
58508,3
58509,1
58510,3
58511,0
58512,1
58513,1
58514,1
58515,2
58516,1
58517,0
58518,1
58519,0
58520,3
58521,0
58522,0
58523,0
58524,3
58525,3
58526,3
58527,2
58528,1
58529,0
58530,3
58531,1
58532,2
58533,3
58534,2
58535,1
58536,0
58537,3
58538,2
58539,1
58540,2
58541,1
58542,1
58543,2
58544,3
58545,2
58546,2
58547,1
58548,3
58549,2
58550,3
58551,3
58552,0
58553,1
58554,0
58555,3
58556,3
58557,0
58558,1
58559,3
58560,3
58561,3
58562,3
58563,0
58564,0
58565,3
58566,2
58567,3
58568,2
58569,0
58570,2
58571,3
58572,3
58573,3
58574,0
58575,3
58576,1
58577,3
58578,3
58579,3
58580,3
58581,3
58582,2
58583,3
58584,3
58585,0
58586,3
58587,1
58588,1
58589,3
58590,3
58591,3
58592,3
58593,3
58594,2
58595,2
58596,0
58597,2
58598,0
58599,2
58600,0
58601,0
58602,1
58603,3
58604,3
58605,1
58606,3
58607,2
58608,3
58609,2
58610,3
58611,3
58612,3
58613,1
58614,1
58615,3
58616,1
58617,0
58618,1
58619,1
58620,0
58621,3
58622,2
58623,2
58624,0
58625,2
58626,2
58627,1
58628,0
58629,2
58630,3
58631,2
58632,2
58633,3
58634,3
58635,3
58636,3
58637,3
58638,2
58639,0
58640,2
58641,3
58642,3
58643,3
58644,3
58645,2
58646,3
58647,2
58648,3
58649,1
58650,2
58651,1
58652,3
58653,3
58654,3
58655,2
58656,1
58657,0
58658,2
58659,3
58660,0
58661,3
58662,3
58663,2
58664,2
58665,3
58666,1
58667,3
58668,2
58669,2
58670,1
58671,1
58672,1
58673,0
58674,0
58675,1
58676,1
58677,3
58678,2
58679,2
58680,1
58681,3
58682,2
58683,0
58684,3
58685,1
58686,1
58687,1
58688,0
58689,3
58690,1
58691,0
58692,3
58693,3
58694,2
58695,1
58696,2
58697,3
58698,1
58699,3
58700,3
58701,1
58702,1
58703,3
58704,3
58705,1
58706,3
58707,3
58708,3
58709,1
58710,1
58711,0
58712,3
58713,3
58714,3
58715,3
58716,1
58717,3
58718,2
58719,1
58720,3
58721,0
58722,1
58723,1
58724,3
58725,3
58726,3
58727,0
58728,3
58729,0
58730,3
58731,3
58732,3
58733,1
58734,1
58735,3
58736,3
58737,1
58738,0
58739,3
58740,3
58741,0
58742,0
58743,3
58744,1
58745,0
58746,2
58747,3
58748,1
58749,3
58750,3
58751,2
58752,3
58753,1
58754,0
58755,3
58756,0
58757,3
58758,1
58759,2
58760,3
58761,2
58762,1
58763,3
58764,0
58765,2
58766,2
58767,2
58768,3
58769,3
58770,0
58771,2
58772,3
58773,1
58774,1
58775,1
58776,2
58777,1
58778,3
58779,2
58780,3
58781,1
58782,2
58783,3
58784,2
58785,3
58786,3
58787,1
58788,2
58789,0
58790,1
58791,3
58792,2
58793,2
58794,2
58795,1
58796,3
58797,1
58798,2
58799,0
58800,2
58801,1
58802,2
58803,2
58804,2
58805,2
58806,1
58807,1
58808,0
58809,3
58810,2
58811,0
58812,2
58813,3
58814,3
58815,0
58816,2
58817,2
58818,1
58819,3
58820,1
58821,2
58822,1
58823,3
58824,2
58825,2
58826,3
58827,2
58828,2
58829,3
58830,3
58831,0
58832,3
58833,0
58834,1
58835,2
58836,3
58837,2
58838,3
58839,3
58840,3
58841,3
58842,1
58843,2
58844,2
58845,1
58846,3
58847,1
58848,0
58849,1
58850,0
58851,3
58852,3
58853,0
58854,0
58855,1
58856,3
58857,0
58858,2
58859,1
58860,0
58861,0
58862,1
58863,1
58864,2
58865,1
58866,1
58867,3
58868,2
58869,3
58870,0
58871,3
58872,3
58873,1
58874,1
58875,3
58876,3
58877,1
58878,3
58879,3
58880,1
58881,3
58882,0
58883,3
58884,3
58885,2
58886,2
58887,1
58888,0
58889,3
58890,0
58891,1
58892,3
58893,1
58894,1
58895,3
58896,2
58897,0
58898,2
58899,3
58900,3
58901,0
58902,2
58903,2
58904,2
58905,0
58906,1
58907,3
58908,3
58909,3
58910,2
58911,0
58912,3
58913,1
58914,0
58915,0
58916,0
58917,0
58918,3
58919,1
58920,2
58921,1
58922,2
58923,3
58924,1
58925,0
58926,1
58927,1
58928,0
58929,0
58930,2
58931,3
58932,1
58933,1
58934,3
58935,0
58936,3
58937,3
58938,2
58939,1
58940,3
58941,2
58942,3
58943,0
58944,1
58945,1
58946,0
58947,2
58948,0
58949,3
58950,3
58951,2
58952,1
58953,0
58954,3
58955,3
58956,3
58957,1
58958,2
58959,1
58960,1
58961,2
58962,3
58963,3
58964,0
58965,3
58966,2
58967,3
58968,2
58969,1
58970,3
58971,3
58972,3
58973,1
58974,2
58975,2
58976,0
58977,3
58978,0
58979,3
58980,1
58981,3
58982,3
58983,2
58984,3
58985,3
58986,0
58987,1
58988,3
58989,2
58990,2
58991,1
58992,1
58993,1
58994,1
58995,3
58996,2
58997,1
58998,0
58999,1
59000,2
59001,3
59002,0
59003,0
59004,3
59005,3
59006,3
59007,0
59008,3
59009,1
59010,3
59011,3
59012,0
59013,1
59014,0
59015,1
59016,2
59017,1
59018,1
59019,1
59020,1
59021,1
59022,3
59023,2
59024,3
59025,2
59026,0
59027,2
59028,3
59029,2
59030,2
59031,2
59032,2
59033,3
59034,3
59035,1
59036,3
59037,3
59038,2
59039,3
59040,2
59041,2
59042,1
59043,3
59044,1
59045,1
59046,3
59047,0
59048,3
59049,2
59050,3
59051,1
59052,2
59053,0
59054,0
59055,2
59056,2
59057,1
59058,3
59059,3
59060,3
59061,3
59062,1
59063,3
59064,1
59065,3
59066,1
59067,3
59068,3
59069,3
59070,2
59071,2
59072,3
59073,3
59074,2
59075,1
59076,1
59077,3
59078,1
59079,3
59080,2
59081,2
59082,0
59083,1
59084,3
59085,3
59086,0
59087,0
59088,2
59089,3
59090,2
59091,2
59092,2
59093,1
59094,1
59095,0
59096,3
59097,1
59098,3
59099,2
59100,3
59101,3
59102,1
59103,3
59104,3
59105,2
59106,3
59107,2
59108,3
59109,2
59110,2
59111,2
59112,3
59113,3
59114,1
59115,3
59116,3
59117,3
59118,3
59119,3
59120,1
59121,2
59122,3
59123,3
59124,3
59125,1
59126,2
59127,3
59128,2
59129,3
59130,3
59131,2
59132,1
59133,2
59134,0
59135,0
59136,2
59137,0
59138,1
59139,2
59140,3
59141,2
59142,3
59143,0
59144,3
59145,1
59146,0
59147,1
59148,1
59149,1
59150,1
59151,1
59152,1
59153,3
59154,0
59155,1
59156,3
59157,3
59158,3
59159,0
59160,1
59161,3
59162,2
59163,3
59164,3
59165,2
59166,1
59167,3
59168,3
59169,2
59170,1
59171,1
59172,2
59173,3
59174,3
59175,3
59176,0
59177,2
59178,0
59179,2
59180,3
59181,1
59182,2
59183,0
59184,0
59185,2
59186,3
59187,1
59188,0
59189,0
59190,2
59191,3
59192,2
59193,0
59194,2
59195,2
59196,2
59197,0
59198,2
59199,1
59200,3
59201,2
59202,3
59203,0
59204,2
59205,0
59206,2
59207,3
59208,1
59209,2
59210,2
59211,1
59212,2
59213,1
59214,3
59215,2
59216,3
59217,0
59218,3
59219,2
59220,2
59221,1
59222,3
59223,3
59224,3
59225,2
59226,2
59227,3
59228,1
59229,2
59230,2
59231,3
59232,2
59233,1
59234,3
59235,1
59236,3
59237,0
59238,1
59239,0
59240,2
59241,1
59242,1
59243,1
59244,3
59245,3
59246,0
59247,0
59248,2
59249,2
59250,3
59251,2
59252,0
59253,3
59254,1
59255,1
59256,2
59257,2
59258,2
59259,3
59260,0
59261,3
59262,0
59263,3
59264,3
59265,3
59266,3
59267,2
59268,0
59269,1
59270,2
59271,3
59272,1
59273,3
59274,1
59275,0
59276,1
59277,2
59278,0
59279,2
59280,0
59281,3
59282,3
59283,2
59284,3
59285,2
59286,3
59287,3
59288,1
59289,3
59290,3
59291,1
59292,2
59293,0
59294,3
59295,3
59296,1
59297,2
59298,3
59299,3
59300,3
59301,3
59302,3
59303,1
59304,0
59305,1
59306,1
59307,0
59308,0
59309,0
59310,2
59311,3
59312,3
59313,3
59314,1
59315,1
59316,0
59317,2
59318,1
59319,2
59320,3
59321,0
59322,3
59323,2
59324,3
59325,2
59326,2
59327,0
59328,0
59329,0
59330,0
59331,3
59332,2
59333,2
59334,2
59335,3
59336,1
59337,1
59338,0
59339,1
59340,1
59341,1
59342,0
59343,2
59344,2
59345,3
59346,3
59347,2
59348,1
59349,3
59350,3
59351,2
59352,3
59353,3
59354,1
59355,0
59356,2
59357,3
59358,2
59359,0
59360,1
59361,3
59362,1
59363,2
59364,3
59365,1
59366,3
59367,0
59368,2
59369,2
59370,1
59371,3
59372,2
59373,2
59374,3
59375,3
59376,1
59377,1
59378,1
59379,1
59380,3
59381,0
59382,1
59383,3
59384,3
59385,0
59386,2
59387,3
59388,3
59389,0
59390,3
59391,2
59392,3
59393,3
59394,3
59395,2
59396,0
59397,2
59398,0
59399,2
59400,3
59401,0
59402,3
59403,1
59404,2
59405,3
59406,2
59407,2
59408,1
59409,0
59410,0
59411,3
59412,1
59413,0
59414,2
59415,3
59416,2
59417,2
59418,2
59419,2
59420,1
59421,3
59422,3
59423,1
59424,1
59425,0
59426,3
59427,2
59428,0
59429,1
59430,3
59431,0
59432,2
59433,3
59434,3
59435,2
59436,2
59437,3
59438,2
59439,2
59440,3
59441,3
59442,0
59443,3
59444,2
59445,0
59446,3
59447,2
59448,2
59449,2
59450,1
59451,3
59452,0
59453,1
59454,3
59455,1
59456,1
59457,3
59458,3
59459,2
59460,0
59461,0
59462,0
59463,1
59464,1
59465,3
59466,0
59467,0
59468,3
59469,1
59470,1
59471,3
59472,3
59473,0
59474,0
59475,0
59476,0
59477,3
59478,1
59479,2
59480,2
59481,0
59482,1
59483,1
59484,2
59485,1
59486,2
59487,0
59488,3
59489,3
59490,3
59491,1
59492,1
59493,2
59494,2
59495,0
59496,3
59497,2
59498,3
59499,3
59500,3
59501,3
59502,2
59503,3
59504,3
59505,1
59506,0
59507,0
59508,3
59509,1
59510,3
59511,1
59512,1
59513,2
59514,0
59515,3
59516,3
59517,3
59518,0
59519,1
59520,2
59521,2
59522,3
59523,2
59524,2
59525,3
59526,3
59527,2
59528,0
59529,3
59530,2
59531,2
59532,2
59533,1
59534,3
59535,3
59536,3
59537,2
59538,0
59539,3
59540,1
59541,3
59542,2
59543,3
59544,2
59545,2
59546,2
59547,2
59548,3
59549,2
59550,1
59551,0
59552,3
59553,3
59554,2
59555,3
59556,1
59557,0
59558,3
59559,3
59560,2
59561,1
59562,0
59563,1
59564,3
59565,1
59566,3
59567,3
59568,2
59569,0
59570,0
59571,3
59572,1
59573,1
59574,2
59575,3
59576,3
59577,2
59578,1
59579,3
59580,2
59581,3
59582,1
59583,3
59584,3
59585,3
59586,0
59587,3
59588,3
59589,2
59590,2
59591,1
59592,2
59593,0
59594,3
59595,1
59596,3
59597,0
59598,1
59599,3
59600,0
59601,2
59602,3
59603,2
59604,3
59605,3
59606,1
59607,0
59608,3
59609,3
59610,0
59611,0
59612,2
59613,2
59614,1
59615,0
59616,0
59617,2
59618,3
59619,3
59620,2
59621,2
59622,3
59623,2
59624,2
59625,3
59626,1
59627,3
59628,1
59629,2
59630,3
59631,2
59632,0
59633,0
59634,3
59635,1
59636,0
59637,2
59638,2
59639,3
59640,1
59641,3
59642,3
59643,1
59644,2
59645,2
59646,2
59647,3
59648,2
59649,0
59650,1
59651,2
59652,3
59653,2
59654,0
59655,3
59656,2
59657,3
59658,2
59659,2
59660,3
59661,2
59662,3
59663,3
59664,3
59665,3
59666,3
59667,1
59668,3
59669,0
59670,3
59671,0
59672,3
59673,3
59674,3
59675,2
59676,3
59677,0
59678,1
59679,0
59680,3
59681,3
59682,2
59683,1
59684,3
59685,3
59686,0
59687,3
59688,3
59689,3
59690,0
59691,1
59692,2
59693,2
59694,2
59695,3
59696,1
59697,0
59698,2
59699,2
59700,1
59701,1
59702,2
59703,3
59704,0
59705,0
59706,3
59707,3
59708,3
59709,1
59710,1
59711,2
59712,3
59713,1
59714,0
59715,1
59716,2
59717,2
59718,1
59719,2
59720,1
59721,3
59722,2
59723,1
59724,0
59725,1
59726,2
59727,0
59728,3
59729,1
59730,3
59731,2
59732,1
59733,3
59734,2
59735,3
59736,0
59737,2
59738,3
59739,2
59740,1
59741,1
59742,1
59743,0
59744,3
59745,3
59746,0
59747,2
59748,3
59749,3
59750,3
59751,1
59752,2
59753,3
59754,1
59755,0
59756,0
59757,3
59758,2
59759,3
59760,1
59761,2
59762,2
59763,3
59764,3
59765,1
59766,2
59767,2
59768,1
59769,3
59770,2
59771,2
59772,1
59773,1
59774,0
59775,2
59776,2
59777,0
59778,3
59779,3
59780,3
59781,2
59782,2
59783,0
59784,1
59785,1
59786,3
59787,0
59788,0
59789,3
59790,3
59791,1
59792,1
59793,2
59794,2
59795,2
59796,2
59797,3
59798,1
59799,3
59800,1
59801,3
59802,1
59803,2
59804,0
59805,0
59806,3
59807,1
59808,1
59809,3
59810,1
59811,3
59812,3
59813,1
59814,1
59815,0
59816,2
59817,1
59818,3
59819,1
59820,0
59821,1
59822,3
59823,2
59824,0
59825,3
59826,3
59827,3
59828,2
59829,3
59830,2
59831,0
59832,2
59833,3
59834,1
59835,0
59836,2
59837,2
59838,2
59839,0
59840,3
59841,1
59842,0
59843,0
59844,3
59845,0
59846,2
59847,0
59848,0
59849,3
59850,3
59851,3
59852,3
59853,0
59854,3
59855,2
59856,2
59857,3
59858,2
59859,1
59860,3
59861,3
59862,3
59863,3
59864,1
59865,3
59866,0
59867,0
59868,2
59869,1
59870,0
59871,0
59872,1
59873,1
59874,2
59875,0
59876,3
59877,0
59878,2
59879,0
59880,3
59881,3
59882,3
59883,3
59884,3
59885,3
59886,3
59887,2
59888,1
59889,3
59890,0
59891,0
59892,2
59893,0
59894,3
59895,1
59896,2
59897,2
59898,1
59899,3
59900,1
59901,3
59902,2
59903,1
59904,1
59905,3
59906,3
59907,2
59908,2
59909,3
59910,3
59911,3
59912,3
59913,3
59914,3
59915,1
59916,1
59917,3
59918,2
59919,2
59920,1
59921,2
59922,1
59923,3
59924,0
59925,3
59926,0
59927,3
59928,3
59929,2
59930,0
59931,0
59932,2
59933,3
59934,2
59935,2
59936,3
59937,3
59938,1
59939,1
59940,1
59941,3
59942,2
59943,3
59944,2
59945,3
59946,3
59947,0
59948,0
59949,1
59950,1
59951,1
59952,3
59953,3
59954,3
59955,2
59956,0
59957,1
59958,2
59959,2
59960,3
59961,3
59962,3
59963,1
59964,2
59965,3
59966,0
59967,3
59968,0
59969,1
59970,2
59971,3
59972,2
59973,2
59974,1
59975,2
59976,3
59977,0
59978,1
59979,3
59980,3
59981,1
59982,0
59983,2
59984,0
59985,2
59986,3
59987,2
59988,2
59989,0
59990,2
59991,1
59992,3
59993,3
59994,1
59995,3
59996,0
59997,1
59998,2
59999,2
60000,2
60001,3
60002,2
60003,1
60004,3
60005,3
60006,3
60007,3
60008,2
60009,3
60010,2
60011,1
60012,0
60013,2
60014,1
60015,1
60016,3
60017,3
60018,2
60019,3
60020,3
60021,2
60022,3
60023,3
60024,1
60025,1
60026,1
60027,2
60028,1
60029,2
60030,3
60031,0
60032,3
60033,1
60034,0
60035,3
60036,3
60037,2
60038,3
60039,2
60040,3
60041,1
60042,1
60043,3
60044,2
60045,1
60046,3
60047,1
60048,2
60049,2
60050,1
60051,3
60052,2
60053,2
60054,3
60055,3
60056,1
60057,1
60058,2
60059,0
60060,0
60061,0
60062,2
60063,0
60064,3
60065,1
60066,2
60067,1
60068,0
60069,3
60070,1
60071,3
60072,1
60073,2
60074,0
60075,0
60076,0
60077,1
60078,3
60079,2
60080,3
60081,3
60082,1
60083,3
60084,1
60085,2
60086,3
60087,2
60088,0
60089,3
60090,0
60091,3
60092,1
60093,3
60094,1
60095,0
60096,3
60097,1
60098,3
60099,2
60100,2
60101,2
60102,0
60103,2
60104,0
60105,3
60106,0
60107,3
60108,0
60109,1
60110,3
60111,0
60112,3
60113,1
60114,3
60115,2
60116,0
60117,0
60118,2
60119,1
60120,3
60121,3
60122,3
60123,2
60124,0
60125,1
60126,2
60127,3
60128,2
60129,3
60130,1
60131,2
60132,3
60133,3
60134,2
60135,2
60136,3
60137,2
60138,3
60139,1
60140,3
60141,3
60142,1
60143,3
60144,3
60145,3
60146,2
60147,3
60148,2
60149,2
60150,0
60151,3
60152,0
60153,3
60154,3
60155,3
60156,0
60157,2
60158,2
60159,3
60160,0
60161,2
60162,1
60163,0
60164,3
60165,0
60166,1
60167,1
60168,2
60169,2
60170,1
60171,2
60172,0
60173,3
60174,3
60175,3
60176,2
60177,3
60178,0
60179,2
60180,2
60181,3
60182,3
60183,2
60184,3
60185,2
60186,1
60187,0
60188,3
60189,3
60190,1
60191,3
60192,2
60193,2
60194,3
60195,2
60196,0
60197,2
60198,0
60199,3
60200,3
60201,0
60202,2
60203,3
60204,2
60205,1
60206,3
60207,3
60208,1
60209,3
60210,2
60211,3
60212,3
60213,1
60214,3
60215,3
60216,2
60217,0
60218,3
60219,1
60220,0
60221,0
60222,2
60223,3
60224,1
60225,3
60226,2
60227,1
60228,3
60229,1
60230,3
60231,3
60232,3
60233,3
60234,3
60235,1
60236,3
60237,3
60238,2
60239,2
60240,2
60241,3
60242,3
60243,3
60244,3
60245,2
60246,1
60247,3
60248,1
60249,2
60250,3
60251,2
60252,3
60253,0
60254,3
60255,3
60256,0
60257,3
60258,0
60259,1
60260,1
60261,3
60262,2
60263,3
60264,3
60265,2
60266,3
60267,3
60268,3
60269,3
60270,2
60271,1
60272,0
60273,2
60274,0
60275,3
60276,0
60277,2
60278,1
60279,2
60280,3
60281,3
60282,0
60283,3
60284,1
60285,0
60286,0
60287,0
60288,1
60289,2
60290,0
60291,2
60292,1
60293,1
60294,2
60295,1
60296,3
60297,3
60298,0
60299,2
60300,1
60301,0
60302,3
60303,1
60304,0
60305,3
60306,1
60307,2
60308,3
60309,2
60310,0
60311,0
60312,3
60313,2
60314,0
60315,3
60316,3
60317,3
60318,0
60319,2
60320,2
60321,3
60322,2
60323,1
60324,3
60325,3
60326,1
60327,2
60328,1
60329,0
60330,0
60331,3
60332,3
60333,2
60334,0
60335,1
60336,0
60337,3
60338,3
60339,3
60340,1
60341,2
60342,0
60343,3
60344,2
60345,2
60346,2
60347,3
60348,3
60349,0
60350,1
60351,2
60352,3
60353,3
60354,3
60355,3
60356,1
60357,2
60358,0
60359,3
60360,2
60361,0
60362,0
60363,1
60364,2
60365,1
60366,2
60367,1
60368,1
60369,3
60370,2
60371,3
60372,0
60373,3
60374,3
60375,3
60376,3
60377,3
60378,3
60379,1
60380,3
60381,0
60382,1
60383,0
60384,3
60385,0
60386,1
60387,3
60388,0
60389,3
60390,2
60391,1
60392,0
60393,3
60394,0
60395,1
60396,1
60397,2
60398,1
60399,3
60400,3
60401,3
60402,0
60403,0
60404,3
60405,1
60406,2
60407,1
60408,1
60409,1
60410,1
60411,3
60412,1
60413,1
60414,3
60415,3
60416,3
60417,0
60418,1
60419,3
60420,0
60421,0
60422,3
60423,2
60424,3
60425,0
60426,3
60427,2
60428,1
60429,1
60430,1
60431,2
60432,2
60433,3
60434,1
60435,1
60436,3
60437,1
60438,1
60439,3
60440,0
60441,1
60442,3
60443,2
60444,2
60445,1
60446,0
60447,1
60448,0
60449,1
60450,1
60451,2
60452,3
60453,1
60454,3
60455,1
60456,3
60457,3
60458,1
60459,3
60460,0
60461,1
60462,3
60463,2
60464,0
60465,2
60466,2
60467,0
60468,0
60469,0
60470,0
60471,0
60472,1
60473,0
60474,2
60475,3
60476,1
60477,0
60478,2
60479,0
60480,3
60481,2
60482,3
60483,3
60484,0
60485,2
60486,0
60487,0
60488,1
60489,3
60490,3
60491,3
60492,3
60493,2
60494,3
60495,1
60496,0
60497,3
60498,1
60499,3
60500,1
60501,3
60502,2
60503,1
60504,1
60505,3
60506,1
60507,3
60508,3
60509,3
60510,1
60511,3
60512,3
60513,2
60514,3
60515,2
60516,2
60517,1
60518,2
60519,3
60520,0
60521,1
60522,3
60523,0
60524,0
60525,3
60526,2
60527,1
60528,2
60529,2
60530,2
60531,3
60532,3
60533,3
60534,3
60535,1
60536,3
60537,1
60538,1
60539,1
60540,0
60541,0
60542,3
60543,3
60544,3
60545,3
60546,1
60547,2
60548,3
60549,1
60550,3
60551,2
60552,3
60553,0
60554,2
60555,3
60556,2
60557,2
60558,3
60559,3
60560,3
60561,1
60562,0
60563,3
60564,2
60565,0
60566,3
60567,1
60568,3
60569,2
60570,3
60571,1
60572,2
60573,1
60574,3
60575,0
60576,2
60577,1
60578,1
60579,1
60580,2
60581,3
60582,0
60583,2
60584,1
60585,1
60586,3
60587,2
60588,0
60589,1
60590,1
60591,1
60592,3
60593,2
60594,0
60595,0
60596,3
60597,2
60598,3
60599,1
60600,1
60601,2
60602,2
60603,1
60604,1
60605,2
60606,2
60607,3
60608,3
60609,3
60610,2
60611,3
60612,2
60613,3
60614,0
60615,2
60616,3
60617,2
60618,3
60619,3
60620,0
60621,3
60622,1
60623,3
60624,1
60625,1
60626,1
60627,2
60628,1
60629,3
60630,3
60631,3
60632,1
60633,0
60634,3
60635,1
60636,2
60637,3
60638,3
60639,1
60640,3
60641,2
60642,3
60643,0
60644,0
60645,2
60646,2
60647,0
60648,0
60649,3
60650,2
60651,2
60652,2
60653,3
60654,2
60655,1
60656,1
60657,0
60658,3
60659,0
60660,3
60661,0
60662,1
60663,3
60664,0
60665,1
60666,1
60667,3
60668,2
60669,3
60670,3
60671,1
60672,0
60673,1
60674,2
60675,0
60676,1
60677,0
60678,1
60679,2
60680,3
60681,1
60682,3
60683,3
60684,2
60685,3
60686,3
60687,3
60688,0
60689,0
60690,0
60691,0
60692,2
60693,1
60694,3
60695,2
60696,0
60697,3
60698,2
60699,0
60700,3
60701,0
60702,3
60703,2
60704,0
60705,1
60706,3
60707,2
60708,1
60709,1
60710,1
60711,3
60712,1
60713,0
60714,1
60715,3
60716,0
60717,2
60718,3
60719,1
60720,3
60721,3
60722,0
60723,3
60724,0
60725,1
60726,2
60727,1
60728,3
60729,1
60730,2
60731,1
60732,1
60733,1
60734,3
60735,0
60736,3
60737,0
60738,3
60739,1
60740,3
60741,1
60742,1
60743,0
60744,0
60745,3
60746,3
60747,3
60748,2
60749,2
60750,0
60751,3
60752,3
60753,2
60754,1
60755,2
60756,3
60757,3
60758,1
60759,2
60760,3
60761,3
60762,1
60763,0
60764,0
60765,1
60766,1
60767,0
60768,2
60769,1
60770,3
60771,0
60772,3
60773,2
60774,0
60775,0
60776,0
60777,3
60778,1
60779,0
60780,3
60781,3
60782,2
60783,0
60784,0
60785,3
60786,1
60787,3
60788,3
60789,0
60790,0
60791,3
60792,3
60793,3
60794,3
60795,1
60796,0
60797,1
60798,3
60799,3
60800,0
60801,3
60802,0
60803,3
60804,0
60805,0
60806,3
60807,2
60808,1
60809,3
60810,2
60811,3
60812,1
60813,3
60814,0
60815,3
60816,3
60817,2
60818,2
60819,0
60820,2
60821,1
60822,3
60823,0
60824,3
60825,2
60826,0
60827,1
60828,2
60829,0
60830,0
60831,3
60832,3
60833,0
60834,3
60835,1
60836,2
60837,3
60838,1
60839,3
60840,1
60841,3
60842,3
60843,3
60844,3
60845,3
60846,0
60847,0
60848,3
60849,1
60850,3
60851,1
60852,0
60853,3
60854,3
60855,3
60856,3
60857,1
60858,1
60859,0
60860,3
60861,3
60862,2
60863,2
60864,2
60865,0
60866,3
60867,3
60868,3
60869,1
60870,2
60871,3
60872,3
60873,3
60874,3
60875,1
60876,3
60877,3
60878,0
60879,2
60880,3
60881,0
60882,3
60883,1
60884,3
60885,3
60886,3
60887,3
60888,2
60889,2
60890,3
60891,2
60892,2
60893,2
60894,2
60895,0
60896,0
60897,2
60898,3
60899,3
60900,3
60901,3
60902,3
60903,1
60904,3
60905,1
60906,3
60907,1
60908,0
60909,0
60910,3
60911,3
60912,3
60913,1
60914,1
60915,0
60916,2
60917,3
60918,1
60919,2
60920,3
60921,2
60922,1
60923,2
60924,3
60925,3
60926,1
60927,3
60928,0
60929,2
60930,0
60931,0
60932,0
60933,1
60934,0
60935,3
60936,3
60937,3
60938,1
60939,0
60940,2
60941,2
60942,3
60943,2
60944,3
60945,3
60946,2
60947,2
60948,1
60949,3
60950,1
60951,0
60952,3
60953,0
60954,3
60955,2
60956,2
60957,2
60958,2
60959,1
60960,2
60961,3
60962,1
60963,2
60964,3
60965,3
60966,1
60967,3
60968,3
60969,1
60970,2
60971,3
60972,0
60973,2
60974,3
60975,3
60976,3
60977,2
60978,3
60979,2
60980,0
60981,3
60982,0
60983,0
60984,3
60985,2
60986,3
60987,0
60988,3
60989,2
60990,2
60991,3
60992,3
60993,0
60994,3
60995,3
60996,3
60997,2
60998,0
60999,2
61000,3
61001,2
61002,1
61003,2
61004,2
61005,3
61006,3
61007,3
61008,0
61009,3
61010,0
61011,2
61012,3
61013,0
61014,2
61015,2
61016,2
61017,1
61018,0
61019,2
61020,1
61021,3
61022,3
61023,2
61024,1
61025,1
61026,1
61027,3
61028,0
61029,3
61030,2
61031,2
61032,0
61033,1
61034,2
61035,0
61036,0
61037,2
61038,0
61039,3
61040,1
61041,3
61042,2
61043,3
61044,1
61045,0
61046,2
61047,2
61048,3
61049,1
61050,0
61051,1
61052,1
61053,0
61054,1
61055,2
61056,1
61057,1
61058,0
61059,2
61060,1
61061,0
61062,3
61063,0
61064,0
61065,3
61066,3
61067,1
61068,0
61069,3
61070,3
61071,1
61072,0
61073,0
61074,2
61075,3
61076,1
61077,3
61078,0
61079,2
61080,0
61081,3
61082,3
61083,2
61084,0
61085,0
61086,1
61087,3
61088,3
61089,0
61090,2
61091,2
61092,0
61093,0
61094,1
61095,2
61096,2
61097,2
61098,2
61099,0
61100,0
61101,2
61102,0
61103,2
61104,0
61105,3
61106,1
61107,0
61108,1
61109,1
61110,3
61111,1
61112,1
61113,1
61114,2
61115,2
61116,2
61117,3
61118,1
61119,1
61120,0
61121,3
61122,3
61123,0
61124,3
61125,2
61126,3
61127,0
61128,1
61129,2
61130,3
61131,3
61132,2
61133,3
61134,2
61135,3
61136,3
61137,2
61138,3
61139,3
61140,2
61141,2
61142,0
61143,3
61144,2
61145,3
61146,3
61147,3
61148,2
61149,1
61150,2
61151,1
61152,1
61153,1
61154,3
61155,2
61156,2
61157,3
61158,3
61159,0
61160,2
61161,1
61162,3
61163,3
61164,3
61165,3
61166,3
61167,0
61168,2
61169,1
61170,1
61171,2
61172,1
61173,3
61174,2
61175,3
61176,0
61177,0
61178,1
61179,0
61180,3
61181,2
61182,3
61183,1
61184,0
61185,3
61186,3
61187,3
61188,2
61189,3
61190,1
61191,3
61192,2
61193,1
61194,3
61195,2
61196,3
61197,3
61198,2
61199,3
61200,1
61201,0
61202,0
61203,3
61204,2
61205,2
61206,2
61207,1
61208,0
61209,3
61210,0
61211,3
61212,3
61213,3
61214,2
61215,2
61216,2
61217,0
61218,3
61219,0
61220,1
61221,3
61222,1
61223,3
61224,3
61225,3
61226,1
61227,1
61228,3
61229,3
61230,2
61231,0
61232,3
61233,3
61234,3
61235,3
61236,3
61237,1
61238,3
61239,3
61240,3
61241,0
61242,3
61243,0
61244,3
61245,3
61246,3
61247,1
61248,2
61249,1
61250,1
61251,3
61252,1
61253,3
61254,3
61255,1
61256,3
61257,1
61258,0
61259,0
61260,3
61261,3
61262,1
61263,2
61264,2
61265,2
61266,3
61267,1
61268,1
61269,3
61270,3
61271,2
61272,3
61273,2
61274,0
61275,1
61276,2
61277,0
61278,0
61279,3
61280,3
61281,0
61282,0
61283,1
61284,1
61285,1
61286,2
61287,3
61288,2
61289,1
61290,2
61291,2
61292,0
61293,1
61294,0
61295,2
61296,1
61297,0
61298,1
61299,3
61300,2
61301,0
61302,2
61303,1
61304,1
61305,2
61306,1
61307,3
61308,2
61309,3
61310,2
61311,3
61312,2
61313,3
61314,3
61315,2
61316,0
61317,1
61318,3
61319,3
61320,3
61321,2
61322,3
61323,0
61324,1
61325,3
61326,1
61327,2
61328,0
61329,1
61330,3
61331,1
61332,0
61333,2
61334,2
61335,2
61336,2
61337,1
61338,2
61339,3
61340,3
61341,1
61342,3
61343,1
61344,3
61345,3
61346,1
61347,0
61348,1
61349,3
61350,0
61351,2
61352,3
61353,1
61354,2
61355,0
61356,3
61357,0
61358,0
61359,1
61360,1
61361,0
61362,3
61363,1
61364,3
61365,2
61366,2
61367,3
61368,1
61369,3
61370,2
61371,0
61372,3
61373,3
61374,3
61375,3
61376,3
61377,3
61378,3
61379,3
61380,0
61381,1
61382,0
61383,3
61384,0
61385,2
61386,3
61387,1
61388,2
61389,3
61390,2
61391,3
61392,1
61393,3
61394,1
61395,1
61396,3
61397,3
61398,3
61399,0
61400,3
61401,3
61402,0
61403,2
61404,1
61405,3
61406,2
61407,0
61408,2
61409,2
61410,1
61411,2
61412,3
61413,2
61414,1
61415,2
61416,2
61417,2
61418,3
61419,3
61420,0
61421,1
61422,2
61423,3
61424,1
61425,0
61426,2
61427,3
61428,2
61429,2
61430,3
61431,1
61432,2
61433,3
61434,3
61435,2
61436,3
61437,1
61438,2
61439,2
61440,2
61441,0
61442,2
61443,2
61444,0
61445,1
61446,3
61447,1
61448,1
61449,2
61450,3
61451,3
61452,2
61453,0
61454,2
61455,3
61456,1
61457,3
61458,2
61459,0
61460,2
61461,3
61462,2
61463,3
61464,1
61465,2
61466,2
61467,2
61468,1
61469,3
61470,3
61471,1
61472,1
61473,3
61474,3
61475,3
61476,0
61477,0
61478,3
61479,1
61480,1
61481,2
61482,1
61483,3
61484,0
61485,3
61486,3
61487,2
61488,0
61489,3
61490,2
61491,3
61492,3
61493,2
61494,1
61495,3
61496,1
61497,3
61498,2
61499,2
61500,3
61501,2
61502,0
61503,1
61504,0
61505,0
61506,2
61507,3
61508,0
61509,2
61510,3
61511,0
61512,2
61513,3
61514,2
61515,1
61516,1
61517,3
61518,3
61519,3
61520,2
61521,3
61522,1
61523,3
61524,3
61525,2
61526,2
61527,3
61528,0
61529,3
61530,0
61531,0
61532,3
61533,3
61534,3
61535,2
61536,1
61537,2
61538,3
61539,1
61540,1
61541,0
61542,0
61543,3
61544,3
61545,3
61546,2
61547,1
61548,1
61549,1
61550,3
61551,1
61552,0
61553,2
61554,3
61555,3
61556,0
61557,0
61558,1
61559,3
61560,2
61561,2
61562,0
61563,3
61564,0
61565,1
61566,1
61567,1
61568,0
61569,0
61570,1
61571,0
61572,2
61573,1
61574,1
61575,3
61576,0
61577,1
61578,1
61579,3
61580,1
61581,3
61582,1
61583,2
61584,2
61585,3
61586,0
61587,2
61588,0
61589,2
61590,2
61591,0
61592,2
61593,3
61594,2
61595,3
61596,2
61597,1
61598,3
61599,3
61600,2
61601,2
61602,2
61603,1
61604,3
61605,3
61606,3
61607,3
61608,0
61609,0
61610,1
61611,1
61612,3
61613,3
61614,3
61615,2
61616,2
61617,1
61618,2
61619,3
61620,1
61621,2
61622,3
61623,0
61624,3
61625,2
61626,2
61627,2
61628,0
61629,1
61630,3
61631,2
61632,3
61633,1
61634,3
61635,2
61636,0
61637,2
61638,2
61639,3
61640,0
61641,0
61642,3
61643,0
61644,2
61645,3
61646,3
61647,2
61648,1
61649,2
61650,2
61651,2
61652,2
61653,3
61654,3
61655,2
61656,1
61657,0
61658,1
61659,2
61660,3
61661,1
61662,0
61663,3
61664,2
61665,2
61666,2
61667,2
61668,3
61669,1
61670,3
61671,3
61672,3
61673,3
61674,2
61675,3
61676,1
61677,1
61678,2
61679,0
61680,3
61681,1
61682,3
61683,3
61684,2
61685,1
61686,2
61687,3
61688,2
61689,3
61690,3
61691,2
61692,2
61693,2
61694,3
61695,3
61696,2
61697,1
61698,0
61699,0
61700,0
61701,1
61702,3
61703,2
61704,2
61705,2
61706,1
61707,1
61708,3
61709,3
61710,2
61711,2
61712,3
61713,3
61714,0
61715,2
61716,3
61717,2
61718,3
61719,3
61720,3
61721,0
61722,2
61723,3
61724,3
61725,0
61726,3
61727,0
61728,3
61729,2
61730,3
61731,3
61732,3
61733,0
61734,0
61735,3
61736,0
61737,3
61738,3
61739,1
61740,2
61741,3
61742,1
61743,3
61744,2
61745,2
61746,3
61747,1
61748,3
61749,2
61750,1
61751,1
61752,3
61753,3
61754,2
61755,2
61756,1
61757,3
61758,2
61759,1
61760,0
61761,1
61762,3
61763,3
61764,0
61765,3
61766,1
61767,2
61768,0
61769,0
61770,1
61771,3
61772,3
61773,1
61774,2
61775,1
61776,1
61777,0
61778,0
61779,3
61780,2
61781,1
61782,1
61783,3
61784,3
61785,1
61786,3
61787,3
61788,1
61789,2
61790,2
61791,1
61792,0
61793,3
61794,3
61795,2
61796,3
61797,1
61798,1
61799,3
61800,3
61801,2
61802,1
61803,1
61804,2
61805,0
61806,2
61807,3
61808,0
61809,2
61810,3
61811,0
61812,3
61813,1
61814,3
61815,3
61816,0
61817,2
61818,3
61819,1
61820,0
61821,2
61822,3
61823,2
61824,2
61825,2
61826,3
61827,2
61828,3
61829,0
61830,1
61831,3
61832,1
61833,0
61834,2
61835,2
61836,3
61837,3
61838,2
61839,0
61840,2
61841,2
61842,0
61843,3
61844,2
61845,0
61846,2
61847,3
61848,1
61849,2
61850,3
61851,1
61852,3
61853,3
61854,3
61855,0
61856,3
61857,1
61858,0
61859,3
61860,3
61861,1
61862,1
61863,2
61864,1
61865,0
61866,1
61867,2
61868,3
61869,3
61870,3
61871,2
61872,1
61873,2
61874,1
61875,0
61876,2
61877,1
61878,3
61879,3
61880,0
61881,2
61882,3
61883,0
61884,1
61885,3
61886,3
61887,3
61888,3
61889,3
61890,1
61891,3
61892,3
61893,2
61894,1
61895,3
61896,0
61897,3
61898,0
61899,1
61900,3
61901,1
61902,2
61903,3
61904,1
61905,1
61906,2
61907,1
61908,2
61909,3
61910,3
61911,1
61912,2
61913,2
61914,2
61915,3
61916,2
61917,3
61918,0
61919,0
61920,2
61921,1
61922,0
61923,0
61924,3
61925,2
61926,1
61927,2
61928,1
61929,2
61930,0
61931,2
61932,2
61933,2
61934,0
61935,2
61936,3
61937,2
61938,1
61939,2
61940,0
61941,3
61942,2
61943,3
61944,2
61945,0
61946,1
61947,2
61948,3
61949,2
61950,3
61951,3
61952,2
61953,1
61954,0
61955,0
61956,3
61957,1
61958,1
61959,0
61960,1
61961,2
61962,1
61963,0
61964,2
61965,2
61966,1
61967,1
61968,1
61969,2
61970,2
61971,3
61972,0
61973,3
61974,3
61975,1
61976,3
61977,3
61978,2
61979,1
61980,0
61981,1
61982,3
61983,3
61984,3
61985,2
61986,2
61987,2
61988,3
61989,3
61990,1
61991,0
61992,3
61993,0
61994,3
61995,1
61996,1
61997,2
61998,1
61999,2
62000,2
62001,2
62002,0
62003,3
62004,3
62005,3
62006,1
62007,3
62008,2
62009,3
62010,1
62011,3
62012,0
62013,2
62014,1
62015,2
62016,1
62017,0
62018,2
62019,3
62020,3
62021,1
62022,1
62023,3
62024,3
62025,2
62026,3
62027,3
62028,0
62029,1
62030,3
62031,3
62032,0
62033,0
62034,2
62035,1
62036,3
62037,1
62038,3
62039,2
62040,3
62041,3
62042,0
62043,3
62044,2
62045,1
62046,3
62047,1
62048,3
62049,3
62050,2
62051,1
62052,1
62053,3
62054,1
62055,2
62056,3
62057,3
62058,3
62059,3
62060,3
62061,3
62062,2
62063,2
62064,1
62065,1
62066,2
62067,2
62068,1
62069,1
62070,3
62071,2
62072,3
62073,2
62074,3
62075,0
62076,1
62077,0
62078,3
62079,3
62080,3
62081,2
62082,0
62083,3
62084,3
62085,3
62086,0
62087,1
62088,1
62089,2
62090,3
62091,1
62092,3
62093,1
62094,3
62095,2
62096,1
62097,1
62098,0
62099,3
62100,3
62101,1
62102,3
62103,0
62104,2
62105,3
62106,1
62107,2
62108,3
62109,3
62110,3
62111,1
62112,3
62113,3
62114,3
62115,2
62116,3
62117,3
62118,3
62119,2
62120,1
62121,3
62122,2
62123,0
62124,2
62125,3
62126,0
62127,1
62128,3
62129,0
62130,1
62131,3
62132,3
62133,3
62134,1
62135,1
62136,2
62137,1
62138,0
62139,3
62140,0
62141,0
62142,1
62143,3
62144,1
62145,2
62146,1
62147,1
62148,2
62149,1
62150,1
62151,2
62152,3
62153,2
62154,1
62155,3
62156,1
62157,0
62158,2
62159,0
62160,0
62161,2
62162,0
62163,3
62164,1
62165,3
62166,3
62167,2
62168,3
62169,0
62170,2
62171,1
62172,3
62173,2
62174,3
62175,3
62176,3
62177,1
62178,1
62179,3
62180,3
62181,2
62182,0
62183,1
62184,2
62185,0
62186,2
62187,2
62188,1
62189,3
62190,1
62191,1
62192,3
62193,3
62194,0
62195,2
62196,0
62197,0
62198,3
62199,0
62200,0
62201,0
62202,3
62203,1
62204,0
62205,1
62206,2
62207,2
62208,3
62209,2
62210,1
62211,1
62212,0
62213,1
62214,3
62215,2
62216,3
62217,3
62218,2
62219,1
62220,2
62221,0
62222,3
62223,1
62224,3
62225,3
62226,3
62227,1
62228,0
62229,2
62230,3
62231,3
62232,3
62233,0
62234,2
62235,3
62236,2
62237,0
62238,1
62239,3
62240,3
62241,3
62242,2
62243,1
62244,1
62245,2
62246,3
62247,3
62248,2
62249,1
62250,3
62251,2
62252,2
62253,3
62254,3
62255,3
62256,2
62257,3
62258,2
62259,1
62260,2
62261,1
62262,3
62263,3
62264,3
62265,1
62266,3
62267,1
62268,3
62269,1
62270,3
62271,1
62272,1
62273,1
62274,1
62275,3
62276,1
62277,3
62278,3
62279,3
62280,1
62281,1
62282,1
62283,0
62284,1
62285,3
62286,0
62287,2
62288,3
62289,2
62290,1
62291,3
62292,3
62293,0
62294,2
62295,3
62296,0
62297,3
62298,2
62299,3
62300,2
62301,1
62302,3
62303,3
62304,3
62305,2
62306,0
62307,3
62308,1
62309,2
62310,3
62311,1
62312,3
62313,1
62314,2
62315,0
62316,2
62317,2
62318,3
62319,2
62320,1
62321,0
62322,2
62323,3
62324,1
62325,3
62326,1
62327,1
62328,3
62329,0
62330,3
62331,0
62332,0
62333,3
62334,1
62335,3
62336,2
62337,3
62338,0
62339,3
62340,2
62341,1
62342,1
62343,1
62344,1
62345,3
62346,0
62347,3
62348,3
62349,3
62350,0
62351,3
62352,3
62353,1
62354,0
62355,3
62356,3
62357,2
62358,2
62359,3
62360,3
62361,0
62362,1
62363,2
62364,1
62365,1
62366,0
62367,3
62368,3
62369,1
62370,2
62371,2
62372,2
62373,1
62374,0
62375,2
62376,2
62377,0
62378,3
62379,0
62380,3
62381,1
62382,1
62383,3
62384,1
62385,0
62386,1
62387,1
62388,2
62389,3
62390,1
62391,3
62392,3
62393,2
62394,3
62395,2
62396,2
62397,0
62398,0
62399,1
62400,3
62401,3
62402,0
62403,1
62404,1
62405,3
62406,3
62407,1
62408,1
62409,1
62410,3
62411,3
62412,3
62413,3
62414,2
62415,2
62416,0
62417,2
62418,3
62419,1
62420,3
62421,2
62422,1
62423,3
62424,0
62425,3
62426,2
62427,3
62428,3
62429,1
62430,1
62431,3
62432,3
62433,3
62434,0
62435,3
62436,1
62437,3
62438,0
62439,0
62440,1
62441,3
62442,3
62443,2
62444,2
62445,2
62446,0
62447,0
62448,3
62449,3
62450,1
62451,0
62452,3
62453,0
62454,2
62455,2
62456,1
62457,3
62458,3
62459,3
62460,2
62461,3
62462,2
62463,3
62464,1
62465,3
62466,1
62467,2
62468,2
62469,0
62470,3
62471,2
62472,2
62473,3
62474,3
62475,1
62476,2
62477,1
62478,2
62479,3
62480,0
62481,3
62482,2
62483,1
62484,1
62485,3
62486,2
62487,3
62488,1
62489,2
62490,1
62491,3
62492,2
62493,0
62494,3
62495,3
62496,2
62497,0
62498,2
62499,2
62500,1
62501,1
62502,1
62503,2
62504,3
62505,0
62506,3
62507,0
62508,1
62509,2
62510,3
62511,3
62512,3
62513,3
62514,0
62515,3
62516,0
62517,2
62518,1
62519,3
62520,3
62521,3
62522,3
62523,1
62524,0
62525,2
62526,3
62527,3
62528,2
62529,2
62530,3
62531,2
62532,1
62533,2
62534,3
62535,0
62536,0
62537,1
62538,3
62539,2
62540,2
62541,1
62542,3
62543,3
62544,3
62545,2
62546,3
62547,2
62548,2
62549,1
62550,0
62551,3
62552,2
62553,0
62554,1
62555,2
62556,1
62557,0
62558,2
62559,2
62560,0
62561,0
62562,3
62563,2
62564,2
62565,0
62566,2
62567,3
62568,0
62569,0
62570,0
62571,3
62572,1
62573,0
62574,3
62575,3
62576,3
62577,3
62578,3
62579,2
62580,3
62581,0
62582,1
62583,1
62584,1
62585,3
62586,3
62587,1
62588,1
62589,3
62590,1
62591,3
62592,1
62593,0
62594,3
62595,2
62596,2
62597,3
62598,1
62599,0
62600,0
62601,3
62602,2
62603,2
62604,1
62605,1
62606,1
62607,1
62608,0
62609,3
62610,3
62611,3
62612,1
62613,1
62614,2
62615,0
62616,1
62617,2
62618,2
62619,3
62620,3
62621,2
62622,1
62623,1
62624,0
62625,1
62626,0
62627,0
62628,0
62629,3
62630,2
62631,2
62632,0
62633,3
62634,3
62635,2
62636,0
62637,2
62638,2
62639,2
62640,3
62641,3
62642,1
62643,2
62644,2
62645,0
62646,0
62647,2
62648,0
62649,0
62650,2
62651,3
62652,3
62653,2
62654,1
62655,2
62656,1
62657,0
62658,3
62659,1
62660,3
62661,3
62662,1
62663,3
62664,3
62665,0
62666,0
62667,2
62668,3
62669,3
62670,1
62671,2
62672,1
62673,3
62674,1
62675,2
62676,0
62677,3
62678,2
62679,0
62680,1
62681,1
62682,3
62683,1
62684,0
62685,2
62686,3
62687,3
62688,1
62689,2
62690,3
62691,2
62692,2
62693,0
62694,3
62695,2
62696,1
62697,3
62698,3
62699,3
62700,3
62701,1
62702,1
62703,3
62704,3
62705,3
62706,0
62707,2
62708,0
62709,2
62710,3
62711,0
62712,3
62713,3
62714,3
62715,0
62716,3
62717,3
62718,3
62719,2
62720,3
62721,0
62722,2
62723,3
62724,0
62725,1
62726,1
62727,3
62728,3
62729,2
62730,0
62731,3
62732,1
62733,2
62734,1
62735,2
62736,3
62737,3
62738,2
62739,2
62740,2
62741,0
62742,3
62743,2
62744,0
62745,3
62746,3
62747,3
62748,0
62749,1
62750,3
62751,0
62752,1
62753,0
62754,3
62755,2
62756,2
62757,1
62758,0
62759,1
62760,0
62761,2
62762,0
62763,3
62764,0
62765,1
62766,1
62767,0
62768,2
62769,1
62770,1
62771,3
62772,3
62773,1
62774,1
62775,3
62776,1
62777,3
62778,2
62779,3
62780,0
62781,3
62782,0
62783,3
62784,3
62785,3
62786,0
62787,2
62788,2
62789,3
62790,1
62791,0
62792,3
62793,2
62794,0
62795,3
62796,3
62797,0
62798,3
62799,0
62800,1
62801,2
62802,3
62803,2
62804,1
62805,1
62806,0
62807,3
62808,0
62809,1
62810,3
62811,1
62812,3
62813,0
62814,1
62815,2
62816,2
62817,3
62818,3
62819,2
62820,0
62821,2
62822,0
62823,3
62824,3
62825,3
62826,3
62827,1
62828,3
62829,3
62830,1
62831,3
62832,3
62833,1
62834,3
62835,2
62836,1
62837,3
62838,0
62839,1
62840,1
62841,1
62842,1
62843,3
62844,3
62845,3
62846,0
62847,0
62848,0
62849,1
62850,3
62851,3
62852,3
62853,2
62854,0
62855,3
62856,3
62857,0
62858,1
62859,1
62860,2
62861,3
62862,2
62863,3
62864,2
62865,1
62866,0
62867,1
62868,2
62869,2
62870,3
62871,3
62872,2
62873,3
62874,1
62875,2
62876,1
62877,3
62878,3
62879,3
62880,3
62881,3
62882,3
62883,0
62884,3
62885,2
62886,1
62887,3
62888,3
62889,3
62890,3
62891,3
62892,0
62893,3
62894,3
62895,2
62896,3
62897,1
62898,1
62899,0
62900,1
62901,1
62902,3
62903,1
62904,1
62905,0
62906,3
62907,0
62908,1
62909,3
62910,2
62911,0
62912,1
62913,0
62914,3
62915,3
62916,1
62917,2
62918,1
62919,3
62920,3
62921,1
62922,3
62923,0
62924,3
62925,3
62926,3
62927,0
62928,2
62929,1
62930,2
62931,0
62932,1
62933,3
62934,3
62935,0
62936,1
62937,0
62938,2
62939,0
62940,1
62941,1
62942,3
62943,1
62944,2
62945,0
62946,0
62947,3
62948,1
62949,3
62950,1
62951,1
62952,3
62953,3
62954,1
62955,1
62956,3
62957,2
62958,0
62959,1
62960,3
62961,3
62962,3
62963,3
62964,2
62965,1
62966,0
62967,3
62968,2
62969,3
62970,0
62971,3
62972,3
62973,0
62974,1
62975,3
62976,1
62977,1
62978,0
62979,0
62980,2
62981,0
62982,1
62983,2
62984,3
62985,3
62986,2
62987,3
62988,2
62989,2
62990,1
62991,3
62992,0
62993,3
62994,2
62995,1
62996,0
62997,3
62998,1
62999,2
63000,3
63001,3
63002,2
63003,0
63004,2
63005,3
63006,2
63007,0
63008,3
63009,2
63010,2
63011,2
63012,1
63013,3
63014,3
63015,3
63016,0
63017,0
63018,1
63019,2
63020,0
63021,1
63022,3
63023,2
63024,3
63025,1
63026,3
63027,1
63028,2
63029,2
63030,2
63031,3
63032,1
63033,0
63034,0
63035,2
63036,2
63037,0
63038,1
63039,1
63040,3
63041,0
63042,0
63043,2
63044,2
63045,1
63046,0
63047,3
63048,3
63049,3
63050,2
63051,3
63052,3
63053,3
63054,2
63055,3
63056,2
63057,2
63058,3
63059,2
63060,0
63061,3
63062,1
63063,3
63064,2
63065,1
63066,1
63067,2
63068,1
63069,0
63070,1
63071,2
63072,3
63073,2
63074,3
63075,3
63076,0
63077,1
63078,2
63079,2
63080,0
63081,3
63082,3
63083,2
63084,2
63085,2
63086,0
63087,1
63088,1
63089,2
63090,3
63091,0
63092,3
63093,3
63094,1
63095,3
63096,2
63097,3
63098,1
63099,3
63100,3
63101,0
63102,0
63103,3
63104,1
63105,0
63106,3
63107,2
63108,3
63109,2
63110,1
63111,3
63112,0
63113,2
63114,3
63115,0
63116,0
63117,2
63118,2
63119,3
63120,1
63121,3
63122,3
63123,3
63124,3
63125,2
63126,1
63127,3
63128,1
63129,3
63130,3
63131,2
63132,1
63133,1
63134,3
63135,1
63136,3
63137,0
63138,3
63139,2
63140,3
63141,2
63142,3
63143,1
63144,3
63145,3
63146,2
63147,1
63148,2
63149,1
63150,1
63151,3
63152,2
63153,3
63154,3
63155,1
63156,3
63157,2
63158,2
63159,0
63160,0
63161,1
63162,3
63163,3
63164,2
63165,3
63166,1
63167,2
63168,0
63169,3
63170,1
63171,2
63172,3
63173,3
63174,3
63175,2
63176,3
63177,3
63178,1
63179,2
63180,3
63181,1
63182,3
63183,3
63184,1
63185,2
63186,3
63187,1
63188,2
63189,2
63190,0
63191,3
63192,1
63193,2
63194,1
63195,2
63196,1
63197,1
63198,1
63199,3
63200,3
63201,0
63202,0
63203,2
63204,0
63205,0
63206,2
63207,3
63208,2
63209,1
63210,2
63211,1
63212,1
63213,0
63214,3
63215,3
63216,0
63217,1
63218,0
63219,0
63220,3
63221,1
63222,3
63223,2
63224,1
63225,2
63226,2
63227,2
63228,1
63229,2
63230,3
63231,1
63232,1
63233,1
63234,3
63235,3
63236,1
63237,1
63238,2
63239,3
63240,2
63241,0
63242,3
63243,3
63244,2
63245,3
63246,3
63247,3
63248,3
63249,2
63250,1
63251,0
63252,0
63253,3
63254,0
63255,3
63256,1
63257,2
63258,1
63259,3
63260,3
63261,2
63262,2
63263,1
63264,1
63265,2
63266,3
63267,2
63268,3
63269,2
63270,0
63271,0
63272,2
63273,3
63274,3
63275,3
63276,3
63277,0
63278,2
63279,0
63280,1
63281,0
63282,3
63283,0
63284,1
63285,3
63286,3
63287,0
63288,3
63289,3
63290,1
63291,3
63292,1
63293,3
63294,0
63295,3
63296,1
63297,0
63298,3
63299,0
63300,2
63301,0
63302,1
63303,1
63304,3
63305,3
63306,1
63307,3
63308,2
63309,3
63310,3
63311,1
63312,2
63313,3
63314,1
63315,2
63316,1
63317,0
63318,0
63319,2
63320,3
63321,2
63322,1
63323,3
63324,3
63325,0
63326,1
63327,1
63328,1
63329,1
63330,1
63331,3
63332,3
63333,3
63334,3
63335,1
63336,0
63337,3
63338,1
63339,1
63340,2
63341,3
63342,2
63343,0
63344,1
63345,0
63346,2
63347,3
63348,2
63349,3
63350,3
63351,1
63352,3
63353,1
63354,3
63355,1
63356,3
63357,2
63358,1
63359,1
63360,3
63361,0
63362,3
63363,1
63364,2
63365,2
63366,3
63367,1
63368,2
63369,3
63370,3
63371,1
63372,1
63373,1
63374,0
63375,0
63376,3
63377,0
63378,0
63379,3
63380,3
63381,0
63382,3
63383,3
63384,1
63385,2
63386,3
63387,3
63388,3
63389,0
63390,0
63391,3
63392,3
63393,3
63394,0
63395,3
63396,2
63397,1
63398,3
63399,1
63400,3
63401,3
63402,3
63403,0
63404,0
63405,0
63406,1
63407,0
63408,0
63409,1
63410,1
63411,3
63412,1
63413,0
63414,3
63415,1
63416,2
63417,0
63418,3
63419,3
63420,3
63421,2
63422,3
63423,2
63424,3
63425,1
63426,2
63427,1
63428,3
63429,3
63430,1
63431,2
63432,0
63433,0
63434,0
63435,1
63436,1
63437,3
63438,2
63439,3
63440,2
63441,1
63442,0
63443,1
63444,3
63445,3
63446,0
63447,3
63448,3
63449,3
63450,1
63451,3
63452,3
63453,1
63454,1
63455,2
63456,3
63457,3
63458,1
63459,3
63460,3
63461,0
63462,0
63463,0
63464,1
63465,2
63466,1
63467,1
63468,0
63469,3
63470,1
63471,2
63472,1
63473,3
63474,3
63475,3
63476,3
63477,1
63478,2
63479,1
63480,2
63481,0
63482,2
63483,1
63484,1
63485,3
63486,3
63487,1
63488,3
63489,1
63490,1
63491,0
63492,1
63493,0
63494,3
63495,1
63496,1
63497,1
63498,2
63499,3
63500,0
63501,0
63502,0
63503,2
63504,3
63505,0
63506,2
63507,3
63508,0
63509,2
63510,2
63511,3
63512,3
63513,0
63514,1
63515,3
63516,3
63517,0
63518,2
63519,1
63520,1
63521,3
63522,1
63523,1
63524,0
63525,2
63526,3
63527,2
63528,1
63529,1
63530,1
63531,0
63532,3
63533,3
63534,2
63535,0
63536,1
63537,2
63538,0
63539,0
63540,3
63541,1
63542,3
63543,0
63544,3
63545,0
63546,3
63547,2
63548,3
63549,2
63550,1
63551,3
63552,1
63553,3
63554,3
63555,0
63556,0
63557,3
63558,2
63559,3
63560,3
63561,3
63562,2
63563,3
63564,1
63565,0
63566,0
63567,1
63568,2
63569,0
63570,0
63571,0
63572,2
63573,3
63574,2
63575,3
63576,0
63577,1
63578,3
63579,2
63580,2
63581,2
63582,1
63583,3
63584,3
63585,2
63586,1
63587,3
63588,3
63589,1
63590,3
63591,1
63592,0
63593,0
63594,1
63595,3
63596,3
63597,0
63598,3
63599,0
63600,2
63601,3
63602,3
63603,0
63604,3
63605,0
63606,1
63607,3
63608,1
63609,3
63610,0
63611,3
63612,0
63613,3
63614,1
63615,1
63616,1
63617,3
63618,3
63619,0
63620,2
63621,3
63622,1
63623,1
63624,1
63625,3
63626,3
63627,1
63628,3
63629,3
63630,2
63631,1
63632,3
63633,3
63634,1
63635,3
63636,3
63637,3
63638,3
63639,1
63640,3
63641,0
63642,3
63643,0
63644,3
63645,1
63646,3
63647,2
63648,2
63649,0
63650,2
63651,0
63652,0
63653,1
63654,3
63655,1
63656,0
63657,3
63658,1
63659,3
63660,1
63661,0
63662,1
63663,2
63664,1
63665,1
63666,2
63667,1
63668,1
63669,0
63670,3
63671,2
63672,3
63673,3
63674,3
63675,3
63676,1
63677,1
63678,2
63679,1
63680,0
63681,0
63682,3
63683,2
63684,2
63685,1
63686,3
63687,2
63688,1
63689,3
63690,2
63691,2
63692,2
63693,2
63694,1
63695,3
63696,3
63697,3
63698,2
63699,3
63700,2
63701,3
63702,3
63703,3
63704,0
63705,1
63706,2
63707,1
63708,3
63709,0
63710,2
63711,1
63712,2
63713,3
63714,3
63715,2
63716,3
63717,0
63718,3
63719,3
63720,2
63721,1
63722,1
63723,0
63724,2
63725,0
63726,1
63727,2
63728,0
63729,2
63730,3
63731,3
63732,2
63733,2
63734,3
63735,1
63736,0
63737,3
63738,3
63739,1
63740,3
63741,3
63742,0
63743,0
63744,1
63745,1
63746,1
63747,3
63748,3
63749,3
63750,0
63751,2
63752,3
63753,2
63754,0
63755,1
63756,3
63757,2
63758,2
63759,2
63760,1
63761,3
63762,3
63763,3
63764,1
63765,2
63766,1
63767,3
63768,3
63769,0
63770,2
63771,0
63772,0
63773,2
63774,3
63775,3
63776,1
63777,2
63778,2
63779,0
63780,1
63781,1
63782,2
63783,1
63784,2
63785,3
63786,3
63787,0
63788,3
63789,1
63790,2
63791,0
63792,0
63793,3
63794,3
63795,1
63796,3
63797,0
63798,3
63799,1
63800,0
63801,2
63802,3
63803,3
63804,3
63805,1
63806,3
63807,3
63808,0
63809,0
63810,3
63811,3
63812,1
63813,2
63814,3
63815,1
63816,1
63817,1
63818,3
63819,1
63820,0
63821,3
63822,3
63823,0
63824,2
63825,3
63826,3
63827,2
63828,2
63829,2
63830,3
63831,2
63832,1
63833,0
63834,3
63835,3
63836,1
63837,2
63838,1
63839,1
63840,1
63841,0
63842,0
63843,1
63844,0
63845,1
63846,3
63847,2
63848,0
63849,3
63850,2
63851,2
63852,1
63853,1
63854,3
63855,1
63856,3
63857,1
63858,0
63859,2
63860,0
63861,2
63862,3
63863,3
63864,3
63865,3
63866,3
63867,0
63868,3
63869,1
63870,1
63871,0
63872,3
63873,1
63874,0
63875,2
63876,1
63877,0
63878,3
63879,3
63880,0
63881,1
63882,2
63883,0
63884,2
63885,3
63886,2
63887,0
63888,0
63889,3
63890,0
63891,3
63892,3
63893,3
63894,2
63895,2
63896,3
63897,0
63898,2
63899,0
63900,1
63901,2
63902,2
63903,3
63904,1
63905,1
63906,1
63907,1
63908,2
63909,0
63910,2
63911,3
63912,3
63913,3
63914,0
63915,3
63916,0
63917,3
63918,0
63919,3
63920,0
63921,1
63922,3
63923,2
63924,3
63925,3
63926,0
63927,3
63928,3
63929,1
63930,2
63931,1
63932,1
63933,0
63934,3
63935,1
63936,3
63937,3
63938,2
63939,3
63940,0
63941,2
63942,2
63943,1
63944,2
63945,2
63946,1
63947,3
63948,0
63949,0
63950,1
63951,1
63952,2
63953,2
63954,2
63955,3
63956,2
63957,2
63958,2
63959,3
63960,3
63961,3
63962,0
63963,3
63964,3
63965,3
63966,2
63967,1
63968,1
63969,2
63970,2
63971,1
63972,1
63973,3
63974,1
63975,1
63976,3
63977,1
63978,0
63979,3
63980,3
63981,3
63982,3
63983,1
63984,2
63985,3
63986,0
63987,3
63988,0
63989,3
63990,2
63991,1
63992,2
63993,2
63994,3
63995,2
63996,3
63997,0
63998,3
63999,1
64000,1
64001,3
64002,3
64003,2
64004,1
64005,3
64006,2
64007,0
64008,1
64009,1
64010,0
64011,2
64012,0
64013,3
64014,3
64015,2
64016,3
64017,0
64018,1
64019,3
64020,0
64021,2
64022,2
64023,3
64024,1
64025,0
64026,2
64027,0
64028,3
64029,3
64030,2
64031,3
64032,1
64033,2
64034,3
64035,0
64036,1
64037,0
64038,1
64039,1
64040,2
64041,0
64042,1
64043,1
64044,3
64045,3
64046,2
64047,2
64048,0
64049,3
64050,0
64051,1
64052,1
64053,3
64054,3
64055,1
64056,1
64057,3
64058,2
64059,2
64060,3
64061,0
64062,3
64063,3
64064,2
64065,1
64066,2
64067,3
64068,3
64069,2
64070,3
64071,3
64072,2
64073,3
64074,1
64075,0
64076,1
64077,0
64078,3
64079,0
64080,1
64081,3
64082,0
64083,3
64084,0
64085,3
64086,2
64087,3
64088,3
64089,1
64090,2
64091,3
64092,2
64093,3
64094,0
64095,2
64096,1
64097,1
64098,0
64099,2
64100,3
64101,0
64102,1
64103,2
64104,3
64105,3
64106,3
64107,3
64108,2
64109,1
64110,0
64111,2
64112,3
64113,2
64114,0
64115,0
64116,2
64117,2
64118,1
64119,1
64120,3
64121,3
64122,3
64123,0
64124,2
64125,1
64126,1
64127,0
64128,1
64129,2
64130,0
64131,1
64132,2
64133,1
64134,3
64135,0
64136,1
64137,1
64138,2
64139,3
64140,0
64141,3
64142,1
64143,2
64144,2
64145,3
64146,3
64147,3
64148,3
64149,0
64150,3
64151,0
64152,0
64153,3
64154,3
64155,0
64156,3
64157,3
64158,1
64159,2
64160,2
64161,0
64162,0
64163,2
64164,3
64165,1
64166,3
64167,3
64168,1
64169,0
64170,1
64171,3
64172,3
64173,2
64174,1
64175,3
64176,3
64177,1
64178,3
64179,3
64180,2
64181,1
64182,3
64183,1
64184,1
64185,0
64186,1
64187,3
64188,2
64189,2
64190,0
64191,3
64192,3
64193,1
64194,3
64195,2
64196,2
64197,0
64198,3
64199,1
64200,1
64201,3
64202,3
64203,2
64204,3
64205,3
64206,2
64207,1
64208,3
64209,0
64210,1
64211,3
64212,2
64213,3
64214,3
64215,2
64216,3
64217,3
64218,3
64219,2
64220,3
64221,3
64222,0
64223,0
64224,2
64225,0
64226,0
64227,3
64228,3
64229,0
64230,0
64231,0
64232,0
64233,1
64234,1
64235,1
64236,0
64237,0
64238,2
64239,1
64240,1
64241,0
64242,1
64243,2
64244,1
64245,0
64246,1
64247,1
64248,0
64249,0
64250,0
64251,1
64252,2
64253,1
64254,2
64255,1
64256,3
64257,2
64258,1
64259,1
64260,0
64261,1
64262,1
64263,0
64264,3
64265,1
64266,0
64267,3
64268,1
64269,0
64270,0
64271,2
64272,0
64273,3
64274,0
64275,3
64276,3
64277,1
64278,1
64279,2
64280,3
64281,1
64282,3
64283,0
64284,2
64285,3
64286,1
64287,3
64288,3
64289,2
64290,2
64291,3
64292,3
64293,3
64294,2
64295,1
64296,3
64297,1
64298,2
64299,2
64300,0
64301,3
64302,2
64303,3
64304,2
64305,0
64306,1
64307,1
64308,1
64309,3
64310,2
64311,0
64312,1
64313,1
64314,2
64315,2
64316,1
64317,2
64318,3
64319,2
64320,3
64321,1
64322,2
64323,3
64324,3
64325,3
64326,0
64327,3
64328,3
64329,1
64330,1
64331,2
64332,3
64333,3
64334,1
64335,1
64336,3
64337,0
64338,3
64339,1
64340,3
64341,0
64342,3
64343,3
64344,3
64345,3
64346,3
64347,3
64348,2
64349,1
64350,3
64351,2
64352,3
64353,3
64354,0
64355,1
64356,2
64357,2
64358,3
64359,2
64360,0
64361,3
64362,2
64363,3
64364,3
64365,2
64366,3
64367,1
64368,0
64369,3
64370,2
64371,3
64372,1
64373,3
64374,3
64375,2
64376,3
64377,3
64378,2
64379,0
64380,3
64381,3
64382,0
64383,2
64384,2
64385,0
64386,3
64387,3
64388,3
64389,3
64390,3
64391,1
64392,1
64393,3
64394,3
64395,3
64396,2
64397,0
64398,2
64399,0
64400,1
64401,3
64402,0
64403,1
64404,0
64405,2
64406,3
64407,2
64408,0
64409,2
64410,2
64411,3
64412,2
64413,0
64414,3
64415,2
64416,3
64417,3
64418,1
64419,3
64420,1
64421,1
64422,1
64423,2
64424,1
64425,1
64426,0
64427,1
64428,2
64429,3
64430,0
64431,2
64432,3
64433,3
64434,3
64435,0
64436,3
64437,2
64438,3
64439,3
64440,3
64441,2
64442,0
64443,2
64444,0
64445,1
64446,2
64447,3
64448,0
64449,3
64450,2
64451,0
64452,3
64453,3
64454,3
64455,2
64456,2
64457,3
64458,3
64459,2
64460,3
64461,2
64462,2
64463,1
64464,2
64465,3
64466,3
64467,2
64468,0
64469,0
64470,0
64471,0
64472,2
64473,2
64474,3
64475,0
64476,3
64477,1
64478,1
64479,0
64480,3
64481,2
64482,3
64483,3
64484,1
64485,2
64486,2
64487,3
64488,0
64489,1
64490,2
64491,2
64492,0
64493,3
64494,1
64495,2
64496,3
64497,3
64498,3
64499,0
64500,3
64501,2
64502,3
64503,3
64504,0
64505,2
64506,3
64507,1
64508,3
64509,0
64510,1
64511,2
64512,2
64513,0
64514,3
64515,3
64516,2
64517,2
64518,2
64519,1
64520,3
64521,1
64522,2
64523,2
64524,2
64525,0
64526,3
64527,2
64528,3
64529,0
64530,1
64531,2
64532,0
64533,3
64534,3
64535,1
64536,3
64537,2
64538,3
64539,1
64540,3
64541,3
64542,0
64543,1
64544,0
64545,3
64546,3
64547,3
64548,2
64549,2
64550,3
64551,3
64552,2
64553,2
64554,3
64555,2
64556,1
64557,2
64558,0
64559,2
64560,0
64561,3
64562,3
64563,1
64564,3
64565,2
64566,1
64567,3
64568,2
64569,3
64570,2
64571,3
64572,3
64573,3
64574,2
64575,2
64576,3
64577,3
64578,1
64579,0
64580,2
64581,2
64582,1
64583,3
64584,3
64585,2
64586,1
64587,2
64588,0
64589,3
64590,3
64591,1
64592,2
64593,3
64594,0
64595,3
64596,0
64597,2
64598,1
64599,1
64600,3
64601,3
64602,1
64603,3
64604,3
64605,1
64606,1
64607,1
64608,3
64609,2
64610,2
64611,3
64612,3
64613,3
64614,1
64615,1
64616,3
64617,1
64618,0
64619,3
64620,2
64621,1
64622,3
64623,3
64624,2
64625,1
64626,1
64627,2
64628,1
64629,3
64630,2
64631,3
64632,2
64633,2
64634,3
64635,3
64636,1
64637,2
64638,0
64639,1
64640,3
64641,1
64642,0
64643,2
64644,2
64645,1
64646,3
64647,3
64648,3
64649,0
64650,0
64651,3
64652,3
64653,2
64654,3
64655,2
64656,0
64657,2
64658,1
64659,2
64660,2
64661,1
64662,3
64663,1
64664,0
64665,3
64666,3
64667,0
64668,2
64669,3
64670,3
64671,2
64672,2
64673,3
64674,3
64675,2
64676,3
64677,3
64678,0
64679,0
64680,3
64681,0
64682,0
64683,0
64684,1
64685,3
64686,1
64687,2
64688,1
64689,2
64690,1
64691,1
64692,2
64693,1
64694,0
64695,1
64696,1
64697,1
64698,3
64699,2
64700,2
64701,1
64702,1
64703,0
64704,3
64705,2
64706,0
64707,2
64708,1
64709,2
64710,2
64711,2
64712,1
64713,2
64714,3
64715,3
64716,0
64717,3
64718,3
64719,1
64720,1
64721,2
64722,0
64723,1
64724,0
64725,1
64726,2
64727,3
64728,1
64729,3
64730,3
64731,2
64732,2
64733,0
64734,3
64735,1
64736,3
64737,1
64738,0
64739,2
64740,3
64741,3
64742,2
64743,3
64744,3
64745,2
64746,1
64747,1
64748,2
64749,3
64750,0
64751,3
64752,1
64753,0
64754,2
64755,1
64756,0
64757,3
64758,2
64759,2
64760,2
64761,1
64762,2
64763,0
64764,2
64765,2
64766,3
64767,0
64768,2
64769,3
64770,3
64771,0
64772,2
64773,1
64774,3
64775,3
64776,2
64777,0
64778,3
64779,2
64780,3
64781,2
64782,2
64783,3
64784,3
64785,2
64786,3
64787,1
64788,0
64789,0
64790,3
64791,3
64792,1
64793,3
64794,2
64795,3
64796,3
64797,3
64798,2
64799,3
64800,3
64801,0
64802,0
64803,2
64804,3
64805,3
64806,2
64807,0
64808,0
64809,3
64810,0
64811,3
64812,0
64813,0
64814,0
64815,3
64816,2
64817,3
64818,1
64819,0
64820,3
64821,1
64822,3
64823,0
64824,3
64825,3
64826,2
64827,0
64828,2
64829,0
64830,3
64831,1
64832,0
64833,3
64834,3
64835,3
64836,2
64837,3
64838,3
64839,3
64840,1
64841,2
64842,0
64843,0
64844,2
64845,2
64846,3
64847,2
64848,3
64849,0
64850,2
64851,0
64852,3
64853,3
64854,3
64855,0
64856,1
64857,3
64858,0
64859,2
64860,2
64861,3
64862,1
64863,2
64864,2
64865,3
64866,1
64867,2
64868,2
64869,3
64870,0
64871,2
64872,3
64873,2
64874,3
64875,2
64876,3
64877,0
64878,1
64879,1
64880,2
64881,0
64882,0
64883,3
64884,2
64885,3
64886,0
64887,0
64888,1
64889,1
64890,1
64891,2
64892,2
64893,2
64894,3
64895,3
64896,1
64897,3
64898,1
64899,1
64900,1
64901,2
64902,0
64903,3
64904,2
64905,3
64906,1
64907,2
64908,3
64909,3
64910,3
64911,0
64912,3
64913,1
64914,1
64915,2
64916,1
64917,2
64918,0
64919,3
64920,1
64921,3
64922,2
64923,1
64924,1
64925,0
64926,3
64927,0
64928,3
64929,3
64930,1
64931,3
64932,2
64933,2
64934,0
64935,2
64936,3
64937,0
64938,3
64939,1
64940,2
64941,3
64942,2
64943,1
64944,3
64945,0
64946,3
64947,3
64948,3
64949,0
64950,2
64951,2
64952,1
64953,2
64954,3
64955,2
64956,3
64957,2
64958,2
64959,3
64960,1
64961,2
64962,2
64963,3
64964,0
64965,1
64966,3
64967,1
64968,3
64969,3
64970,3
64971,1
64972,3
64973,2
64974,3
64975,2
64976,3
64977,3
64978,3
64979,3
64980,2
64981,2
64982,0
64983,1
64984,1
64985,1
64986,0
64987,1
64988,3
64989,1
64990,2
64991,3
64992,3
64993,3
64994,2
64995,2
64996,2
64997,3
64998,0
64999,2
65000,1
65001,3
65002,1
65003,0
65004,1
65005,2
65006,0
65007,3
65008,3
65009,3
65010,3
65011,0
65012,2
65013,0
65014,1
65015,1
65016,2
65017,2
65018,2
65019,1
65020,3
65021,3
65022,2
65023,1
65024,2
65025,2
65026,3
65027,0
65028,3
65029,3
65030,3
65031,1
65032,0
65033,3
65034,1
65035,2
65036,3
65037,3
65038,3
65039,2
65040,1
65041,3
65042,0
65043,1
65044,3
65045,2
65046,3
65047,2
65048,0
65049,3
65050,0
65051,3
65052,1
65053,2
65054,3
65055,2
65056,3
65057,2
65058,2
65059,3
65060,1
65061,0
65062,1
65063,3
65064,2
65065,1
65066,3
65067,0
65068,3
65069,3
65070,3
65071,2
65072,1
65073,3
65074,3
65075,1
65076,2
65077,2
65078,2
65079,1
65080,3
65081,1
65082,1
65083,2
65084,0
65085,3
65086,3
65087,3
65088,1
65089,2
65090,0
65091,3
65092,0
65093,3
65094,2
65095,1
65096,3
65097,0
65098,3
65099,3
65100,3
65101,3
65102,3
65103,0
65104,3
65105,0
65106,0
65107,3
65108,1
65109,2
65110,3
65111,0
65112,0
65113,2
65114,3
65115,3
65116,3
65117,2
65118,2
65119,3
65120,1
65121,3
65122,3
65123,2
65124,3
65125,1
65126,3
65127,3
65128,3
65129,3
65130,1
65131,3
65132,0
65133,1
65134,2
65135,2
65136,3
65137,3
65138,2
65139,1
65140,3
65141,1
65142,2
65143,2
65144,0
65145,3
65146,0
65147,3
65148,3
65149,2
65150,3
65151,3
65152,3
65153,2
65154,1
65155,1
65156,0
65157,3
65158,0
65159,3
65160,3
65161,0
65162,0
65163,2
65164,2
65165,2
65166,0
65167,2
65168,0
65169,3
65170,2
65171,3
65172,3
65173,1
65174,2
65175,3
65176,3
65177,0
65178,3
65179,1
65180,2
65181,2
65182,3
65183,2
65184,1
65185,1
65186,1
65187,2
65188,2
65189,2
65190,2
65191,3
65192,2
65193,1
65194,2
65195,1
65196,1
65197,2
65198,0
65199,0
65200,1
65201,2
65202,0
65203,2
65204,3
65205,3
65206,2
65207,3
65208,3
65209,3
65210,3
65211,2
65212,3
65213,3
65214,0
65215,3
65216,3
65217,2
65218,3
65219,1
65220,3
65221,0
65222,0
65223,2
65224,1
65225,1
65226,3
65227,3
65228,2
65229,2
65230,1
65231,3
65232,2
65233,2
65234,3
65235,2
65236,1
65237,1
65238,3
65239,2
65240,3
65241,0
65242,3
65243,1
65244,3
65245,3
65246,0
65247,2
65248,3
65249,1
65250,3
65251,2
65252,0
65253,0
65254,3
65255,0
65256,3
65257,2
65258,3
65259,3
65260,3
65261,0
65262,2
65263,2
65264,1
65265,3
65266,2
65267,0
65268,3
65269,3
65270,0
65271,1
65272,3
65273,3
65274,3
65275,1
65276,3
65277,3
65278,1
65279,3
65280,2
65281,2
65282,0
65283,2
65284,3
65285,0
65286,0
65287,2
65288,0
65289,0
65290,3
65291,2
65292,2
65293,3
65294,1
65295,0
65296,1
65297,0
65298,0
65299,3
65300,2
65301,2
65302,0
65303,3
65304,2
65305,1
65306,1
65307,2
65308,3
65309,0
65310,1
65311,3
65312,3
65313,2
65314,0
65315,2
65316,2
65317,3
65318,2
65319,3
65320,3
65321,2
65322,1
65323,3
65324,3
65325,2
65326,2
65327,2
65328,2
65329,1
65330,3
65331,1
65332,1
65333,3
65334,2
65335,1
65336,3
65337,1
65338,3
65339,2
65340,3
65341,3
65342,1
65343,1
65344,2
65345,3
65346,3
65347,3
65348,1
65349,0
65350,1
65351,2
65352,3
65353,0
65354,0
65355,1
65356,2
65357,3
65358,2
65359,1
65360,3
65361,0
65362,3
65363,3
65364,3
65365,0
65366,2
65367,0
65368,3
65369,0
65370,3
65371,3
65372,3
65373,3
65374,1
65375,0
65376,2
65377,3
65378,0
65379,3
65380,0
65381,0
65382,0
65383,2
65384,2
65385,0
65386,0
65387,2
65388,3
65389,2
65390,3
65391,2
65392,3
65393,2
65394,3
65395,0
65396,3
65397,3
65398,3
65399,2
65400,3
65401,3
65402,2
65403,3
65404,3
65405,1
65406,3
65407,0
65408,2
65409,3
65410,2
65411,0
65412,1
65413,3
65414,3
65415,3
65416,3
65417,3
65418,2
65419,3
65420,3
65421,0
65422,2
65423,3
65424,2
65425,1
65426,3
65427,1
65428,1
65429,1
65430,1
65431,3
65432,1
65433,3
65434,2
65435,2
65436,3
65437,3
65438,3
65439,0
65440,3
65441,2
65442,3
65443,3
65444,0
65445,2
65446,2
65447,3
65448,0
65449,2
65450,0
65451,2
65452,1
65453,2
65454,2
65455,3
65456,0
65457,3
65458,1
65459,3
65460,3
65461,0
65462,1
65463,3
65464,0
65465,2
65466,2
65467,0
65468,0
65469,2
65470,1
65471,1
65472,1
65473,2
65474,0
65475,1
65476,1
65477,1
65478,1
65479,3
65480,2
65481,0
65482,1
65483,2
65484,1
65485,0
65486,1
65487,2
65488,2
65489,3
65490,3
65491,3
65492,3
65493,3
65494,2
65495,3
65496,1
65497,3
65498,3
65499,2
65500,0
65501,3
65502,1
65503,3
65504,3
65505,2
65506,1
65507,1
65508,1
65509,2
65510,3
65511,3
65512,3
65513,3
65514,3
65515,1
65516,0
65517,3
65518,1
65519,3
65520,0
65521,2
65522,1
65523,3
65524,2
65525,3
65526,3
65527,3
65528,2
65529,3
65530,2
65531,1
65532,3
65533,3
65534,3
65535,2
65536,3
65537,3
65538,3
65539,3
65540,3
65541,2
65542,3
65543,2
65544,2
65545,2
65546,1
65547,2
65548,3
65549,1
65550,2
65551,0
65552,1
65553,2
65554,3
65555,3
65556,2
65557,2
65558,2
65559,3
65560,2
65561,1
65562,3
65563,3
65564,3
65565,3
65566,2
65567,1
65568,0
65569,3
65570,3
65571,3
65572,1
65573,1
65574,3
65575,2
65576,3
65577,1
65578,3
65579,2
65580,2
65581,1
65582,2
65583,3
65584,3
65585,3
65586,2
65587,3
65588,1
65589,0
65590,2
65591,2
65592,3
65593,0
65594,2
65595,1
65596,3
65597,3
65598,0
65599,3
65600,2
65601,1
65602,2
65603,2
65604,2
65605,3
65606,0
65607,2
65608,3
65609,3
65610,3
65611,3
65612,2
65613,2
65614,3
65615,0
65616,1
65617,3
65618,2
65619,0
65620,3
65621,0
65622,1
65623,3
65624,2
65625,2
65626,0
65627,3
65628,2
65629,3
65630,0
65631,3
65632,2
65633,2
65634,0
65635,0
65636,3
65637,2
65638,3
65639,0
65640,1
65641,1
65642,3
65643,0
65644,0
65645,2
65646,1
65647,2
65648,0
65649,3
65650,1
65651,2
65652,3
65653,2
65654,2
65655,3
65656,2
65657,3
65658,2
65659,2
65660,2
65661,0
65662,2
65663,1
65664,1
65665,1
65666,3
65667,1
65668,0
65669,1
65670,0
65671,1
65672,3
65673,2
65674,2
65675,3
65676,0
65677,0
65678,3
65679,3
65680,0
65681,3
65682,2
65683,2
65684,3
65685,1
65686,2
65687,3
65688,1
65689,1
65690,0
65691,0
65692,0
65693,3
65694,2
65695,0
65696,3
65697,0
65698,3
65699,3
65700,3
65701,1
65702,3
65703,2
65704,0
65705,2
65706,3
65707,3
65708,3
65709,1
65710,3
65711,1
65712,3
65713,0
65714,0
65715,1
65716,3
65717,2
65718,1
65719,2
65720,0
65721,3
65722,2
65723,3
65724,2
65725,3
65726,2
65727,2
65728,1
65729,3
65730,0
65731,3
65732,2
65733,0
65734,2
65735,1
65736,3
65737,2
65738,3
65739,1
65740,3
65741,3
65742,3
65743,1
65744,0
65745,2
65746,2
65747,1
65748,3
65749,3
65750,0
65751,2
65752,3
65753,3
65754,3
65755,0
65756,3
65757,2
65758,1
65759,2
65760,2
65761,2
65762,3
65763,3
65764,3
65765,1
65766,3
65767,3
65768,0
65769,2
65770,3
65771,3
65772,1
65773,3
65774,3
65775,2
65776,2
65777,2
65778,0
65779,2
65780,2
65781,2
65782,0
65783,3
65784,3
65785,3
65786,3
65787,3
65788,3
65789,2
65790,3
65791,3
65792,1
65793,3
65794,1
65795,1
65796,3
65797,2
65798,3
65799,3
65800,2
65801,2
65802,1
65803,2
65804,2
65805,3
65806,3
65807,3
65808,1
65809,1
65810,3
65811,1
65812,2
65813,3
65814,2
65815,3
65816,3
65817,1
65818,3
65819,0
65820,1
65821,0
65822,1
65823,2
65824,3
65825,1
65826,1
65827,3
65828,2
65829,2
65830,2
65831,0
65832,2
65833,3
65834,3
65835,2
65836,3
65837,2
65838,2
65839,1
65840,3
65841,0
65842,3
65843,1
65844,0
65845,3
65846,2
65847,1
65848,3
65849,3
65850,2
65851,3
65852,1
65853,3
65854,1
65855,0
65856,0
65857,3
65858,3
65859,1
65860,2
65861,3
65862,3
65863,2
65864,0
65865,2
65866,3
65867,3
65868,3
65869,3
65870,2
65871,2
65872,2
65873,3
65874,1
65875,2
65876,0
65877,2
65878,1
65879,3
65880,1
65881,3
65882,2
65883,3
65884,1
65885,0
65886,3
65887,3
65888,2
65889,1
65890,0
65891,2
65892,1
65893,0
65894,2
65895,1
65896,0
65897,1
65898,0
65899,2
65900,2
65901,1
65902,0
65903,2
65904,3
65905,3
65906,3
65907,0
65908,1
65909,0
65910,0
65911,3
65912,3
65913,1
65914,2
65915,2
65916,3
65917,3
65918,3
65919,2
65920,0
65921,1
65922,3
65923,2
65924,0
65925,1
65926,2
65927,0
65928,3
65929,3
65930,0
65931,3
65932,1
65933,3
65934,3
65935,0
65936,3
65937,1
65938,0
65939,0
65940,3
65941,3
65942,2
65943,1
65944,2
65945,3
65946,1
65947,1
65948,3
65949,1
65950,3
65951,2
65952,3
65953,2
65954,3
65955,0
65956,2
65957,3
65958,1
65959,3
65960,3
65961,3
65962,2
65963,2
65964,2
65965,3
65966,1
65967,1
65968,0
65969,3
65970,3
65971,3
65972,3
65973,0
65974,3
65975,2
65976,3
65977,3
65978,1
65979,3
65980,2
65981,1
65982,3
65983,0
65984,3
65985,3
65986,0
65987,2
65988,3
65989,2
65990,3
65991,3
65992,0
65993,2
65994,1
65995,3
65996,0
65997,2
65998,1
65999,3
66000,1
66001,2
66002,3
66003,3
66004,1
66005,2
66006,0
66007,1
66008,3
66009,1
66010,0
66011,1
66012,2
66013,2
66014,3
66015,1
66016,1
66017,3
66018,3
66019,0
66020,2
66021,1
66022,2
66023,3
66024,1
66025,0
66026,2
66027,3
66028,0
66029,3
66030,3
66031,3
66032,0
66033,3
66034,0
66035,2
66036,1
66037,1
66038,3
66039,3
66040,2
66041,3
66042,3
66043,2
66044,3
66045,3
66046,0
66047,0
66048,0
66049,1
66050,3
66051,3
66052,2
66053,3
66054,3
66055,3
66056,0
66057,3
66058,0
66059,3
66060,0
66061,3
66062,1
66063,1
66064,1
66065,0
66066,2
66067,3
66068,1
66069,3
66070,3
66071,2
66072,1
66073,3
66074,0
66075,3
66076,2
66077,1
66078,3
66079,0
66080,3
66081,3
66082,3
66083,2
66084,1
66085,3
66086,2
66087,3
66088,0
66089,2
66090,2
66091,3
66092,3
66093,0
66094,3
66095,0
66096,2
66097,0
66098,2
66099,3
66100,3
66101,3
66102,3
66103,2
66104,2
66105,1
66106,1
66107,2
66108,3
66109,1
66110,2
66111,2
66112,1
66113,0
66114,1
66115,2
66116,3
66117,1
66118,3
66119,2
66120,3
66121,3
66122,2
66123,3
66124,1
66125,3
66126,3
66127,3
66128,1
66129,2
66130,2
66131,0
66132,1
66133,2
66134,3
66135,1
66136,1
66137,2
66138,2
66139,3
66140,1
66141,2
66142,0
66143,2
66144,2
66145,3
66146,1
66147,3
66148,3
66149,0
66150,1
66151,1
66152,3
66153,2
66154,3
66155,0
66156,0
66157,1
66158,0
66159,3
66160,2
66161,3
66162,1
66163,1
66164,3
66165,2
66166,0
66167,1
66168,3
66169,1
66170,2
66171,0
66172,3
66173,3
66174,1
66175,3
66176,3
66177,2
66178,3
66179,0
66180,3
66181,3
66182,3
66183,1
66184,3
66185,1
66186,3
66187,0
66188,1
66189,3
66190,1
66191,3
66192,3
66193,1
66194,1
66195,1
66196,3
66197,0
66198,2
66199,3
66200,3
66201,3
66202,0
66203,3
66204,2
66205,1
66206,3
66207,1
66208,2
66209,3
66210,3
66211,3
66212,3
66213,3
66214,3
66215,3
66216,2
66217,0
66218,1
66219,3
66220,3
66221,3
66222,3
66223,0
66224,2
66225,3
66226,1
66227,1
66228,0
66229,3
66230,1
66231,1
66232,0
66233,2
66234,2
66235,0
66236,1
66237,2
66238,3
66239,2
66240,3
66241,2
66242,3
66243,3
66244,3
66245,1
66246,3
66247,2
66248,2
66249,3
66250,0
66251,2
66252,2
66253,1
66254,3
66255,0
66256,3
66257,3
66258,0
66259,3
66260,3
66261,3
66262,3
66263,3
66264,2
66265,3
66266,0
66267,3
66268,3
66269,1
66270,2
66271,3
66272,3
66273,3
66274,1
66275,2
66276,3
66277,2
66278,0
66279,3
66280,1
66281,3
66282,3
66283,2
66284,3
66285,2
66286,3
66287,1
66288,1
66289,2
66290,1
66291,3
66292,1
66293,0
66294,1
66295,1
66296,3
66297,1
66298,0
66299,3
66300,1
66301,1
66302,3
66303,1
66304,3
66305,3
66306,0
66307,3
66308,2
66309,3
66310,0
66311,2
66312,3
66313,3
66314,0
66315,1
66316,0
66317,1
66318,0
66319,1
66320,1
66321,2
66322,3
66323,1
66324,2
66325,3
66326,3
66327,1
66328,3
66329,0
66330,1
66331,3
66332,0
66333,1
66334,1
66335,2
66336,1
66337,2
66338,2
66339,1
66340,2
66341,3
66342,0
66343,0
66344,3
66345,3
66346,3
66347,3
66348,3
66349,1
66350,3
66351,2
66352,3
66353,3
66354,2
66355,3
66356,1
66357,1
66358,1
66359,1
66360,3
66361,2
66362,1
66363,1
66364,3
66365,3
66366,0
66367,1
66368,3
66369,0
66370,0
66371,2
66372,0
66373,3
66374,3
66375,1
66376,1
66377,3
66378,0
66379,1
66380,0
66381,1
66382,3
66383,3
66384,2
66385,1
66386,1
66387,3
66388,2
66389,1
66390,1
66391,3
66392,1
66393,0
66394,3
66395,1
66396,2
66397,2
66398,1
66399,2
66400,1
66401,2
66402,0
66403,3
66404,1
66405,3
66406,0
66407,3
66408,3
66409,2
66410,1
66411,2
66412,3
66413,2
66414,3
66415,1
66416,2
66417,1
66418,1
66419,2
66420,3
66421,1
66422,3
66423,1
66424,3
66425,3
66426,3
66427,1
66428,3
66429,3
66430,1
66431,1
66432,2
66433,3
66434,2
66435,1
66436,3
66437,1
66438,0
66439,0
66440,0
66441,3
66442,3
66443,3
66444,2
66445,3
66446,3
66447,2
66448,0
66449,3
66450,3
66451,0
66452,3
66453,2
66454,0
66455,2
66456,1
66457,3
66458,1
66459,3
66460,1
66461,2
66462,0
66463,0
66464,1
66465,3
66466,3
66467,3
66468,2
66469,3
66470,0
66471,3
66472,0
66473,3
66474,3
66475,2
66476,3
66477,3
66478,2
66479,2
66480,3
66481,3
66482,3
66483,3
66484,3
66485,3
66486,2
66487,3
66488,0
66489,0
66490,3
66491,2
66492,1
66493,0
66494,1
66495,1
66496,0
66497,2
66498,2
66499,1
66500,0
66501,1
66502,3
66503,0
66504,1
66505,0
66506,3
66507,3
66508,0
66509,3
66510,0
66511,3
66512,1
66513,2
66514,2
66515,3
66516,2
66517,3
66518,2
66519,1
66520,1
66521,2
66522,1
66523,1
66524,2
66525,1
66526,3
66527,1
66528,2
66529,3
66530,0
66531,1
66532,3
66533,1
66534,0
66535,0
66536,0
66537,2
66538,1
66539,1
66540,1
66541,0
66542,1
66543,1
66544,0
66545,3
66546,1
66547,3
66548,3
66549,2
66550,3
66551,1
66552,2
66553,1
66554,2
66555,2
66556,2
66557,1
66558,3
66559,3
66560,0
66561,0
66562,3
66563,2
66564,2
66565,3
66566,3
66567,1
66568,3
66569,0
66570,3
66571,0
66572,2
66573,1
66574,0
66575,1
66576,2
66577,2
66578,2
66579,1
66580,3
66581,0
66582,3
66583,3
66584,2
66585,1
66586,2
66587,0
66588,2
66589,3
66590,2
66591,2
66592,3
66593,2
66594,2
66595,2
66596,1
66597,0
66598,2
66599,3
66600,3
66601,3
66602,2
66603,2
66604,0
66605,2
66606,1
66607,1
66608,2
66609,3
66610,1
66611,0
66612,3
66613,2
66614,1
66615,3
66616,1
66617,1
66618,2
66619,0
66620,2
66621,0
66622,2
66623,1
66624,0
66625,1
66626,0
66627,3
66628,2
66629,3
66630,1
66631,3
66632,3
66633,3
66634,3
66635,3
66636,1
66637,1
66638,3
66639,2
66640,0
66641,3
66642,1
66643,3
66644,3
66645,0
66646,3
66647,3
66648,3
66649,0
66650,3
66651,1
66652,0
66653,0
66654,1
66655,3
66656,0
66657,0
66658,1
66659,1
66660,1
66661,1
66662,2
66663,3
66664,1
66665,1
66666,0
66667,2
66668,0
66669,1
66670,3
66671,0
66672,3
66673,1
66674,3
66675,1
66676,2
66677,3
66678,2
66679,3
66680,1
66681,1
66682,0
66683,3
66684,3
66685,0
66686,2
66687,1
66688,3
66689,3
66690,3
66691,3
66692,1
66693,1
66694,3
66695,3
66696,1
66697,3
66698,3
66699,3
66700,2
66701,2
66702,3
66703,2
66704,3
66705,1
66706,3
66707,0
66708,3
66709,1
66710,2
66711,0
66712,2
66713,3
66714,3
66715,3
66716,3
66717,2
66718,0
66719,3
66720,1
66721,2
66722,3
66723,3
66724,3
66725,2
66726,1
66727,3
66728,1
66729,1
66730,2
66731,1
66732,3
66733,1
66734,1
66735,3
66736,3
66737,3
66738,3
66739,2
66740,2
66741,1
66742,3
66743,2
66744,3
66745,1
66746,3
66747,1
66748,2
66749,1
66750,3
66751,1
66752,3
66753,1
66754,0
66755,3
66756,0
66757,3
66758,0
66759,2
66760,1
66761,2
66762,1
66763,3
66764,2
66765,3
66766,3
66767,3
66768,1
66769,2
66770,2
66771,2
66772,2
66773,3
66774,2
66775,3
66776,1
66777,3
66778,0
66779,1
66780,0
66781,1
66782,2
66783,1
66784,3
66785,1
66786,3
66787,0
66788,3
66789,3
66790,2
66791,3
66792,1
66793,1
66794,3
66795,1
66796,2
66797,3
66798,2
66799,0
66800,2
66801,3
66802,3
66803,1
66804,3
66805,3
66806,1
66807,0
66808,0
66809,3
66810,0
66811,3
66812,3
66813,0
66814,3
66815,3
66816,3
66817,0
66818,0
66819,2
66820,3
66821,1
66822,3
66823,2
66824,3
66825,3
66826,1
66827,3
66828,0
66829,3
66830,0
66831,1
66832,2
66833,3
66834,1
66835,3
66836,0
66837,3
66838,3
66839,3
66840,3
66841,1
66842,0
66843,2
66844,1
66845,0
66846,2
66847,2
66848,3
66849,1
66850,0
66851,0
66852,2
66853,0
66854,2
66855,3
66856,1
66857,0
66858,2
66859,2
66860,2
66861,3
66862,0
66863,3
66864,0
66865,1
66866,0
66867,0
66868,2
66869,0
66870,0
66871,0
66872,1
66873,3
66874,1
66875,2
66876,0
66877,2
66878,1
66879,2
66880,0
66881,3
66882,3
66883,3
66884,3
66885,3
66886,2
66887,3
66888,1
66889,1
66890,3
66891,3
66892,0
66893,3
66894,3
66895,0
66896,2
66897,1
66898,3
66899,3
66900,2
66901,1
66902,0
66903,3
66904,0
66905,2
66906,2
66907,1
66908,0
66909,3
66910,0
66911,3
66912,2
66913,0
66914,0
66915,0
66916,1
66917,3
66918,0
66919,2
66920,0
66921,0
66922,3
66923,3
66924,2
66925,2
66926,2
66927,1
66928,3
66929,0
66930,2
66931,3
66932,3
66933,3
66934,2
66935,1
66936,2
66937,2
66938,3
66939,1
66940,1
66941,2
66942,1
66943,2
66944,0
66945,2
66946,3
66947,3
66948,1
66949,2
66950,3
66951,1
66952,2
66953,3
66954,3
66955,0
66956,2
66957,1
66958,2
66959,0
66960,0
66961,0
66962,3
66963,1
66964,3
66965,0
66966,2
66967,0
66968,2
66969,3
66970,3
66971,0
66972,2
66973,3
66974,3
66975,0
66976,3
66977,0
66978,1
66979,3
66980,0
66981,0
66982,2
66983,2
66984,1
66985,2
66986,0
66987,0
66988,2
66989,2
66990,3
66991,2
66992,3
66993,3
66994,0
66995,2
66996,2
66997,2
66998,3
66999,3
67000,3
67001,1
67002,1
67003,3
67004,2
67005,1
67006,2
67007,0
67008,2
67009,0
67010,3
67011,3
67012,1
67013,3
67014,0
67015,0
67016,3
67017,3
67018,2
67019,2
67020,0
67021,2
67022,1
67023,3
67024,1
67025,2
67026,3
67027,3
67028,3
67029,3
67030,0
67031,0
67032,1
67033,3
67034,1
67035,3
67036,2
67037,3
67038,2
67039,2
67040,2
67041,0
67042,3
67043,3
67044,2
67045,3
67046,1
67047,3
67048,2
67049,3
67050,2
67051,1
67052,3
67053,3
67054,3
67055,0
67056,3
67057,2
67058,2
67059,1
67060,2
67061,0
67062,1
67063,2
67064,0
67065,2
67066,3
67067,2
67068,2
67069,1
67070,3
67071,1
67072,1
67073,1
67074,0
67075,0
67076,0
67077,3
67078,3
67079,3
67080,0
67081,2
67082,0
67083,0
67084,1
67085,2
67086,1
67087,2
67088,2
67089,3
67090,2
67091,3
67092,2
67093,3
67094,3
67095,1
67096,2
67097,3
67098,1
67099,3
67100,0
67101,3
67102,3
67103,1
67104,3
67105,2
67106,2
67107,3
67108,2
67109,0
67110,3
67111,1
67112,3
67113,1
67114,3
67115,2
67116,3
67117,1
67118,1
67119,3
67120,0
67121,3
67122,2
67123,2
67124,3
67125,1
67126,3
67127,1
67128,2
67129,3
67130,0
67131,1
67132,0
67133,0
67134,0
67135,3
67136,3
67137,2
67138,1
67139,3
67140,3
67141,3
67142,1
67143,0
67144,2
67145,0
67146,0
67147,2
67148,3
67149,2
67150,0
67151,0
67152,0
67153,1
67154,1
67155,2
67156,2
67157,2
67158,3
67159,3
67160,3
67161,3
67162,0
67163,0
67164,2
67165,1
67166,3
67167,3
67168,0
67169,0
67170,2
67171,2
67172,3
67173,2
67174,2
67175,1
67176,1
67177,3
67178,1
67179,3
67180,2
67181,3
67182,3
67183,3
67184,2
67185,1
67186,2
67187,0
67188,3
67189,3
67190,0
67191,1
67192,3
67193,2
67194,0
67195,3
67196,2
67197,2
67198,3
67199,0
67200,0
67201,3
67202,2
67203,0
67204,0
67205,2
67206,0
67207,0
67208,1
67209,3
67210,2
67211,0
67212,1
67213,1
67214,1
67215,3
67216,3
67217,0
67218,3
67219,0
67220,3
67221,3
67222,2
67223,1
67224,2
67225,0
67226,3
67227,1
67228,0
67229,3
67230,2
67231,3
67232,3
67233,1
67234,2
67235,0
67236,2
67237,3
67238,3
67239,2
67240,2
67241,3
67242,1
67243,3
67244,1
67245,3
67246,0
67247,3
67248,2
67249,0
67250,1
67251,3
67252,2
67253,3
67254,1
67255,2
67256,0
67257,2
67258,3
67259,3
67260,2
67261,3
67262,1
67263,3
67264,3
67265,2
67266,3
67267,2
67268,3
67269,1
67270,0
67271,0
67272,1
67273,1
67274,0
67275,0
67276,2
67277,1
67278,2
67279,1
67280,2
67281,3
67282,3
67283,2
67284,0
67285,0
67286,0
67287,1
67288,0
67289,2
67290,0
67291,3
67292,0
67293,1
67294,3
67295,3
67296,2
67297,3
67298,0
67299,1
67300,0
67301,0
67302,3
67303,0
67304,3
67305,1
67306,0
67307,1
67308,2
67309,0
67310,2
67311,1
67312,3
67313,3
67314,1
67315,3
67316,3
67317,2
67318,1
67319,3
67320,2
67321,0
67322,2
67323,3
67324,3
67325,2
67326,3
67327,3
67328,3
67329,1
67330,3
67331,3
67332,3
67333,1
67334,1
67335,3
67336,1
67337,2
67338,0
67339,2
67340,1
67341,3
67342,0
67343,3
67344,0
67345,3
67346,3
67347,1
67348,2
67349,2
67350,3
67351,3
67352,3
67353,3
67354,1
67355,1
67356,0
67357,0
67358,3
67359,0
67360,1
67361,1
67362,1
67363,0
67364,1
67365,1
67366,2
67367,3
67368,3
67369,2
67370,0
67371,3
67372,3
67373,1
67374,3
67375,0
67376,1
67377,3
67378,2
67379,1
67380,2
67381,1
67382,2
67383,3
67384,0
67385,0
67386,1
67387,3
67388,2
67389,3
67390,2
67391,2
67392,3
67393,2
67394,1
67395,3
67396,1
67397,3
67398,0
67399,2
67400,3
67401,3
67402,3
67403,3
67404,1
67405,3
67406,3
67407,1
67408,2
67409,1
67410,0
67411,2
67412,0
67413,3
67414,3
67415,0
67416,0
67417,3
67418,0
67419,3
67420,1
67421,3
67422,3
67423,2
67424,2
67425,3
67426,2
67427,3
67428,1
67429,3
67430,1
67431,2
67432,2
67433,2
67434,3
67435,1
67436,3
67437,0
67438,3
67439,0
67440,2
67441,3
67442,0
67443,0
67444,1
67445,3
67446,2
67447,2
67448,2
67449,1
67450,0
67451,0
67452,0
67453,3
67454,1
67455,1
67456,1
67457,3
67458,0
67459,2
67460,0
67461,3
67462,1
67463,1
67464,1
67465,2
67466,2
67467,0
67468,3
67469,2
67470,1
67471,3
67472,0
67473,0
67474,2
67475,3
67476,3
67477,3
67478,1
67479,1
67480,2
67481,3
67482,1
67483,3
67484,3
67485,3
67486,3
67487,2
67488,1
67489,2
67490,3
67491,0
67492,2
67493,0
67494,0
67495,3
67496,3
67497,0
67498,3
67499,1
67500,3
67501,3
67502,1
67503,0
67504,0
67505,3
67506,3
67507,2
67508,3
67509,3
67510,0
67511,1
67512,3
67513,1
67514,0
67515,3
67516,2
67517,2
67518,2
67519,3
67520,1
67521,1
67522,2
67523,2
67524,1
67525,2
67526,2
67527,2
67528,3
67529,0
67530,1
67531,3
67532,2
67533,3
67534,0
67535,3
67536,3
67537,2
67538,3
67539,2
67540,2
67541,3
67542,3
67543,0
67544,1
67545,3
67546,3
67547,3
67548,2
67549,2
67550,3
67551,3
67552,3
67553,1
67554,2
67555,1
67556,2
67557,0
67558,3
67559,3
67560,0
67561,1
67562,2
67563,2
67564,1
67565,2
67566,2
67567,0
67568,2
67569,0
67570,1
67571,2
67572,2
67573,1
67574,2
67575,0
67576,2
67577,2
67578,3
67579,1
67580,1
67581,3
67582,3
67583,3
67584,0
67585,3
67586,1
67587,3
67588,3
67589,2
67590,2
67591,0
67592,3
67593,3
67594,0
67595,1
67596,3
67597,3
67598,0
67599,3
67600,1
67601,1
67602,1
67603,3
67604,1
67605,3
67606,1
67607,1
67608,3
67609,2
67610,3
67611,0
67612,0
67613,3
67614,2
67615,3
67616,2
67617,3
67618,3
67619,3
67620,2
67621,3
67622,1
67623,3
67624,1
67625,0
67626,1
67627,2
67628,3
67629,2
67630,3
67631,1
67632,0
67633,3
67634,3
67635,1
67636,2
67637,1
67638,3
67639,1
67640,1
67641,3
67642,3
67643,0
67644,3
67645,3
67646,2
67647,2
67648,2
67649,2
67650,0
67651,3
67652,2
67653,2
67654,0
67655,3
67656,3
67657,2
67658,3
67659,1
67660,1
67661,2
67662,2
67663,3
67664,0
67665,1
67666,0
67667,2
67668,0
67669,3
67670,2
67671,0
67672,1
67673,3
67674,2
67675,3
67676,1
67677,3
67678,0
67679,3
67680,1
67681,3
67682,1
67683,3
67684,3
67685,1
67686,3
67687,1
67688,1
67689,2
67690,0
67691,3
67692,2
67693,2
67694,0
67695,2
67696,2
67697,1
67698,0
67699,1
67700,2
67701,1
67702,1
67703,1
67704,2
67705,2
67706,3
67707,3
67708,3
67709,3
67710,1
67711,3
67712,3
67713,0
67714,1
67715,0
67716,3
67717,3
67718,2
67719,3
67720,3
67721,3
67722,2
67723,0
67724,1
67725,1
67726,3
67727,3
67728,3
67729,0
67730,1
67731,1
67732,1
67733,3
67734,3
67735,3
67736,2
67737,1
67738,0
67739,0
67740,2
67741,1
67742,1
67743,0
67744,3
67745,0
67746,0
67747,3
67748,0
67749,1
67750,2
67751,0
67752,1
67753,2
67754,0
67755,3
67756,3
67757,3
67758,1
67759,3
67760,3
67761,1
67762,2
67763,3
67764,2
67765,2
67766,3
67767,3
67768,3
67769,2
67770,2
67771,3
67772,2
67773,3
67774,1
67775,0
67776,3
67777,1
67778,0
67779,0
67780,3
67781,3
67782,3
67783,3
67784,3
67785,1
67786,2
67787,3
67788,1
67789,3
67790,2
67791,3
67792,1
67793,2
67794,3
67795,2
67796,3
67797,2
67798,3
67799,1
67800,2
67801,3
67802,0
67803,0
67804,2
67805,1
67806,3
67807,3
67808,2
67809,2
67810,1
67811,2
67812,3
67813,3
67814,2
67815,3
67816,3
67817,1
67818,2
67819,3
67820,3
67821,3
67822,1
67823,3
67824,0
67825,1
67826,0
67827,2
67828,0
67829,3
67830,3
67831,0
67832,3
67833,3
67834,3
67835,3
67836,3
67837,3
67838,3
67839,3
67840,1
67841,0
67842,2
67843,1
67844,2
67845,0
67846,2
67847,0
67848,1
67849,3
67850,1
67851,0
67852,1
67853,3
67854,1
67855,3
67856,1
67857,2
67858,2
67859,2
67860,1
67861,0
67862,1
67863,1
67864,2
67865,3
67866,1
67867,3
67868,1
67869,1
67870,0
67871,2
67872,2
67873,3
67874,1
67875,0
67876,0
67877,2
67878,0
67879,3
67880,2
67881,1
67882,2
67883,3
67884,3
67885,1
67886,0
67887,0
67888,0
67889,3
67890,2
67891,3
67892,0
67893,3
67894,2
67895,3
67896,2
67897,2
67898,3
67899,0
67900,0
67901,0
67902,0
67903,0
67904,3
67905,0
67906,0
67907,1
67908,0
67909,1
67910,1
67911,3
67912,0
67913,3
67914,2
67915,3
67916,3
67917,2
67918,3
67919,3
67920,2
67921,2
67922,3
67923,2
67924,2
67925,2
67926,1
67927,0
67928,3
67929,2
67930,0
67931,3
67932,3
67933,2
67934,2
67935,1
67936,0
67937,3
67938,1
67939,0
67940,2
67941,2
67942,3
67943,0
67944,3
67945,0
67946,3
67947,0
67948,2
67949,2
67950,1
67951,1
67952,3
67953,1
67954,3
67955,3
67956,1
67957,0
67958,1
67959,3
67960,0
67961,2
67962,2
67963,3
67964,2
67965,1
67966,3
67967,1
67968,2
67969,0
67970,3
67971,2
67972,2
67973,3
67974,2
67975,2
67976,2
67977,3
67978,3
67979,2
67980,3
67981,1
67982,0
67983,2
67984,1
67985,3
67986,3
67987,0
67988,3
67989,1
67990,1
67991,3
67992,0
67993,3
67994,3
67995,3
67996,1
67997,3
67998,3
67999,1
68000,3
68001,3
68002,1
68003,1
68004,1
68005,3
68006,2
68007,3
68008,2
68009,2
68010,3
68011,0
68012,3
68013,0
68014,3
68015,3
68016,1
68017,2
68018,0
68019,3
68020,1
68021,1
68022,2
68023,0
68024,1
68025,3
68026,2
68027,3
68028,3
68029,1
68030,3
68031,2
68032,3
68033,0
68034,1
68035,2
68036,3
68037,0
68038,2
68039,1
68040,2
68041,0
68042,2
68043,3
68044,3
68045,3
68046,3
68047,3
68048,3
68049,1
68050,0
68051,1
68052,2
68053,3
68054,2
68055,3
68056,1
68057,0
68058,3
68059,0
68060,2
68061,1
68062,1
68063,3
68064,3
68065,0
68066,2
68067,3
68068,3
68069,3
68070,0
68071,2
68072,3
68073,3
68074,3
68075,2
68076,3
68077,1
68078,2
68079,3
68080,1
68081,1
68082,2
68083,3
68084,3
68085,3
68086,0
68087,3
68088,0
68089,3
68090,3
68091,2
68092,3
68093,2
68094,3
68095,3
68096,2
68097,3
68098,3
68099,0
68100,2
68101,2
68102,0
68103,3
68104,3
68105,3
68106,3
68107,3
68108,2
68109,2
68110,2
68111,1
68112,3
68113,3
68114,3
68115,1
68116,1
68117,2
68118,2
68119,1
68120,3
68121,2
68122,2
68123,3
68124,3
68125,3
68126,0
68127,3
68128,3
68129,0
68130,3
68131,1
68132,3
68133,0
68134,1
68135,3
68136,3
68137,3
68138,3
68139,2
68140,0
68141,2
68142,2
68143,2
68144,3
68145,3
68146,3
68147,2
68148,0
68149,0
68150,0
68151,1
68152,3
68153,1
68154,0
68155,3
68156,0
68157,0
68158,0
68159,2
68160,1
68161,3
68162,1
68163,1
68164,3
68165,2
68166,3
68167,3
68168,2
68169,1
68170,0
68171,3
68172,0
68173,1
68174,2
68175,1
68176,3
68177,2
68178,1
68179,0
68180,0
68181,0
68182,1
68183,3
68184,2
68185,0
68186,2
68187,3
68188,3
68189,0
68190,1
68191,3
68192,1
68193,2
68194,2
68195,3
68196,1
68197,3
68198,0
68199,3
68200,2
68201,0
68202,1
68203,3
68204,0
68205,0
68206,0
68207,3
68208,1
68209,3
68210,2
68211,0
68212,1
68213,3
68214,1
68215,1
68216,2
68217,0
68218,3
68219,1
68220,3
68221,3
68222,0
68223,1
68224,3
68225,0
68226,3
68227,0
68228,2
68229,3
68230,3
68231,2
68232,0
68233,0
68234,3
68235,3
68236,3
68237,0
68238,0
68239,1
68240,1
68241,0
68242,1
68243,3
68244,1
68245,3
68246,3
68247,0
68248,3
68249,2
68250,1
68251,2
68252,0
68253,0
68254,3
68255,1
68256,0
68257,2
68258,1
68259,2
68260,1
68261,3
68262,3
68263,3
68264,1
68265,3
68266,3
68267,0
68268,2
68269,2
68270,0
68271,3
68272,0
68273,3
68274,3
68275,2
68276,2
68277,3
68278,1
68279,3
68280,0
68281,3
68282,1
68283,2
68284,2
68285,2
68286,3
68287,0
68288,3
68289,3
68290,0
68291,1
68292,3
68293,1
68294,3
68295,1
68296,0
68297,3
68298,0
68299,1
68300,0
68301,0
68302,1
68303,2
68304,3
68305,0
68306,3
68307,2
68308,1
68309,3
68310,3
68311,3
68312,3
68313,1
68314,3
68315,3
68316,1
68317,1
68318,0
68319,3
68320,0
68321,1
68322,2
68323,2
68324,0
68325,2
68326,1
68327,3
68328,3
68329,3
68330,3
68331,1
68332,3
68333,3
68334,3
68335,1
68336,2
68337,3
68338,1
68339,2
68340,3
68341,0
68342,2
68343,3
68344,3
68345,3
68346,1
68347,2
68348,2
68349,3
68350,2
68351,1
68352,1
68353,3
68354,0
68355,1
68356,0
68357,2
68358,3
68359,0
68360,1
68361,0
68362,1
68363,1
68364,2
68365,0
68366,0
68367,1
68368,3
68369,1
68370,0
68371,3
68372,1
68373,2
68374,0
68375,3
68376,3
68377,2
68378,2
68379,2
68380,2
68381,2
68382,3
68383,2
68384,3
68385,3
68386,3
68387,1
68388,2
68389,3
68390,3
68391,3
68392,0
68393,1
68394,1
68395,2
68396,3
68397,0
68398,3
68399,2
68400,3
68401,3
68402,0
68403,3
68404,0
68405,3
68406,0
68407,1
68408,3
68409,2
68410,3
68411,2
68412,3
68413,2
68414,1
68415,3
68416,2
68417,1
68418,0
68419,0
68420,2
68421,0
68422,1
68423,1
68424,2
68425,2
68426,2
68427,1
68428,3
68429,2
68430,2
68431,3
68432,3
68433,0
68434,2
68435,0
68436,3
68437,0
68438,1
68439,0
68440,1
68441,3
68442,2
68443,3
68444,1
68445,3
68446,0
68447,3
68448,1
68449,3
68450,3
68451,0
68452,3
68453,1
68454,2
68455,1
68456,2
68457,0
68458,1
68459,3
68460,0
68461,3
68462,0
68463,2
68464,2
68465,0
68466,3
68467,3
68468,1
68469,1
68470,2
68471,2
68472,3
68473,0
68474,0
68475,3
68476,3
68477,0
68478,3
68479,3
68480,3
68481,0
68482,2
68483,0
68484,1
68485,3
68486,3
68487,0
68488,3
68489,2
68490,2
68491,1
68492,2
68493,3
68494,3
68495,0
68496,1
68497,3
68498,2
68499,2
68500,2
68501,3
68502,3
68503,3
68504,3
68505,3
68506,0
68507,3
68508,3
68509,3
68510,0
68511,2
68512,2
68513,3
68514,0
68515,3
68516,2
68517,2
68518,3
68519,2
68520,0
68521,2
68522,0
68523,3
68524,1
68525,0
68526,2
68527,1
68528,1
68529,1
68530,1
68531,3
68532,2
68533,1
68534,1
68535,2
68536,0
68537,3
68538,3
68539,0
68540,3
68541,2
68542,3
68543,0
68544,3
68545,2
68546,1
68547,3
68548,3
68549,0
68550,1
68551,3
68552,3
68553,0
68554,3
68555,1
68556,3
68557,2
68558,3
68559,3
68560,1
68561,2
68562,2
68563,2
68564,3
68565,2
68566,1
68567,3
68568,1
68569,1
68570,1
68571,0
68572,3
68573,2
68574,0
68575,0
68576,0
68577,0
68578,3
68579,2
68580,2
68581,2
68582,3
68583,3
68584,3
68585,2
68586,3
68587,0
68588,1
68589,1
68590,3
68591,1
68592,0
68593,3
68594,3
68595,3
68596,3
68597,3
68598,0
68599,2
68600,3
68601,3
68602,0
68603,2
68604,3
68605,0
68606,2
68607,1
68608,2
68609,0
68610,3
68611,0
68612,3
68613,2
68614,2
68615,0
68616,3
68617,2
68618,1
68619,1
68620,0
68621,0
68622,1
68623,0
68624,1
68625,3
68626,3
68627,3
68628,3
68629,0
68630,3
68631,1
68632,0
68633,3
68634,0
68635,3
68636,0
68637,1
68638,3
68639,3
68640,2
68641,0
68642,3
68643,2
68644,0
68645,2
68646,3
68647,3
68648,3
68649,3
68650,2
68651,3
68652,1
68653,2
68654,3
68655,2
68656,3
68657,2
68658,3
68659,3
68660,3
68661,2
68662,1
68663,2
68664,3
68665,0
68666,1
68667,1
68668,0
68669,3
68670,1
68671,2
68672,3
68673,3
68674,1
68675,0
68676,3
68677,0
68678,3
68679,3
68680,3
68681,3
68682,2
68683,1
68684,0
68685,3
68686,3
68687,2
68688,3
68689,0
68690,3
68691,3
68692,3
68693,3
68694,3
68695,0
68696,3
68697,3
68698,1
68699,1
68700,3
68701,3
68702,2
68703,2
68704,0
68705,3
68706,0
68707,1
68708,3
68709,1
68710,2
68711,2
68712,2
68713,3
68714,2
68715,3
68716,3
68717,2
68718,3
68719,0
68720,3
68721,2
68722,1
68723,2
68724,1
68725,2
68726,3
68727,3
68728,3
68729,2
68730,3
68731,0
68732,0
68733,0
68734,0
68735,3
68736,1
68737,3
68738,3
68739,3
68740,0
68741,2
68742,3
68743,0
68744,0
68745,3
68746,3
68747,2
68748,3
68749,2
68750,3
68751,3
68752,3
68753,3
68754,0
68755,3
68756,2
68757,3
68758,1
68759,0
68760,0
68761,2
68762,3
68763,0
68764,1
68765,3
68766,2
68767,2
68768,3
68769,3
68770,3
68771,3
68772,1
68773,2
68774,3
68775,2
68776,2
68777,3
68778,3
68779,0
68780,0
68781,3
68782,3
68783,1
68784,2
68785,0
68786,3
68787,1
68788,2
68789,2
68790,3
68791,1
68792,0
68793,3
68794,0
68795,3
68796,3
68797,3
68798,1
68799,0
68800,1
68801,1
68802,3
68803,3
68804,0
68805,3
68806,3
68807,0
68808,1
68809,3
68810,1
68811,0
68812,0
68813,3
68814,3
68815,2
68816,1
68817,1
68818,1
68819,2
68820,1
68821,2
68822,3
68823,3
68824,2
68825,3
68826,3
68827,2
68828,1
68829,3
68830,1
68831,3
68832,0
68833,2
68834,3
68835,1
68836,0
68837,1
68838,2
68839,0
68840,1
68841,3
68842,1
68843,2
68844,3
68845,0
68846,0
68847,0
68848,3
68849,1
68850,1
68851,0
68852,0
68853,0
68854,3
68855,2
68856,0
68857,1
68858,3
68859,0
68860,1
68861,3
68862,3
68863,3
68864,0
68865,3
68866,3
68867,1
68868,3
68869,3
68870,0
68871,3
68872,2
68873,2
68874,3
68875,3
68876,3
68877,3
68878,1
68879,3
68880,3
68881,3
68882,3
68883,1
68884,3
68885,0
68886,1
68887,3
68888,2
68889,1
68890,3
68891,1
68892,2
68893,1
68894,0
68895,3
68896,2
68897,3
68898,2
68899,2
68900,2
68901,1
68902,2
68903,1
68904,0
68905,1
68906,3
68907,3
68908,3
68909,0
68910,1
68911,2
68912,0
68913,0
68914,2
68915,0
68916,3
68917,1
68918,2
68919,3
68920,3
68921,3
68922,2
68923,0
68924,3
68925,3
68926,3
68927,0
68928,2
68929,3
68930,3
68931,0
68932,0
68933,1
68934,2
68935,3
68936,2
68937,1
68938,2
68939,3
68940,3
68941,3
68942,0
68943,1
68944,2
68945,0
68946,1
68947,0
68948,3
68949,1
68950,3
68951,1
68952,0
68953,1
68954,1
68955,3
68956,1
68957,3
68958,1
68959,1
68960,1
68961,1
68962,0
68963,1
68964,2
68965,1
68966,3
68967,2
68968,3
68969,3
68970,3
68971,1
68972,0
68973,2
68974,1
68975,3
68976,1
68977,3
68978,3
68979,0
68980,2
68981,1
68982,0
68983,2
68984,2
68985,3
68986,3
68987,1
68988,0
68989,3
68990,3
68991,2
68992,0
68993,3
68994,2
68995,2
68996,1
68997,3
68998,0
68999,3
69000,1
69001,3
69002,3
69003,2
69004,3
69005,3
69006,3
69007,3
69008,1
69009,1
69010,3
69011,3
69012,1
69013,2
69014,3
69015,1
69016,2
69017,2
69018,1
69019,3
69020,3
69021,3
69022,3
69023,2
69024,0
69025,1
69026,0
69027,2
69028,0
69029,1
69030,1
69031,1
69032,1
69033,0
69034,3
69035,2
69036,2
69037,0
69038,2
69039,0
69040,3
69041,3
69042,0
69043,0
69044,3
69045,1
69046,3
69047,2
69048,3
69049,1
69050,2
69051,2
69052,0
69053,1
69054,1
69055,2
69056,1
69057,2
69058,3
69059,3
69060,3
69061,3
69062,0
69063,3
69064,2
69065,2
69066,1
69067,1
69068,3
69069,3
69070,3
69071,2
69072,1
69073,2
69074,1
69075,3
69076,1
69077,1
69078,2
69079,1
69080,2
69081,3
69082,2
69083,1
69084,0
69085,3
69086,0
69087,2
69088,2
69089,0
69090,3
69091,3
69092,2
69093,3
69094,1
69095,3
69096,0
69097,1
69098,0
69099,2
69100,1
69101,3
69102,2
69103,3
69104,3
69105,2
69106,0
69107,3
69108,1
69109,0
69110,2
69111,1
69112,3
69113,1
69114,0
69115,0
69116,3
69117,3
69118,2
69119,1
69120,0
69121,1
69122,3
69123,1
69124,3
69125,3
69126,3
69127,0
69128,3
69129,3
69130,3
69131,3
69132,3
69133,3
69134,3
69135,3
69136,3
69137,1
69138,3
69139,1
69140,2
69141,2
69142,1
69143,2
69144,0
69145,1
69146,0
69147,2
69148,0
69149,0
69150,2
69151,2
69152,1
69153,3
69154,1
69155,2
69156,2
69157,1
69158,1
69159,1
69160,1
69161,1
69162,2
69163,1
69164,3
69165,2
69166,3
69167,2
69168,3
69169,3
69170,1
69171,3
69172,3
69173,1
69174,2
69175,3
69176,0
69177,3
69178,0
69179,2
69180,0
69181,3
69182,3
69183,3
69184,3
69185,3
69186,3
69187,3
69188,2
69189,2
69190,0
69191,1
69192,1
69193,3
69194,3
69195,1
69196,3
69197,3
69198,2
69199,1
69200,3
69201,3
69202,3
69203,1
69204,3
69205,2
69206,2
69207,1
69208,3
69209,3
69210,0
69211,3
69212,3
69213,1
69214,2
69215,1
69216,0
69217,1
69218,0
69219,2
69220,0
69221,3
69222,0
69223,2
69224,2
69225,0
69226,0
69227,0
69228,3
69229,0
69230,0
69231,2
69232,1
69233,3
69234,1
69235,3
69236,3
69237,1
69238,0
69239,2
69240,0
69241,1
69242,2
69243,0
69244,0
69245,3
69246,2
69247,0
69248,2
69249,2
69250,3
69251,1
69252,2
69253,1
69254,3
69255,1
69256,2
69257,0
69258,2
69259,3
69260,1
69261,1
69262,1
69263,1
69264,3
69265,3
69266,0
69267,3
69268,3
69269,3
69270,2
69271,3
69272,2
69273,1
69274,3
69275,1
69276,2
69277,1
69278,3
69279,3
69280,2
69281,0
69282,1
69283,2
69284,3
69285,0
69286,1
69287,0
69288,3
69289,2
69290,3
69291,0
69292,2
69293,1
69294,1
69295,2
69296,3
69297,3
69298,2
69299,0
69300,3
69301,1
69302,3
69303,1
69304,0
69305,3
69306,2
69307,0
69308,2
69309,1
69310,3
69311,2
69312,0
69313,2
69314,0
69315,2
69316,2
69317,3
69318,3
69319,2
69320,3
69321,3
69322,2
69323,1
69324,1
69325,3
69326,0
69327,3
69328,3
69329,1
69330,3
69331,3
69332,2
69333,0
69334,3
69335,1
69336,1
69337,1
69338,3
69339,3
69340,2
69341,3
69342,1
69343,3
69344,1
69345,0
69346,3
69347,3
69348,3
69349,3
69350,0
69351,2
69352,3
69353,2
69354,3
69355,2
69356,3
69357,3
69358,2
69359,3
69360,3
69361,2
69362,1
69363,3
69364,1
69365,1
69366,3
69367,0
69368,3
69369,3
69370,3
69371,3
69372,3
69373,0
69374,3
69375,3
69376,0
69377,1
69378,3
69379,3
69380,0
69381,0
69382,3
69383,1
69384,0
69385,1
69386,1
69387,1
69388,3
69389,1
69390,3
69391,3
69392,3
69393,1
69394,3
69395,3
69396,1
69397,3
69398,3
69399,3
69400,0
69401,3
69402,3
69403,1
69404,0
69405,0
69406,3
69407,3
69408,1
69409,3
69410,0
69411,3
69412,0
69413,3
69414,3
69415,3
69416,2
69417,0
69418,1
69419,3
69420,2
69421,3
69422,1
69423,2
69424,3
69425,1
69426,3
69427,2
69428,3
69429,0
69430,2
69431,3
69432,2
69433,3
69434,2
69435,0
69436,3
69437,1
69438,2
69439,2
69440,0
69441,2
69442,2
69443,0
69444,0
69445,2
69446,1
69447,2
69448,0
69449,0
69450,1
69451,0
69452,3
69453,3
69454,1
69455,3
69456,3
69457,3
69458,0
69459,1
69460,3
69461,2
69462,2
69463,1
69464,3
69465,1
69466,3
69467,3
69468,2
69469,3
69470,2
69471,1
69472,1
69473,0
69474,1
69475,1
69476,2
69477,1
69478,2
69479,3
69480,3
69481,3
69482,1
69483,3
69484,0
69485,1
69486,2
69487,2
69488,1
69489,1
69490,2
69491,2
69492,2
69493,3
69494,3
69495,2
69496,2
69497,3
69498,1
69499,0
69500,0
69501,2
69502,3
69503,2
69504,0
69505,1
69506,3
69507,0
69508,0
69509,3
69510,0
69511,3
69512,2
69513,3
69514,0
69515,1
69516,3
69517,0
69518,3
69519,1
69520,2
69521,1
69522,0
69523,2
69524,2
69525,3
69526,2
69527,3
69528,1
69529,2
69530,2
69531,3
69532,1
69533,2
69534,0
69535,1
69536,1
69537,0
69538,2
69539,2
69540,1
69541,3
69542,1
69543,3
69544,0
69545,3
69546,3
69547,3
69548,3
69549,2
69550,3
69551,1
69552,0
69553,3
69554,3
69555,2
69556,1
69557,0
69558,2
69559,2
69560,0
69561,0
69562,1
69563,3
69564,3
69565,3
69566,1
69567,3
69568,3
69569,2
69570,1
69571,1
69572,3
69573,2
69574,1
69575,1
69576,2
69577,2
69578,1
69579,1
69580,3
69581,2
69582,1
69583,1
69584,0
69585,0
69586,1
69587,1
69588,1
69589,0
69590,0
69591,0
69592,2
69593,3
69594,3
69595,3
69596,0
69597,2
69598,1
69599,3
69600,2
69601,2
69602,0
69603,0
69604,0
69605,0
69606,0
69607,3
69608,0
69609,3
69610,0
69611,3
69612,3
69613,3
69614,1
69615,0
69616,1
69617,2
69618,3
69619,2
69620,3
69621,2
69622,3
69623,3
69624,3
69625,1
69626,1
69627,1
69628,0
69629,0
69630,1
69631,2
69632,2
69633,3
69634,3
69635,3
69636,1
69637,0
69638,2
69639,3
69640,2
69641,2
69642,1
69643,1
69644,0
69645,3
69646,2
69647,3
69648,1
69649,1
69650,2
69651,1
69652,1
69653,3
69654,2
69655,3
69656,3
69657,3
69658,3
69659,2
69660,2
69661,2
69662,3
69663,0
69664,3
69665,3
69666,2
69667,3
69668,1
69669,1
69670,0
69671,1
69672,1
69673,2
69674,3
69675,3
69676,2
69677,2
69678,1
69679,0
69680,3
69681,2
69682,3
69683,1
69684,3
69685,0
69686,2
69687,3
69688,1
69689,2
69690,1
69691,0
69692,0
69693,2
69694,2
69695,2
69696,0
69697,3
69698,0
69699,1
69700,1
69701,0
69702,3
69703,3
69704,3
69705,0
69706,0
69707,3
69708,1
69709,0
69710,3
69711,3
69712,0
69713,0
69714,0
69715,2
69716,0
69717,0
69718,2
69719,3
69720,1
69721,0
69722,1
69723,1
69724,3
69725,0
69726,3
69727,0
69728,2
69729,3
69730,0
69731,3
69732,2
69733,2
69734,1
69735,2
69736,1
69737,3
69738,3
69739,0
69740,1
69741,3
69742,3
69743,1
69744,0
69745,3
69746,3
69747,1
69748,3
69749,0
69750,3
69751,2
69752,3
69753,3
69754,3
69755,1
69756,0
69757,1
69758,1
69759,2
69760,3
69761,0
69762,3
69763,3
69764,3
69765,1
69766,1
69767,0
69768,2
69769,2
69770,0
69771,2
69772,0
69773,0
69774,3
69775,3
69776,1
69777,1
69778,3
69779,2
69780,2
69781,3
69782,1
69783,2
69784,0
69785,3
69786,0
69787,0
69788,1
69789,1
69790,3
69791,1
69792,3
69793,1
69794,2
69795,1
69796,0
69797,1
69798,3
69799,3
69800,3
69801,1
69802,3
69803,3
69804,2
69805,3
69806,1
69807,1
69808,3
69809,3
69810,0
69811,1
69812,1
69813,2
69814,3
69815,2
69816,2
69817,3
69818,0
69819,1
69820,1
69821,0
69822,1
69823,3
69824,3
69825,3
69826,1
69827,1
69828,1
69829,3
69830,2
69831,0
69832,2
69833,3
69834,0
69835,3
69836,0
69837,0
69838,3
69839,2
69840,0
69841,0
69842,0
69843,3
69844,3
69845,1
69846,1
69847,3
69848,1
69849,3
69850,1
69851,0
69852,3
69853,2
69854,1
69855,2
69856,2
69857,2
69858,0
69859,0
69860,0
69861,1
69862,0
69863,0
69864,3
69865,0
69866,0
69867,3
69868,0
69869,2
69870,3
69871,0
69872,3
69873,3
69874,1
69875,0
69876,3
69877,1
69878,1
69879,0
69880,0
69881,2
69882,1
69883,1
69884,3
69885,3
69886,3
69887,2
69888,2
69889,0
69890,2
69891,3
69892,2
69893,0
69894,1
69895,1
69896,3
69897,3
69898,3
69899,2
69900,0
69901,3
69902,1
69903,2
69904,0
69905,2
69906,1
69907,2
69908,3
69909,3
69910,1
69911,1
69912,3
69913,1
69914,0
69915,1
69916,3
69917,2
69918,0
69919,0
69920,2
69921,0
69922,2
69923,3
69924,1
69925,0
69926,0
69927,0
69928,2
69929,2
69930,3
69931,2
69932,3
69933,1
69934,3
69935,3
69936,1
69937,3
69938,3
69939,2
69940,2
69941,3
69942,2
69943,2
69944,3
69945,1
69946,0
69947,0
69948,1
69949,3
69950,1
69951,2
69952,1
69953,1
69954,1
69955,3
69956,3
69957,2
69958,0
69959,3
69960,2
69961,3
69962,0
69963,3
69964,0
69965,1
69966,2
69967,3
69968,2
69969,2
69970,0
69971,1
69972,0
69973,1
69974,3
69975,3
69976,1
69977,0
69978,2
69979,1
69980,2
69981,1
69982,2
69983,3
69984,3
69985,3
69986,0
69987,2
69988,3
69989,1
69990,0
69991,0
69992,3
69993,3
69994,0
69995,0
69996,2
69997,0
69998,3
69999,3
70000,2
70001,2
70002,2
70003,3
70004,0
70005,3
70006,3
70007,3
70008,2
70009,3
70010,3
70011,2
70012,3
70013,3
70014,2
70015,1
70016,1
70017,3
70018,3
70019,3
70020,1
70021,2
70022,3
70023,3
70024,3
70025,1
70026,1
70027,0
70028,2
70029,3
70030,3
70031,3
70032,0
70033,1
70034,3
70035,1
70036,2
70037,3
70038,1
70039,1
70040,3
70041,2
70042,0
70043,0
70044,3
70045,2
70046,3
70047,3
70048,2
70049,1
70050,2
70051,2
70052,2
70053,2
70054,2
70055,0
70056,1
70057,3
70058,2
70059,2
70060,2
70061,1
70062,3
70063,2
70064,2
70065,2
70066,2
70067,1
70068,1
70069,2
70070,0
70071,2
70072,3
70073,3
70074,3
70075,3
70076,3
70077,2
70078,1
70079,3
70080,3
70081,3
70082,3
70083,3
70084,3
70085,3
70086,3
70087,1
70088,3
70089,3
70090,1
70091,1
70092,3
70093,2
70094,1
70095,3
70096,3
70097,3
70098,2
70099,1
70100,1
70101,2
70102,2
70103,3
70104,0
70105,0
70106,2
70107,3
70108,0
70109,1
70110,0
70111,0
70112,3
70113,0
70114,0
70115,3
70116,2
70117,0
70118,0
70119,1
70120,0
70121,2
70122,3
70123,3
70124,2
70125,3
70126,0
70127,3
70128,0
70129,1
70130,3
70131,1
70132,0
70133,3
70134,1
70135,3
70136,2
70137,3
70138,2
70139,3
70140,0
70141,0
70142,3
70143,3
70144,3
70145,3
70146,2
70147,2
70148,1
70149,2
70150,0
70151,2
70152,2
70153,3
70154,1
70155,3
70156,0
70157,3
70158,3
70159,1
70160,3
70161,3
70162,1
70163,0
70164,3
70165,0
70166,2
70167,2
70168,3
70169,3
70170,0
70171,1
70172,3
70173,2
70174,3
70175,0
70176,2
70177,3
70178,3
70179,3
70180,0
70181,1
70182,0
70183,3
70184,0
70185,1
70186,3
70187,3
70188,1
70189,2
70190,3
70191,3
70192,1
70193,2
70194,1
70195,3
70196,1
70197,3
70198,2
70199,3
70200,3
70201,1
70202,1
70203,1
70204,3
70205,3
70206,2
70207,3
70208,2
70209,3
70210,3
70211,3
70212,1
70213,3
70214,2
70215,2
70216,0
70217,1
70218,2
70219,3
70220,1
70221,1
70222,1
70223,2
70224,0
70225,0
70226,0
70227,0
70228,3
70229,3
70230,2
70231,2
70232,3
70233,1
70234,1
70235,1
70236,3
70237,1
70238,0
70239,1
70240,0
70241,0
70242,2
70243,0
70244,2
70245,1
70246,3
70247,2
70248,3
70249,0
70250,3
70251,1
70252,2
70253,1
70254,3
70255,3
70256,1
70257,3
70258,1
70259,1
70260,2
70261,2
70262,3
70263,1
70264,1
70265,1
70266,3
70267,1
70268,2
70269,1
70270,1
70271,1
70272,0
70273,2
70274,2
70275,2
70276,3
70277,3
70278,1
70279,3
70280,2
70281,3
70282,2
70283,3
70284,1
70285,3
70286,0
70287,3
70288,2
70289,1
70290,3
70291,1
70292,3
70293,2
70294,3
70295,3
70296,3
70297,3
70298,0
70299,0
70300,0
70301,0
70302,1
70303,2
70304,3
70305,3
70306,0
70307,2
70308,3
70309,1
70310,0
70311,0
70312,3
70313,3
70314,2
70315,0
70316,3
70317,3
70318,1
70319,2
70320,0
70321,3
70322,2
70323,0
70324,3
70325,3
70326,0
70327,3
70328,1
70329,1
70330,0
70331,1
70332,3
70333,2
70334,1
70335,0
70336,3
70337,2
70338,3
70339,2
70340,2
70341,2
70342,3
70343,3
70344,2
70345,3
70346,3
70347,0
70348,3
70349,3
70350,0
70351,2
70352,0
70353,3
70354,2
70355,2
70356,0
70357,1
70358,1
70359,3
70360,2
70361,2
70362,0
70363,0
70364,0
70365,2
70366,3
70367,1
70368,3
70369,3
70370,3
70371,3
70372,0
70373,0
70374,1
70375,3
70376,3
70377,1
70378,0
70379,2
70380,1
70381,1
70382,2
70383,0
70384,3
70385,2
70386,2
70387,3
70388,3
70389,0
70390,2
70391,3
70392,0
70393,3
70394,1
70395,2
70396,0
70397,2
70398,2
70399,2
70400,2
70401,3
70402,1
70403,3
70404,3
70405,3
70406,3
70407,0
70408,2
70409,3
70410,2
70411,3
70412,3
70413,1
70414,3
70415,2
70416,3
70417,2
70418,3
70419,3
70420,3
70421,3
70422,0
70423,1
70424,0
70425,1
70426,1
70427,3
70428,2
70429,3
70430,1
70431,0
70432,1
70433,2
70434,1
70435,0
70436,1
70437,3
70438,3
70439,3
70440,0
70441,2
70442,1
70443,0
70444,1
70445,1
70446,3
70447,3
70448,3
70449,3
70450,0
70451,2
70452,2
70453,2
70454,3
70455,1
70456,2
70457,2
70458,1
70459,0
70460,3
70461,1
70462,2
70463,2
70464,1
70465,1
70466,0
70467,2
70468,0
70469,0
70470,1
70471,3
70472,3
70473,3
70474,3
70475,3
70476,3
70477,3
70478,3
70479,3
70480,0
70481,3
70482,3
70483,0
70484,1
70485,3
70486,2
70487,3
70488,1
70489,0
70490,2
70491,1
70492,2
70493,3
70494,1
70495,2
70496,2
70497,2
70498,1
70499,1
70500,3
70501,3
70502,2
70503,1
70504,3
70505,3
70506,0
70507,3
70508,2
70509,2
70510,3
70511,1
70512,3
70513,1
70514,0
70515,1
70516,2
70517,2
70518,2
70519,0
70520,0
70521,0
70522,2
70523,2
70524,2
70525,0
70526,2
70527,0
70528,2
70529,1
70530,2
70531,3
70532,0
70533,2
70534,2
70535,3
70536,3
70537,3
70538,3
70539,3
70540,0
70541,2
70542,1
70543,0
70544,0
70545,1
70546,0
70547,0
70548,3
70549,0
70550,3
70551,0
70552,3
70553,0
70554,0
70555,3
70556,3
70557,1
70558,2
70559,1
70560,2
70561,0
70562,3
70563,2
70564,2
70565,2
70566,3
70567,2
70568,1
70569,3
70570,0
70571,1
70572,3
70573,3
70574,2
70575,1
70576,3
70577,2
70578,3
70579,0
70580,3
70581,2
70582,1
70583,3
70584,3
70585,1
70586,3
70587,3
70588,2
70589,1
70590,0
70591,1
70592,2
70593,1
70594,1
70595,0
70596,0
70597,2
70598,0
70599,2
70600,1
70601,0
70602,3
70603,0
70604,2
70605,3
70606,0
70607,1
70608,0
70609,3
70610,1
70611,2
70612,1
70613,2
70614,3
70615,3
70616,1
70617,1
70618,2
70619,3
70620,3
70621,1
70622,3
70623,3
70624,3
70625,2
70626,1
70627,3
70628,3
70629,1
70630,2
70631,0
70632,3
70633,2
70634,1
70635,3
70636,1
70637,2
70638,1
70639,3
70640,3
70641,1
70642,1
70643,1
70644,3
70645,1
70646,1
70647,1
70648,2
70649,1
70650,2
70651,3
70652,2
70653,2
70654,3
70655,1
70656,3
70657,1
70658,3
70659,3
70660,0
70661,2
70662,2
70663,1
70664,3
70665,3
70666,2
70667,0
70668,2
70669,1
70670,1
70671,0
70672,3
70673,0
70674,2
70675,2
70676,3
70677,1
70678,1
70679,3
70680,3
70681,1
70682,1
70683,2
70684,3
70685,2
70686,3
70687,1
70688,2
70689,3
70690,3
70691,3
70692,1
70693,2
70694,3
70695,2
70696,2
70697,3
70698,0
70699,3
70700,1
70701,3
70702,3
70703,0
70704,3
70705,1
70706,3
70707,0
70708,2
70709,1
70710,3
70711,2
70712,3
70713,2
70714,3
70715,1
70716,2
70717,1
70718,0
70719,0
70720,2
70721,1
70722,3
70723,1
70724,3
70725,2
70726,3
70727,3
70728,1
70729,2
70730,3
70731,1
70732,0
70733,2
70734,1
70735,3
70736,3
70737,3
70738,2
70739,3
70740,0
70741,2
70742,0
70743,3
70744,0
70745,3
70746,3
70747,0
70748,3
70749,3
70750,2
70751,3
70752,3
70753,3
70754,2
70755,2
70756,3
70757,0
70758,0
70759,0
70760,2
70761,2
70762,3
70763,2
70764,3
70765,2
70766,3
70767,2
70768,3
70769,2
70770,1
70771,0
70772,0
70773,3
70774,2
70775,0
70776,2
70777,1
70778,1
70779,3
70780,0
70781,3
70782,3
70783,3
70784,3
70785,3
70786,3
70787,3
70788,3
70789,1
70790,1
70791,3
70792,0
70793,3
70794,2
70795,0
70796,3
70797,3
70798,3
70799,1
70800,2
70801,0
70802,0
70803,0
70804,1
70805,0
70806,3
70807,1
70808,3
70809,3
70810,2
70811,0
70812,2
70813,1
70814,3
70815,0
70816,1
70817,0
70818,3
70819,0
70820,2
70821,2
70822,0
70823,3
70824,1
70825,0
70826,3
70827,0
70828,2
70829,2
70830,2
70831,3
70832,2
70833,2
70834,3
70835,1
70836,1
70837,3
70838,3
70839,3
70840,0
70841,3
70842,3
70843,1
70844,1
70845,0
70846,3
70847,2
70848,3
70849,1
70850,2
70851,3
70852,3
70853,3
70854,0
70855,2
70856,0
70857,3
70858,1
70859,2
70860,3
70861,0
70862,1
70863,1
70864,3
70865,3
70866,3
70867,3
70868,3
70869,1
70870,2
70871,3
70872,0
70873,0
70874,2
70875,0
70876,3
70877,2
70878,3
70879,2
70880,3
70881,3
70882,3
70883,3
70884,3
70885,3
70886,0
70887,3
70888,3
70889,3
70890,3
70891,1
70892,2
70893,0
70894,0
70895,3
70896,3
70897,3
70898,3
70899,3
70900,0
70901,3
70902,3
70903,0
70904,3
70905,3
70906,3
70907,1
70908,0
70909,3
70910,3
70911,3
70912,0
70913,2
70914,3
70915,3
70916,2
70917,2
70918,3
70919,1
70920,0
70921,3
70922,0
70923,3
70924,2
70925,1
70926,1
70927,2
70928,1
70929,2
70930,1
70931,3
70932,0
70933,2
70934,3
70935,2
70936,1
70937,2
70938,0
70939,0
70940,3
70941,3
70942,0
70943,3
70944,3
70945,1
70946,2
70947,3
70948,1
70949,3
70950,3
70951,3
70952,2
70953,0
70954,2
70955,1
70956,0
70957,1
70958,0
70959,1
70960,2
70961,3
70962,2
70963,3
70964,3
70965,0
70966,3
70967,1
70968,3
70969,1
70970,1
70971,1
70972,2
70973,2
70974,3
70975,3
70976,3
70977,1
70978,0
70979,1
70980,3
70981,0
70982,1
70983,3
70984,1
70985,0
70986,0
70987,1
70988,3
70989,1
70990,2
70991,3
70992,0
70993,0
70994,3
70995,3
70996,3
70997,3
70998,0
70999,1
71000,1
71001,1
71002,3
71003,1
71004,0
71005,1
71006,0
71007,0
71008,1
71009,1
71010,3
71011,3
71012,2
71013,2
71014,3
71015,0
71016,2
71017,0
71018,2
71019,3
71020,3
71021,3
71022,3
71023,2
71024,3
71025,0
71026,1
71027,1
71028,1
71029,2
71030,1
71031,0
71032,3
71033,3
71034,3
71035,0
71036,1
71037,2
71038,1
71039,1
71040,3
71041,3
71042,0
71043,2
71044,3
71045,1
71046,0
71047,3
71048,3
71049,3
71050,2
71051,0
71052,0
71053,1
71054,2
71055,0
71056,1
71057,0
71058,1
71059,3
71060,2
71061,1
71062,1
71063,2
71064,0
71065,1
71066,0
71067,1
71068,1
71069,3
71070,3
71071,3
71072,2
71073,1
71074,3
71075,1
71076,3
71077,3
71078,2
71079,1
71080,3
71081,1
71082,3
71083,0
71084,0
71085,0
71086,1
71087,3
71088,3
71089,1
71090,3
71091,2
71092,1
71093,3
71094,3
71095,0
71096,1
71097,3
71098,2
71099,1
71100,2
71101,0
71102,2
71103,2
71104,3
71105,0
71106,1
71107,3
71108,0
71109,2
71110,2
71111,1
71112,2
71113,0
71114,2
71115,3
71116,2
71117,2
71118,1
71119,2
71120,2
71121,1
71122,2
71123,1
71124,1
71125,0
71126,3
71127,3
71128,2
71129,3
71130,3
71131,3
71132,3
71133,3
71134,0
71135,1
71136,3
71137,2
71138,1
71139,0
71140,0
71141,3
71142,3
71143,3
71144,0
71145,0
71146,1
71147,1
71148,1
71149,1
71150,3
71151,2
71152,2
71153,3
71154,3
71155,0
71156,0
71157,1
71158,0
71159,2
71160,3
71161,1
71162,2
71163,0
71164,1
71165,1
71166,1
71167,3
71168,3
71169,2
71170,3
71171,2
71172,3
71173,2
71174,3
71175,3
71176,3
71177,2
71178,2
71179,2
71180,0
71181,0
71182,3
71183,2
71184,0
71185,3
71186,2
71187,1
71188,3
71189,0
71190,1
71191,1
71192,1
71193,2
71194,3
71195,3
71196,1
71197,3
71198,3
71199,2
71200,3
71201,3
71202,0
71203,1
71204,2
71205,2
71206,3
71207,3
71208,1
71209,2
71210,3
71211,1
71212,3
71213,3
71214,1
71215,1
71216,1
71217,2
71218,3
71219,3
71220,1
71221,3
71222,1
71223,1
71224,1
71225,1
71226,3
71227,2
71228,1
71229,0
71230,2
71231,1
71232,0
71233,1
71234,2
71235,0
71236,2
71237,1
71238,2
71239,2
71240,0
71241,2
71242,1
71243,0
71244,1
71245,1
71246,1
71247,3
71248,2
71249,2
71250,2
71251,1
71252,0
71253,3
71254,3
71255,3
71256,0
71257,3
71258,1
71259,3
71260,0
71261,3
71262,3
71263,3
71264,1
71265,3
71266,3
71267,3
71268,3
71269,3
71270,1
71271,3
71272,0
71273,3
71274,3
71275,2
71276,3
71277,3
71278,0
71279,0
71280,3
71281,0
71282,0
71283,2
71284,3
71285,0
71286,3
71287,3
71288,1
71289,0
71290,2
71291,2
71292,3
71293,0
71294,1
71295,1
71296,0
71297,3
71298,3
71299,3
71300,3
71301,1
71302,1
71303,0
71304,1
71305,2
71306,2
71307,3
71308,3
71309,2
71310,2
71311,3
71312,3
71313,3
71314,2
71315,1
71316,1
71317,3
71318,1
71319,1
71320,3
71321,1
71322,2
71323,0
71324,0
71325,3
71326,1
71327,3
71328,1
71329,2
71330,1
71331,2
71332,2
71333,2
71334,2
71335,2
71336,3
71337,1
71338,1
71339,1
71340,3
71341,1
71342,2
71343,3
71344,2
71345,0
71346,3
71347,3
71348,2
71349,0
71350,3
71351,0
71352,1
71353,3
71354,2
71355,2
71356,0
71357,0
71358,3
71359,2
71360,0
71361,0
71362,2
71363,0
71364,0
71365,3
71366,0
71367,1
71368,1
71369,0
71370,3
71371,2
71372,3
71373,3
71374,2
71375,3
71376,0
71377,1
71378,0
71379,3
71380,2
71381,3
71382,0
71383,3
71384,2
71385,1
71386,1
71387,1
71388,3
71389,1
71390,1
71391,3
71392,0
71393,3
71394,0
71395,1
71396,2
71397,1
71398,3
71399,3
71400,2
71401,0
71402,3
71403,1
71404,0
71405,3
71406,2
71407,1
71408,0
71409,1
71410,2
71411,3
71412,3
71413,0
71414,2
71415,0
71416,1
71417,3
71418,2
71419,3
71420,3
71421,3
71422,0
71423,0
71424,0
71425,0
71426,1
71427,3
71428,2
71429,1
71430,0
71431,1
71432,0
71433,1
71434,1
71435,1
71436,3
71437,2
71438,3
71439,2
71440,0
71441,3
71442,1
71443,0
71444,2
71445,2
71446,3
71447,3
71448,0
71449,3
71450,1
71451,2
71452,2
71453,2
71454,1
71455,2
71456,3
71457,3
71458,1
71459,2
71460,3
71461,2
71462,3
71463,2
71464,3
71465,3
71466,0
71467,3
71468,0
71469,1
71470,2
71471,3
71472,2
71473,3
71474,3
71475,3
71476,1
71477,2
71478,0
71479,2
71480,1
71481,3
71482,3
71483,0
71484,3
71485,0
71486,1
71487,3
71488,2
71489,2
71490,3
71491,1
71492,2
71493,1
71494,3
71495,2
71496,3
71497,3
71498,2
71499,3
71500,1
71501,0
71502,3
71503,2
71504,0
71505,2
71506,2
71507,1
71508,3
71509,1
71510,0
71511,1
71512,1
71513,0
71514,3
71515,2
71516,1
71517,3
71518,2
71519,3
71520,3
71521,3
71522,0
71523,3
71524,2
71525,2
71526,1
71527,1
71528,1
71529,2
71530,1
71531,3
71532,2
71533,3
71534,0
71535,2
71536,3
71537,3
71538,3
71539,3
71540,2
71541,3
71542,3
71543,1
71544,1
71545,0
71546,2
71547,3
71548,2
71549,0
71550,1
71551,1
71552,0
71553,1
71554,2
71555,1
71556,3
71557,3
71558,2
71559,0
71560,3
71561,3
71562,3
71563,0
71564,2
71565,2
71566,3
71567,0
71568,3
71569,3
71570,1
71571,3
71572,0
71573,3
71574,0
71575,0
71576,2
71577,2
71578,0
71579,1
71580,3
71581,3
71582,3
71583,1
71584,1
71585,2
71586,1
71587,3
71588,1
71589,1
71590,2
71591,1
71592,3
71593,1
71594,0
71595,1
71596,3
71597,1
71598,3
71599,3
71600,1
71601,3
71602,3
71603,2
71604,0
71605,3
71606,3
71607,1
71608,2
71609,2
71610,2
71611,3
71612,1
71613,3
71614,3
71615,3
71616,1
71617,2
71618,1
71619,1
71620,0
71621,3
71622,3
71623,2
71624,2
71625,1
71626,2
71627,0
71628,3
71629,3
71630,0
71631,0
71632,1
71633,2
71634,3
71635,1
71636,3
71637,3
71638,1
71639,0
71640,3
71641,0
71642,3
71643,3
71644,1
71645,3
71646,3
71647,1
71648,2
71649,3
71650,3
71651,1
71652,1
71653,1
71654,2
71655,2
71656,1
71657,3
71658,3
71659,0
71660,1
71661,3
71662,3
71663,3
71664,1
71665,0
71666,3
71667,2
71668,0
71669,2
71670,3
71671,2
71672,3
71673,3
71674,2
71675,3
71676,0
71677,1
71678,3
71679,0
71680,3
71681,1
71682,2
71683,3
71684,0
71685,3
71686,1
71687,0
71688,3
71689,3
71690,0
71691,3
71692,2
71693,3
71694,0
71695,1
71696,0
71697,3
71698,2
71699,2
71700,2
71701,3
71702,2
71703,2
71704,3
71705,3
71706,3
71707,0
71708,3
71709,0
71710,3
71711,2
71712,3
71713,3
71714,3
71715,3
71716,2
71717,2
71718,3
71719,0
71720,2
71721,3
71722,2
71723,1
71724,3
71725,1
71726,2
71727,3
71728,0
71729,3
71730,1
71731,0
71732,1
71733,3
71734,1
71735,1
71736,2
71737,3
71738,2
71739,0
71740,1
71741,3
71742,3
71743,3
71744,3
71745,0
71746,1
71747,1
71748,0
71749,1
71750,0
71751,1
71752,3
71753,3
71754,1
71755,3
71756,1
71757,1
71758,2
71759,1
71760,1
71761,1
71762,0
71763,1
71764,3
71765,3
71766,3
71767,1
71768,3
71769,2
71770,3
71771,3
71772,2
71773,2
71774,3
71775,3
71776,0
71777,2
71778,1
71779,1
71780,0
71781,1
71782,3
71783,3
71784,2
71785,1
71786,0
71787,0
71788,2
71789,3
71790,2
71791,3
71792,0
71793,3
71794,0
71795,1
71796,3
71797,1
71798,3
71799,3
71800,2
71801,0
71802,0
71803,3
71804,3
71805,2
71806,1
71807,2
71808,0
71809,2
71810,0
71811,3
71812,0
71813,1
71814,3
71815,0
71816,2
71817,1
71818,1
71819,3
71820,1
71821,3
71822,3
71823,1
71824,2
71825,1
71826,0
71827,3
71828,3
71829,3
71830,2
71831,2
71832,3
71833,1
71834,3
71835,0
71836,2
71837,2
71838,2
71839,2
71840,3
71841,0
71842,0
71843,1
71844,1
71845,1
71846,1
71847,3
71848,1
71849,0
71850,3
71851,3
71852,0
71853,2
71854,0
71855,0
71856,2
71857,0
71858,0
71859,1
71860,3
71861,3
71862,1
71863,0
71864,2
71865,2
71866,3
71867,3
71868,0
71869,0
71870,2
71871,1
71872,3
71873,0
71874,3
71875,3
71876,0
71877,0
71878,3
71879,3
71880,1
71881,1
71882,1
71883,0
71884,2
71885,0
71886,3
71887,0
71888,3
71889,3
71890,0
71891,2
71892,0
71893,0
71894,3
71895,3
71896,3
71897,3
71898,1
71899,0
71900,0
71901,2
71902,0
71903,3
71904,3
71905,0
71906,1
71907,2
71908,2
71909,3
71910,3
71911,2
71912,3
71913,3
71914,1
71915,3
71916,2
71917,0
71918,0
71919,2
71920,2
71921,1
71922,1
71923,1
71924,2
71925,3
71926,3
71927,3
71928,0
71929,1
71930,0
71931,2
71932,3
71933,2
71934,3
71935,0
71936,1
71937,1
71938,3
71939,3
71940,1
71941,0
71942,3
71943,2
71944,3
71945,2
71946,1
71947,0
71948,0
71949,1
71950,1
71951,1
71952,1
71953,3
71954,0
71955,3
71956,3
71957,1
71958,3
71959,3
71960,3
71961,1
71962,1
71963,0
71964,0
71965,3
71966,3
71967,3
71968,2
71969,1
71970,1
71971,0
71972,3
71973,3
71974,2
71975,2
71976,2
71977,0
71978,3
71979,1
71980,1
71981,3
71982,2
71983,1
71984,3
71985,1
71986,3
71987,0
71988,3
71989,2
71990,0
71991,0
71992,3
71993,3
71994,2
71995,2
71996,2
71997,1
71998,0
71999,2
72000,3
72001,3
72002,0
72003,2
72004,0
72005,2
72006,3
72007,3
72008,1
72009,2
72010,3
72011,1
72012,3
72013,3
72014,0
72015,3
72016,0
72017,3
72018,1
72019,3
72020,2
72021,3
72022,3
72023,3
72024,0
72025,2
72026,3
72027,1
72028,1
72029,1
72030,2
72031,3
72032,3
72033,0
72034,3
72035,3
72036,1
72037,2
72038,1
72039,0
72040,2
72041,3
72042,0
72043,2
72044,1
72045,3
72046,0
72047,0
72048,2
72049,1
72050,1
72051,2
72052,2
72053,2
72054,2
72055,0
72056,1
72057,1
72058,1
72059,0
72060,0
72061,3
72062,2
72063,3
72064,2
72065,3
72066,1
72067,3
72068,1
72069,3
72070,0
72071,3
72072,1
72073,1
72074,3
72075,2
72076,2
72077,2
72078,0
72079,2
72080,3
72081,3
72082,2
72083,2
72084,2
72085,2
72086,2
72087,3
72088,1
72089,2
72090,3
72091,3
72092,2
72093,0
72094,3
72095,3
72096,1
72097,1
72098,3
72099,3
72100,1
72101,2
72102,1
72103,0
72104,1
72105,2
72106,0
72107,2
72108,1
72109,2
72110,3
72111,3
72112,0
72113,2
72114,0
72115,2
72116,2
72117,3
72118,3
72119,1
72120,3
72121,3
72122,2
72123,0
72124,3
72125,0
72126,3
72127,3
72128,1
72129,2
72130,1
72131,1
72132,3
72133,0
72134,1
72135,3
72136,0
72137,0
72138,1
72139,1
72140,2
72141,0
72142,3
72143,0
72144,2
72145,3
72146,3
72147,1
72148,2
72149,3
72150,3
72151,0
72152,3
72153,0
72154,2
72155,1
72156,3
72157,0
72158,3
72159,3
72160,2
72161,3
72162,0
72163,0
72164,2
72165,1
72166,2
72167,0
72168,2
72169,0
72170,2
72171,0
72172,0
72173,1
72174,1
72175,3
72176,3
72177,2
72178,0
72179,3
72180,3
72181,3
72182,2
72183,0
72184,3
72185,2
72186,1
72187,1
72188,1
72189,3
72190,1
72191,3
72192,1
72193,0
72194,3
72195,1
72196,3
72197,2
72198,1
72199,3
72200,3
72201,2
72202,1
72203,3
72204,1
72205,3
72206,3
72207,1
72208,3
72209,2
72210,1
72211,0
72212,1
72213,1
72214,3
72215,0
72216,3
72217,1
72218,1
72219,3
72220,3
72221,3
72222,2
72223,0
72224,1
72225,3
72226,2
72227,1
72228,0
72229,2
72230,1
72231,3
72232,1
72233,3
72234,3
72235,2
72236,2
72237,0
72238,0
72239,3
72240,2
72241,3
72242,3
72243,2
72244,3
72245,3
72246,2
72247,1
72248,3
72249,3
72250,2
72251,3
72252,2
72253,2
72254,1
72255,3
72256,2
72257,2
72258,2
72259,0
72260,1
72261,2
72262,1
72263,1
72264,1
72265,2
72266,2
72267,3
72268,3
72269,3
72270,3
72271,2
72272,1
72273,2
72274,2
72275,1
72276,1
72277,3
72278,2
72279,1
72280,2
72281,1
72282,2
72283,0
72284,0
72285,2
72286,2
72287,3
72288,0
72289,1
72290,2
72291,3
72292,0
72293,2
72294,0
72295,1
72296,3
72297,2
72298,3
72299,3
72300,2
72301,0
72302,2
72303,3
72304,2
72305,2
72306,3
72307,2
72308,3
72309,3
72310,2
72311,3
72312,3
72313,0
72314,0
72315,0
72316,3
72317,3
72318,2
72319,3
72320,3
72321,3
72322,1
72323,2
72324,0
72325,3
72326,1
72327,1
72328,2
72329,2
72330,3
72331,3
72332,1
72333,2
72334,3
72335,3
72336,1
72337,3
72338,2
72339,0
72340,1
72341,2
72342,0
72343,2
72344,0
72345,2
72346,2
72347,2
72348,3
72349,0
72350,2
72351,3
72352,1
72353,2
72354,2
72355,1
72356,0
72357,1
72358,3
72359,1
72360,0
72361,3
72362,2
72363,2
72364,3
72365,3
72366,2
72367,3
72368,1
72369,2
72370,1
72371,1
72372,3
72373,3
72374,3
72375,2
72376,1
72377,0
72378,0
72379,2
72380,3
72381,0
72382,0
72383,3
72384,3
72385,2
72386,0
72387,1
72388,3
72389,2
72390,2
72391,1
72392,1
72393,3
72394,3
72395,3
72396,3
72397,3
72398,3
72399,0
72400,2
72401,3
72402,0
72403,3
72404,1
72405,3
72406,2
72407,2
72408,2
72409,2
72410,2
72411,3
72412,3
72413,3
72414,3
72415,2
72416,3
72417,0
72418,3
72419,3
72420,3
72421,3
72422,1
72423,1
72424,1
72425,0
72426,1
72427,3
72428,3
72429,2
72430,2
72431,3
72432,2
72433,2
72434,3
72435,2
72436,3
72437,3
72438,0
72439,1
72440,0
72441,1
72442,3
72443,2
72444,1
72445,3
72446,3
72447,2
72448,2
72449,2
72450,2
72451,3
72452,2
72453,0
72454,3
72455,1
72456,2
72457,2
72458,1
72459,0
72460,3
72461,2
72462,3
72463,2
72464,3
72465,1
72466,0
72467,3
72468,1
72469,1
72470,3
72471,0
72472,2
72473,3
72474,1
72475,0
72476,3
72477,2
72478,2
72479,1
72480,3
72481,0
72482,1
72483,1
72484,2
72485,3
72486,3
72487,3
72488,2
72489,1
72490,3
72491,3
72492,3
72493,1
72494,3
72495,1
72496,3
72497,1
72498,0
72499,1
72500,0
72501,2
72502,3
72503,0
72504,1
72505,2
72506,3
72507,2
72508,1
72509,2
72510,3
72511,2
72512,0
72513,2
72514,2
72515,2
72516,2
72517,3
72518,2
72519,0
72520,3
72521,1
72522,3
72523,3
72524,3
72525,1
72526,3
72527,3
72528,2
72529,1
72530,0
72531,3
72532,3
72533,1
72534,1
72535,0
72536,3
72537,2
72538,3
72539,1
72540,1
72541,3
72542,0
72543,3
72544,3
72545,1
72546,1
72547,0
72548,1
72549,3
72550,1
72551,2
72552,3
72553,2
72554,2
72555,0
72556,1
72557,0
72558,3
72559,1
72560,1
72561,1
72562,1
72563,3
72564,1
72565,1
72566,2
72567,0
72568,3
72569,1
72570,1
72571,3
72572,2
72573,3
72574,2
72575,3
72576,3
72577,0
72578,0
72579,2
72580,3
72581,2
72582,1
72583,2
72584,2
72585,3
72586,2
72587,0
72588,3
72589,3
72590,3
72591,2
72592,1
72593,2
72594,3
72595,3
72596,1
72597,2
72598,2
72599,3
72600,3
72601,0
72602,3
72603,0
72604,1
72605,3
72606,1
72607,1
72608,0
72609,3
72610,1
72611,1
72612,2
72613,3
72614,1
72615,3
72616,1
72617,3
72618,2
72619,2
72620,1
72621,3
72622,2
72623,1
72624,1
72625,3
72626,0
72627,0
72628,2
72629,3
72630,1
72631,0
72632,1
72633,3
72634,2
72635,1
72636,1
72637,3
72638,2
72639,3
72640,3
72641,3
72642,3
72643,1
72644,2
72645,2
72646,0
72647,3
72648,0
72649,2
72650,0
72651,3
72652,3
72653,3
72654,2
72655,0
72656,0
72657,3
72658,3
72659,3
72660,1
72661,1
72662,2
72663,3
72664,0
72665,3
72666,1
72667,2
72668,0
72669,1
72670,2
72671,0
72672,0
72673,3
72674,3
72675,1
72676,2
72677,0
72678,3
72679,0
72680,2
72681,3
72682,3
72683,1
72684,3
72685,2
72686,3
72687,3
72688,2
72689,2
72690,3
72691,1
72692,0
72693,3
72694,1
72695,3
72696,3
72697,1
72698,1
72699,2
72700,0
72701,3
72702,2
72703,3
72704,0
72705,3
72706,0
72707,1
72708,0
72709,0
72710,2
72711,2
72712,1
72713,2
72714,0
72715,1
72716,1
72717,1
72718,1
72719,0
72720,3
72721,1
72722,3
72723,3
72724,1
72725,0
72726,2
72727,1
72728,1
72729,1
72730,0
72731,0
72732,2
72733,3
72734,1
72735,3
72736,3
72737,3
72738,3
72739,3
72740,0
72741,1
72742,0
72743,3
72744,3
72745,1
72746,0
72747,3
72748,3
72749,2
72750,0
72751,2
72752,1
72753,3
72754,1
72755,0
72756,3
72757,0
72758,2
72759,1
72760,3
72761,3
72762,2
72763,3
72764,2
72765,1
72766,1
72767,2
72768,0
72769,3
72770,0
72771,2
72772,3
72773,1
72774,0
72775,3
72776,1
72777,3
72778,3
72779,3
72780,3
72781,3
72782,3
72783,1
72784,3
72785,0
72786,1
72787,3
72788,3
72789,1
72790,3
72791,0
72792,0
72793,3
72794,3
72795,3
72796,2
72797,1
72798,1
72799,0
72800,0
72801,1
72802,3
72803,1
72804,0
72805,0
72806,3
72807,0
72808,3
72809,2
72810,3
72811,3
72812,2
72813,2
72814,3
72815,3
72816,3
72817,2
72818,1
72819,1
72820,3
72821,2
72822,3
72823,1
72824,0
72825,3
72826,0
72827,3
72828,2
72829,0
72830,1
72831,1
72832,3
72833,3
72834,0
72835,0
72836,1
72837,2
72838,0
72839,3
72840,2
72841,1
72842,3
72843,2
72844,2
72845,1
72846,0
72847,3
72848,0
72849,1
72850,3
72851,3
72852,1
72853,3
72854,2
72855,1
72856,1
72857,2
72858,1
72859,3
72860,0
72861,0
72862,3
72863,3
72864,1
72865,3
72866,3
72867,1
72868,2
72869,3
72870,3
72871,3
72872,3
72873,2
72874,1
72875,2
72876,3
72877,2
72878,3
72879,3
72880,0
72881,3
72882,2
72883,2
72884,3
72885,0
72886,3
72887,2
72888,1
72889,0
72890,3
72891,0
72892,3
72893,1
72894,2
72895,1
72896,3
72897,3
72898,3
72899,2
72900,2
72901,2
72902,1
72903,2
72904,0
72905,2
72906,3
72907,1
72908,0
72909,0
72910,3
72911,1
72912,3
72913,2
72914,1
72915,2
72916,0
72917,3
72918,0
72919,0
72920,3
72921,3
72922,3
72923,3
72924,0
72925,1
72926,3
72927,1
72928,2
72929,1
72930,0
72931,3
72932,2
72933,1
72934,2
72935,0
72936,1
72937,0
72938,2
72939,3
72940,1
72941,0
72942,0
72943,1
72944,0
72945,1
72946,0
72947,3
72948,3
72949,0
72950,2
72951,1
72952,2
72953,3
72954,0
72955,0
72956,3
72957,0
72958,2
72959,3
72960,2
72961,2
72962,1
72963,1
72964,2
72965,3
72966,3
72967,0
72968,3
72969,0
72970,1
72971,3
72972,0
72973,0
72974,1
72975,2
72976,3
72977,3
72978,3
72979,3
72980,3
72981,0
72982,1
72983,1
72984,3
72985,3
72986,0
72987,2
72988,3
72989,3
72990,3
72991,3
72992,1
72993,1
72994,0
72995,2
72996,3
72997,0
72998,1
72999,0
73000,2
73001,0
73002,1
73003,1
73004,2
73005,2
73006,2
73007,2
73008,2
73009,2
73010,1
73011,1
73012,1
73013,3
73014,3
73015,3
73016,2
73017,3
73018,1
73019,1
73020,0
73021,1
73022,0
73023,1
73024,3
73025,1
73026,3
73027,3
73028,2
73029,3
73030,0
73031,3
73032,2
73033,3
73034,3
73035,3
73036,0
73037,0
73038,3
73039,3
73040,3
73041,3
73042,2
73043,3
73044,1
73045,3
73046,3
73047,1
73048,3
73049,1
73050,1
73051,0
73052,2
73053,3
73054,0
73055,0
73056,3
73057,2
73058,2
73059,3
73060,3
73061,3
73062,3
73063,1
73064,3
73065,2
73066,1
73067,3
73068,2
73069,1
73070,2
73071,3
73072,3
73073,2
73074,3
73075,0
73076,3
73077,3
73078,3
73079,0
73080,0
73081,3
73082,1
73083,3
73084,0
73085,1
73086,2
73087,2
73088,3
73089,1
73090,3
73091,3
73092,3
73093,2
73094,3
73095,2
73096,1
73097,3
73098,1
73099,0
73100,3
73101,2
73102,3
73103,3
73104,3
73105,3
73106,0
73107,0
73108,3
73109,1
73110,1
73111,1
73112,1
73113,1
73114,1
73115,3
73116,1
73117,2
73118,1
73119,3
73120,3
73121,0
73122,2
73123,0
73124,3
73125,2
73126,3
73127,0
73128,0
73129,0
73130,3
73131,3
73132,3
73133,1
73134,1
73135,2
73136,2
73137,1
73138,2
73139,3
73140,0
73141,1
73142,2
73143,3
73144,2
73145,3
73146,3
73147,2
73148,0
73149,3
73150,2
73151,2
73152,3
73153,2
73154,1
73155,1
73156,0
73157,1
73158,2
73159,3
73160,1
73161,2
73162,2
73163,2
73164,2
73165,0
73166,3
73167,0
73168,2
73169,3
73170,1
73171,0
73172,2
73173,1
73174,0
73175,2
73176,0
73177,3
73178,2
73179,0
73180,0
73181,1
73182,1
73183,3
73184,1
73185,3
73186,2
73187,2
73188,3
73189,2
73190,3
73191,0
73192,1
73193,0
73194,1
73195,2
73196,1
73197,3
73198,1
73199,0
73200,2
73201,1
73202,3
73203,0
73204,2
73205,2
73206,0
73207,2
73208,2
73209,1
73210,1
73211,1
73212,2
73213,2
73214,0
73215,3
73216,0
73217,2
73218,0
73219,1
73220,2
73221,3
73222,3
73223,3
73224,0
73225,2
73226,0
73227,1
73228,0
73229,1
73230,2
73231,3
73232,0
73233,3
73234,2
73235,2
73236,2
73237,1
73238,1
73239,3
73240,2
73241,3
73242,2
73243,3
73244,3
73245,3
73246,3
73247,1
73248,1
73249,1
73250,2
73251,3
73252,1
73253,2
73254,1
73255,1
73256,3
73257,3
73258,3
73259,3
73260,1
73261,3
73262,3
73263,3
73264,0
73265,3
73266,3
73267,3
73268,1
73269,1
73270,3
73271,0
73272,3
73273,2
73274,2
73275,0
73276,3
73277,0
73278,1
73279,1
73280,0
73281,3
73282,3
73283,1
73284,2
73285,3
73286,2
73287,3
73288,3
73289,3
73290,2
73291,2
73292,2
73293,3
73294,1
73295,3
73296,3
73297,2
73298,1
73299,0
73300,2
73301,0
73302,3
73303,3
73304,0
73305,1
73306,2
73307,0
73308,2
73309,2
73310,1
73311,1
73312,3
73313,0
73314,3
73315,1
73316,3
73317,1
73318,1
73319,1
73320,3
73321,2
73322,2
73323,3
73324,1
73325,2
73326,3
73327,3
73328,3
73329,3
73330,3
73331,2
73332,1
73333,2
73334,3
73335,2
73336,3
73337,3
73338,3
73339,0
73340,1
73341,1
73342,1
73343,3
73344,3
73345,1
73346,3
73347,3
73348,0
73349,2
73350,1
73351,2
73352,0
73353,1
73354,0
73355,2
73356,3
73357,3
73358,3
73359,2
73360,2
73361,3
73362,3
73363,1
73364,1
73365,3
73366,3
73367,3
73368,2
73369,0
73370,2
73371,1
73372,3
73373,0
73374,1
73375,2
73376,0
73377,3
73378,2
73379,2
73380,3
73381,2
73382,2
73383,1
73384,1
73385,3
73386,3
73387,2
73388,2
73389,2
73390,3
73391,3
73392,2
73393,3
73394,3
73395,3
73396,0
73397,1
73398,1
73399,1
73400,1
73401,3
73402,2
73403,2
73404,3
73405,3
73406,3
73407,0
73408,0
73409,1
73410,3
73411,2
73412,3
73413,1
73414,3
73415,0
73416,1
73417,2
73418,3
73419,2
73420,3
73421,2
73422,1
73423,1
73424,1
73425,3
73426,3
73427,1
73428,0
73429,2
73430,2
73431,3
73432,3
73433,3
73434,1
73435,2
73436,3
73437,2
73438,3
73439,2
73440,3
73441,1
73442,3
73443,2
73444,2
73445,1
73446,2
73447,2
73448,3
73449,3
73450,3
73451,0
73452,2
73453,0
73454,3
73455,3
73456,3
73457,3
73458,0
73459,2
73460,3
73461,0
73462,1
73463,0
73464,2
73465,3
73466,2
73467,3
73468,3
73469,2
73470,2
73471,0
73472,1
73473,0
73474,1
73475,3
73476,3
73477,1
73478,2
73479,3
73480,0
73481,3
73482,2
73483,2
73484,3
73485,3
73486,0
73487,3
73488,3
73489,3
73490,3
73491,3
73492,1
73493,3
73494,3
73495,3
73496,2
73497,0
73498,1
73499,3
73500,0
73501,3
73502,3
73503,1
73504,1
73505,1
73506,2
73507,3
73508,2
73509,1
73510,1
73511,1
73512,3
73513,3
73514,3
73515,0
73516,2
73517,2
73518,0
73519,2
73520,3
73521,2
73522,0
73523,2
73524,3
73525,0
73526,2
73527,0
73528,3
73529,2
73530,2
73531,0
73532,3
73533,3
73534,1
73535,3
73536,1
73537,3
73538,0
73539,3
73540,3
73541,3
73542,3
73543,3
73544,1
73545,0
73546,0
73547,3
73548,2
73549,2
73550,3
73551,3
73552,3
73553,3
73554,3
73555,2
73556,3
73557,2
73558,1
73559,1
73560,3
73561,2
73562,1
73563,1
73564,1
73565,3
73566,3
73567,1
73568,2
73569,1
73570,1
73571,2
73572,1
73573,3
73574,0
73575,2
73576,0
73577,3
73578,3
73579,3
73580,0
73581,3
73582,3
73583,1
73584,1
73585,3
73586,3
73587,3
73588,3
73589,1
73590,1
73591,0
73592,2
73593,3
73594,3
73595,1
73596,0
73597,1
73598,0
73599,0
73600,1
73601,0
73602,1
73603,2
73604,2
73605,1
73606,0
73607,3
73608,3
73609,1
73610,0
73611,2
73612,2
73613,3
73614,2
73615,1
73616,3
73617,3
73618,1
73619,3
73620,3
73621,0
73622,0
73623,3
73624,2
73625,2
73626,3
73627,1
73628,3
73629,2
73630,1
73631,2
73632,3
73633,2
73634,1
73635,3
73636,1
73637,2
73638,3
73639,3
73640,1
73641,1
73642,0
73643,2
73644,2
73645,0
73646,3
73647,3
73648,1
73649,0
73650,3
73651,3
73652,2
73653,1
73654,0
73655,3
73656,0
73657,3
73658,2
73659,1
73660,3
73661,0
73662,0
73663,0
73664,0
73665,3
73666,3
73667,1
73668,0
73669,3
73670,2
73671,2
73672,1
73673,0
73674,3
73675,2
73676,1
73677,2
73678,0
73679,2
73680,3
73681,3
73682,0
73683,0
73684,2
73685,2
73686,1
73687,3
73688,1
73689,2
73690,1
73691,0
73692,3
73693,2
73694,3
73695,3
73696,1
73697,2
73698,3
73699,2
73700,0
73701,3
73702,0
73703,2
73704,3
73705,3
73706,2
73707,1
73708,2
73709,2
73710,1
73711,3
73712,2
73713,3
73714,3
73715,3
73716,2
73717,2
73718,1
73719,2
73720,0
73721,1
73722,0
73723,2
73724,2
73725,3
73726,2
73727,2
73728,3
73729,1
73730,0
73731,3
73732,3
73733,1
73734,3
73735,0
73736,0
73737,2
73738,3
73739,3
73740,1
73741,3
73742,2
73743,2
73744,2
73745,2
73746,2
73747,1
73748,3
73749,3
73750,1
73751,2
73752,0
73753,2
73754,3
73755,2
73756,3
73757,3
73758,1
73759,3
73760,1
73761,2
73762,2
73763,2
73764,0
73765,3
73766,1
73767,2
73768,0
73769,2
73770,2
73771,1
73772,3
73773,0
73774,3
73775,2
73776,1
73777,1
73778,0
73779,3
73780,3
73781,3
73782,1
73783,3
73784,2
73785,2
73786,3
73787,3
73788,1
73789,3
73790,2
73791,3
73792,1
73793,3
73794,2
73795,0
73796,0
73797,2
73798,2
73799,3
73800,3
73801,2
73802,1
73803,2
73804,3
73805,2
73806,2
73807,1
73808,3
73809,3
73810,1
73811,1
73812,1
73813,3
73814,1
73815,0
73816,3
73817,3
73818,2
73819,0
73820,3
73821,2
73822,2
73823,2
73824,3
73825,2
73826,3
73827,3
73828,0
73829,0
73830,3
73831,1
73832,2
73833,3
73834,0
73835,3
73836,3
73837,3
73838,1
73839,3
73840,2
73841,1
73842,3
73843,0
73844,3
73845,3
73846,0
73847,2
73848,1
73849,1
73850,3
73851,0
73852,2
73853,1
73854,0
73855,3
73856,3
73857,0
73858,1
73859,3
73860,3
73861,1
73862,2
73863,3
73864,3
73865,1
73866,3
73867,3
73868,2
73869,2
73870,2
73871,1
73872,0
73873,1
73874,3
73875,2
73876,3
73877,1
73878,1
73879,0
73880,3
73881,2
73882,0
73883,3
73884,1
73885,1
73886,3
73887,1
73888,2
73889,0
73890,3
73891,2
73892,0
73893,3
73894,3
73895,2
73896,3
73897,3
73898,2
73899,0
73900,1
73901,1
73902,3
73903,3
73904,1
73905,3
73906,3
73907,2
73908,3
73909,3
73910,1
73911,2
73912,3
73913,2
73914,3
73915,3
73916,1
73917,0
73918,3
73919,1
73920,1
73921,3
73922,0
73923,0
73924,0
73925,3
73926,3
73927,3
73928,3
73929,2
73930,3
73931,2
73932,0
73933,2
73934,3
73935,3
73936,1
73937,3
73938,0
73939,3
73940,0
73941,2
73942,1
73943,2
73944,3
73945,1
73946,0
73947,3
73948,2
73949,2
73950,2
73951,3
73952,0
73953,1
73954,3
73955,2
73956,0
73957,3
73958,2
73959,2
73960,3
73961,3
73962,0
73963,0
73964,1
73965,3
73966,3
73967,0
73968,3
73969,3
73970,3
73971,2
73972,3
73973,0
73974,1
73975,3
73976,0
73977,2
73978,1
73979,3
73980,2
73981,1
73982,3
73983,0
73984,3
73985,1
73986,1
73987,2
73988,2
73989,3
73990,3
73991,2
73992,3
73993,1
73994,2
73995,3
73996,1
73997,0
73998,2
73999,3
74000,2
74001,3
74002,0
74003,2
74004,0
74005,3
74006,3
74007,3
74008,2
74009,2
74010,3
74011,3
74012,2
74013,2
74014,3
74015,3
74016,1
74017,2
74018,1
74019,2
74020,2
74021,2
74022,2
74023,1
74024,3
74025,1
74026,3
74027,2
74028,1
74029,3
74030,2
74031,3
74032,0
74033,1
74034,2
74035,2
74036,1
74037,2
74038,0
74039,2
74040,2
74041,3
74042,1
74043,3
74044,3
74045,2
74046,0
74047,1
74048,1
74049,3
74050,1
74051,1
74052,1
74053,3
74054,0
74055,1
74056,1
74057,1
74058,0
74059,1
74060,3
74061,3
74062,2
74063,1
74064,0
74065,2
74066,3
74067,1
74068,3
74069,1
74070,3
74071,0
74072,1
74073,0
74074,1
74075,2
74076,1
74077,3
74078,0
74079,3
74080,3
74081,3
74082,2
74083,3
74084,1
74085,2
74086,3
74087,3
74088,2
74089,3
74090,0
74091,1
74092,3
74093,3
74094,1
74095,3
74096,1
74097,3
74098,3
74099,3
74100,3
74101,3
74102,2
74103,2
74104,1
74105,0
74106,2
74107,3
74108,3
74109,1
74110,0
74111,1
74112,1
74113,3
74114,0
74115,0
74116,3
74117,0
74118,2
74119,1
74120,2
74121,0
74122,2
74123,2
74124,3
74125,2
74126,3
74127,2
74128,2
74129,3
74130,2
74131,3
74132,3
74133,0
74134,3
74135,3
74136,1
74137,3
74138,2
74139,2
74140,1
74141,2
74142,1
74143,1
74144,3
74145,3
74146,3
74147,2
74148,0
74149,2
74150,3
74151,2
74152,3
74153,3
74154,2
74155,3
74156,2
74157,2
74158,3
74159,3
74160,0
74161,2
74162,3
74163,1
74164,1
74165,0
74166,3
74167,0
74168,3
74169,0
74170,3
74171,3
74172,0
74173,1
74174,1
74175,0
74176,1
74177,2
74178,3
74179,0
74180,0
74181,3
74182,3
74183,1
74184,1
74185,3
74186,3
74187,1
74188,3
74189,0
74190,2
74191,3
74192,3
74193,3
74194,0
74195,0
74196,1
74197,3
74198,3
74199,2
74200,2
74201,1
74202,2
74203,3
74204,0
74205,0
74206,0
74207,2
74208,3
74209,2
74210,3
74211,2
74212,2
74213,0
74214,1
74215,2
74216,0
74217,2
74218,3
74219,2
74220,3
74221,0
74222,3
74223,1
74224,2
74225,2
74226,3
74227,0
74228,3
74229,3
74230,1
74231,3
74232,2
74233,0
74234,3
74235,2
74236,1
74237,2
74238,1
74239,1
74240,3
74241,1
74242,0
74243,1
74244,2
74245,1
74246,0
74247,0
74248,2
74249,2
74250,3
74251,2
74252,2
74253,0
74254,3
74255,1
74256,3
74257,2
74258,2
74259,3
74260,1
74261,3
74262,2
74263,0
74264,3
74265,3
74266,0
74267,3
74268,0
74269,1
74270,3
74271,3
74272,1
74273,1
74274,3
74275,2
74276,1
74277,3
74278,1
74279,2
74280,3
74281,2
74282,3
74283,3
74284,2
74285,1
74286,0
74287,3
74288,1
74289,3
74290,1
74291,0
74292,3
74293,1
74294,2
74295,0
74296,1
74297,3
74298,0
74299,0
74300,2
74301,1
74302,2
74303,0
74304,2
74305,1
74306,0
74307,1
74308,0
74309,3
74310,2
74311,1
74312,1
74313,2
74314,3
74315,3
74316,3
74317,3
74318,3
74319,2
74320,0
74321,3
74322,3
74323,1
74324,2
74325,1
74326,2
74327,0
74328,1
74329,0
74330,1
74331,3
74332,1
74333,2
74334,1
74335,1
74336,3
74337,2
74338,0
74339,3
74340,3
74341,0
74342,1
74343,0
74344,1
74345,0
74346,1
74347,0
74348,3
74349,3
74350,2
74351,0
74352,3
74353,3
74354,3
74355,2
74356,3
74357,3
74358,1
74359,1
74360,2
74361,0
74362,3
74363,0
74364,1
74365,1
74366,0
74367,2
74368,0
74369,2
74370,3
74371,1
74372,0
74373,0
74374,0
74375,1
74376,1
74377,1
74378,2
74379,1
74380,3
74381,3
74382,2
74383,0
74384,1
74385,2
74386,1
74387,3
74388,2
74389,3
74390,3
74391,1
74392,2
74393,3
74394,2
74395,2
74396,2
74397,0
74398,1
74399,1
74400,1
74401,1
74402,2
74403,3
74404,0
74405,0
74406,3
74407,3
74408,3
74409,3
74410,3
74411,3
74412,2
74413,3
74414,1
74415,3
74416,2
74417,2
74418,3
74419,3
74420,0
74421,1
74422,3
74423,3
74424,3
74425,3
74426,3
74427,0
74428,2
74429,0
74430,1
74431,1
74432,3
74433,2
74434,3
74435,2
74436,1
74437,1
74438,2
74439,3
74440,0
74441,3
74442,0
74443,3
74444,2
74445,3
74446,3
74447,3
74448,3
74449,2
74450,3
74451,3
74452,2
74453,1
74454,1
74455,0
74456,1
74457,3
74458,2
74459,2
74460,3
74461,3
74462,1
74463,2
74464,1
74465,3
74466,3
74467,3
74468,2
74469,3
74470,2
74471,2
74472,3
74473,0
74474,3
74475,0
74476,3
74477,1
74478,3
74479,2
74480,2
74481,3
74482,0
74483,3
74484,3
74485,0
74486,1
74487,2
74488,0
74489,1
74490,3
74491,1
74492,3
74493,1
74494,2
74495,0
74496,3
74497,1
74498,0
74499,0
74500,2
74501,3
74502,1
74503,3
74504,3
74505,1
74506,1
74507,3
74508,2
74509,1
74510,1
74511,3
74512,3
74513,0
74514,0
74515,2
74516,0
74517,2
74518,3
74519,0
74520,3
74521,2
74522,3
74523,3
74524,3
74525,3
74526,2
74527,2
74528,3
74529,2
74530,0
74531,3
74532,2
74533,2
74534,1
74535,1
74536,2
74537,2
74538,2
74539,1
74540,2
74541,3
74542,0
74543,2
74544,1
74545,0
74546,2
74547,2
74548,0
74549,2
74550,2
74551,1
74552,0
74553,3
74554,3
74555,3
74556,2
74557,1
74558,3
74559,0
74560,0
74561,3
74562,3
74563,3
74564,0
74565,1
74566,3
74567,2
74568,3
74569,2
74570,2
74571,0
74572,3
74573,1
74574,3
74575,3
74576,2
74577,3
74578,1
74579,0
74580,3
74581,3
74582,1
74583,2
74584,0
74585,3
74586,2
74587,2
74588,3
74589,3
74590,3
74591,1
74592,3
74593,1
74594,0
74595,3
74596,3
74597,0
74598,2
74599,2
74600,0
74601,1
74602,2
74603,3
74604,0
74605,1
74606,3
74607,3
74608,2
74609,1
74610,3
74611,2
74612,3
74613,2
74614,3
74615,0
74616,2
74617,2
74618,0
74619,0
74620,3
74621,0
74622,3
74623,0
74624,1
74625,0
74626,1
74627,2
74628,3
74629,3
74630,2
74631,1
74632,1
74633,2
74634,0
74635,0
74636,0
74637,3
74638,0
74639,3
74640,3
74641,2
74642,0
74643,1
74644,3
74645,3
74646,3
74647,3
74648,3
74649,3
74650,3
74651,2
74652,1
74653,3
74654,1
74655,1
74656,1
74657,3
74658,3
74659,1
74660,0
74661,0
74662,2
74663,3
74664,2
74665,0
74666,0
74667,1
74668,3
74669,1
74670,3
74671,2
74672,0
74673,0
74674,1
74675,1
74676,3
74677,3
74678,2
74679,0
74680,3
74681,3
74682,1
74683,2
74684,2
74685,1
74686,0
74687,2
74688,3
74689,0
74690,2
74691,3
74692,3
74693,1
74694,1
74695,3
74696,3
74697,2
74698,3
74699,2
74700,3
74701,0
74702,1
74703,3
74704,3
74705,2
74706,1
74707,1
74708,1
74709,1
74710,0
74711,1
74712,3
74713,0
74714,1
74715,2
74716,0
74717,2
74718,3
74719,3
74720,2
74721,3
74722,2
74723,1
74724,3
74725,0
74726,2
74727,0
74728,0
74729,2
74730,0
74731,0
74732,3
74733,3
74734,2
74735,3
74736,3
74737,2
74738,3
74739,3
74740,1
74741,1
74742,1
74743,3
74744,2
74745,0
74746,2
74747,2
74748,1
74749,3
74750,2
74751,0
74752,3
74753,2
74754,3
74755,1
74756,3
74757,2
74758,1
74759,2
74760,3
74761,2
74762,3
74763,3
74764,3
74765,0
74766,2
74767,0
74768,3
74769,0
74770,3
74771,3
74772,0
74773,0
74774,3
74775,2
74776,2
74777,3
74778,1
74779,2
74780,3
74781,3
74782,3
74783,3
74784,3
74785,0
74786,0
74787,3
74788,2
74789,0
74790,3
74791,3
74792,3
74793,3
74794,2
74795,0
74796,2
74797,0
74798,2
74799,2
74800,2
74801,1
74802,3
74803,1
74804,0
74805,3
74806,0
74807,1
74808,3
74809,0
74810,3
74811,2
74812,0
74813,2
74814,0
74815,0
74816,2
74817,0
74818,2
74819,3
74820,3
74821,0
74822,3
74823,0
74824,1
74825,3
74826,3
74827,0
74828,1
74829,0
74830,2
74831,3
74832,0
74833,3
74834,0
74835,0
74836,3
74837,1
74838,3
74839,3
74840,2
74841,2
74842,0
74843,1
74844,2
74845,1
74846,0
74847,0
74848,1
74849,1
74850,3
74851,2
74852,1
74853,3
74854,3
74855,3
74856,1
74857,1
74858,3
74859,0
74860,1
74861,2
74862,2
74863,1
74864,2
74865,0
74866,2
74867,2
74868,0
74869,3
74870,2
74871,3
74872,1
74873,3
74874,2
74875,3
74876,3
74877,1
74878,3
74879,3
74880,1
74881,3
74882,0
74883,3
74884,2
74885,2
74886,3
74887,2
74888,2
74889,3
74890,1
74891,2
74892,2
74893,2
74894,0
74895,1
74896,1
74897,3
74898,1
74899,2
74900,3
74901,1
74902,3
74903,3
74904,0
74905,1
74906,2
74907,0
74908,2
74909,3
74910,1
74911,0
74912,3
74913,0
74914,3
74915,1
74916,3
74917,3
74918,1
74919,2
74920,1
74921,3
74922,0
74923,3
74924,1
74925,2
74926,1
74927,3
74928,3
74929,2
74930,2
74931,3
74932,2
74933,3
74934,1
74935,2
74936,1
74937,0
74938,0
74939,3
74940,1
74941,3
74942,3
74943,3
74944,0
74945,0
74946,2
74947,2
74948,3
74949,3
74950,2
74951,0
74952,3
74953,2
74954,1
74955,2
74956,3
74957,3
74958,1
74959,3
74960,1
74961,1
74962,0
74963,1
74964,3
74965,1
74966,1
74967,0
74968,0
74969,3
74970,3
74971,3
74972,2
74973,3
74974,3
74975,2
74976,3
74977,1
74978,3
74979,2
74980,1
74981,1
74982,1
74983,2
74984,2
74985,1
74986,3
74987,3
74988,2
74989,3
74990,0
74991,3
74992,3
74993,3
74994,0
74995,2
74996,3
74997,1
74998,0
74999,2
75000,2
75001,3
75002,0
75003,3
75004,2
75005,0
75006,0
75007,3
75008,0
75009,3
75010,1
75011,1
75012,1
75013,3
75014,1
75015,3
75016,2
75017,3
75018,1
75019,2
75020,2
75021,1
75022,3
75023,3
75024,3
75025,0
75026,3
75027,2
75028,3
75029,3
75030,3
75031,2
75032,3
75033,2
75034,2
75035,3
75036,0
75037,3
75038,3
75039,2
75040,0
75041,3
75042,1
75043,3
75044,1
75045,1
75046,3
75047,1
75048,1
75049,2
75050,1
75051,3
75052,1
75053,2
75054,3
75055,2
75056,2
75057,2
75058,0
75059,0
75060,2
75061,1
75062,0
75063,1
75064,1
75065,3
75066,3
75067,3
75068,3
75069,3
75070,2
75071,3
75072,3
75073,3
75074,2
75075,2
75076,3
75077,2
75078,3
75079,3
75080,3
75081,2
75082,2
75083,3
75084,0
75085,1
75086,3
75087,2
75088,3
75089,3
75090,0
75091,1
75092,0
75093,1
75094,3
75095,0
75096,3
75097,3
75098,2
75099,0
75100,3
75101,0
75102,1
75103,3
75104,3
75105,3
75106,3
75107,3
75108,1
75109,3
75110,2
75111,3
75112,1
75113,3
75114,1
75115,0
75116,2
75117,3
75118,1
75119,1
75120,3
75121,3
75122,0
75123,3
75124,3
75125,0
75126,0
75127,0
75128,3
75129,3
75130,3
75131,3
75132,3
75133,3
75134,2
75135,3
75136,1
75137,3
75138,1
75139,2
75140,1
75141,1
75142,2
75143,3
75144,2
75145,1
75146,0
75147,1
75148,2
75149,2
75150,3
75151,0
75152,3
75153,0
75154,2
75155,0
75156,0
75157,3
75158,2
75159,0
75160,2
75161,3
75162,3
75163,2
75164,1
75165,2
75166,3
75167,3
75168,3
75169,1
75170,3
75171,2
75172,3
75173,2
75174,3
75175,3
75176,1
75177,1
75178,3
75179,3
75180,1
75181,3
75182,0
75183,2
75184,0
75185,1
75186,0
75187,0
75188,1
75189,2
75190,0
75191,2
75192,0
75193,0
75194,3
75195,3
75196,1
75197,3
75198,3
75199,1
75200,0
75201,0
75202,2
75203,1
75204,3
75205,3
75206,3
75207,3
75208,1
75209,2
75210,0
75211,1
75212,1
75213,3
75214,2
75215,1
75216,0
75217,0
75218,0
75219,2
75220,3
75221,3
75222,3
75223,3
75224,3
75225,3
75226,2
75227,3
75228,2
75229,3
75230,3
75231,3
75232,2
75233,3
75234,3
75235,2
75236,1
75237,2
75238,1
75239,2
75240,3
75241,1
75242,1
75243,3
75244,3
75245,1
75246,0
75247,2
75248,2
75249,3
75250,2
75251,1
75252,3
75253,3
75254,3
75255,3
75256,2
75257,1
75258,3
75259,3
75260,0
75261,1
75262,3
75263,0
75264,3
75265,0
75266,3
75267,0
75268,0
75269,3
75270,3
75271,0
75272,2
75273,0
75274,2
75275,0
75276,3
75277,3
75278,0
75279,1
75280,3
75281,1
75282,2
75283,1
75284,2
75285,0
75286,2
75287,1
75288,2
75289,1
75290,2
75291,3
75292,3
75293,1
75294,3
75295,2
75296,1
75297,3
75298,3
75299,2
75300,2
75301,0
75302,3
75303,0
75304,1
75305,3
75306,2
75307,2
75308,2
75309,3
75310,3
75311,0
75312,1
75313,2
75314,1
75315,0
75316,1
75317,3
75318,2
75319,1
75320,1
75321,3
75322,0
75323,3
75324,1
75325,1
75326,3
75327,0
75328,1
75329,0
75330,1
75331,3
75332,2
75333,0
75334,1
75335,3
75336,3
75337,0
75338,1
75339,1
75340,0
75341,3
75342,2
75343,0
75344,2
75345,2
75346,3
75347,3
75348,1
75349,2
75350,1
75351,2
75352,3
75353,3
75354,1
75355,3
75356,2
75357,2
75358,3
75359,2
75360,1
75361,2
75362,3
75363,2
75364,2
75365,1
75366,0
75367,3
75368,3
75369,1
75370,1
75371,2
75372,3
75373,3
75374,0
75375,3
75376,1
75377,2
75378,3
75379,3
75380,3
75381,0
75382,3
75383,3
75384,2
75385,3
75386,3
75387,2
75388,3
75389,3
75390,1
75391,0
75392,3
75393,3
75394,1
75395,3
75396,2
75397,0
75398,3
75399,3
75400,3
75401,3
75402,0
75403,3
75404,3
75405,2
75406,3
75407,2
75408,3
75409,1
75410,3
75411,2
75412,2
75413,2
75414,2
75415,0
75416,0
75417,0
75418,1
75419,1
75420,3
75421,2
75422,1
75423,3
75424,3
75425,3
75426,1
75427,2
75428,0
75429,2
75430,3
75431,1
75432,2
75433,0
75434,2
75435,0
75436,2
75437,0
75438,1
75439,3
75440,1
75441,3
75442,3
75443,0
75444,0
75445,1
75446,2
75447,3
75448,1
75449,1
75450,0
75451,3
75452,3
75453,2
75454,0
75455,3
75456,1
75457,0
75458,1
75459,3
75460,1
75461,1
75462,0
75463,2
75464,2
75465,1
75466,3
75467,3
75468,0
75469,0
75470,0
75471,3
75472,2
75473,3
75474,3
75475,0
75476,3
75477,3
75478,3
75479,0
75480,3
75481,3
75482,2
75483,0
75484,3
75485,1
75486,2
75487,3
75488,1
75489,1
75490,2
75491,0
75492,1
75493,1
75494,0
75495,3
75496,2
75497,3
75498,2
75499,3
75500,3
75501,0
75502,0
75503,3
75504,3
75505,2
75506,2
75507,1
75508,2
75509,3
75510,2
75511,0
75512,1
75513,0
75514,3
75515,2
75516,0
75517,1
75518,3
75519,3
75520,1
75521,3
75522,0
75523,1
75524,0
75525,1
75526,1
75527,0
75528,0
75529,3
75530,2
75531,0
75532,2
75533,0
75534,1
75535,0
75536,2
75537,3
75538,1
75539,0
75540,2
75541,3
75542,2
75543,1
75544,2
75545,2
75546,3
75547,2
75548,0
75549,1
75550,3
75551,3
75552,3
75553,2
75554,3
75555,3
75556,3
75557,2
75558,3
75559,2
75560,1
75561,1
75562,3
75563,3
75564,3
75565,1
75566,3
75567,1
75568,2
75569,3
75570,3
75571,2
75572,2
75573,1
75574,1
75575,2
75576,3
75577,3
75578,1
75579,3
75580,0
75581,3
75582,3
75583,3
75584,3
75585,0
75586,3
75587,0
75588,3
75589,1
75590,3
75591,3
75592,2
75593,3
75594,1
75595,0
75596,3
75597,0
75598,3
75599,1
75600,3
75601,3
75602,3
75603,3
75604,2
75605,1
75606,2
75607,1
75608,0
75609,2
75610,2
75611,1
75612,0
75613,0
75614,0
75615,3
75616,3
75617,0
75618,0
75619,1
75620,0
75621,3
75622,0
75623,3
75624,1
75625,1
75626,2
75627,2
75628,0
75629,3
75630,1
75631,2
75632,1
75633,2
75634,3
75635,2
75636,1
75637,2
75638,2
75639,1
75640,0
75641,3
75642,0
75643,0
75644,1
75645,3
75646,2
75647,2
75648,3
75649,0
75650,2
75651,3
75652,3
75653,2
75654,1
75655,3
75656,3
75657,1
75658,3
75659,3
75660,3
75661,1
75662,0
75663,2
75664,0
75665,2
75666,1
75667,3
75668,0
75669,2
75670,1
75671,3
75672,2
75673,3
75674,2
75675,2
75676,2
75677,2
75678,3
75679,2
75680,1
75681,1
75682,3
75683,0
75684,0
75685,3
75686,0
75687,0
75688,3
75689,2
75690,0
75691,3
75692,2
75693,3
75694,2
75695,2
75696,3
75697,0
75698,3
75699,3
75700,1
75701,3
75702,0
75703,3
75704,3
75705,1
75706,1
75707,1
75708,2
75709,3
75710,0
75711,3
75712,1
75713,3
75714,1
75715,3
75716,3
75717,3
75718,2
75719,0
75720,3
75721,0
75722,3
75723,2
75724,3
75725,1
75726,3
75727,0
75728,1
75729,3
75730,3
75731,2
75732,2
75733,1
75734,3
75735,1
75736,1
75737,2
75738,3
75739,3
75740,1
75741,2
75742,1
75743,3
75744,3
75745,2
75746,3
75747,1
75748,2
75749,2
75750,0
75751,0
75752,3
75753,2
75754,3
75755,0
75756,3
75757,3
75758,2
75759,1
75760,2
75761,1
75762,3
75763,0
75764,2
75765,0
75766,0
75767,0
75768,3
75769,3
75770,3
75771,3
75772,1
75773,0
75774,2
75775,3
75776,3
75777,0
75778,3
75779,2
75780,3
75781,1
75782,3
75783,2
75784,2
75785,2
75786,2
75787,1
75788,3
75789,1
75790,2
75791,3
75792,3
75793,1
75794,0
75795,2
75796,2
75797,1
75798,0
75799,3
75800,3
75801,3
75802,3
75803,2
75804,3
75805,1
75806,1
75807,1
75808,2
75809,2
75810,1
75811,2
75812,3
75813,1
75814,3
75815,2
75816,3
75817,2
75818,3
75819,3
75820,3
75821,0
75822,3
75823,2
75824,1
75825,3
75826,0
75827,1
75828,1
75829,2
75830,0
75831,0
75832,2
75833,3
75834,2
75835,3
75836,3
75837,2
75838,3
75839,3
75840,3
75841,3
75842,0
75843,1
75844,3
75845,1
75846,3
75847,3
75848,3
75849,1
75850,3
75851,3
75852,0
75853,2
75854,3
75855,0
75856,2
75857,3
75858,1
75859,2
75860,2
75861,0
75862,3
75863,1
75864,3
75865,3
75866,0
75867,3
75868,0
75869,2
75870,1
75871,2
75872,0
75873,3
75874,0
75875,0
75876,2
75877,3
75878,2
75879,0
75880,3
75881,3
75882,1
75883,1
75884,1
75885,3
75886,3
75887,3
75888,2
75889,1
75890,1
75891,3
75892,1
75893,1
75894,3
75895,3
75896,1
75897,3
75898,3
75899,1
75900,3
75901,3
75902,3
75903,2
75904,2
75905,0
75906,3
75907,1
75908,3
75909,2
75910,0
75911,2
75912,2
75913,1
75914,3
75915,3
75916,1
75917,1
75918,3
75919,3
75920,2
75921,2
75922,0
75923,2
75924,1
75925,1
75926,1
75927,3
75928,3
75929,2
75930,2
75931,2
75932,0
75933,2
75934,3
75935,0
75936,1
75937,1
75938,2
75939,3
75940,3
75941,3
75942,3
75943,3
75944,2
75945,1
75946,0
75947,3
75948,1
75949,2
75950,1
75951,3
75952,1
75953,0
75954,1
75955,0
75956,3
75957,1
75958,1
75959,3
75960,3
75961,1
75962,3
75963,1
75964,3
75965,2
75966,0
75967,1
75968,3
75969,3
75970,1
75971,2
75972,2
75973,2
75974,0
75975,1
75976,1
75977,3
75978,0
75979,3
75980,0
75981,1
75982,2
75983,3
75984,1
75985,3
75986,2
75987,1
75988,1
75989,2
75990,2
75991,3
75992,0
75993,2
75994,1
75995,1
75996,2
75997,3
75998,2
75999,2
76000,3
76001,3
76002,1
76003,1
76004,3
76005,2
76006,0
76007,2
76008,3
76009,1
76010,3
76011,0
76012,0
76013,3
76014,2
76015,3
76016,1
76017,3
76018,0
76019,2
76020,0
76021,0
76022,1
76023,2
76024,2
76025,3
76026,2
76027,3
76028,0
76029,3
76030,2
76031,3
76032,2
76033,3
76034,1
76035,1
76036,1
76037,2
76038,0
76039,2
76040,1
76041,0
76042,1
76043,2
76044,3
76045,3
76046,0
76047,1
76048,2
76049,0
76050,2
76051,1
76052,2
76053,0
76054,0
76055,3
76056,1
76057,2
76058,0
76059,3
76060,3
76061,3
76062,3
76063,2
76064,0
76065,3
76066,3
76067,1
76068,3
76069,3
76070,2
76071,0
76072,2
76073,3
76074,2
76075,2
76076,2
76077,2
76078,1
76079,0
76080,1
76081,3
76082,3
76083,1
76084,1
76085,1
76086,1
76087,3
76088,3
76089,0
76090,2
76091,1
76092,0
76093,1
76094,0
76095,0
76096,2
76097,0
76098,3
76099,2
76100,1
76101,3
76102,0
76103,1
76104,3
76105,0
76106,2
76107,2
76108,0
76109,1
76110,1
76111,3
76112,0
76113,3
76114,0
76115,3
76116,3
76117,1
76118,1
76119,0
76120,0
76121,3
76122,3
76123,0
76124,0
76125,2
76126,2
76127,0
76128,0
76129,0
76130,2
76131,2
76132,3
76133,1
76134,0
76135,1
76136,1
76137,3
76138,0
76139,3
76140,3
76141,0
76142,3
76143,3
76144,2
76145,1
76146,3
76147,1
76148,2
76149,3
76150,0
76151,0
76152,1
76153,1
76154,3
76155,0
76156,2
76157,1
76158,1
76159,1
76160,2
76161,2
76162,3
76163,3
76164,3
76165,3
76166,1
76167,0
76168,2
76169,1
76170,3
76171,1
76172,3
76173,2
76174,0
76175,0
76176,2
76177,3
76178,3
76179,1
76180,3
76181,1
76182,2
76183,3
76184,0
76185,3
76186,0
76187,2
76188,1
76189,2
76190,3
76191,3
76192,2
76193,1
76194,2
76195,3
76196,0
76197,1
76198,1
76199,2
76200,2
76201,3
76202,1
76203,1
76204,2
76205,2
76206,1
76207,1
76208,3
76209,3
76210,3
76211,2
76212,1
76213,2
76214,3
76215,1
76216,0
76217,2
76218,3
76219,3
76220,3
76221,3
76222,2
76223,1
76224,2
76225,3
76226,3
76227,1
76228,2
76229,1
76230,0
76231,3
76232,3
76233,3
76234,0
76235,1
76236,2
76237,3
76238,3
76239,3
76240,1
76241,0
76242,1
76243,0
76244,3
76245,3
76246,3
76247,2
76248,1
76249,1
76250,0
76251,2
76252,2
76253,3
76254,2
76255,3
76256,3
76257,1
76258,1
76259,3
76260,0
76261,3
76262,2
76263,0
76264,3
76265,3
76266,1
76267,1
76268,3
76269,0
76270,1
76271,2
76272,3
76273,0
76274,3
76275,3
76276,1
76277,3
76278,1
76279,0
76280,0
76281,3
76282,0
76283,2
76284,1
76285,3
76286,0
76287,2
76288,2
76289,3
76290,2
76291,3
76292,1
76293,0
76294,2
76295,1
76296,1
76297,3
76298,0
76299,3
76300,1
76301,2
76302,1
76303,2
76304,1
76305,2
76306,2
76307,1
76308,3
76309,3
76310,3
76311,0
76312,1
76313,3
76314,2
76315,3
76316,2
76317,1
76318,3
76319,2
76320,3
76321,0
76322,3
76323,1
76324,3
76325,2
76326,3
76327,2
76328,3
76329,0
76330,3
76331,2
76332,3
76333,2
76334,2
76335,3
76336,2
76337,2
76338,3
76339,2
76340,1
76341,1
76342,1
76343,0
76344,3
76345,3
76346,2
76347,3
76348,2
76349,3
76350,0
76351,2
76352,3
76353,3
76354,0
76355,3
76356,3
76357,3
76358,1
76359,3
76360,0
76361,0
76362,3
76363,2
76364,0
76365,0
76366,3
76367,0
76368,0
76369,3
76370,3
76371,0
76372,0
76373,1
76374,0
76375,2
76376,1
76377,0
76378,2
76379,0
76380,0
76381,3
76382,3
76383,2
76384,3
76385,3
76386,2
76387,3
76388,2
76389,2
76390,2
76391,3
76392,3
76393,1
76394,0
76395,1
76396,3
76397,0
76398,3
76399,1
76400,3
76401,3
76402,0
76403,3
76404,1
76405,1
76406,3
76407,3
76408,2
76409,3
76410,3
76411,1
76412,1
76413,3
76414,3
76415,3
76416,2
76417,2
76418,0
76419,1
76420,1
76421,0
76422,3
76423,2
76424,0
76425,3
76426,3
76427,0
76428,3
76429,1
76430,2
76431,0
76432,2
76433,2
76434,3
76435,3
76436,2
76437,0
76438,1
76439,1
76440,3
76441,3
76442,0
76443,3
76444,2
76445,3
76446,3
76447,0
76448,3
76449,3
76450,0
76451,0
76452,3
76453,2
76454,3
76455,3
76456,2
76457,3
76458,3
76459,1
76460,0
76461,0
76462,2
76463,0
76464,3
76465,1
76466,0
76467,0
76468,1
76469,3
76470,3
76471,3
76472,2
76473,1
76474,0
76475,2
76476,3
76477,0
76478,1
76479,3
76480,3
76481,3
76482,2
76483,2
76484,3
76485,2
76486,0
76487,2
76488,1
76489,1
76490,3
76491,3
76492,3
76493,3
76494,3
76495,1
76496,3
76497,3
76498,3
76499,1
76500,2
76501,1
76502,0
76503,0
76504,2
76505,3
76506,2
76507,3
76508,1
76509,3
76510,0
76511,0
76512,1
76513,3
76514,2
76515,0
76516,3
76517,3
76518,3
76519,1
76520,3
76521,0
76522,0
76523,1
76524,3
76525,2
76526,3
76527,3
76528,1
76529,3
76530,2
76531,2
76532,1
76533,2
76534,1
76535,1
76536,3
76537,3
76538,3
76539,3
76540,3
76541,2
76542,0
76543,2
76544,2
76545,0
76546,2
76547,2
76548,3
76549,0
76550,3
76551,1
76552,2
76553,2
76554,3
76555,2
76556,3
76557,3
76558,1
76559,0
76560,3
76561,0
76562,1
76563,2
76564,2
76565,1
76566,2
76567,1
76568,0
76569,0
76570,1
76571,0
76572,1
76573,1
76574,2
76575,1
76576,1
76577,2
76578,2
76579,1
76580,0
76581,1
76582,3
76583,0
76584,1
76585,3
76586,1
76587,1
76588,0
76589,0
76590,2
76591,2
76592,3
76593,2
76594,2
76595,1
76596,3
76597,3
76598,3
76599,3
76600,2
76601,1
76602,0
76603,3
76604,1
76605,1
76606,3
76607,1
76608,2
76609,3
76610,3
76611,2
76612,3
76613,2
76614,2
76615,1
76616,3
76617,0
76618,3
76619,2
76620,1
76621,3
76622,3
76623,1
76624,1
76625,1
76626,3
76627,3
76628,2
76629,3
76630,3
76631,3
76632,3
76633,0
76634,0
76635,3
76636,3
76637,1
76638,3
76639,1
76640,2
76641,3
76642,3
76643,1
76644,1
76645,0
76646,3
76647,0
76648,3
76649,3
76650,1
76651,3
76652,1
76653,3
76654,1
76655,3
76656,3
76657,1
76658,1
76659,0
76660,0
76661,0
76662,3
76663,1
76664,2
76665,0
76666,0
76667,0
76668,3
76669,3
76670,1
76671,2
76672,3
76673,2
76674,1
76675,3
76676,3
76677,3
76678,0
76679,0
76680,3
76681,0
76682,1
76683,0
76684,3
76685,1
76686,2
76687,0
76688,3
76689,1
76690,1
76691,3
76692,0
76693,2
76694,0
76695,0
76696,0
76697,3
76698,2
76699,3
76700,0
76701,1
76702,3
76703,3
76704,1
76705,1
76706,2
76707,1
76708,3
76709,0
76710,1
76711,1
76712,0
76713,2
76714,2
76715,1
76716,0
76717,3
76718,3
76719,3
76720,2
76721,0
76722,2
76723,3
76724,2
76725,3
76726,0
76727,0
76728,3
76729,0
76730,0
76731,1
76732,3
76733,2
76734,0
76735,3
76736,3
76737,0
76738,3
76739,1
76740,2
76741,3
76742,2
76743,2
76744,3
76745,2
76746,2
76747,1
76748,0
76749,1
76750,2
76751,0
76752,3
76753,2
76754,1
76755,2
76756,3
76757,1
76758,2
76759,2
76760,1
76761,2
76762,1
76763,3
76764,3
76765,3
76766,1
76767,1
76768,2
76769,1
76770,0
76771,2
76772,2
76773,0
76774,1
76775,2
76776,3
76777,0
76778,3
76779,3
76780,1
76781,3
76782,3
76783,2
76784,2
76785,2
76786,2
76787,1
76788,2
76789,1
76790,1
76791,1
76792,1
76793,3
76794,1
76795,0
76796,2
76797,1
76798,3
76799,0
76800,3
76801,3
76802,1
76803,1
76804,3
76805,3
76806,3
76807,3
76808,1
76809,2
76810,1
76811,0
76812,3
76813,3
76814,1
76815,3
76816,3
76817,3
76818,0
76819,3
76820,2
76821,3
76822,2
76823,1
76824,2
76825,3
76826,2
76827,3
76828,1
76829,3
76830,1
76831,1
76832,1
76833,1
76834,2
76835,0
76836,1
76837,2
76838,0
76839,1
76840,0
76841,0
76842,0
76843,1
76844,0
76845,2
76846,3
76847,1
76848,3
76849,3
76850,3
76851,3
76852,3
76853,3
76854,0
76855,2
76856,0
76857,1
76858,1
76859,2
76860,1
76861,2
76862,3
76863,3
76864,0
76865,0
76866,0
76867,3
76868,2
76869,2
76870,2
76871,1
76872,1
76873,2
76874,0
76875,0
76876,3
76877,3
76878,3
76879,3
76880,2
76881,2
76882,1
76883,0
76884,0
76885,2
76886,2
76887,0
76888,2
76889,0
76890,1
76891,2
76892,3
76893,2
76894,3
76895,2
76896,2
76897,3
76898,2
76899,3
76900,3
76901,3
76902,0
76903,3
76904,1
76905,3
76906,0
76907,3
76908,2
76909,1
76910,2
76911,3
76912,2
76913,3
76914,3
76915,0
76916,2
76917,2
76918,0
76919,1
76920,2
76921,1
76922,3
76923,3
76924,1
76925,3
76926,0
76927,3
76928,2
76929,1
76930,2
76931,3
76932,3
76933,3
76934,0
76935,1
76936,3
76937,3
76938,1
76939,0
76940,3
76941,3
76942,3
76943,0
76944,3
76945,2
76946,3
76947,2
76948,1
76949,1
76950,1
76951,1
76952,3
76953,2
76954,1
76955,0
76956,1
76957,1
76958,2
76959,2
76960,2
76961,0
76962,3
76963,3
76964,0
76965,3
76966,3
76967,1
76968,2
76969,3
76970,3
76971,3
76972,2
76973,3
76974,0
76975,1
76976,3
76977,3
76978,0
76979,1
76980,3
76981,0
76982,2
76983,2
76984,0
76985,2
76986,3
76987,3
76988,3
76989,2
76990,2
76991,0
76992,3
76993,2
76994,1
76995,3
76996,3
76997,3
76998,3
76999,1
77000,1
77001,1
77002,1
77003,2
77004,0
77005,3
77006,3
77007,3
77008,2
77009,1
77010,0
77011,2
77012,3
77013,3
77014,3
77015,3
77016,3
77017,2
77018,3
77019,2
77020,2
77021,1
77022,1
77023,0
77024,1
77025,1
77026,0
77027,2
77028,3
77029,0
77030,0
77031,3
77032,1
77033,0
77034,1
77035,3
77036,1
77037,2
77038,3
77039,1
77040,3
77041,2
77042,3
77043,0
77044,3
77045,1
77046,3
77047,1
77048,1
77049,0
77050,0
77051,3
77052,0
77053,1
77054,2
77055,0
77056,1
77057,1
77058,2
77059,0
77060,1
77061,3
77062,1
77063,3
77064,3
77065,0
77066,3
77067,1
77068,3
77069,3
77070,0
77071,3
77072,0
77073,2
77074,2
77075,2
77076,3
77077,1
77078,2
77079,0
77080,3
77081,3
77082,2
77083,2
77084,3
77085,0
77086,1
77087,2
77088,1
77089,3
77090,0
77091,3
77092,3
77093,3
77094,2
77095,0
77096,2
77097,3
77098,0
77099,1
77100,0
77101,3
77102,1
77103,3
77104,2
77105,2
77106,3
77107,3
77108,3
77109,2
77110,2
77111,0
77112,3
77113,3
77114,2
77115,2
77116,3
77117,1
77118,1
77119,3
77120,2
77121,1
77122,2
77123,0
77124,3
77125,2
77126,0
77127,1
77128,0
77129,2
77130,3
77131,3
77132,0
77133,1
77134,0
77135,3
77136,0
77137,2
77138,1
77139,1
77140,3
77141,2
77142,3
77143,0
77144,3
77145,0
77146,3
77147,0
77148,3
77149,2
77150,3
77151,3
77152,3
77153,3
77154,2
77155,3
77156,2
77157,2
77158,3
77159,0
77160,0
77161,3
77162,0
77163,3
77164,3
77165,1
77166,1
77167,2
77168,2
77169,1
77170,0
77171,2
77172,2
77173,3
77174,1
77175,3
77176,3
77177,3
77178,3
77179,1
77180,3
77181,0
77182,3
77183,0
77184,3
77185,1
77186,3
77187,3
77188,1
77189,0
77190,3
77191,1
77192,1
77193,0
77194,1
77195,3
77196,3
77197,1
77198,3
77199,3
77200,3
77201,2
77202,2
77203,3
77204,2
77205,0
77206,3
77207,0
77208,2
77209,3
77210,0
77211,2
77212,2
77213,1
77214,1
77215,3
77216,3
77217,3
77218,3
77219,3
77220,1
77221,2
77222,3
77223,3
77224,0
77225,3
77226,0
77227,0
77228,1
77229,3
77230,3
77231,2
77232,2
77233,1
77234,2
77235,0
77236,0
77237,2
77238,1
77239,0
77240,2
77241,0
77242,1
77243,0
77244,3
77245,0
77246,3
77247,2
77248,1
77249,3
77250,2
77251,1
77252,3
77253,3
77254,1
77255,1
77256,3
77257,3
77258,0
77259,2
77260,1
77261,0
77262,0
77263,2
77264,3
77265,0
77266,2
77267,3
77268,0
77269,2
77270,2
77271,0
77272,2
77273,2
77274,2
77275,1
77276,3
77277,3
77278,0
77279,3
77280,1
77281,1
77282,0
77283,3
77284,2
77285,3
77286,3
77287,3
77288,1
77289,2
77290,0
77291,2
77292,0
77293,1
77294,1
77295,3
77296,0
77297,0
77298,3
77299,1
77300,2
77301,2
77302,3
77303,1
77304,3
77305,3
77306,0
77307,2
77308,0
77309,3
77310,2
77311,1
77312,3
77313,0
77314,1
77315,2
77316,3
77317,1
77318,3
77319,2
77320,2
77321,2
77322,0
77323,3
77324,0
77325,3
77326,1
77327,2
77328,0
77329,2
77330,3
77331,3
77332,2
77333,3
77334,3
77335,3
77336,0
77337,1
77338,3
77339,3
77340,3
77341,2
77342,0
77343,3
77344,1
77345,3
77346,1
77347,3
77348,2
77349,2
77350,2
77351,1
77352,0
77353,2
77354,3
77355,1
77356,2
77357,3
77358,2
77359,2
77360,2
77361,0
77362,2
77363,2
77364,3
77365,3
77366,3
77367,3
77368,0
77369,1
77370,1
77371,2
77372,3
77373,2
77374,0
77375,3
77376,2
77377,2
77378,3
77379,2
77380,3
77381,1
77382,3
77383,0
77384,3
77385,2
77386,3
77387,0
77388,2
77389,1
77390,2
77391,2
77392,0
77393,3
77394,3
77395,3
77396,3
77397,2
77398,3
77399,2
77400,0
77401,1
77402,3
77403,3
77404,0
77405,3
77406,1
77407,2
77408,3
77409,3
77410,1
77411,3
77412,1
77413,3
77414,1
77415,0
77416,1
77417,3
77418,2
77419,0
77420,1
77421,3
77422,2
77423,2
77424,3
77425,0
77426,1
77427,1
77428,0
77429,1
77430,1
77431,0
77432,2
77433,1
77434,3
77435,3
77436,2
77437,2
77438,3
77439,1
77440,3
77441,3
77442,2
77443,0
77444,0
77445,3
77446,3
77447,3
77448,3
77449,3
77450,3
77451,2
77452,1
77453,3
77454,1
77455,1
77456,3
77457,1
77458,1
77459,3
77460,3
77461,0
77462,0
77463,3
77464,1
77465,3
77466,3
77467,0
77468,1
77469,3
77470,1
77471,1
77472,3
77473,0
77474,1
77475,0
77476,1
77477,3
77478,1
77479,2
77480,2
77481,2
77482,2
77483,3
77484,0
77485,3
77486,1
77487,3
77488,3
77489,1
77490,3
77491,3
77492,0
77493,2
77494,2
77495,3
77496,3
77497,0
77498,1
77499,3
77500,3
77501,3
77502,3
77503,3
77504,1
77505,3
77506,3
77507,2
77508,3
77509,3
77510,3
77511,0
77512,3
77513,0
77514,0
77515,1
77516,2
77517,3
77518,2
77519,2
77520,0
77521,3
77522,2
77523,3
77524,1
77525,2
77526,2
77527,0
77528,2
77529,1
77530,2
77531,2
77532,3
77533,2
77534,2
77535,0
77536,0
77537,3
77538,1
77539,1
77540,1
77541,1
77542,1
77543,1
77544,3
77545,1
77546,2
77547,3
77548,0
77549,1
77550,1
77551,0
77552,3
77553,2
77554,2
77555,3
77556,0
77557,3
77558,3
77559,2
77560,1
77561,2
77562,1
77563,1
77564,0
77565,3
77566,0
77567,1
77568,0
77569,2
77570,3
77571,2
77572,1
77573,3
77574,3
77575,2
77576,3
77577,3
77578,0
77579,2
77580,2
77581,0
77582,0
77583,2
77584,2
77585,3
77586,0
77587,2
77588,3
77589,3
77590,3
77591,1
77592,3
77593,3
77594,3
77595,0
77596,2
77597,0
77598,1
77599,2
77600,2
77601,1
77602,1
77603,0
77604,2
77605,2
77606,2
77607,3
77608,1
77609,3
77610,1
77611,3
77612,1
77613,2
77614,3
77615,3
77616,3
77617,1
77618,2
77619,2
77620,3
77621,2
77622,3
77623,2
77624,3
77625,1
77626,2
77627,2
77628,2
77629,1
77630,3
77631,2
77632,2
77633,0
77634,3
77635,0
77636,2
77637,3
77638,2
77639,1
77640,1
77641,3
77642,2
77643,1
77644,3
77645,3
77646,2
77647,2
77648,0
77649,0
77650,3
77651,3
77652,3
77653,1
77654,3
77655,1
77656,3
77657,0
77658,2
77659,0
77660,3
77661,0
77662,3
77663,3
77664,3
77665,2
77666,3
77667,1
77668,2
77669,1
77670,0
77671,2
77672,1
77673,3
77674,2
77675,3
77676,0
77677,3
77678,1
77679,0
77680,3
77681,1
77682,3
77683,3
77684,3
77685,2
77686,3
77687,0
77688,3
77689,2
77690,3
77691,1
77692,0
77693,3
77694,2
77695,1
77696,2
77697,3
77698,2
77699,1
77700,3
77701,3
77702,2
77703,2
77704,3
77705,1
77706,3
77707,1
77708,0
77709,0
77710,3
77711,1
77712,1
77713,1
77714,0
77715,0
77716,0
77717,2
77718,3
77719,2
77720,2
77721,2
77722,3
77723,0
77724,0
77725,3
77726,1
77727,3
77728,2
77729,2
77730,3
77731,1
77732,2
77733,2
77734,1
77735,3
77736,3
77737,0
77738,3
77739,3
77740,0
77741,3
77742,0
77743,3
77744,3
77745,2
77746,2
77747,0
77748,2
77749,1
77750,2
77751,2
77752,2
77753,1
77754,3
77755,2
77756,2
77757,0
77758,3
77759,0
77760,3
77761,3
77762,3
77763,3
77764,1
77765,0
77766,3
77767,2
77768,3
77769,0
77770,2
77771,0
77772,1
77773,1
77774,3
77775,3
77776,0
77777,2
77778,3
77779,0
77780,3
77781,1
77782,3
77783,0
77784,0
77785,2
77786,3
77787,3
77788,2
77789,2
77790,3
77791,2
77792,3
77793,3
77794,3
77795,1
77796,1
77797,3
77798,3
77799,3
77800,3
77801,3
77802,1
77803,2
77804,1
77805,1
77806,1
77807,1
77808,1
77809,1
77810,0
77811,0
77812,1
77813,3
77814,0
77815,2
77816,1
77817,1
77818,1
77819,3
77820,1
77821,3
77822,3
77823,3
77824,0
77825,2
77826,2
77827,3
77828,1
77829,3
77830,1
77831,1
77832,2
77833,2
77834,0
77835,2
77836,1
77837,2
77838,2
77839,3
77840,3
77841,2
77842,3
77843,3
77844,3
77845,3
77846,2
77847,3
77848,0
77849,1
77850,3
77851,0
77852,1
77853,3
77854,3
77855,2
77856,2
77857,1
77858,1
77859,3
77860,0
77861,3
77862,1
77863,1
77864,1
77865,0
77866,2
77867,3
77868,2
77869,3
77870,3
77871,0
77872,1
77873,1
77874,3
77875,3
77876,3
77877,1
77878,0
77879,3
77880,0
77881,3
77882,3
77883,0
77884,2
77885,1
77886,3
77887,3
77888,3
77889,0
77890,2
77891,0
77892,2
77893,3
77894,3
77895,2
77896,2
77897,3
77898,0
77899,1
77900,3
77901,0
77902,2
77903,3
77904,3
77905,3
77906,1
77907,1
77908,1
77909,3
77910,0
77911,1
77912,0
77913,3
77914,2
77915,2
77916,2
77917,3
77918,1
77919,2
77920,3
77921,3
77922,0
77923,3
77924,0
77925,3
77926,3
77927,1
77928,0
77929,3
77930,3
77931,0
77932,0
77933,0
77934,2
77935,3
77936,1
77937,1
77938,2
77939,2
77940,2
77941,3
77942,3
77943,1
77944,3
77945,2
77946,0
77947,2
77948,1
77949,1
77950,2
77951,3
77952,3
77953,1
77954,3
77955,1
77956,0
77957,1
77958,2
77959,2
77960,3
77961,0
77962,2
77963,3
77964,0
77965,1
77966,0
77967,0
77968,3
77969,3
77970,3
77971,0
77972,0
77973,3
77974,1
77975,3
77976,3
77977,1
77978,1
77979,2
77980,2
77981,2
77982,3
77983,1
77984,3
77985,3
77986,0
77987,3
77988,1
77989,3
77990,0
77991,2
77992,2
77993,1
77994,3
77995,3
77996,0
77997,3
77998,3
77999,3
78000,3
78001,1
78002,3
78003,0
78004,1
78005,3
78006,3
78007,3
78008,1
78009,3
78010,2
78011,1
78012,0
78013,2
78014,2
78015,3
78016,1
78017,2
78018,3
78019,3
78020,1
78021,3
78022,1
78023,3
78024,0
78025,0
78026,1
78027,3
78028,0
78029,0
78030,3
78031,3
78032,3
78033,1
78034,0
78035,0
78036,2
78037,1
78038,1
78039,2
78040,0
78041,0
78042,0
78043,0
78044,3
78045,3
78046,3
78047,3
78048,1
78049,3
78050,3
78051,3
78052,3
78053,3
78054,0
78055,2
78056,2
78057,1
78058,0
78059,1
78060,0
78061,1
78062,1
78063,3
78064,2
78065,3
78066,2
78067,3
78068,2
78069,2
78070,0
78071,1
78072,3
78073,2
78074,2
78075,2
78076,3
78077,3
78078,2
78079,2
78080,3
78081,0
78082,3
78083,3
78084,2
78085,0
78086,1
78087,3
78088,3
78089,3
78090,0
78091,1
78092,1
78093,2
78094,3
78095,3
78096,1
78097,3
78098,2
78099,0
78100,1
78101,3
78102,3
78103,3
78104,3
78105,0
78106,3
78107,3
78108,1
78109,3
78110,2
78111,2
78112,3
78113,3
78114,2
78115,2
78116,1
78117,2
78118,1
78119,1
78120,0
78121,3
78122,1
78123,2
78124,0
78125,3
78126,1
78127,3
78128,3
78129,3
78130,0
78131,3
78132,0
78133,1
78134,2
78135,3
78136,3
78137,3
78138,0
78139,3
78140,1
78141,3
78142,0
78143,1
78144,3
78145,2
78146,1
78147,3
78148,3
78149,1
78150,3
78151,2
78152,2
78153,1
78154,3
78155,1
78156,1
78157,1
78158,3
78159,1
78160,3
78161,0
78162,1
78163,0
78164,3
78165,2
78166,3
78167,2
78168,2
78169,0
78170,3
78171,1
78172,0
78173,1
78174,1
78175,3
78176,3
78177,3
78178,2
78179,1
78180,3
78181,2
78182,0
78183,3
78184,3
78185,0
78186,0
78187,3
78188,3
78189,3
78190,0
78191,3
78192,1
78193,2
78194,1
78195,3
78196,1
78197,2
78198,3
78199,2
78200,0
78201,2
78202,3
78203,1
78204,1
78205,2
78206,2
78207,1
78208,1
78209,0
78210,1
78211,0
78212,3
78213,1
78214,1
78215,0
78216,3
78217,1
78218,2
78219,2
78220,1
78221,3
78222,0
78223,2
78224,2
78225,0
78226,1
78227,3
78228,1
78229,2
78230,2
78231,3
78232,3
78233,1
78234,3
78235,0
78236,3
78237,0
78238,1
78239,2
78240,1
78241,1
78242,2
78243,1
78244,1
78245,3
78246,2
78247,3
78248,1
78249,2
78250,2
78251,0
78252,2
78253,0
78254,1
78255,0
78256,0
78257,1
78258,1
78259,2
78260,2
78261,3
78262,3
78263,3
78264,2
78265,3
78266,1
78267,3
78268,3
78269,3
78270,3
78271,2
78272,2
78273,3
78274,1
78275,3
78276,3
78277,0
78278,0
78279,1
78280,0
78281,3
78282,2
78283,3
78284,3
78285,1
78286,3
78287,2
78288,3
78289,0
78290,0
78291,1
78292,2
78293,3
78294,1
78295,3
78296,1
78297,0
78298,3
78299,3
78300,3
78301,0
78302,0
78303,3
78304,0
78305,0
78306,3
78307,0
78308,2
78309,1
78310,3
78311,3
78312,2
78313,1
78314,1
78315,2
78316,0
78317,0
78318,2
78319,3
78320,3
78321,1
78322,0
78323,2
78324,3
78325,1
78326,1
78327,2
78328,3
78329,0
78330,2
78331,0
78332,3
78333,0
78334,2
78335,1
78336,0
78337,1
78338,3
78339,3
78340,1
78341,0
78342,1
78343,3
78344,1
78345,3
78346,1
78347,2
78348,3
78349,2
78350,3
78351,1
78352,3
78353,0
78354,3
78355,0
78356,3
78357,1
78358,0
78359,2
78360,0
78361,1
78362,1
78363,2
78364,3
78365,3
78366,2
78367,2
78368,3
78369,1
78370,0
78371,1
78372,3
78373,1
78374,0
78375,3
78376,2
78377,1
78378,0
78379,1
78380,3
78381,0
78382,1
78383,3
78384,2
78385,1
78386,3
78387,2
78388,1
78389,3
78390,1
78391,1
78392,3
78393,0
78394,2
78395,2
78396,3
78397,3
78398,2
78399,0
78400,3
78401,0
78402,3
78403,3
78404,3
78405,0
78406,1
78407,3
78408,1
78409,3
78410,0
78411,0
78412,3
78413,1
78414,0
78415,0
78416,1
78417,3
78418,3
78419,3
78420,0
78421,1
78422,0
78423,3
78424,0
78425,1
78426,2
78427,3
78428,3
78429,2
78430,1
78431,0
78432,2
78433,3
78434,2
78435,0
78436,0
78437,3
78438,3
78439,1
78440,2
78441,0
78442,0
78443,2
78444,1
78445,3
78446,0
78447,3
78448,2
78449,2
78450,3
78451,3
78452,0
78453,3
78454,2
78455,3
78456,0
78457,2
78458,1
78459,3
78460,3
78461,0
78462,0
78463,0
78464,3
78465,2
78466,2
78467,3
78468,1
78469,3
78470,0
78471,3
78472,0
78473,0
78474,2
78475,1
78476,2
78477,1
78478,2
78479,1
78480,1
78481,2
78482,1
78483,2
78484,2
78485,3
78486,3
78487,0
78488,0
78489,2
78490,1
78491,1
78492,3
78493,0
78494,1
78495,3
78496,2
78497,0
78498,1
78499,1
78500,0
78501,0
78502,3
78503,0
78504,1
78505,3
78506,1
78507,0
78508,1
78509,1
78510,3
78511,3
78512,0
78513,2
78514,2
78515,2
78516,3
78517,1
78518,1
78519,3
78520,0
78521,1
78522,2
78523,3
78524,3
78525,2
78526,2
78527,0
78528,3
78529,1
78530,0
78531,1
78532,3
78533,3
78534,1
78535,0
78536,3
78537,2
78538,3
78539,0
78540,0
78541,0
78542,2
78543,0
78544,0
78545,2
78546,0
78547,3
78548,3
78549,0
78550,0
78551,3
78552,2
78553,0
78554,3
78555,2
78556,3
78557,2
78558,1
78559,1
78560,3
78561,3
78562,3
78563,3
78564,0
78565,3
78566,3
78567,2
78568,1
78569,3
78570,3
78571,0
78572,2
78573,3
78574,3
78575,0
78576,1
78577,3
78578,1
78579,3
78580,0
78581,3
78582,1
78583,3
78584,2
78585,3
78586,3
78587,1
78588,2
78589,0
78590,3
78591,1
78592,2
78593,3
78594,3
78595,3
78596,2
78597,3
78598,2
78599,2
78600,3
78601,1
78602,3
78603,1
78604,0
78605,2
78606,2
78607,2
78608,3
78609,3
78610,1
78611,1
78612,1
78613,3
78614,0
78615,3
78616,0
78617,1
78618,0
78619,2
78620,3
78621,3
78622,2
78623,1
78624,1
78625,0
78626,0
78627,1
78628,1
78629,3
78630,3
78631,3
78632,2
78633,3
78634,3
78635,1
78636,2
78637,3
78638,3
78639,1
78640,3
78641,1
78642,1
78643,2
78644,1
78645,3
78646,0
78647,1
78648,0
78649,3
78650,1
78651,0
78652,3
78653,2
78654,0
78655,3
78656,3
78657,0
78658,1
78659,3
78660,0
78661,1
78662,0
78663,3
78664,0
78665,2
78666,0
78667,1
78668,3
78669,2
78670,3
78671,1
78672,3
78673,3
78674,3
78675,3
78676,3
78677,3
78678,3
78679,3
78680,1
78681,3
78682,1
78683,2
78684,1
78685,3
78686,0
78687,3
78688,3
78689,3
78690,3
78691,0
78692,3
78693,3
78694,3
78695,3
78696,3
78697,1
78698,1
78699,3
78700,3
78701,0
78702,3
78703,0
78704,1
78705,2
78706,2
78707,1
78708,3
78709,1
78710,1
78711,0
78712,1
78713,0
78714,3
78715,0
78716,2
78717,2
78718,2
78719,0
78720,3
78721,2
78722,3
78723,2
78724,2
78725,0
78726,3
78727,3
78728,1
78729,3
78730,1
78731,2
78732,3
78733,2
78734,2
78735,2
78736,3
78737,3
78738,2
78739,2
78740,3
78741,2
78742,0
78743,2
78744,3
78745,2
78746,0
78747,1
78748,2
78749,2
78750,3
78751,2
78752,0
78753,0
78754,3
78755,2
78756,3
78757,3
78758,2
78759,2
78760,1
78761,3
78762,1
78763,3
78764,3
78765,2
78766,3
78767,2
78768,2
78769,1
78770,3
78771,2
78772,2
78773,2
78774,2
78775,0
78776,0
78777,2
78778,3
78779,3
78780,1
78781,2
78782,3
78783,1
78784,2
78785,3
78786,0
78787,2
78788,2
78789,2
78790,2
78791,3
78792,1
78793,2
78794,3
78795,0
78796,2
78797,3
78798,2
78799,3
78800,2
78801,3
78802,1
78803,2
78804,0
78805,1
78806,0
78807,3
78808,2
78809,2
78810,3
78811,2
78812,1
78813,2
78814,2
78815,3
78816,3
78817,2
78818,2
78819,0
78820,1
78821,3
78822,3
78823,0
78824,3
78825,2
78826,3
78827,3
78828,0
78829,2
78830,3
78831,3
78832,3
78833,1
78834,0
78835,3
78836,1
78837,2
78838,0
78839,0
78840,1
78841,2
78842,2
78843,3
78844,1
78845,2
78846,3
78847,2
78848,3
78849,1
78850,1
78851,3
78852,3
78853,2
78854,3
78855,1
78856,3
78857,2
78858,3
78859,3
78860,3
78861,1
78862,1
78863,3
78864,0
78865,0
78866,0
78867,2
78868,1
78869,0
78870,3
78871,3
78872,3
78873,3
78874,2
78875,2
78876,0
78877,0
78878,2
78879,3
78880,1
78881,3
78882,2
78883,0
78884,1
78885,3
78886,3
78887,2
78888,2
78889,0
78890,2
78891,0
78892,3
78893,3
78894,3
78895,0
78896,1
78897,3
78898,3
78899,1
78900,2
78901,2
78902,3
78903,0
78904,3
78905,3
78906,2
78907,3
78908,2
78909,1
78910,2
78911,0
78912,3
78913,1
78914,3
78915,2
78916,3
78917,0
78918,3
78919,3
78920,3
78921,0
78922,1
78923,1
78924,3
78925,1
78926,3
78927,2
78928,3
78929,2
78930,0
78931,1
78932,3
78933,3
78934,3
78935,0
78936,1
78937,1
78938,3
78939,3
78940,1
78941,0
78942,1
78943,3
78944,3
78945,1
78946,2
78947,2
78948,0
78949,0
78950,1
78951,3
78952,0
78953,1
78954,1
78955,1
78956,1
78957,2
78958,3
78959,3
78960,3
78961,0
78962,3
78963,1
78964,2
78965,2
78966,0
78967,3
78968,0
78969,3
78970,2
78971,3
78972,3
78973,1
78974,1
78975,2
78976,3
78977,2
78978,2
78979,0
78980,3
78981,2
78982,2
78983,3
78984,2
78985,3
78986,1
78987,3
78988,3
78989,1
78990,1
78991,0
78992,2
78993,3
78994,2
78995,3
78996,0
78997,2
78998,3
78999,1
79000,2
79001,2
79002,0
79003,3
79004,3
79005,3
79006,3
79007,2
79008,1
79009,3
79010,0
79011,3
79012,1
79013,2
79014,2
79015,2
79016,0
79017,3
79018,0
79019,3
79020,1
79021,1
79022,2
79023,0
79024,2
79025,3
79026,2
79027,3
79028,2
79029,1
79030,0
79031,3
79032,1
79033,1
79034,1
79035,3
79036,3
79037,3
79038,1
79039,1
79040,0
79041,1
79042,1
79043,1
79044,2
79045,0
79046,2
79047,3
79048,2
79049,3
79050,3
79051,0
79052,3
79053,3
79054,3
79055,2
79056,3
79057,1
79058,3
79059,2
79060,1
79061,1
79062,1
79063,0
79064,2
79065,2
79066,0
79067,3
79068,3
79069,1
79070,1
79071,3
79072,2
79073,2
79074,2
79075,0
79076,0
79077,2
79078,1
79079,3
79080,0
79081,3
79082,0
79083,1
79084,3
79085,1
79086,2
79087,3
79088,0
79089,3
79090,1
79091,3
79092,3
79093,3
79094,3
79095,0
79096,3
79097,1
79098,2
79099,2
79100,1
79101,3
79102,2
79103,0
79104,0
79105,1
79106,1
79107,3
79108,3
79109,3
79110,3
79111,3
79112,3
79113,3
79114,2
79115,0
79116,3
79117,1
79118,3
79119,2
79120,2
79121,1
79122,2
79123,0
79124,1
79125,0
79126,3
79127,1
79128,3
79129,0
79130,3
79131,3
79132,1
79133,2
79134,1
79135,0
79136,2
79137,3
79138,3
79139,0
79140,3
79141,2
79142,1
79143,3
79144,1
79145,1
79146,0
79147,1
79148,0
79149,2
79150,1
79151,3
79152,2
79153,2
79154,0
79155,3
79156,3
79157,1
79158,3
79159,0
79160,3
79161,1
79162,3
79163,0
79164,2
79165,0
79166,2
79167,1
79168,1
79169,3
79170,2
79171,0
79172,3
79173,3
79174,2
79175,1
79176,3
79177,3
79178,1
79179,3
79180,3
79181,3
79182,0
79183,3
79184,0
79185,2
79186,0
79187,3
79188,3
79189,1
79190,1
79191,0
79192,1
79193,1
79194,2
79195,3
79196,1
79197,2
79198,1
79199,3
79200,2
79201,0
79202,3
79203,1
79204,3
79205,0
79206,0
79207,2
79208,2
79209,2
79210,0
79211,3
79212,1
79213,3
79214,3
79215,2
79216,3
79217,1
79218,3
79219,3
79220,0
79221,0
79222,0
79223,2
79224,2
79225,2
79226,1
79227,2
79228,3
79229,3
79230,1
79231,2
79232,2
79233,3
79234,2
79235,2
79236,0
79237,3
79238,3
79239,3
79240,3
79241,3
79242,3
79243,0
79244,1
79245,3
79246,0
79247,2
79248,3
79249,2
79250,3
79251,2
79252,3
79253,2
79254,2
79255,0
79256,0
79257,1
79258,1
79259,3
79260,3
79261,3
79262,1
79263,2
79264,3
79265,2
79266,1
79267,3
79268,2
79269,1
79270,1
79271,2
79272,0
79273,3
79274,3
79275,3
79276,3
79277,3
79278,0
79279,2
79280,3
79281,2
79282,3
79283,3
79284,3
79285,2
79286,2
79287,1
79288,3
79289,0
79290,2
79291,3
79292,3
79293,1
79294,0
79295,2
79296,1
79297,3
79298,3
79299,2
79300,1
79301,1
79302,1
79303,0
79304,0
79305,3
79306,1
79307,2
79308,0
79309,1
79310,0
79311,0
79312,2
79313,3
79314,0
79315,2
79316,3
79317,0
79318,1
79319,3
79320,1
79321,2
79322,3
79323,0
79324,3
79325,2
79326,0
79327,0
79328,3
79329,1
79330,3
79331,3
79332,0
79333,0
79334,3
79335,2
79336,1
79337,3
79338,1
79339,3
79340,3
79341,3
79342,1
79343,3
79344,1
79345,2
79346,2
79347,2
79348,0
79349,3
79350,1
79351,0
79352,1
79353,3
79354,0
79355,3
79356,2
79357,0
79358,1
79359,3
79360,1
79361,3
79362,0
79363,1
79364,1
79365,3
79366,3
79367,1
79368,1
79369,2
79370,2
79371,2
79372,0
79373,3
79374,0
79375,2
79376,2
79377,0
79378,3
79379,1
79380,1
79381,1
79382,2
79383,3
79384,1
79385,1
79386,2
79387,2
79388,3
79389,3
79390,3
79391,1
79392,1
79393,1
79394,3
79395,2
79396,1
79397,3
79398,3
79399,0
79400,1
79401,0
79402,3
79403,0
79404,1
79405,1
79406,0
79407,1
79408,2
79409,0
79410,1
79411,3
79412,1
79413,2
79414,3
79415,0
79416,1
79417,1
79418,3
79419,3
79420,1
79421,2
79422,3
79423,0
79424,3
79425,2
79426,3
79427,2
79428,0
79429,2
79430,1
79431,1
79432,0
79433,2
79434,1
79435,1
79436,3
79437,3
79438,3
79439,3
79440,2
79441,2
79442,2
79443,1
79444,0
79445,0
79446,0
79447,2
79448,2
79449,1
79450,3
79451,1
79452,2
79453,2
79454,3
79455,1
79456,1
79457,2
79458,0
79459,3
79460,3
79461,0
79462,0
79463,1
79464,1
79465,3
79466,3
79467,1
79468,3
79469,1
79470,2
79471,1
79472,1
79473,2
79474,0
79475,3
79476,3
79477,3
79478,1
79479,2
79480,1
79481,3
79482,0
79483,0
79484,3
79485,3
79486,3
79487,3
79488,2
79489,3
79490,1
79491,3
79492,0
79493,2
79494,2
79495,2
79496,3
79497,2
79498,3
79499,3
79500,1
79501,0
79502,3
79503,3
79504,3
79505,0
79506,3
79507,3
79508,2
79509,0
79510,3
79511,3
79512,1
79513,1
79514,1
79515,0
79516,2
79517,2
79518,0
79519,3
79520,3
79521,0
79522,2
79523,1
79524,2
79525,2
79526,3
79527,3
79528,3
79529,3
79530,3
79531,2
79532,0
79533,2
79534,2
79535,2
79536,2
79537,1
79538,2
79539,0
79540,3
79541,3
79542,3
79543,3
79544,3
79545,3
79546,3
79547,3
79548,3
79549,0
79550,0
79551,1
79552,3
79553,3
79554,2
79555,3
79556,1
79557,1
79558,3
79559,2
79560,0
79561,3
79562,0
79563,3
79564,2
79565,0
79566,3
79567,1
79568,3
79569,1
79570,0
79571,0
79572,1
79573,3
79574,3
79575,3
79576,3
79577,3
79578,2
79579,2
79580,2
79581,3
79582,2
79583,1
79584,1
79585,1
79586,2
79587,3
79588,2
79589,3
79590,2
79591,3
79592,2
79593,1
79594,3
79595,2
79596,1
79597,3
79598,1
79599,2
79600,2
79601,0
79602,2
79603,2
79604,3
79605,3
79606,3
79607,2
79608,3
79609,2
79610,3
79611,1
79612,3
79613,0
79614,0
79615,0
79616,0
79617,0
79618,3
79619,0
79620,3
79621,1
79622,2
79623,3
79624,0
79625,1
79626,0
79627,2
79628,0
79629,1
79630,2
79631,0
79632,3
79633,0
79634,3
79635,2
79636,3
79637,2
79638,2
79639,3
79640,3
79641,2
79642,2
79643,2
79644,2
79645,2
79646,1
79647,3
79648,0
79649,2
79650,2
79651,2
79652,3
79653,0
79654,2
79655,1
79656,3
79657,3
79658,0
79659,0
79660,3
79661,3
79662,2
79663,3
79664,1
79665,1
79666,3
79667,3
79668,1
79669,0
79670,0
79671,1
79672,3
79673,3
79674,0
79675,1
79676,3
79677,0
79678,0
79679,3
79680,2
79681,0
79682,2
79683,0
79684,1
79685,3
79686,3
79687,3
79688,2
79689,1
79690,3
79691,2
79692,2
79693,0
79694,3
79695,2
79696,0
79697,2
79698,1
79699,3
79700,3
79701,1
79702,2
79703,3
79704,0
79705,3
79706,3
79707,3
79708,3
79709,2
79710,3
79711,1
79712,1
79713,3
79714,1
79715,0
79716,2
79717,3
79718,3
79719,2
79720,3
79721,2
79722,3
79723,3
79724,1
79725,3
79726,0
79727,3
79728,0
79729,2
79730,0
79731,1
79732,0
79733,2
79734,2
79735,2
79736,1
79737,1
79738,3
79739,1
79740,2
79741,1
79742,2
79743,2
79744,2
79745,2
79746,2
79747,3
79748,3
79749,3
79750,1
79751,3
79752,2
79753,1
79754,1
79755,2
79756,1
79757,3
79758,1
79759,2
79760,2
79761,1
79762,1
79763,1
79764,3
79765,1
79766,2
79767,1
79768,3
79769,0
79770,3
79771,2
79772,0
79773,3
79774,3
79775,0
79776,3
79777,2
79778,2
79779,0
79780,3
79781,1
79782,1
79783,0
79784,2
79785,0
79786,1
79787,3
79788,3
79789,1
79790,0
79791,2
79792,0
79793,1
79794,0
79795,2
79796,3
79797,0
79798,2
79799,1
79800,3
79801,3
79802,1
79803,1
79804,3
79805,2
79806,0
79807,0
79808,3
79809,0
79810,1
79811,2
79812,1
79813,3
79814,2
79815,3
79816,1
79817,1
79818,0
79819,2
79820,3
79821,3
79822,1
79823,3
79824,3
79825,0
79826,3
79827,1
79828,3
79829,1
79830,3
79831,3
79832,1
79833,2
79834,0
79835,1
79836,3
79837,2
79838,3
79839,2
79840,3
79841,3
79842,3
79843,2
79844,1
79845,0
79846,0
79847,0
79848,2
79849,2
79850,0
79851,3
79852,1
79853,3
79854,3
79855,1
79856,2
79857,0
79858,2
79859,3
79860,3
79861,3
79862,2
79863,0
79864,3
79865,1
79866,3
79867,2
79868,1
79869,0
79870,1
79871,3
79872,0
79873,2
79874,1
79875,1
79876,3
79877,3
79878,0
79879,3
79880,1
79881,1
79882,3
79883,2
79884,3
79885,2
79886,2
79887,3
79888,3
79889,0
79890,3
79891,2
79892,2
79893,0
79894,1
79895,3
79896,3
79897,3
79898,1
79899,2
79900,0
79901,1
79902,1
79903,3
79904,1
79905,2
79906,0
79907,1
79908,2
79909,1
79910,1
79911,0
79912,3
79913,3
79914,2
79915,3
79916,1
79917,3
79918,3
79919,2
79920,0
79921,1
79922,0
79923,2
79924,3
79925,1
79926,0
79927,1
79928,2
79929,3
79930,3
79931,3
79932,3
79933,1
79934,3
79935,2
79936,0
79937,3
79938,0
79939,0
79940,3
79941,1
79942,2
79943,0
79944,3
79945,2
79946,0
79947,3
79948,2
79949,3
79950,3
79951,3
79952,1
79953,3
79954,3
79955,2
79956,3
79957,3
79958,1
79959,1
79960,3
79961,3
79962,2
79963,2
79964,3
79965,0
79966,0
79967,1
79968,0
79969,0
79970,0
79971,1
79972,0
79973,1
79974,3
79975,3
79976,2
79977,3
79978,3
79979,1
79980,2
79981,1
79982,3
79983,1
79984,3
79985,2
79986,2
79987,0
79988,2
79989,3
79990,0
79991,3
79992,2
79993,0
79994,3
79995,2
79996,3
79997,2
79998,3
79999,1
80000,1
80001,0
80002,0
80003,2
80004,0
80005,2
80006,0
80007,2
80008,2
80009,1
80010,2
80011,3
80012,1
80013,1
80014,3
80015,2
80016,2
80017,3
80018,0
80019,3
80020,1
80021,1
80022,0
80023,0
80024,2
80025,3
80026,2
80027,0
80028,3
80029,3
80030,2
80031,3
80032,1
80033,2
80034,2
80035,2
80036,2
80037,1
80038,3
80039,3
80040,3
80041,3
80042,3
80043,2
80044,2
80045,2
80046,2
80047,2
80048,3
80049,1
80050,1
80051,1
80052,2
80053,3
80054,2
80055,0
80056,1
80057,0
80058,0
80059,3
80060,3
80061,3
80062,2
80063,0
80064,3
80065,3
80066,0
80067,0
80068,3
80069,1
80070,2
80071,3
80072,0
80073,3
80074,3
80075,1
80076,2
80077,3
80078,1
80079,0
80080,2
80081,2
80082,1
80083,3
80084,3
80085,0
80086,1
80087,2
80088,3
80089,2
80090,1
80091,3
80092,1
80093,3
80094,3
80095,0
80096,1
80097,0
80098,3
80099,3
80100,3
80101,1
80102,0
80103,0
80104,2
80105,3
80106,2
80107,3
80108,2
80109,3
80110,3
80111,1
80112,0
80113,1
80114,2
80115,3
80116,1
80117,0
80118,2
80119,2
80120,0
80121,0
80122,0
80123,1
80124,3
80125,3
80126,0
80127,2
80128,0
80129,1
80130,3
80131,2
80132,0
80133,3
80134,3
80135,3
80136,0
80137,3
80138,0
80139,2
80140,3
80141,1
80142,3
80143,1
80144,1
80145,1
80146,2
80147,3
80148,2
80149,2
80150,0
80151,1
80152,3
80153,1
80154,0
80155,3
80156,0
80157,2
80158,3
80159,2
80160,3
80161,3
80162,2
80163,3
80164,1
80165,2
80166,0
80167,1
80168,2
80169,1
80170,2
80171,3
80172,1
80173,1
80174,0
80175,3
80176,2
80177,2
80178,3
80179,3
80180,3
80181,0
80182,3
80183,3
80184,0
80185,3
80186,1
80187,2
80188,3
80189,2
80190,3
80191,3
80192,0
80193,2
80194,3
80195,3
80196,0
80197,3
80198,1
80199,0
80200,3
80201,2
80202,3
80203,0
80204,2
80205,3
80206,1
80207,3
80208,3
80209,1
80210,3
80211,2
80212,1
80213,1
80214,2
80215,2
80216,0
80217,2
80218,3
80219,1
80220,0
80221,3
80222,0
80223,3
80224,3
80225,0
80226,0
80227,3
80228,3
80229,3
80230,0
80231,3
80232,3
80233,1
80234,2
80235,3
80236,2
80237,0
80238,3
80239,1
80240,3
80241,3
80242,3
80243,3
80244,2
80245,2
80246,2
80247,3
80248,0
80249,3
80250,1
80251,2
80252,3
80253,0
80254,1
80255,0
80256,3
80257,1
80258,1
80259,1
80260,3
80261,1
80262,2
80263,3
80264,2
80265,3
80266,2
80267,2
80268,2
80269,3
80270,3
80271,1
80272,0
80273,1
80274,0
80275,1
80276,3
80277,1
80278,3
80279,0
80280,0
80281,0
80282,0
80283,1
80284,2
80285,3
80286,3
80287,0
80288,1
80289,1
80290,3
80291,3
80292,1
80293,1
80294,3
80295,2
80296,1
80297,2
80298,3
80299,3
80300,3
80301,2
80302,1
80303,1
80304,3
80305,2
80306,2
80307,1
80308,2
80309,2
80310,2
80311,3
80312,1
80313,3
80314,3
80315,0
80316,3
80317,2
80318,3
80319,1
80320,2
80321,3
80322,2
80323,2
80324,0
80325,1
80326,2
80327,3
80328,3
80329,3
80330,0
80331,2
80332,2
80333,3
80334,1
80335,2
80336,3
80337,3
80338,3
80339,3
80340,2
80341,2
80342,1
80343,0
80344,3
80345,3
80346,0
80347,1
80348,2
80349,1
80350,2
80351,2
80352,3
80353,3
80354,3
80355,3
80356,1
80357,0
80358,0
80359,0
80360,3
80361,3
80362,2
80363,3
80364,2
80365,0
80366,1
80367,2
80368,1
80369,2
80370,3
80371,3
80372,2
80373,3
80374,3
80375,3
80376,0
80377,0
80378,3
80379,3
80380,0
80381,0
80382,3
80383,3
80384,1
80385,1
80386,3
80387,3
80388,3
80389,2
80390,2
80391,1
80392,0
80393,3
80394,0
80395,3
80396,1
80397,0
80398,3
80399,2
80400,3
80401,2
80402,3
80403,2
80404,2
80405,2
80406,2
80407,1
80408,2
80409,1
80410,3
80411,2
80412,0
80413,1
80414,2
80415,3
80416,2
80417,3
80418,2
80419,2
80420,2
80421,2
80422,3
80423,3
80424,0
80425,1
80426,3
80427,1
80428,0
80429,3
80430,2
80431,3
80432,1
80433,0
80434,2
80435,1
80436,1
80437,0
80438,1
80439,2
80440,2
80441,2
80442,3
80443,3
80444,3
80445,3
80446,3
80447,1
80448,3
80449,3
80450,3
80451,1
80452,2
80453,1
80454,2
80455,3
80456,1
80457,1
80458,3
80459,2
80460,3
80461,2
80462,1
80463,2
80464,2
80465,3
80466,3
80467,3
80468,3
80469,1
80470,0
80471,3
80472,0
80473,1
80474,3
80475,3
80476,3
80477,2
80478,3
80479,0
80480,2
80481,3
80482,1
80483,3
80484,3
80485,3
80486,1
80487,1
80488,3
80489,3
80490,2
80491,3
80492,1
80493,3
80494,0
80495,1
80496,0
80497,3
80498,1
80499,3
80500,2
80501,3
80502,2
80503,0
80504,1
80505,3
80506,3
80507,0
80508,2
80509,1
80510,0
80511,2
80512,0
80513,1
80514,3
80515,3
80516,1
80517,0
80518,3
80519,3
80520,2
80521,3
80522,1
80523,1
80524,3
80525,0
80526,1
80527,3
80528,0
80529,0
80530,3
80531,3
80532,0
80533,1
80534,3
80535,3
80536,1
80537,0
80538,3
80539,0
80540,3
80541,3
80542,2
80543,0
80544,3
80545,1
80546,1
80547,0
80548,2
80549,2
80550,1
80551,0
80552,3
80553,2
80554,0
80555,3
80556,2
80557,2
80558,0
80559,1
80560,3
80561,2
80562,1
80563,2
80564,2
80565,3
80566,0
80567,0
80568,1
80569,2
80570,1
80571,3
80572,1
80573,2
80574,3
80575,1
80576,0
80577,2
80578,3
80579,3
80580,1
80581,3
80582,3
80583,3
80584,3
80585,0
80586,2
80587,2
80588,0
80589,2
80590,0
80591,3
80592,2
80593,0
80594,3
80595,0
80596,0
80597,3
80598,3
80599,3
80600,2
80601,0
80602,0
80603,1
80604,2
80605,3
80606,1
80607,0
80608,3
80609,1
80610,3
80611,0
80612,3
80613,1
80614,2
80615,1
80616,3
80617,0
80618,3
80619,1
80620,2
80621,1
80622,2
80623,0
80624,0
80625,1
80626,3
80627,3
80628,3
80629,3
80630,2
80631,0
80632,3
80633,0
80634,3
80635,3
80636,1
80637,0
80638,1
80639,2
80640,2
80641,3
80642,3
80643,2
80644,0
80645,3
80646,1
80647,0
80648,0
80649,0
80650,1
80651,1
80652,0
80653,2
80654,2
80655,3
80656,0
80657,2
80658,2
80659,3
80660,3
80661,2
80662,3
80663,3
80664,2
80665,3
80666,2
80667,0
80668,0
80669,3
80670,3
80671,2
80672,3
80673,1
80674,0
80675,3
80676,2
80677,3
80678,3
80679,3
80680,3
80681,2
80682,2
80683,3
80684,3
80685,2
80686,3
80687,0
80688,0
80689,3
80690,3
80691,0
80692,2
80693,2
80694,3
80695,0
80696,2
80697,1
80698,3
80699,0
80700,0
80701,0
80702,2
80703,1
80704,3
80705,3
80706,0
80707,2
80708,1
80709,1
80710,0
80711,3
80712,0
80713,0
80714,0
80715,3
80716,3
80717,3
80718,2
80719,3
80720,0
80721,3
80722,0
80723,1
80724,2
80725,0
80726,3
80727,3
80728,2
80729,3
80730,1
80731,3
80732,0
80733,2
80734,3
80735,0
80736,3
80737,1
80738,3
80739,3
80740,1
80741,1
80742,0
80743,0
80744,2
80745,1
80746,3
80747,3
80748,0
80749,1
80750,1
80751,0
80752,2
80753,2
80754,2
80755,3
80756,3
80757,1
80758,1
80759,3
80760,3
80761,1
80762,2
80763,3
80764,2
80765,1
80766,3
80767,0
80768,1
80769,3
80770,3
80771,3
80772,2
80773,2
80774,0
80775,1
80776,3
80777,1
80778,1
80779,3
80780,2
80781,2
80782,2
80783,2
80784,0
80785,2
80786,0
80787,0
80788,3
80789,3
80790,3
80791,1
80792,3
80793,2
80794,3
80795,2
80796,2
80797,2
80798,2
80799,1
80800,2
80801,1
80802,2
80803,3
80804,3
80805,2
80806,0
80807,0
80808,0
80809,0
80810,0
80811,3
80812,1
80813,0
80814,3
80815,1
80816,1
80817,2
80818,0
80819,0
80820,2
80821,3
80822,0
80823,3
80824,2
80825,1
80826,3
80827,1
80828,3
80829,3
80830,3
80831,3
80832,0
80833,2
80834,3
80835,2
80836,2
80837,3
80838,3
80839,0
80840,3
80841,0
80842,3
80843,0
80844,2
80845,3
80846,0
80847,1
80848,0
80849,3
80850,1
80851,0
80852,2
80853,2
80854,3
80855,3
80856,3
80857,1
80858,0
80859,2
80860,2
80861,2
80862,2
80863,3
80864,3
80865,2
80866,3
80867,2
80868,2
80869,0
80870,3
80871,3
80872,0
80873,3
80874,0
80875,1
80876,0
80877,3
80878,2
80879,0
80880,2
80881,1
80882,2
80883,3
80884,1
80885,3
80886,3
80887,0
80888,3
80889,3
80890,3
80891,2
80892,3
80893,2
80894,2
80895,3
80896,0
80897,3
80898,3
80899,3
80900,1
80901,2
80902,3
80903,3
80904,3
80905,2
80906,3
80907,3
80908,1
80909,3
80910,2
80911,3
80912,3
80913,0
80914,3
80915,1
80916,1
80917,0
80918,3
80919,1
80920,3
80921,0
80922,0
80923,2
80924,3
80925,3
80926,3
80927,0
80928,2
80929,1
80930,2
80931,2
80932,3
80933,3
80934,2
80935,1
80936,1
80937,0
80938,0
80939,2
80940,3
80941,1
80942,3
80943,3
80944,2
80945,1
80946,3
80947,3
80948,1
80949,0
80950,1
80951,3
80952,1
80953,1
80954,3
80955,3
80956,3
80957,3
80958,2
80959,1
80960,0
80961,1
80962,2
80963,2
80964,2
80965,3
80966,3
80967,3
80968,2
80969,0
80970,3
80971,1
80972,0
80973,1
80974,1
80975,3
80976,3
80977,1
80978,3
80979,3
80980,0
80981,1
80982,0
80983,3
80984,2
80985,0
80986,3
80987,3
80988,1
80989,3
80990,2
80991,1
80992,1
80993,1
80994,3
80995,3
80996,2
80997,0
80998,3
80999,0
81000,3
81001,3
81002,2
81003,1
81004,1
81005,3
81006,1
81007,0
81008,2
81009,0
81010,3
81011,2
81012,3
81013,2
81014,3
81015,2
81016,3
81017,3
81018,3
81019,1
81020,1
81021,0
81022,2
81023,1
81024,1
81025,1
81026,2
81027,2
81028,1
81029,3
81030,3
81031,0
81032,0
81033,3
81034,2
81035,3
81036,3
81037,3
81038,0
81039,0
81040,2
81041,2
81042,0
81043,3
81044,0
81045,2
81046,3
81047,3
81048,3
81049,3
81050,3
81051,0
81052,2
81053,0
81054,2
81055,1
81056,1
81057,0
81058,1
81059,3
81060,3
81061,3
81062,0
81063,3
81064,3
81065,3
81066,2
81067,2
81068,3
81069,0
81070,1
81071,2
81072,1
81073,3
81074,2
81075,1
81076,3
81077,1
81078,0
81079,3
81080,3
81081,1
81082,3
81083,3
81084,1
81085,2
81086,1
81087,0
81088,0
81089,3
81090,3
81091,3
81092,0
81093,3
81094,0
81095,3
81096,3
81097,0
81098,0
81099,2
81100,2
81101,1
81102,0
81103,3
81104,3
81105,1
81106,1
81107,3
81108,1
81109,3
81110,0
81111,3
81112,3
81113,3
81114,0
81115,2
81116,1
81117,1
81118,3
81119,2
81120,1
81121,3
81122,0
81123,3
81124,0
81125,2
81126,1
81127,2
81128,1
81129,3
81130,2
81131,0
81132,0
81133,2
81134,1
81135,0
81136,2
81137,0
81138,1
81139,3
81140,3
81141,3
81142,2
81143,0
81144,2
81145,3
81146,3
81147,1
81148,3
81149,1
81150,3
81151,3
81152,2
81153,0
81154,3
81155,3
81156,1
81157,2
81158,3
81159,0
81160,0
81161,0
81162,3
81163,2
81164,1
81165,1
81166,3
81167,2
81168,1
81169,3
81170,3
81171,3
81172,0
81173,1
81174,1
81175,3
81176,1
81177,3
81178,0
81179,2
81180,1
81181,3
81182,2
81183,3
81184,3
81185,1
81186,3
81187,1
81188,2
81189,3
81190,0
81191,3
81192,0
81193,2
81194,2
81195,0
81196,2
81197,0
81198,1
81199,3
81200,0
81201,3
81202,3
81203,0
81204,3
81205,1
81206,1
81207,2
81208,3
81209,3
81210,3
81211,0
81212,3
81213,2
81214,3
81215,1
81216,2
81217,0
81218,3
81219,3
81220,1
81221,0
81222,3
81223,0
81224,3
81225,0
81226,1
81227,3
81228,1
81229,0
81230,3
81231,0
81232,3
81233,1
81234,0
81235,1
81236,0
81237,3
81238,1
81239,0
81240,1
81241,2
81242,1
81243,1
81244,3
81245,0
81246,3
81247,0
81248,3
81249,1
81250,2
81251,0
81252,2
81253,3
81254,3
81255,1
81256,0
81257,3
81258,1
81259,3
81260,3
81261,1
81262,0
81263,3
81264,0
81265,1
81266,1
81267,3
81268,0
81269,2
81270,2
81271,0
81272,0
81273,0
81274,1
81275,3
81276,3
81277,3
81278,2
81279,1
81280,3
81281,3
81282,2
81283,2
81284,1
81285,3
81286,1
81287,2
81288,2
81289,1
81290,2
81291,3
81292,2
81293,3
81294,3
81295,0
81296,1
81297,0
81298,1
81299,1
81300,1
81301,1
81302,1
81303,3
81304,1
81305,2
81306,1
81307,0
81308,2
81309,1
81310,2
81311,0
81312,0
81313,3
81314,3
81315,3
81316,3
81317,3
81318,0
81319,3
81320,3
81321,3
81322,1
81323,3
81324,3
81325,1
81326,1
81327,2
81328,2
81329,3
81330,2
81331,0
81332,2
81333,0
81334,0
81335,3
81336,1
81337,2
81338,3
81339,3
81340,3
81341,0
81342,0
81343,2
81344,2
81345,2
81346,2
81347,2
81348,2
81349,3
81350,3
81351,1
81352,3
81353,1
81354,0
81355,1
81356,3
81357,2
81358,0
81359,0
81360,3
81361,1
81362,3
81363,3
81364,3
81365,1
81366,0
81367,1
81368,2
81369,1
81370,3
81371,3
81372,1
81373,2
81374,3
81375,1
81376,0
81377,2
81378,2
81379,0
81380,1
81381,0
81382,2
81383,1
81384,1
81385,0
81386,1
81387,3
81388,1
81389,3
81390,3
81391,0
81392,2
81393,3
81394,3
81395,1
81396,3
81397,3
81398,3
81399,3
81400,3
81401,0
81402,3
81403,3
81404,0
81405,3
81406,1
81407,2
81408,3
81409,0
81410,3
81411,3
81412,3
81413,0
81414,2
81415,1
81416,0
81417,0
81418,2
81419,3
81420,3
81421,2
81422,3
81423,0
81424,1
81425,1
81426,2
81427,0
81428,3
81429,2
81430,0
81431,0
81432,3
81433,2
81434,2
81435,0
81436,0
81437,1
81438,3
81439,3
81440,3
81441,1
81442,2
81443,3
81444,0
81445,3
81446,2
81447,0
81448,3
81449,3
81450,1
81451,3
81452,3
81453,0
81454,2
81455,0
81456,3
81457,1
81458,3
81459,2
81460,3
81461,0
81462,0
81463,2
81464,2
81465,3
81466,2
81467,2
81468,2
81469,1
81470,0
81471,3
81472,1
81473,0
81474,1
81475,1
81476,0
81477,3
81478,3
81479,1
81480,1
81481,0
81482,3
81483,2
81484,3
81485,1
81486,1
81487,3
81488,3
81489,3
81490,1
81491,0
81492,2
81493,2
81494,1
81495,0
81496,3
81497,0
81498,2
81499,2
81500,0
81501,1
81502,0
81503,2
81504,3
81505,1
81506,1
81507,3
81508,3
81509,1
81510,1
81511,2
81512,2
81513,2
81514,3
81515,3
81516,3
81517,0
81518,2
81519,2
81520,3
81521,2
81522,2
81523,0
81524,1
81525,2
81526,1
81527,0
81528,0
81529,3
81530,2
81531,2
81532,1
81533,1
81534,1
81535,2
81536,3
81537,2
81538,2
81539,2
81540,3
81541,0
81542,3
81543,0
81544,1
81545,3
81546,3
81547,3
81548,1
81549,1
81550,3
81551,0
81552,2
81553,3
81554,2
81555,2
81556,1
81557,0
81558,2
81559,3
81560,3
81561,0
81562,1
81563,0
81564,0
81565,3
81566,3
81567,1
81568,3
81569,0
81570,0
81571,1
81572,3
81573,0
81574,3
81575,1
81576,0
81577,2
81578,1
81579,3
81580,3
81581,1
81582,0
81583,2
81584,0
81585,1
81586,3
81587,1
81588,3
81589,3
81590,2
81591,2
81592,2
81593,3
81594,3
81595,2
81596,3
81597,3
81598,1
81599,2
81600,0
81601,2
81602,3
81603,2
81604,3
81605,2
81606,2
81607,2
81608,3
81609,0
81610,2
81611,3
81612,0
81613,3
81614,1
81615,0
81616,0
81617,0
81618,3
81619,3
81620,3
81621,1
81622,2
81623,2
81624,2
81625,3
81626,3
81627,3
81628,3
81629,2
81630,2
81631,2
81632,3
81633,1
81634,3
81635,0
81636,1
81637,3
81638,3
81639,1
81640,0
81641,3
81642,2
81643,2
81644,3
81645,3
81646,2
81647,3
81648,2
81649,3
81650,0
81651,3
81652,2
81653,2
81654,3
81655,0
81656,0
81657,1
81658,3
81659,3
81660,0
81661,2
81662,3
81663,2
81664,2
81665,3
81666,2
81667,3
81668,3
81669,3
81670,2
81671,3
81672,1
81673,3
81674,3
81675,0
81676,2
81677,1
81678,3
81679,2
81680,3
81681,3
81682,3
81683,3
81684,3
81685,2
81686,3
81687,0
81688,0
81689,1
81690,3
81691,3
81692,3
81693,3
81694,2
81695,1
81696,0
81697,0
81698,0
81699,1
81700,2
81701,0
81702,0
81703,0
81704,0
81705,3
81706,3
81707,3
81708,3
81709,3
81710,2
81711,0
81712,3
81713,0
81714,3
81715,1
81716,3
81717,3
81718,2
81719,0
81720,3
81721,2
81722,3
81723,0
81724,1
81725,3
81726,3
81727,3
81728,1
81729,2
81730,1
81731,1
81732,3
81733,2
81734,3
81735,3
81736,2
81737,1
81738,3
81739,0
81740,1
81741,1
81742,0
81743,3
81744,2
81745,0
81746,3
81747,0
81748,1
81749,3
81750,3
81751,3
81752,2
81753,3
81754,2
81755,1
81756,2
81757,3
81758,3
81759,3
81760,1
81761,3
81762,2
81763,0
81764,2
81765,1
81766,3
81767,3
81768,3
81769,2
81770,1
81771,3
81772,3
81773,3
81774,3
81775,0
81776,2
81777,0
81778,1
81779,0
81780,3
81781,0
81782,3
81783,2
81784,0
81785,3
81786,3
81787,0
81788,3
81789,1
81790,3
81791,1
81792,3
81793,0
81794,3
81795,3
81796,3
81797,1
81798,3
81799,3
81800,1
81801,2
81802,0
81803,2
81804,1
81805,3
81806,3
81807,1
81808,2
81809,2
81810,2
81811,3
81812,3
81813,1
81814,3
81815,1
81816,3
81817,3
81818,3
81819,0
81820,2
81821,3
81822,2
81823,3
81824,2
81825,2
81826,1
81827,0
81828,3
81829,0
81830,0
81831,3
81832,3
81833,1
81834,2
81835,3
81836,2
81837,0
81838,1
81839,2
81840,2
81841,2
81842,1
81843,3
81844,3
81845,0
81846,2
81847,3
81848,1
81849,1
81850,1
81851,1
81852,2
81853,3
81854,0
81855,3
81856,1
81857,1
81858,2
81859,3
81860,0
81861,0
81862,2
81863,3
81864,0
81865,2
81866,0
81867,1
81868,1
81869,1
81870,1
81871,3
81872,2
81873,0
81874,1
81875,0
81876,1
81877,1
81878,0
81879,3
81880,2
81881,3
81882,0
81883,0
81884,2
81885,3
81886,2
81887,2
81888,2
81889,3
81890,0
81891,0
81892,3
81893,1
81894,2
81895,0
81896,3
81897,1
81898,2
81899,3
81900,0
81901,3
81902,2
81903,1
81904,1
81905,0
81906,3
81907,2
81908,2
81909,0
81910,0
81911,2
81912,2
81913,1
81914,1
81915,0
81916,0
81917,1
81918,3
81919,1
81920,3
81921,2
81922,2
81923,3
81924,3
81925,2
81926,1
81927,2
81928,3
81929,0
81930,0
81931,3
81932,0
81933,1
81934,1
81935,3
81936,1
81937,2
81938,2
81939,1
81940,3
81941,2
81942,2
81943,3
81944,3
81945,2
81946,1
81947,3
81948,0
81949,1
81950,3
81951,1
81952,2
81953,2
81954,1
81955,3
81956,3
81957,2
81958,3
81959,3
81960,2
81961,0
81962,0
81963,3
81964,3
81965,3
81966,3
81967,3
81968,3
81969,0
81970,2
81971,2
81972,1
81973,1
81974,3
81975,2
81976,3
81977,3
81978,3
81979,3
81980,2
81981,3
81982,3
81983,2
81984,2
81985,2
81986,3
81987,1
81988,0
81989,3
81990,3
81991,1
81992,2
81993,0
81994,2
81995,3
81996,3
81997,0
81998,1
81999,2
82000,3
82001,3
82002,0
82003,0
82004,2
82005,1
82006,3
82007,2
82008,3
82009,3
82010,3
82011,0
82012,1
82013,0
82014,2
82015,2
82016,3
82017,2
82018,2
82019,3
82020,3
82021,3
82022,0
82023,3
82024,3
82025,0
82026,2
82027,3
82028,3
82029,1
82030,3
82031,3
82032,3
82033,3
82034,2
82035,2
82036,3
82037,2
82038,3
82039,3
82040,3
82041,2
82042,0
82043,1
82044,0
82045,2
82046,2
82047,0
82048,1
82049,1
82050,3
82051,3
82052,3
82053,0
82054,2
82055,2
82056,0
82057,2
82058,1
82059,3
82060,3
82061,1
82062,1
82063,1
82064,2
82065,2
82066,1
82067,2
82068,2
82069,1
82070,2
82071,3
82072,2
82073,1
82074,0
82075,2
82076,0
82077,3
82078,0
82079,3
82080,2
82081,2
82082,2
82083,0
82084,2
82085,2
82086,2
82087,0
82088,3
82089,1
82090,2
82091,0
82092,0
82093,1
82094,2
82095,2
82096,0
82097,3
82098,1
82099,3
82100,3
82101,1
82102,2
82103,0
82104,1
82105,3
82106,3
82107,2
82108,3
82109,2
82110,3
82111,0
82112,3
82113,1
82114,0
82115,1
82116,3
82117,1
82118,1
82119,3
82120,3
82121,3
82122,3
82123,2
82124,3
82125,2
82126,2
82127,0
82128,2
82129,3
82130,2
82131,1
82132,2
82133,3
82134,2
82135,2
82136,2
82137,0
82138,1
82139,1
82140,2
82141,3
82142,3
82143,3
82144,2
82145,2
82146,1
82147,3
82148,2
82149,1
82150,2
82151,1
82152,2
82153,3
82154,3
82155,3
82156,2
82157,1
82158,2
82159,3
82160,3
82161,0
82162,1
82163,3
82164,3
82165,3
82166,3
82167,3
82168,2
82169,3
82170,2
82171,3
82172,0
82173,3
82174,1
82175,2
82176,0
82177,0
82178,0
82179,1
82180,2
82181,2
82182,3
82183,0
82184,1
82185,3
82186,1
82187,3
82188,0
82189,2
82190,1
82191,2
82192,2
82193,1
82194,1
82195,2
82196,2
82197,1
82198,3
82199,2
82200,2
82201,0
82202,0
82203,3
82204,3
82205,2
82206,2
82207,2
82208,2
82209,2
82210,2
82211,2
82212,1
82213,0
82214,3
82215,1
82216,2
82217,3
82218,3
82219,0
82220,1
82221,1
82222,0
82223,0
82224,3
82225,1
82226,2
82227,0
82228,1
82229,1
82230,2
82231,3
82232,3
82233,1
82234,1
82235,0
82236,2
82237,2
82238,0
82239,2
82240,0
82241,1
82242,3
82243,1
82244,3
82245,0
82246,0
82247,0
82248,2
82249,0
82250,2
82251,3
82252,1
82253,2
82254,1
82255,3
82256,1
82257,3
82258,3
82259,0
82260,1
82261,1
82262,2
82263,1
82264,3
82265,1
82266,3
82267,2
82268,2
82269,1
82270,3
82271,2
82272,2
82273,3
82274,3
82275,2
82276,3
82277,3
82278,2
82279,3
82280,0
82281,0
82282,1
82283,2
82284,3
82285,3
82286,2
82287,2
82288,2
82289,0
82290,0
82291,3
82292,3
82293,3
82294,3
82295,0
82296,3
82297,2
82298,3
82299,0
82300,1
82301,3
82302,0
82303,3
82304,1
82305,0
82306,1
82307,0
82308,2
82309,2
82310,3
82311,2
82312,3
82313,0
82314,2
82315,0
82316,2
82317,1
82318,1
82319,0
82320,1
82321,3
82322,3
82323,2
82324,3
82325,0
82326,1
82327,3
82328,3
82329,2
82330,3
82331,0
82332,3
82333,2
82334,0
82335,0
82336,3
82337,1
82338,3
82339,3
82340,2
82341,3
82342,3
82343,0
82344,2
82345,3
82346,0
82347,2
82348,3
82349,3
82350,2
82351,0
82352,3
82353,3
82354,3
82355,3
82356,3
82357,2
82358,1
82359,2
82360,3
82361,3
82362,0
82363,2
82364,0
82365,3
82366,3
82367,2
82368,3
82369,2
82370,2
82371,3
82372,1
82373,1
82374,3
82375,3
82376,2
82377,3
82378,3
82379,2
82380,0
82381,2
82382,3
82383,3
82384,3
82385,2
82386,0
82387,3
82388,3
82389,1
82390,3
82391,3
82392,0
82393,3
82394,1
82395,3
82396,2
82397,1
82398,3
82399,2
82400,2
82401,3
82402,1
82403,3
82404,0
82405,3
82406,0
82407,0
82408,3
82409,2
82410,3
82411,2
82412,2
82413,0
82414,3
82415,3
82416,3
82417,2
82418,3
82419,1
82420,3
82421,0
82422,0
82423,1
82424,3
82425,1
82426,1
82427,1
82428,1
82429,1
82430,3
82431,2
82432,0
82433,1
82434,3
82435,2
82436,1
82437,3
82438,3
82439,3
82440,3
82441,3
82442,1
82443,3
82444,3
82445,2
82446,1
82447,0
82448,0
82449,3
82450,2
82451,2
82452,3
82453,0
82454,1
82455,3
82456,1
82457,3
82458,3
82459,3
82460,3
82461,3
82462,2
82463,2
82464,0
82465,2
82466,3
82467,2
82468,1
82469,2
82470,1
82471,3
82472,2
82473,2
82474,1
82475,0
82476,3
82477,3
82478,3
82479,3
82480,1
82481,1
82482,2
82483,2
82484,2
82485,1
82486,1
82487,1
82488,3
82489,1
82490,1
82491,0
82492,0
82493,3
82494,3
82495,3
82496,1
82497,2
82498,2
82499,0
82500,2
82501,3
82502,1
82503,0
82504,2
82505,2
82506,2
82507,3
82508,3
82509,3
82510,1
82511,1
82512,3
82513,1
82514,3
82515,2
82516,0
82517,1
82518,0
82519,3
82520,2
82521,3
82522,3
82523,3
82524,3
82525,1
82526,2
82527,0
82528,1
82529,0
82530,0
82531,1
82532,3
82533,3
82534,3
82535,1
82536,1
82537,2
82538,3
82539,0
82540,3
82541,2
82542,3
82543,1
82544,1
82545,2
82546,3
82547,3
82548,1
82549,3
82550,3
82551,3
82552,3
82553,2
82554,2
82555,3
82556,3
82557,0
82558,0
82559,2
82560,2
82561,1
82562,1
82563,1
82564,3
82565,3
82566,0
82567,0
82568,3
82569,3
82570,0
82571,3
82572,1
82573,1
82574,3
82575,1
82576,3
82577,0
82578,0
82579,2
82580,3
82581,2
82582,1
82583,3
82584,3
82585,3
82586,0
82587,0
82588,0
82589,2
82590,2
82591,2
82592,3
82593,2
82594,2
82595,0
82596,0
82597,0
82598,2
82599,2
82600,3
82601,1
82602,2
82603,2
82604,0
82605,3
82606,3
82607,2
82608,3
82609,3
82610,0
82611,1
82612,2
82613,0
82614,2
82615,1
82616,3
82617,3
82618,1
82619,2
82620,0
82621,0
82622,3
82623,3
82624,3
82625,0
82626,2
82627,3
82628,3
82629,1
82630,3
82631,3
82632,3
82633,0
82634,3
82635,0
82636,3
82637,2
82638,1
82639,3
82640,1
82641,3
82642,1
82643,1
82644,1
82645,2
82646,2
82647,2
82648,1
82649,2
82650,3
82651,3
82652,1
82653,0
82654,3
82655,2
82656,0
82657,1
82658,1
82659,1
82660,0
82661,3
82662,0
82663,0
82664,3
82665,3
82666,0
82667,3
82668,3
82669,2
82670,0
82671,3
82672,1
82673,3
82674,3
82675,2
82676,1
82677,1
82678,3
82679,2
82680,3
82681,2
82682,2
82683,0
82684,3
82685,3
82686,0
82687,2
82688,0
82689,0
82690,2
82691,3
82692,0
82693,1
82694,2
82695,3
82696,3
82697,1
82698,1
82699,2
82700,2
82701,3
82702,2
82703,3
82704,2
82705,2
82706,1
82707,3
82708,1
82709,1
82710,3
82711,1
82712,3
82713,2
82714,1
82715,1
82716,0
82717,3
82718,2
82719,1
82720,3
82721,1
82722,3
82723,3
82724,0
82725,3
82726,1
82727,1
82728,2
82729,2
82730,3
82731,3
82732,1
82733,1
82734,2
82735,1
82736,3
82737,3
82738,0
82739,3
82740,2
82741,1
82742,1
82743,2
82744,1
82745,3
82746,0
82747,3
82748,1
82749,1
82750,1
82751,2
82752,2
82753,1
82754,0
82755,3
82756,0
82757,1
82758,1
82759,3
82760,3
82761,2
82762,2
82763,3
82764,3
82765,3
82766,3
82767,1
82768,3
82769,0
82770,3
82771,2
82772,3
82773,3
82774,0
82775,3
82776,3
82777,3
82778,2
82779,3
82780,3
82781,3
82782,0
82783,1
82784,3
82785,2
82786,2
82787,2
82788,1
82789,0
82790,2
82791,1
82792,2
82793,2
82794,3
82795,2
82796,3
82797,2
82798,0
82799,1
82800,3
82801,1
82802,3
82803,3
82804,2
82805,3
82806,3
82807,3
82808,3
82809,2
82810,0
82811,3
82812,3
82813,3
82814,2
82815,2
82816,2
82817,0
82818,1
82819,0
82820,2
82821,1
82822,2
82823,2
82824,2
82825,3
82826,3
82827,3
82828,2
82829,2
82830,3
82831,3
82832,3
82833,0
82834,2
82835,3
82836,1
82837,3
82838,3
82839,3
82840,1
82841,2
82842,0
82843,3
82844,3
82845,1
82846,2
82847,1
82848,1
82849,2
82850,1
82851,0
82852,3
82853,0
82854,3
82855,1
82856,3
82857,2
82858,2
82859,1
82860,0
82861,2
82862,2
82863,3
82864,0
82865,0
82866,3
82867,0
82868,2
82869,2
82870,0
82871,3
82872,1
82873,2
82874,2
82875,0
82876,1
82877,3
82878,1
82879,2
82880,2
82881,3
82882,2
82883,2
82884,3
82885,2
82886,3
82887,0
82888,3
82889,1
82890,3
82891,2
82892,0
82893,2
82894,2
82895,2
82896,0
82897,3
82898,3
82899,2
82900,2
82901,3
82902,2
82903,2
82904,2
82905,2
82906,2
82907,1
82908,1
82909,3
82910,3
82911,2
82912,3
82913,3
82914,2
82915,3
82916,2
82917,3
82918,3
82919,0
82920,2
82921,2
82922,3
82923,2
82924,1
82925,2
82926,1
82927,2
82928,3
82929,2
82930,2
82931,2
82932,0
82933,3
82934,2
82935,3
82936,0
82937,2
82938,0
82939,2
82940,0
82941,3
82942,1
82943,0
82944,1
82945,1
82946,1
82947,3
82948,1
82949,1
82950,2
82951,2
82952,1
82953,0
82954,3
82955,3
82956,2
82957,1
82958,3
82959,2
82960,3
82961,2
82962,0
82963,2
82964,3
82965,1
82966,3
82967,1
82968,2
82969,1
82970,0
82971,0
82972,1
82973,3
82974,0
82975,2
82976,2
82977,3
82978,0
82979,3
82980,2
82981,3
82982,0
82983,1
82984,2
82985,2
82986,0
82987,3
82988,1
82989,0
82990,1
82991,3
82992,2
82993,0
82994,1
82995,3
82996,2
82997,2
82998,0
82999,3
83000,2
83001,1
83002,3
83003,3
83004,3
83005,0
83006,3
83007,2
83008,1
83009,3
83010,0
83011,0
83012,1
83013,1
83014,3
83015,3
83016,3
83017,1
83018,3
83019,1
83020,2
83021,2
83022,3
83023,3
83024,3
83025,1
83026,3
83027,3
83028,3
83029,3
83030,1
83031,1
83032,3
83033,0
83034,3
83035,3
83036,3
83037,1
83038,1
83039,2
83040,0
83041,2
83042,1
83043,1
83044,1
83045,3
83046,2
83047,0
83048,2
83049,3
83050,2
83051,2
83052,1
83053,0
83054,3
83055,1
83056,2
83057,3
83058,3
83059,0
83060,3
83061,3
83062,3
83063,0
83064,3
83065,1
83066,0
83067,3
83068,3
83069,1
83070,3
83071,2
83072,3
83073,0
83074,1
83075,1
83076,1
83077,0
83078,3
83079,1
83080,1
83081,0
83082,1
83083,3
83084,0
83085,1
83086,3
83087,0
83088,2
83089,0
83090,2
83091,0
83092,2
83093,0
83094,1
83095,0
83096,0
83097,2
83098,0
83099,0
83100,1
83101,2
83102,3
83103,1
83104,0
83105,3
83106,3
83107,3
83108,3
83109,3
83110,0
83111,3
83112,3
83113,3
83114,2
83115,0
83116,1
83117,1
83118,3
83119,0
83120,3
83121,1
83122,2
83123,2
83124,3
83125,1
83126,2
83127,0
83128,3
83129,2
83130,1
83131,1
83132,3
83133,0
83134,0
83135,3
83136,3
83137,3
83138,2
83139,3
83140,0
83141,0
83142,3
83143,1
83144,3
83145,2
83146,3
83147,1
83148,2
83149,2
83150,0
83151,3
83152,2
83153,2
83154,3
83155,1
83156,0
83157,3
83158,2
83159,3
83160,1
83161,1
83162,2
83163,0
83164,3
83165,1
83166,2
83167,1
83168,1
83169,3
83170,2
83171,3
83172,0
83173,3
83174,3
83175,0
83176,0
83177,3
83178,1
83179,0
83180,2
83181,1
83182,0
83183,3
83184,2
83185,0
83186,2
83187,0
83188,0
83189,3
83190,3
83191,0
83192,3
83193,2
83194,3
83195,2
83196,1
83197,0
83198,1
83199,3
83200,1
83201,3
83202,1
83203,1
83204,3
83205,2
83206,1
83207,0
83208,3
83209,3
83210,0
83211,3
83212,1
83213,2
83214,2
83215,3
83216,3
83217,3
83218,0
83219,2
83220,3
83221,3
83222,2
83223,2
83224,2
83225,3
83226,3
83227,3
83228,0
83229,1
83230,0
83231,2
83232,2
83233,3
83234,2
83235,2
83236,3
83237,0
83238,3
83239,1
83240,2
83241,0
83242,2
83243,2
83244,1
83245,0
83246,0
83247,1
83248,0
83249,2
83250,0
83251,2
83252,2
83253,3
83254,2
83255,1
83256,1
83257,3
83258,3
83259,3
83260,3
83261,0
83262,2
83263,3
83264,3
83265,1
83266,3
83267,3
83268,0
83269,2
83270,3
83271,1
83272,2
83273,3
83274,3
83275,1
83276,1
83277,3
83278,0
83279,2
83280,2
83281,0
83282,3
83283,2
83284,0
83285,3
83286,1
83287,2
83288,3
83289,3
83290,2
83291,3
83292,0
83293,3
83294,1
83295,3
83296,2
83297,2
83298,3
83299,2
83300,3
83301,0
83302,3
83303,3
83304,3
83305,2
83306,3
83307,3
83308,0
83309,3
83310,0
83311,2
83312,1
83313,1
83314,1
83315,1
83316,3
83317,3
83318,0
83319,1
83320,3
83321,2
83322,2
83323,1
83324,3
83325,3
83326,3
83327,2
83328,1
83329,3
83330,2
83331,2
83332,0
83333,1
83334,2
83335,3
83336,1
83337,3
83338,2
83339,3
83340,1
83341,2
83342,1
83343,1
83344,3
83345,3
83346,2
83347,0
83348,0
83349,0
83350,0
83351,1
83352,3
83353,3
83354,1
83355,0
83356,3
83357,1
83358,3
83359,2
83360,3
83361,0
83362,2
83363,0
83364,0
83365,2
83366,0
83367,3
83368,2
83369,0
83370,0
83371,0
83372,3
83373,1
83374,1
83375,2
83376,0
83377,2
83378,3
83379,2
83380,2
83381,3
83382,3
83383,2
83384,0
83385,0
83386,2
83387,2
83388,2
83389,2
83390,2
83391,2
83392,1
83393,0
83394,1
83395,2
83396,2
83397,1
83398,3
83399,1
83400,2
83401,1
83402,2
83403,2
83404,1
83405,0
83406,3
83407,3
83408,0
83409,3
83410,3
83411,0
83412,1
83413,3
83414,3
83415,3
83416,0
83417,3
83418,0
83419,3
83420,1
83421,1
83422,3
83423,3
83424,1
83425,3
83426,2
83427,0
83428,3
83429,2
83430,1
83431,3
83432,3
83433,3
83434,3
83435,3
83436,3
83437,0
83438,1
83439,1
83440,3
83441,3
83442,3
83443,3
83444,1
83445,0
83446,2
83447,2
83448,2
83449,1
83450,0
83451,1
83452,2
83453,3
83454,1
83455,0
83456,3
83457,0
83458,3
83459,2
83460,0
83461,2
83462,3
83463,2
83464,3
83465,3
83466,3
83467,0
83468,0
83469,0
83470,2
83471,3
83472,0
83473,3
83474,3
83475,2
83476,2
83477,2
83478,1
83479,1
83480,0
83481,3
83482,2
83483,0
83484,1
83485,2
83486,2
83487,3
83488,2
83489,0
83490,2
83491,3
83492,2
83493,2
83494,2
83495,2
83496,3
83497,1
83498,0
83499,1
83500,1
83501,1
83502,1
83503,3
83504,3
83505,1
83506,3
83507,1
83508,2
83509,2
83510,2
83511,2
83512,3
83513,1
83514,0
83515,1
83516,2
83517,1
83518,2
83519,1
83520,1
83521,2
83522,1
83523,3
83524,1
83525,0
83526,0
83527,2
83528,3
83529,3
83530,2
83531,3
83532,3
83533,2
83534,3
83535,3
83536,3
83537,1
83538,3
83539,3
83540,1
83541,1
83542,2
83543,3
83544,3
83545,0
83546,0
83547,1
83548,1
83549,3
83550,2
83551,1
83552,0
83553,3
83554,2
83555,0
83556,0
83557,3
83558,0
83559,2
83560,1
83561,3
83562,3
83563,3
83564,0
83565,2
83566,0
83567,3
83568,1
83569,3
83570,2
83571,2
83572,2
83573,0
83574,3
83575,0
83576,3
83577,3
83578,3
83579,3
83580,3
83581,3
83582,1
83583,2
83584,3
83585,2
83586,3
83587,1
83588,0
83589,3
83590,0
83591,3
83592,3
83593,3
83594,3
83595,1
83596,1
83597,2
83598,3
83599,0
83600,3
83601,1
83602,1
83603,3
83604,2
83605,2
83606,3
83607,3
83608,0
83609,2
83610,0
83611,3
83612,3
83613,3
83614,2
83615,1
83616,0
83617,1
83618,0
83619,3
83620,0
83621,3
83622,3
83623,1
83624,3
83625,1
83626,2
83627,0
83628,2
83629,2
83630,3
83631,2
83632,1
83633,2
83634,2
83635,2
83636,3
83637,0
83638,3
83639,0
83640,3
83641,1
83642,2
83643,1
83644,3
83645,1
83646,1
83647,3
83648,3
83649,0
83650,3
83651,2
83652,1
83653,2
83654,1
83655,0
83656,3
83657,1
83658,2
83659,0
83660,2
83661,0
83662,3
83663,0
83664,2
83665,2
83666,3
83667,0
83668,3
83669,3
83670,2
83671,2
83672,2
83673,2
83674,3
83675,3
83676,3
83677,1
83678,3
83679,3
83680,3
83681,1
83682,2
83683,1
83684,3
83685,2
83686,0
83687,1
83688,1
83689,2
83690,2
83691,1
83692,2
83693,1
83694,2
83695,3
83696,0
83697,3
83698,1
83699,3
83700,3
83701,2
83702,1
83703,0
83704,3
83705,1
83706,0
83707,2
83708,2
83709,2
83710,0
83711,1
83712,3
83713,3
83714,3
83715,2
83716,0
83717,2
83718,2
83719,3
83720,3
83721,1
83722,2
83723,0
83724,1
83725,2
83726,1
83727,3
83728,2
83729,3
83730,2
83731,2
83732,0
83733,3
83734,3
83735,0
83736,1
83737,3
83738,3
83739,3
83740,3
83741,1
83742,1
83743,3
83744,3
83745,3
83746,3
83747,0
83748,2
83749,3
83750,3
83751,3
83752,1
83753,1
83754,1
83755,3
83756,2
83757,2
83758,3
83759,2
83760,3
83761,3
83762,3
83763,2
83764,2
83765,1
83766,0
83767,3
83768,2
83769,0
83770,0
83771,0
83772,1
83773,3
83774,3
83775,2
83776,3
83777,3
83778,3
83779,3
83780,3
83781,1
83782,1
83783,1
83784,2
83785,0
83786,3
83787,0
83788,0
83789,1
83790,0
83791,3
83792,1
83793,2
83794,3
83795,1
83796,2
83797,3
83798,2
83799,1
83800,2
83801,0
83802,3
83803,3
83804,1
83805,0
83806,1
83807,2
83808,1
83809,1
83810,2
83811,2
83812,3
83813,2
83814,3
83815,1
83816,2
83817,1
83818,1
83819,1
83820,2
83821,0
83822,3
83823,3
83824,2
83825,2
83826,2
83827,2
83828,2
83829,3
83830,2
83831,3
83832,1
83833,2
83834,1
83835,1
83836,3
83837,3
83838,1
83839,1
83840,1
83841,1
83842,0
83843,1
83844,2
83845,3
83846,1
83847,3
83848,1
83849,1
83850,0
83851,2
83852,3
83853,0
83854,2
83855,3
83856,3
83857,0
83858,0
83859,2
83860,2
83861,0
83862,1
83863,2
83864,2
83865,2
83866,0
83867,3
83868,3
83869,1
83870,2
83871,2
83872,1
83873,3
83874,1
83875,2
83876,2
83877,1
83878,0
83879,1
83880,3
83881,3
83882,1
83883,1
83884,3
83885,0
83886,3
83887,3
83888,1
83889,2
83890,1
83891,2
83892,2
83893,3
83894,2
83895,3
83896,3
83897,3
83898,2
83899,3
83900,1
83901,1
83902,2
83903,2
83904,0
83905,1
83906,0
83907,3
83908,0
83909,2
83910,3
83911,0
83912,2
83913,0
83914,0
83915,3
83916,3
83917,3
83918,1
83919,3
83920,3
83921,1
83922,2
83923,3
83924,2
83925,0
83926,2
83927,1
83928,1
83929,2
83930,3
83931,3
83932,3
83933,0
83934,3
83935,3
83936,1
83937,2
83938,3
83939,3
83940,3
83941,0
83942,3
83943,3
83944,3
83945,1
83946,1
83947,3
83948,2
83949,3
83950,0
83951,3
83952,0
83953,1
83954,3
83955,3
83956,0
83957,1
83958,0
83959,3
83960,2
83961,2
83962,3
83963,0
83964,3
83965,3
83966,2
83967,2
83968,2
83969,0
83970,3
83971,0
83972,3
83973,0
83974,2
83975,3
83976,2
83977,3
83978,0
83979,3
83980,2
83981,2
83982,0
83983,2
83984,0
83985,0
83986,2
83987,0
83988,1
83989,2
83990,3
83991,3
83992,3
83993,2
83994,2
83995,2
83996,1
83997,1
83998,3
83999,3
84000,1
84001,2
84002,2
84003,3
84004,3
84005,3
84006,0
84007,2
84008,2
84009,3
84010,2
84011,3
84012,0
84013,0
84014,0
84015,3
84016,2
84017,3
84018,3
84019,3
84020,1
84021,0
84022,0
84023,2
84024,3
84025,0
84026,3
84027,2
84028,3
84029,2
84030,1
84031,3
84032,3
84033,1
84034,3
84035,1
84036,3
84037,3
84038,3
84039,3
84040,3
84041,3
84042,1
84043,3
84044,2
84045,3
84046,3
84047,3
84048,3
84049,3
84050,2
84051,0
84052,1
84053,3
84054,1
84055,2
84056,1
84057,0
84058,2
84059,0
84060,1
84061,0
84062,0
84063,3
84064,3
84065,3
84066,1
84067,0
84068,2
84069,3
84070,3
84071,2
84072,0
84073,2
84074,3
84075,2
84076,2
84077,3
84078,1
84079,0
84080,1
84081,2
84082,0
84083,0
84084,2
84085,3
84086,3
84087,3
84088,1
84089,2
84090,3
84091,3
84092,3
84093,1
84094,2
84095,2
84096,0
84097,0
84098,0
84099,3
84100,1
84101,0
84102,1
84103,0
84104,0
84105,2
84106,3
84107,3
84108,1
84109,2
84110,1
84111,1
84112,2
84113,1
84114,3
84115,1
84116,1
84117,3
84118,0
84119,0
84120,3
84121,3
84122,1
84123,0
84124,1
84125,1
84126,2
84127,3
84128,2
84129,0
84130,3
84131,2
84132,0
84133,3
84134,1
84135,2
84136,2
84137,0
84138,3
84139,0
84140,2
84141,1
84142,1
84143,2
84144,3
84145,2
84146,1
84147,3
84148,3
84149,3
84150,0
84151,3
84152,2
84153,1
84154,0
84155,0
84156,1
84157,3
84158,2
84159,0
84160,3
84161,3
84162,2
84163,1
84164,1
84165,0
84166,3
84167,2
84168,2
84169,3
84170,3
84171,0
84172,0
84173,1
84174,3
84175,1
84176,3
84177,1
84178,0
84179,3
84180,3
84181,3
84182,1
84183,1
84184,3
84185,3
84186,1
84187,1
84188,0
84189,2
84190,3
84191,3
84192,3
84193,3
84194,3
84195,0
84196,3
84197,2
84198,3
84199,3
84200,2
84201,3
84202,2
84203,1
84204,3
84205,2
84206,0
84207,1
84208,3
84209,2
84210,0
84211,1
84212,0
84213,2
84214,0
84215,2
84216,2
84217,0
84218,3
84219,2
84220,2
84221,1
84222,2
84223,2
84224,0
84225,0
84226,3
84227,1
84228,2
84229,3
84230,2
84231,1
84232,0
84233,2
84234,0
84235,1
84236,2
84237,3
84238,3
84239,2
84240,0
84241,3
84242,0
84243,3
84244,1
84245,0
84246,2
84247,1
84248,1
84249,2
84250,3
84251,3
84252,3
84253,0
84254,3
84255,3
84256,2
84257,1
84258,3
84259,2
84260,0
84261,3
84262,1
84263,0
84264,0
84265,0
84266,2
84267,2
84268,3
84269,3
84270,3
84271,0
84272,3
84273,1
84274,1
84275,3
84276,3
84277,1
84278,2
84279,2
84280,1
84281,3
84282,0
84283,0
84284,1
84285,3
84286,1
84287,3
84288,0
84289,0
84290,3
84291,0
84292,3
84293,3
84294,3
84295,3
84296,3
84297,3
84298,0
84299,3
84300,2
84301,0
84302,2
84303,0
84304,0
84305,3
84306,3
84307,2
84308,3
84309,2
84310,1
84311,3
84312,3
84313,1
84314,3
84315,1
84316,2
84317,3
84318,1
84319,3
84320,1
84321,2
84322,3
84323,1
84324,3
84325,2
84326,0
84327,2
84328,1
84329,3
84330,3
84331,2
84332,0
84333,3
84334,1
84335,3
84336,1
84337,2
84338,1
84339,3
84340,3
84341,2
84342,0
84343,2
84344,2
84345,1
84346,0
84347,1
84348,3
84349,3
84350,0
84351,1
84352,3
84353,1
84354,3
84355,3
84356,1
84357,3
84358,2
84359,2
84360,2
84361,3
84362,1
84363,2
84364,2
84365,3
84366,3
84367,3
84368,0
84369,2
84370,1
84371,3
84372,3
84373,3
84374,1
84375,3
84376,0
84377,1
84378,3
84379,0
84380,1
84381,2
84382,0
84383,3
84384,0
84385,3
84386,0
84387,2
84388,3
84389,1
84390,3
84391,2
84392,1
84393,0
84394,0
84395,3
84396,0
84397,3
84398,3
84399,2
84400,2
84401,3
84402,1
84403,0
84404,3
84405,0
84406,3
84407,2
84408,3
84409,3
84410,2
84411,0
84412,2
84413,1
84414,3
84415,2
84416,3
84417,3
84418,0
84419,1
84420,0
84421,0
84422,3
84423,0
84424,1
84425,2
84426,3
84427,2
84428,1
84429,0
84430,1
84431,3
84432,0
84433,0
84434,1
84435,0
84436,2
84437,1
84438,2
84439,2
84440,3
84441,3
84442,3
84443,0
84444,3
84445,1
84446,2
84447,0
84448,2
84449,1
84450,2
84451,3
84452,3
84453,2
84454,3
84455,0
84456,1
84457,3
84458,1
84459,3
84460,0
84461,3
84462,0
84463,3
84464,1
84465,3
84466,3
84467,3
84468,3
84469,1
84470,3
84471,3
84472,2
84473,2
84474,3
84475,3
84476,2
84477,1
84478,2
84479,0
84480,0
84481,3
84482,3
84483,0
84484,3
84485,1
84486,3
84487,1
84488,2
84489,3
84490,1
84491,1
84492,2
84493,2
84494,3
84495,2
84496,1
84497,1
84498,3
84499,0
84500,3
84501,3
84502,2
84503,1
84504,3
84505,2
84506,3
84507,1
84508,2
84509,2
84510,3
84511,2
84512,0
84513,1
84514,3
84515,3
84516,1
84517,3
84518,3
84519,1
84520,3
84521,2
84522,1
84523,2
84524,3
84525,2
84526,3
84527,3
84528,1
84529,2
84530,1
84531,3
84532,3
84533,0
84534,3
84535,3
84536,0
84537,3
84538,2
84539,2
84540,3
84541,0
84542,3
84543,2
84544,3
84545,0
84546,1
84547,2
84548,3
84549,3
84550,3
84551,0
84552,3
84553,3
84554,2
84555,2
84556,1
84557,3
84558,0
84559,3
84560,2
84561,0
84562,2
84563,3
84564,3
84565,3
84566,3
84567,1
84568,3
84569,0
84570,1
84571,3
84572,2
84573,1
84574,3
84575,0
84576,0
84577,0
84578,1
84579,1
84580,3
84581,2
84582,2
84583,3
84584,3
84585,2
84586,2
84587,3
84588,3
84589,0
84590,3
84591,0
84592,0
84593,0
84594,2
84595,3
84596,0
84597,1
84598,3
84599,2
84600,3
84601,1
84602,3
84603,2
84604,3
84605,0
84606,3
84607,2
84608,0
84609,0
84610,0
84611,2
84612,1
84613,3
84614,0
84615,2
84616,1
84617,3
84618,1
84619,1
84620,0
84621,2
84622,2
84623,3
84624,3
84625,3
84626,2
84627,1
84628,0
84629,3
84630,0
84631,3
84632,2
84633,0
84634,3
84635,3
84636,0
84637,1
84638,3
84639,1
84640,2
84641,1
84642,2
84643,3
84644,0
84645,2
84646,0
84647,0
84648,3
84649,3
84650,2
84651,1
84652,2
84653,2
84654,3
84655,0
84656,2
84657,2
84658,2
84659,0
84660,2
84661,3
84662,3
84663,0
84664,3
84665,0
84666,3
84667,0
84668,0
84669,1
84670,2
84671,3
84672,0
84673,3
84674,3
84675,2
84676,1
84677,1
84678,0
84679,2
84680,2
84681,1
84682,1
84683,3
84684,0
84685,1
84686,1
84687,3
84688,1
84689,3
84690,2
84691,3
84692,2
84693,2
84694,3
84695,3
84696,0
84697,0
84698,3
84699,2
84700,3
84701,3
84702,3
84703,2
84704,2
84705,2
84706,3
84707,3
84708,2
84709,3
84710,3
84711,1
84712,3
84713,3
84714,2
84715,2
84716,3
84717,0
84718,2
84719,0
84720,3
84721,3
84722,3
84723,3
84724,3
84725,2
84726,3
84727,3
84728,0
84729,2
84730,1
84731,3
84732,1
84733,3
84734,0
84735,3
84736,0
84737,3
84738,3
84739,2
84740,3
84741,3
84742,2
84743,0
84744,3
84745,3
84746,0
84747,1
84748,1
84749,0
84750,1
84751,2
84752,3
84753,0
84754,3
84755,1
84756,2
84757,3
84758,3
84759,2
84760,3
84761,0
84762,2
84763,2
84764,1
84765,2
84766,3
84767,3
84768,0
84769,3
84770,3
84771,0
84772,0
84773,0
84774,1
84775,3
84776,1
84777,3
84778,2
84779,3
84780,1
84781,0
84782,3
84783,3
84784,1
84785,3
84786,1
84787,3
84788,1
84789,3
84790,3
84791,0
84792,2
84793,1
84794,1
84795,2
84796,3
84797,3
84798,1
84799,2
84800,2
84801,0
84802,3
84803,1
84804,1
84805,3
84806,1
84807,2
84808,3
84809,3
84810,0
84811,2
84812,3
84813,0
84814,0
84815,0
84816,3
84817,2
84818,3
84819,2
84820,0
84821,0
84822,2
84823,0
84824,2
84825,3
84826,3
84827,2
84828,1
84829,1
84830,1
84831,2
84832,2
84833,0
84834,1
84835,3
84836,3
84837,2
84838,3
84839,3
84840,0
84841,2
84842,1
84843,0
84844,3
84845,2
84846,3
84847,2
84848,3
84849,3
84850,0
84851,1
84852,0
84853,3
84854,1
84855,1
84856,1
84857,0
84858,3
84859,2
84860,0
84861,3
84862,0
84863,1
84864,0
84865,1
84866,3
84867,1
84868,2
84869,3
84870,0
84871,0
84872,2
84873,2
84874,1
84875,1
84876,2
84877,0
84878,2
84879,1
84880,1
84881,1
84882,1
84883,3
84884,2
84885,2
84886,1
84887,3
84888,2
84889,3
84890,3
84891,0
84892,3
84893,0
84894,2
84895,3
84896,2
84897,2
84898,3
84899,1
84900,3
84901,0
84902,3
84903,3
84904,1
84905,3
84906,2
84907,2
84908,0
84909,0
84910,2
84911,3
84912,2
84913,2
84914,2
84915,1
84916,2
84917,3
84918,3
84919,1
84920,2
84921,3
84922,1
84923,3
84924,0
84925,1
84926,2
84927,2
84928,1
84929,3
84930,3
84931,3
84932,3
84933,0
84934,3
84935,2
84936,0
84937,2
84938,0
84939,3
84940,2
84941,3
84942,2
84943,0
84944,1
84945,1
84946,2
84947,3
84948,3
84949,3
84950,0
84951,3
84952,1
84953,1
84954,0
84955,3
84956,2
84957,0
84958,1
84959,2
84960,1
84961,0
84962,2
84963,2
84964,1
84965,3
84966,0
84967,3
84968,3
84969,1
84970,3
84971,2
84972,2
84973,1
84974,2
84975,0
84976,2
84977,3
84978,1
84979,2
84980,3
84981,3
84982,2
84983,3
84984,3
84985,3
84986,3
84987,2
84988,1
84989,2
84990,3
84991,1
84992,2
84993,3
84994,1
84995,3
84996,3
84997,3
84998,3
84999,3
85000,3
85001,3
85002,2
85003,3
85004,0
85005,1
85006,3
85007,2
85008,2
85009,3
85010,1
85011,1
85012,1
85013,3
85014,1
85015,3
85016,0
85017,2
85018,2
85019,1
85020,1
85021,1
85022,0
85023,2
85024,3
85025,2
85026,1
85027,3
85028,0
85029,0
85030,1
85031,0
85032,2
85033,1
85034,2
85035,1
85036,3
85037,1
85038,1
85039,3
85040,2
85041,0
85042,0
85043,3
85044,3
85045,0
85046,1
85047,3
85048,2
85049,2
85050,2
85051,2
85052,3
85053,0
85054,2
85055,0
85056,2
85057,3
85058,3
85059,3
85060,3
85061,3
85062,0
85063,3
85064,2
85065,3
85066,1
85067,2
85068,3
85069,0
85070,0
85071,3
85072,3
85073,1
85074,1
85075,1
85076,3
85077,0
85078,2
85079,3
85080,3
85081,3
85082,2
85083,3
85084,2
85085,2
85086,3
85087,1
85088,2
85089,2
85090,3
85091,0
85092,3
85093,3
85094,0
85095,2
85096,2
85097,3
85098,1
85099,3
85100,1
85101,0
85102,2
85103,1
85104,3
85105,0
85106,2
85107,1
85108,3
85109,1
85110,2
85111,1
85112,3
85113,3
85114,1
85115,2
85116,1
85117,1
85118,0
85119,1
85120,1
85121,0
85122,0
85123,1
85124,3
85125,3
85126,2
85127,3
85128,3
85129,3
85130,0
85131,0
85132,1
85133,3
85134,3
85135,3
85136,1
85137,2
85138,2
85139,0
85140,3
85141,1
85142,2
85143,0
85144,0
85145,3
85146,1
85147,3
85148,1
85149,1
85150,3
85151,1
85152,2
85153,1
85154,3
85155,2
85156,2
85157,1
85158,0
85159,0
85160,0
85161,1
85162,1
85163,0
85164,3
85165,3
85166,0
85167,1
85168,1
85169,1
85170,3
85171,3
85172,3
85173,3
85174,3
85175,1
85176,3
85177,3
85178,0
85179,2
85180,3
85181,1
85182,2
85183,1
85184,3
85185,2
85186,3
85187,2
85188,1
85189,1
85190,0
85191,3
85192,1
85193,3
85194,1
85195,1
85196,3
85197,0
85198,0
85199,3
85200,2
85201,3
85202,3
85203,2
85204,3
85205,3
85206,3
85207,1
85208,0
85209,0
85210,2
85211,2
85212,2
85213,2
85214,1
85215,3
85216,1
85217,2
85218,1
85219,3
85220,1
85221,2
85222,1
85223,3
85224,3
85225,1
85226,1
85227,0
85228,1
85229,3
85230,1
85231,0
85232,3
85233,0
85234,3
85235,3
85236,2
85237,3
85238,3
85239,1
85240,2
85241,3
85242,1
85243,3
85244,1
85245,0
85246,3
85247,3
85248,2
85249,1
85250,3
85251,3
85252,0
85253,1
85254,1
85255,0
85256,0
85257,2
85258,0
85259,0
85260,3
85261,3
85262,3
85263,2
85264,0
85265,3
85266,2
85267,3
85268,3
85269,2
85270,3
85271,0
85272,1
85273,2
85274,2
85275,1
85276,3
85277,2
85278,3
85279,3
85280,2
85281,3
85282,3
85283,3
85284,3
85285,1
85286,2
85287,3
85288,2
85289,1
85290,3
85291,3
85292,1
85293,3
85294,3
85295,2
85296,2
85297,2
85298,0
85299,2
85300,0
85301,2
85302,1
85303,1
85304,1
85305,3
85306,3
85307,1
85308,2
85309,3
85310,3
85311,1
85312,2
85313,0
85314,0
85315,2
85316,1
85317,3
85318,2
85319,3
85320,3
85321,0
85322,2
85323,3
85324,1
85325,3
85326,3
85327,0
85328,1
85329,1
85330,1
85331,3
85332,3
85333,3
85334,1
85335,3
85336,1
85337,3
85338,2
85339,1
85340,2
85341,2
85342,0
85343,2
85344,3
85345,0
85346,0
85347,2
85348,0
85349,2
85350,3
85351,3
85352,1
85353,1
85354,1
85355,1
85356,3
85357,0
85358,1
85359,2
85360,0
85361,1
85362,3
85363,2
85364,0
85365,0
85366,3
85367,1
85368,3
85369,2
85370,1
85371,3
85372,0
85373,3
85374,1
85375,3
85376,2
85377,1
85378,3
85379,2
85380,3
85381,2
85382,1
85383,2
85384,2
85385,1
85386,2
85387,1
85388,3
85389,3
85390,3
85391,3
85392,2
85393,3
85394,3
85395,0
85396,1
85397,2
85398,0
85399,0
85400,3
85401,2
85402,2
85403,3
85404,2
85405,2
85406,1
85407,0
85408,1
85409,3
85410,0
85411,1
85412,1
85413,3
85414,0
85415,1
85416,0
85417,3
85418,3
85419,3
85420,2
85421,3
85422,3
85423,0
85424,3
85425,3
85426,0
85427,1
85428,2
85429,2
85430,1
85431,3
85432,2
85433,2
85434,3
85435,1
85436,2
85437,3
85438,1
85439,3
85440,3
85441,3
85442,3
85443,2
85444,1
85445,0
85446,0
85447,3
85448,3
85449,1
85450,3
85451,3
85452,0
85453,2
85454,1
85455,3
85456,2
85457,0
85458,1
85459,1
85460,1
85461,2
85462,1
85463,0
85464,2
85465,3
85466,1
85467,3
85468,3
85469,2
85470,1
85471,2
85472,3
85473,0
85474,1
85475,2
85476,0
85477,2
85478,2
85479,2
85480,2
85481,1
85482,2
85483,2
85484,3
85485,1
85486,3
85487,1
85488,1
85489,3
85490,0
85491,1
85492,1
85493,3
85494,0
85495,3
85496,1
85497,1
85498,3
85499,0
85500,3
85501,3
85502,0
85503,1
85504,0
85505,2
85506,1
85507,3
85508,0
85509,2
85510,3
85511,3
85512,0
85513,1
85514,2
85515,3
85516,3
85517,0
85518,2
85519,0
85520,3
85521,3
85522,2
85523,2
85524,0
85525,1
85526,3
85527,1
85528,3
85529,2
85530,2
85531,2
85532,0
85533,3
85534,1
85535,2
85536,3
85537,3
85538,1
85539,2
85540,0
85541,1
85542,0
85543,2
85544,3
85545,3
85546,2
85547,3
85548,0
85549,2
85550,0
85551,3
85552,0
85553,2
85554,2
85555,3
85556,0
85557,2
85558,2
85559,3
85560,3
85561,2
85562,3
85563,3
85564,2
85565,3
85566,3
85567,2
85568,3
85569,1
85570,3
85571,0
85572,2
85573,0
85574,2
85575,1
85576,2
85577,2
85578,0
85579,1
85580,0
85581,3
85582,0
85583,0
85584,2
85585,3
85586,2
85587,2
85588,2
85589,3
85590,3
85591,2
85592,3
85593,0
85594,3
85595,2
85596,2
85597,2
85598,3
85599,0
85600,1
85601,2
85602,1
85603,0
85604,3
85605,2
85606,0
85607,1
85608,3
85609,3
85610,3
85611,3
85612,2
85613,3
85614,0
85615,2
85616,1
85617,1
85618,3
85619,2
85620,3
85621,0
85622,3
85623,0
85624,3
85625,3
85626,1
85627,2
85628,0
85629,3
85630,2
85631,2
85632,0
85633,0
85634,2
85635,2
85636,3
85637,2
85638,0
85639,3
85640,2
85641,3
85642,2
85643,2
85644,3
85645,1
85646,0
85647,1
85648,2
85649,3
85650,1
85651,1
85652,2
85653,2
85654,1
85655,3
85656,1
85657,3
85658,3
85659,2
85660,3
85661,1
85662,3
85663,1
85664,1
85665,0
85666,2
85667,3
85668,1
85669,1
85670,3
85671,0
85672,3
85673,3
85674,0
85675,2
85676,2
85677,3
85678,3
85679,3
85680,1
85681,2
85682,2
85683,2
85684,1
85685,1
85686,0
85687,2
85688,3
85689,1
85690,2
85691,2
85692,1
85693,3
85694,0
85695,0
85696,3
85697,3
85698,1
85699,2
85700,0
85701,2
85702,2
85703,2
85704,1
85705,1
85706,3
85707,3
85708,1
85709,0
85710,3
85711,1
85712,0
85713,3
85714,1
85715,2
85716,2
85717,2
85718,1
85719,3
85720,3
85721,3
85722,3
85723,0
85724,3
85725,3
85726,3
85727,0
85728,3
85729,2
85730,3
85731,3
85732,1
85733,0
85734,3
85735,3
85736,1
85737,3
85738,2
85739,0
85740,0
85741,0
85742,3
85743,1
85744,0
85745,2
85746,2
85747,0
85748,3
85749,2
85750,0
85751,2
85752,0
85753,0
85754,2
85755,0
85756,0
85757,3
85758,2
85759,2
85760,1
85761,3
85762,1
85763,3
85764,1
85765,2
85766,2
85767,3
85768,3
85769,0
85770,3
85771,1
85772,1
85773,0
85774,1
85775,3
85776,0
85777,3
85778,0
85779,3
85780,3
85781,1
85782,3
85783,0
85784,2
85785,3
85786,3
85787,3
85788,0
85789,2
85790,3
85791,3
85792,3
85793,0
85794,3
85795,3
85796,0
85797,2
85798,2
85799,2
85800,2
85801,0
85802,1
85803,1
85804,3
85805,2
85806,0
85807,3
85808,3
85809,0
85810,3
85811,2
85812,2
85813,3
85814,3
85815,3
85816,2
85817,1
85818,3
85819,3
85820,1
85821,0
85822,1
85823,1
85824,1
85825,3
85826,0
85827,0
85828,3
85829,2
85830,3
85831,2
85832,0
85833,2
85834,3
85835,1
85836,1
85837,2
85838,2
85839,1
85840,1
85841,0
85842,3
85843,3
85844,1
85845,3
85846,0
85847,0
85848,3
85849,3
85850,2
85851,1
85852,3
85853,0
85854,3
85855,3
85856,2
85857,1
85858,1
85859,3
85860,3
85861,1
85862,2
85863,2
85864,2
85865,1
85866,1
85867,2
85868,2
85869,0
85870,1
85871,3
85872,2
85873,2
85874,2
85875,1
85876,2
85877,3
85878,0
85879,3
85880,3
85881,3
85882,3
85883,3
85884,3
85885,2
85886,2
85887,2
85888,3
85889,0
85890,1
85891,0
85892,2
85893,1
85894,0
85895,3
85896,3
85897,2
85898,0
85899,0
85900,2
85901,1
85902,0
85903,0
85904,3
85905,0
85906,3
85907,0
85908,3
85909,3
85910,1
85911,0
85912,3
85913,2
85914,2
85915,3
85916,1
85917,1
85918,0
85919,3
85920,0
85921,3
85922,1
85923,3
85924,0
85925,1
85926,3
85927,1
85928,2
85929,3
85930,2
85931,0
85932,2
85933,2
85934,2
85935,2
85936,3
85937,3
85938,3
85939,1
85940,1
85941,3
85942,2
85943,1
85944,1
85945,2
85946,1
85947,1
85948,2
85949,1
85950,2
85951,0
85952,1
85953,3
85954,0
85955,1
85956,2
85957,3
85958,2
85959,0
85960,2
85961,0
85962,1
85963,3
85964,2
85965,3
85966,1
85967,1
85968,2
85969,1
85970,1
85971,3
85972,0
85973,3
85974,3
85975,0
85976,3
85977,1
85978,0
85979,0
85980,3
85981,2
85982,1
85983,0
85984,3
85985,3
85986,2
85987,1
85988,3
85989,2
85990,3
85991,3
85992,2
85993,3
85994,2
85995,3
85996,2
85997,1
85998,3
85999,3
86000,1
86001,1
86002,3
86003,2
86004,3
86005,2
86006,3
86007,3
86008,3
86009,0
86010,1
86011,3
86012,3
86013,3
86014,1
86015,0
86016,1
86017,3
86018,3
86019,3
86020,3
86021,1
86022,1
86023,1
86024,1
86025,2
86026,1
86027,3
86028,0
86029,2
86030,0
86031,3
86032,1
86033,3
86034,2
86035,1
86036,3
86037,2
86038,1
86039,2
86040,2
86041,0
86042,3
86043,2
86044,1
86045,2
86046,3
86047,1
86048,0
86049,1
86050,3
86051,2
86052,2
86053,1
86054,3
86055,2
86056,0
86057,3
86058,0
86059,3
86060,1
86061,3
86062,3
86063,3
86064,0
86065,2
86066,1
86067,2
86068,3
86069,1
86070,0
86071,0
86072,3
86073,0
86074,3
86075,2
86076,3
86077,3
86078,0
86079,1
86080,1
86081,1
86082,3
86083,0
86084,3
86085,2
86086,0
86087,1
86088,1
86089,3
86090,0
86091,0
86092,2
86093,3
86094,2
86095,3
86096,0
86097,3
86098,2
86099,3
86100,2
86101,0
86102,1
86103,3
86104,0
86105,0
86106,2
86107,0
86108,1
86109,0
86110,1
86111,3
86112,3
86113,0
86114,1
86115,0
86116,0
86117,3
86118,2
86119,0
86120,3
86121,2
86122,3
86123,1
86124,2
86125,3
86126,1
86127,0
86128,2
86129,3
86130,1
86131,3
86132,2
86133,1
86134,3
86135,0
86136,3
86137,2
86138,0
86139,1
86140,2
86141,2
86142,2
86143,1
86144,1
86145,2
86146,1
86147,3
86148,3
86149,2
86150,0
86151,3
86152,3
86153,2
86154,3
86155,1
86156,2
86157,3
86158,2
86159,3
86160,3
86161,3
86162,3
86163,2
86164,2
86165,2
86166,0
86167,2
86168,1
86169,2
86170,2
86171,3
86172,1
86173,0
86174,3
86175,3
86176,2
86177,1
86178,3
86179,3
86180,2
86181,0
86182,2
86183,3
86184,3
86185,3
86186,2
86187,0
86188,3
86189,0
86190,1
86191,3
86192,3
86193,1
86194,1
86195,0
86196,1
86197,3
86198,0
86199,3
86200,3
86201,0
86202,2
86203,0
86204,3
86205,0
86206,2
86207,0
86208,3
86209,2
86210,3
86211,1
86212,0
86213,0
86214,0
86215,3
86216,1
86217,1
86218,2
86219,2
86220,2
86221,1
86222,0
86223,3
86224,0
86225,0
86226,1
86227,0
86228,2
86229,3
86230,1
86231,1
86232,3
86233,2
86234,2
86235,1
86236,1
86237,2
86238,1
86239,2
86240,3
86241,3
86242,3
86243,2
86244,0
86245,1
86246,1
86247,3
86248,3
86249,3
86250,0
86251,1
86252,3
86253,3
86254,3
86255,2
86256,2
86257,1
86258,3
86259,3
86260,1
86261,0
86262,2
86263,1
86264,0
86265,1
86266,3
86267,3
86268,0
86269,2
86270,0
86271,1
86272,1
86273,0
86274,0
86275,3
86276,2
86277,2
86278,3
86279,3
86280,3
86281,3
86282,0
86283,3
86284,0
86285,2
86286,3
86287,0
86288,2
86289,2
86290,3
86291,2
86292,2
86293,3
86294,0
86295,3
86296,3
86297,0
86298,0
86299,1
86300,2
86301,3
86302,1
86303,2
86304,3
86305,3
86306,1
86307,0
86308,3
86309,1
86310,3
86311,2
86312,0
86313,1
86314,0
86315,0
86316,2
86317,3
86318,2
86319,1
86320,3
86321,1
86322,2
86323,0
86324,0
86325,2
86326,2
86327,0
86328,3
86329,2
86330,3
86331,2
86332,0
86333,2
86334,2
86335,0
86336,0
86337,3
86338,2
86339,3
86340,3
86341,3
86342,1
86343,3
86344,1
86345,2
86346,2
86347,0
86348,3
86349,3
86350,0
86351,3
86352,3
86353,2
86354,3
86355,3
86356,3
86357,2
86358,2
86359,3
86360,0
86361,3
86362,3
86363,2
86364,3
86365,0
86366,3
86367,3
86368,0
86369,1
86370,3
86371,2
86372,0
86373,1
86374,3
86375,2
86376,1
86377,2
86378,0
86379,1
86380,1
86381,0
86382,2
86383,2
86384,3
86385,2
86386,3
86387,3
86388,1
86389,0
86390,3
86391,1
86392,2
86393,1
86394,2
86395,1
86396,1
86397,3
86398,2
86399,3
86400,3
86401,2
86402,2
86403,1
86404,2
86405,2
86406,3
86407,0
86408,1
86409,1
86410,0
86411,2
86412,2
86413,1
86414,3
86415,0
86416,3
86417,2
86418,0
86419,3
86420,1
86421,0
86422,1
86423,2
86424,2
86425,1
86426,3
86427,2
86428,3
86429,1
86430,1
86431,2
86432,1
86433,1
86434,0
86435,3
86436,3
86437,1
86438,0
86439,2
86440,3
86441,2
86442,3
86443,2
86444,0
86445,3
86446,1
86447,1
86448,0
86449,3
86450,0
86451,2
86452,3
86453,3
86454,1
86455,1
86456,1
86457,1
86458,3
86459,0
86460,1
86461,0
86462,3
86463,2
86464,3
86465,0
86466,2
86467,0
86468,3
86469,3
86470,1
86471,1
86472,3
86473,2
86474,1
86475,3
86476,3
86477,0
86478,2
86479,1
86480,3
86481,3
86482,0
86483,3
86484,2
86485,1
86486,3
86487,2
86488,0
86489,3
86490,0
86491,1
86492,3
86493,2
86494,2
86495,3
86496,1
86497,3
86498,1
86499,3
86500,3
86501,1
86502,3
86503,3
86504,2
86505,3
86506,1
86507,1
86508,1
86509,2
86510,3
86511,1
86512,3
86513,2
86514,3
86515,1
86516,0
86517,3
86518,1
86519,3
86520,2
86521,2
86522,2
86523,0
86524,3
86525,2
86526,3
86527,3
86528,1
86529,2
86530,3
86531,1
86532,3
86533,1
86534,2
86535,2
86536,3
86537,3
86538,3
86539,3
86540,3
86541,3
86542,1
86543,3
86544,2
86545,2
86546,3
86547,3
86548,0
86549,1
86550,2
86551,2
86552,1
86553,2
86554,0
86555,0
86556,3
86557,1
86558,3
86559,1
86560,3
86561,3
86562,0
86563,3
86564,0
86565,0
86566,3
86567,3
86568,3
86569,3
86570,3
86571,2
86572,3
86573,0
86574,0
86575,2
86576,3
86577,1
86578,2
86579,3
86580,3
86581,3
86582,0
86583,3
86584,2
86585,0
86586,0
86587,3
86588,3
86589,3
86590,1
86591,1
86592,2
86593,2
86594,3
86595,3
86596,0
86597,2
86598,1
86599,3
86600,1
86601,2
86602,1
86603,0
86604,0
86605,3
86606,3
86607,1
86608,0
86609,0
86610,3
86611,0
86612,2
86613,1
86614,0
86615,1
86616,2
86617,2
86618,3
86619,3
86620,3
86621,3
86622,0
86623,3
86624,0
86625,1
86626,3
86627,3
86628,1
86629,3
86630,3
86631,1
86632,3
86633,0
86634,1
86635,1
86636,0
86637,2
86638,3
86639,3
86640,3
86641,2
86642,3
86643,1
86644,3
86645,0
86646,1
86647,2
86648,1
86649,3
86650,1
86651,0
86652,0
86653,1
86654,3
86655,1
86656,3
86657,3
86658,3
86659,3
86660,3
86661,0
86662,0
86663,1
86664,2
86665,0
86666,1
86667,3
86668,2
86669,0
86670,0
86671,3
86672,3
86673,2
86674,1
86675,1
86676,3
86677,3
86678,3
86679,1
86680,0
86681,1
86682,1
86683,1
86684,1
86685,3
86686,2
86687,1
86688,3
86689,2
86690,3
86691,3
86692,2
86693,3
86694,3
86695,0
86696,0
86697,1
86698,2
86699,2
86700,3
86701,3
86702,3
86703,3
86704,3
86705,2
86706,1
86707,1
86708,1
86709,3
86710,2
86711,2
86712,0
86713,2
86714,0
86715,2
86716,1
86717,0
86718,3
86719,0
86720,3
86721,0
86722,3
86723,2
86724,1
86725,1
86726,0
86727,1
86728,0
86729,3
86730,3
86731,3
86732,0
86733,1
86734,3
86735,3
86736,3
86737,2
86738,2
86739,2
86740,0
86741,3
86742,3
86743,0
86744,1
86745,2
86746,1
86747,2
86748,3
86749,0
86750,3
86751,3
86752,2
86753,2
86754,1
86755,0
86756,1
86757,0
86758,2
86759,3
86760,1
86761,1
86762,3
86763,1
86764,3
86765,1
86766,3
86767,3
86768,3
86769,1
86770,3
86771,3
86772,3
86773,3
86774,2
86775,3
86776,3
86777,3
86778,3
86779,3
86780,3
86781,0
86782,2
86783,0
86784,3
86785,3
86786,2
86787,0
86788,0
86789,2
86790,0
86791,3
86792,2
86793,0
86794,1
86795,2
86796,2
86797,3
86798,3
86799,0
86800,3
86801,2
86802,2
86803,2
86804,2
86805,2
86806,1
86807,0
86808,2
86809,0
86810,1
86811,3
86812,3
86813,3
86814,0
86815,0
86816,3
86817,3
86818,0
86819,0
86820,0
86821,0
86822,3
86823,1
86824,1
86825,3
86826,0
86827,0
86828,1
86829,2
86830,3
86831,2
86832,2
86833,2
86834,2
86835,3
86836,2
86837,1
86838,2
86839,3
86840,3
86841,0
86842,1
86843,1
86844,2
86845,2
86846,3
86847,2
86848,1
86849,3
86850,2
86851,1
86852,1
86853,3
86854,3
86855,1
86856,3
86857,0
86858,1
86859,1
86860,2
86861,3
86862,1
86863,0
86864,1
86865,1
86866,3
86867,2
86868,2
86869,0
86870,3
86871,2
86872,2
86873,0
86874,1
86875,0
86876,3
86877,1
86878,2
86879,3
86880,0
86881,2
86882,0
86883,3
86884,2
86885,3
86886,3
86887,2
86888,2
86889,3
86890,0
86891,3
86892,3
86893,3
86894,2
86895,3
86896,3
86897,3
86898,2
86899,3
86900,2
86901,3
86902,2
86903,1
86904,2
86905,3
86906,0
86907,1
86908,3
86909,3
86910,3
86911,1
86912,3
86913,0
86914,3
86915,3
86916,2
86917,3
86918,0
86919,1
86920,3
86921,0
86922,2
86923,1
86924,3
86925,2
86926,2
86927,2
86928,3
86929,3
86930,3
86931,3
86932,3
86933,3
86934,3
86935,3
86936,2
86937,3
86938,2
86939,2
86940,2
86941,3
86942,3
86943,1
86944,2
86945,3
86946,3
86947,0
86948,1
86949,2
86950,3
86951,3
86952,3
86953,0
86954,2
86955,3
86956,0
86957,2
86958,3
86959,0
86960,0
86961,2
86962,3
86963,2
86964,1
86965,0
86966,2
86967,2
86968,1
86969,1
86970,2
86971,0
86972,2
86973,0
86974,3
86975,1
86976,3
86977,3
86978,2
86979,3
86980,3
86981,0
86982,2
86983,3
86984,0
86985,2
86986,2
86987,1
86988,1
86989,3
86990,3
86991,3
86992,2
86993,2
86994,3
86995,0
86996,2
86997,1
86998,0
86999,3
87000,1
87001,3
87002,2
87003,3
87004,2
87005,3
87006,3
87007,3
87008,3
87009,1
87010,0
87011,0
87012,1
87013,1
87014,1
87015,1
87016,3
87017,1
87018,2
87019,2
87020,0
87021,3
87022,3
87023,0
87024,1
87025,1
87026,1
87027,1
87028,3
87029,1
87030,2
87031,3
87032,0
87033,3
87034,1
87035,1
87036,1
87037,0
87038,3
87039,0
87040,3
87041,1
87042,3
87043,2
87044,1
87045,0
87046,0
87047,3
87048,3
87049,3
87050,0
87051,0
87052,0
87053,3
87054,0
87055,0
87056,3
87057,2
87058,0
87059,2
87060,3
87061,3
87062,3
87063,2
87064,3
87065,3
87066,1
87067,3
87068,1
87069,3
87070,3
87071,2
87072,3
87073,0
87074,2
87075,3
87076,3
87077,2
87078,3
87079,2
87080,3
87081,3
87082,1
87083,0
87084,3
87085,0
87086,3
87087,1
87088,3
87089,3
87090,2
87091,3
87092,1
87093,2
87094,3
87095,3
87096,3
87097,2
87098,2
87099,3
87100,0
87101,3
87102,0
87103,0
87104,3
87105,2
87106,3
87107,1
87108,0
87109,2
87110,1
87111,3
87112,0
87113,1
87114,3
87115,1
87116,3
87117,3
87118,3
87119,3
87120,2
87121,0
87122,2
87123,2
87124,2
87125,1
87126,0
87127,3
87128,2
87129,1
87130,1
87131,1
87132,3
87133,1
87134,0
87135,0
87136,1
87137,2
87138,3
87139,0
87140,0
87141,1
87142,3
87143,1
87144,2
87145,3
87146,3
87147,1
87148,1
87149,0
87150,2
87151,1
87152,1
87153,3
87154,1
87155,3
87156,0
87157,3
87158,0
87159,0
87160,2
87161,3
87162,1
87163,3
87164,3
87165,0
87166,3
87167,0
87168,1
87169,0
87170,0
87171,3
87172,2
87173,0
87174,3
87175,3
87176,2
87177,3
87178,3
87179,1
87180,1
87181,1
87182,1
87183,1
87184,1
87185,2
87186,3
87187,2
87188,3
87189,1
87190,1
87191,0
87192,2
87193,3
87194,0
87195,2
87196,0
87197,1
87198,2
87199,3
87200,0
87201,0
87202,1
87203,0
87204,0
87205,3
87206,3
87207,3
87208,0
87209,3
87210,3
87211,3
87212,3
87213,2
87214,3
87215,0
87216,2
87217,1
87218,1
87219,1
87220,1
87221,3
87222,3
87223,0
87224,0
87225,1
87226,3
87227,1
87228,2
87229,1
87230,2
87231,1
87232,3
87233,1
87234,3
87235,3
87236,3
87237,1
87238,1
87239,3
87240,2
87241,3
87242,2
87243,3
87244,1
87245,3
87246,2
87247,1
87248,2
87249,1
87250,2
87251,1
87252,2
87253,0
87254,1
87255,0
87256,3
87257,2
87258,0
87259,3
87260,3
87261,1
87262,2
87263,1
87264,0
87265,2
87266,2
87267,0
87268,1
87269,2
87270,1
87271,1
87272,2
87273,1
87274,3
87275,3
87276,2
87277,3
87278,3
87279,1
87280,0
87281,0
87282,0
87283,3
87284,1
87285,1
87286,0
87287,2
87288,3
87289,2
87290,1
87291,1
87292,1
87293,3
87294,2
87295,2
87296,3
87297,3
87298,2
87299,3
87300,1
87301,0
87302,3
87303,3
87304,2
87305,2
87306,3
87307,3
87308,0
87309,0
87310,2
87311,0
87312,3
87313,1
87314,1
87315,1
87316,1
87317,1
87318,1
87319,3
87320,1
87321,2
87322,0
87323,0
87324,3
87325,3
87326,0
87327,1
87328,3
87329,0
87330,3
87331,2
87332,3
87333,2
87334,2
87335,1
87336,3
87337,3
87338,0
87339,3
87340,0
87341,2
87342,2
87343,2
87344,0
87345,3
87346,1
87347,3
87348,2
87349,1
87350,3
87351,0
87352,1
87353,2
87354,3
87355,3
87356,2
87357,1
87358,1
87359,3
87360,1
87361,1
87362,1
87363,1
87364,3
87365,1
87366,1
87367,3
87368,3
87369,2
87370,3
87371,3
87372,0
87373,0
87374,0
87375,2
87376,2
87377,3
87378,3
87379,2
87380,0
87381,2
87382,3
87383,0
87384,1
87385,3
87386,0
87387,1
87388,1
87389,3
87390,3
87391,1
87392,0
87393,3
87394,3
87395,0
87396,1
87397,3
87398,1
87399,1
87400,2
87401,3
87402,1
87403,1
87404,0
87405,1
87406,1
87407,3
87408,0
87409,3
87410,2
87411,3
87412,2
87413,0
87414,3
87415,2
87416,3
87417,2
87418,1
87419,0
87420,3
87421,3
87422,0
87423,3
87424,0
87425,3
87426,3
87427,3
87428,3
87429,2
87430,3
87431,1
87432,3
87433,1
87434,3
87435,3
87436,1
87437,3
87438,2
87439,3
87440,0
87441,0
87442,3
87443,1
87444,2
87445,3
87446,3
87447,3
87448,2
87449,0
87450,0
87451,1
87452,3
87453,0
87454,1
87455,0
87456,3
87457,3
87458,2
87459,1
87460,2
87461,3
87462,2
87463,2
87464,3
87465,3
87466,2
87467,1
87468,3
87469,2
87470,3
87471,3
87472,1
87473,3
87474,0
87475,3
87476,2
87477,1
87478,1
87479,0
87480,2
87481,1
87482,1
87483,3
87484,2
87485,0
87486,2
87487,3
87488,3
87489,3
87490,0
87491,0
87492,2
87493,1
87494,1
87495,2
87496,3
87497,0
87498,0
87499,0
87500,0
87501,0
87502,3
87503,0
87504,0
87505,3
87506,3
87507,1
87508,3
87509,1
87510,3
87511,1
87512,1
87513,2
87514,3
87515,3
87516,3
87517,2
87518,3
87519,1
87520,3
87521,3
87522,1
87523,0
87524,3
87525,3
87526,3
87527,3
87528,2
87529,3
87530,1
87531,3
87532,0
87533,0
87534,1
87535,3
87536,0
87537,3
87538,3
87539,3
87540,2
87541,3
87542,3
87543,3
87544,3
87545,3
87546,3
87547,3
87548,3
87549,1
87550,0
87551,2
87552,1
87553,2
87554,0
87555,1
87556,2
87557,3
87558,3
87559,0
87560,3
87561,3
87562,3
87563,2
87564,3
87565,3
87566,0
87567,3
87568,3
87569,2
87570,1
87571,1
87572,0
87573,0
87574,2
87575,1
87576,1
87577,3
87578,2
87579,0
87580,3
87581,0
87582,3
87583,2
87584,0
87585,3
87586,2
87587,3
87588,0
87589,3
87590,3
87591,0
87592,2
87593,3
87594,3
87595,2
87596,1
87597,3
87598,2
87599,3
87600,0
87601,3
87602,0
87603,3
87604,3
87605,2
87606,2
87607,1
87608,2
87609,1
87610,1
87611,1
87612,0
87613,3
87614,3
87615,0
87616,3
87617,2
87618,0
87619,2
87620,2
87621,0
87622,0
87623,2
87624,3
87625,0
87626,0
87627,1
87628,0
87629,1
87630,3
87631,2
87632,0
87633,2
87634,0
87635,2
87636,1
87637,0
87638,2
87639,2
87640,3
87641,3
87642,0
87643,1
87644,0
87645,2
87646,3
87647,0
87648,1
87649,0
87650,1
87651,3
87652,3
87653,3
87654,3
87655,1
87656,2
87657,1
87658,1
87659,2
87660,0
87661,3
87662,3
87663,2
87664,1
87665,3
87666,0
87667,3
87668,0
87669,2
87670,3
87671,2
87672,0
87673,2
87674,3
87675,1
87676,0
87677,1
87678,3
87679,2
87680,3
87681,3
87682,2
87683,1
87684,0
87685,2
87686,2
87687,3
87688,3
87689,3
87690,3
87691,1
87692,2
87693,3
87694,0
87695,3
87696,0
87697,2
87698,3
87699,1
87700,3
87701,2
87702,3
87703,3
87704,3
87705,0
87706,1
87707,0
87708,3
87709,3
87710,2
87711,2
87712,3
87713,2
87714,2
87715,0
87716,0
87717,3
87718,3
87719,1
87720,3
87721,3
87722,2
87723,2
87724,3
87725,2
87726,0
87727,2
87728,2
87729,1
87730,0
87731,3
87732,3
87733,3
87734,0
87735,1
87736,1
87737,3
87738,0
87739,0
87740,1
87741,3
87742,0
87743,0
87744,1
87745,3
87746,3
87747,0
87748,0
87749,3
87750,2
87751,2
87752,2
87753,1
87754,0
87755,2
87756,1
87757,3
87758,3
87759,2
87760,0
87761,2
87762,3
87763,0
87764,3
87765,2
87766,3
87767,1
87768,2
87769,0
87770,3
87771,3
87772,1
87773,2
87774,3
87775,2
87776,1
87777,3
87778,1
87779,0
87780,1
87781,1
87782,3
87783,3
87784,1
87785,1
87786,3
87787,1
87788,3
87789,0
87790,1
87791,2
87792,0
87793,0
87794,3
87795,3
87796,3
87797,3
87798,2
87799,3
87800,0
87801,1
87802,1
87803,3
87804,1
87805,3
87806,1
87807,2
87808,1
87809,3
87810,3
87811,3
87812,0
87813,3
87814,3
87815,3
87816,3
87817,0
87818,3
87819,1
87820,0
87821,2
87822,0
87823,2
87824,3
87825,3
87826,3
87827,3
87828,1
87829,0
87830,3
87831,1
87832,2
87833,3
87834,1
87835,2
87836,3
87837,2
87838,2
87839,1
87840,3
87841,1
87842,1
87843,2
87844,1
87845,3
87846,1
87847,1
87848,1
87849,1
87850,1
87851,3
87852,2
87853,1
87854,1
87855,3
87856,1
87857,1
87858,3
87859,3
87860,2
87861,3
87862,3
87863,0
87864,3
87865,2
87866,2
87867,0
87868,3
87869,2
87870,2
87871,1
87872,0
87873,2
87874,2
87875,0
87876,3
87877,1
87878,2
87879,1
87880,1
87881,2
87882,3
87883,3
87884,0
87885,1
87886,0
87887,1
87888,3
87889,2
87890,0
87891,3
87892,0
87893,0
87894,0
87895,3
87896,0
87897,2
87898,2
87899,3
87900,0
87901,0
87902,0
87903,1
87904,1
87905,2
87906,1
87907,3
87908,3
87909,3
87910,0
87911,0
87912,0
87913,3
87914,3
87915,3
87916,2
87917,2
87918,2
87919,1
87920,0
87921,1
87922,0
87923,0
87924,3
87925,3
87926,3
87927,1
87928,0
87929,2
87930,3
87931,3
87932,3
87933,2
87934,3
87935,3
87936,0
87937,3
87938,1
87939,0
87940,1
87941,2
87942,1
87943,1
87944,2
87945,1
87946,0
87947,0
87948,2
87949,3
87950,3
87951,2
87952,0
87953,0
87954,2
87955,3
87956,2
87957,3
87958,3
87959,3
87960,1
87961,1
87962,3
87963,0
87964,1
87965,0
87966,0
87967,3
87968,0
87969,0
87970,0
87971,3
87972,0
87973,2
87974,1
87975,3
87976,0
87977,2
87978,2
87979,1
87980,3
87981,1
87982,0
87983,1
87984,3
87985,3
87986,0
87987,3
87988,3
87989,2
87990,1
87991,3
87992,0
87993,2
87994,1
87995,3
87996,3
87997,1
87998,1
87999,2
88000,0
88001,2
88002,0
88003,0
88004,1
88005,3
88006,0
88007,2
88008,1
88009,0
88010,1
88011,1
88012,0
88013,0
88014,3
88015,2
88016,3
88017,3
88018,2
88019,0
88020,1
88021,3
88022,0
88023,1
88024,2
88025,3
88026,2
88027,3
88028,1
88029,3
88030,2
88031,3
88032,0
88033,2
88034,2
88035,1
88036,3
88037,1
88038,0
88039,3
88040,2
88041,1
88042,3
88043,0
88044,1
88045,1
88046,3
88047,3
88048,2
88049,3
88050,3
88051,1
88052,0
88053,3
88054,0
88055,2
88056,0
88057,0
88058,2
88059,3
88060,1
88061,1
88062,3
88063,1
88064,2
88065,2
88066,0
88067,0
88068,1
88069,2
88070,0
88071,1
88072,3
88073,2
88074,3
88075,3
88076,2
88077,1
88078,3
88079,1
88080,2
88081,3
88082,1
88083,1
88084,2
88085,0
88086,1
88087,0
88088,0
88089,3
88090,1
88091,2
88092,3
88093,3
88094,0
88095,2
88096,3
88097,3
88098,1
88099,2
88100,3
88101,0
88102,1
88103,2
88104,1
88105,1
88106,3
88107,3
88108,1
88109,2
88110,1
88111,2
88112,1
88113,3
88114,1
88115,2
88116,1
88117,0
88118,2
88119,3
88120,3
88121,1
88122,3
88123,3
88124,2
88125,3
88126,3
88127,0
88128,1
88129,2
88130,3
88131,3
88132,3
88133,3
88134,1
88135,0
88136,3
88137,3
88138,1
88139,0
88140,3
88141,3
88142,1
88143,0
88144,2
88145,0
88146,0
88147,0
88148,1
88149,3
88150,2
88151,1
88152,1
88153,2
88154,3
88155,3
88156,0
88157,2
88158,0
88159,3
88160,0
88161,2
88162,3
88163,3
88164,0
88165,2
88166,1
88167,0
88168,3
88169,2
88170,1
88171,2
88172,2
88173,0
88174,2
88175,0
88176,3
88177,3
88178,2
88179,1
88180,3
88181,1
88182,0
88183,0
88184,3
88185,2
88186,1
88187,2
88188,2
88189,1
88190,3
88191,2
88192,3
88193,3
88194,0
88195,3
88196,3
88197,1
88198,1
88199,0
88200,3
88201,3
88202,3
88203,3
88204,2
88205,3
88206,1
88207,0
88208,1
88209,1
88210,0
88211,2
88212,3
88213,3
88214,2
88215,0
88216,1
88217,1
88218,2
88219,0
88220,1
88221,2
88222,2
88223,0
88224,3
88225,3
88226,3
88227,2
88228,3
88229,3
88230,0
88231,2
88232,0
88233,0
88234,3
88235,1
88236,2
88237,0
88238,3
88239,0
88240,1
88241,1
88242,0
88243,3
88244,2
88245,0
88246,1
88247,1
88248,1
88249,1
88250,1
88251,0
88252,0
88253,3
88254,3
88255,3
88256,1
88257,3
88258,0
88259,3
88260,2
88261,3
88262,1
88263,3
88264,0
88265,0
88266,0
88267,2
88268,1
88269,3
88270,3
88271,0
88272,3
88273,0
88274,3
88275,1
88276,2
88277,3
88278,2
88279,3
88280,2
88281,3
88282,3
88283,1
88284,0
88285,3
88286,1
88287,3
88288,3
88289,2
88290,3
88291,1
88292,1
88293,1
88294,0
88295,0
88296,3
88297,1
88298,3
88299,3
88300,2
88301,3
88302,0
88303,3
88304,1
88305,0
88306,3
88307,2
88308,3
88309,0
88310,3
88311,1
88312,2
88313,1
88314,2
88315,1
88316,3
88317,3
88318,3
88319,0
88320,0
88321,3
88322,0
88323,1
88324,1
88325,3
88326,1
88327,0
88328,3
88329,1
88330,1
88331,0
88332,3
88333,0
88334,3
88335,3
88336,3
88337,0
88338,2
88339,3
88340,0
88341,2
88342,3
88343,3
88344,3
88345,0
88346,0
88347,0
88348,3
88349,0
88350,0
88351,1
88352,2
88353,1
88354,2
88355,1
88356,0
88357,3
88358,1
88359,3
88360,3
88361,3
88362,2
88363,2
88364,1
88365,3
88366,0
88367,1
88368,3
88369,0
88370,0
88371,2
88372,0
88373,1
88374,2
88375,3
88376,0
88377,1
88378,1
88379,3
88380,1
88381,3
88382,1
88383,0
88384,1
88385,1
88386,3
88387,1
88388,0
88389,0
88390,1
88391,1
88392,2
88393,3
88394,3
88395,2
88396,1
88397,2
88398,2
88399,2
88400,3
88401,0
88402,3
88403,0
88404,2
88405,3
88406,2
88407,3
88408,3
88409,1
88410,3
88411,0
88412,3
88413,3
88414,3
88415,3
88416,2
88417,0
88418,3
88419,2
88420,2
88421,3
88422,3
88423,3
88424,2
88425,1
88426,1
88427,2
88428,2
88429,1
88430,2
88431,3
88432,3
88433,0
88434,1
88435,1
88436,1
88437,2
88438,1
88439,0
88440,0
88441,3
88442,1
88443,0
88444,1
88445,1
88446,1
88447,0
88448,0
88449,3
88450,1
88451,1
88452,0
88453,3
88454,0
88455,0
88456,1
88457,1
88458,0
88459,1
88460,0
88461,1
88462,3
88463,1
88464,2
88465,0
88466,1
88467,3
88468,0
88469,3
88470,1
88471,1
88472,1
88473,0
88474,1
88475,3
88476,2
88477,3
88478,0
88479,0
88480,1
88481,1
88482,0
88483,2
88484,0
88485,3
88486,1
88487,3
88488,2
88489,1
88490,0
88491,0
88492,3
88493,3
88494,2
88495,0
88496,0
88497,3
88498,1
88499,2
88500,3
88501,2
88502,0
88503,3
88504,3
88505,3
88506,0
88507,1
88508,3
88509,3
88510,2
88511,1
88512,1
88513,0
88514,2
88515,3
88516,2
88517,0
88518,0
88519,2
88520,0
88521,3
88522,3
88523,1
88524,1
88525,3
88526,0
88527,1
88528,2
88529,3
88530,3
88531,0
88532,0
88533,3
88534,1
88535,3
88536,3
88537,3
88538,2
88539,3
88540,2
88541,2
88542,0
88543,0
88544,1
88545,3
88546,2
88547,2
88548,3
88549,1
88550,2
88551,3
88552,2
88553,2
88554,3
88555,3
88556,0
88557,1
88558,3
88559,2
88560,1
88561,3
88562,1
88563,1
88564,3
88565,1
88566,1
88567,3
88568,2
88569,0
88570,2
88571,3
88572,1
88573,2
88574,3
88575,3
88576,3
88577,2
88578,2
88579,3
88580,0
88581,2
88582,2
88583,3
88584,2
88585,3
88586,3
88587,1
88588,2
88589,1
88590,0
88591,3
88592,0
88593,3
88594,0
88595,3
88596,0
88597,3
88598,1
88599,3
88600,2
88601,3
88602,1
88603,3
88604,0
88605,1
88606,0
88607,3
88608,1
88609,2
88610,3
88611,1
88612,1
88613,2
88614,2
88615,0
88616,0
88617,3
88618,1
88619,3
88620,2
88621,1
88622,2
88623,1
88624,0
88625,3
88626,1
88627,3
88628,1
88629,3
88630,3
88631,3
88632,3
88633,0
88634,1
88635,0
88636,0
88637,0
88638,1
88639,0
88640,1
88641,2
88642,3
88643,2
88644,3
88645,3
88646,0
88647,2
88648,0
88649,1
88650,1
88651,1
88652,1
88653,3
88654,0
88655,3
88656,2
88657,1
88658,2
88659,3
88660,2
88661,1
88662,0
88663,2
88664,0
88665,2
88666,1
88667,0
88668,1
88669,3
88670,3
88671,1
88672,2
88673,3
88674,3
88675,3
88676,1
88677,0
88678,1
88679,3
88680,1
88681,3
88682,2
88683,2
88684,3
88685,2
88686,3
88687,1
88688,1
88689,2
88690,3
88691,3
88692,1
88693,1
88694,1
88695,2
88696,1
88697,1
88698,3
88699,1
88700,2
88701,3
88702,0
88703,2
88704,2
88705,0
88706,0
88707,1
88708,3
88709,3
88710,3
88711,2
88712,2
88713,1
88714,2
88715,3
88716,1
88717,3
88718,0
88719,1
88720,3
88721,1
88722,1
88723,0
88724,1
88725,3
88726,3
88727,3
88728,2
88729,2
88730,3
88731,3
88732,1
88733,0
88734,1
88735,2
88736,2
88737,0
88738,3
88739,2
88740,3
88741,3
88742,1
88743,1
88744,3
88745,3
88746,3
88747,0
88748,2
88749,0
88750,2
88751,3
88752,3
88753,3
88754,1
88755,2
88756,1
88757,1
88758,1
88759,3
88760,3
88761,3
88762,3
88763,3
88764,3
88765,2
88766,2
88767,3
88768,1
88769,2
88770,3
88771,2
88772,3
88773,2
88774,1
88775,0
88776,3
88777,2
88778,0
88779,0
88780,3
88781,0
88782,2
88783,3
88784,0
88785,3
88786,1
88787,3
88788,0
88789,1
88790,3
88791,3
88792,3
88793,3
88794,0
88795,2
88796,1
88797,3
88798,1
88799,0
88800,0
88801,3
88802,1
88803,0
88804,0
88805,2
88806,1
88807,2
88808,3
88809,0
88810,0
88811,3
88812,0
88813,0
88814,3
88815,3
88816,2
88817,1
88818,0
88819,1
88820,0
88821,1
88822,0
88823,3
88824,2
88825,1
88826,0
88827,0
88828,0
88829,1
88830,1
88831,0
88832,2
88833,0
88834,0
88835,3
88836,1
88837,3
88838,0
88839,3
88840,3
88841,2
88842,2
88843,3
88844,3
88845,0
88846,3
88847,3
88848,0
88849,2
88850,3
88851,3
88852,0
88853,3
88854,3
88855,0
88856,0
88857,3
88858,1
88859,3
88860,3
88861,0
88862,2
88863,0
88864,2
88865,3
88866,1
88867,2
88868,3
88869,0
88870,1
88871,0
88872,1
88873,2
88874,3
88875,3
88876,3
88877,0
88878,3
88879,0
88880,3
88881,1
88882,2
88883,2
88884,3
88885,3
88886,2
88887,3
88888,2
88889,0
88890,3
88891,0
88892,0
88893,0
88894,0
88895,3
88896,3
88897,3
88898,1
88899,3
88900,3
88901,3
88902,0
88903,3
88904,2
88905,2
88906,3
88907,1
88908,1
88909,3
88910,3
88911,3
88912,0
88913,3
88914,1
88915,1
88916,2
88917,3
88918,3
88919,0
88920,3
88921,3
88922,2
88923,2
88924,1
88925,1
88926,1
88927,2
88928,0
88929,3
88930,3
88931,1
88932,1
88933,2
88934,3
88935,2
88936,1
88937,3
88938,1
88939,3
88940,2
88941,2
88942,1
88943,3
88944,3
88945,3
88946,1
88947,3
88948,2
88949,0
88950,2
88951,1
88952,3
88953,1
88954,2
88955,2
88956,2
88957,2
88958,0
88959,2
88960,3
88961,0
88962,0
88963,3
88964,3
88965,0
88966,1
88967,3
88968,1
88969,0
88970,2
88971,1
88972,0
88973,3
88974,0
88975,3
88976,1
88977,3
88978,0
88979,0
88980,1
88981,3
88982,3
88983,3
88984,1
88985,3
88986,1
88987,3
88988,3
88989,2
88990,3
88991,0
88992,1
88993,3
88994,3
88995,2
88996,1
88997,3
88998,1
88999,2
89000,0
89001,0
89002,0
89003,3
89004,1
89005,1
89006,3
89007,0
89008,0
89009,1
89010,3
89011,3
89012,2
89013,1
89014,3
89015,0
89016,1
89017,3
89018,1
89019,3
89020,2
89021,0
89022,3
89023,2
89024,2
89025,1
89026,1
89027,3
89028,3
89029,2
89030,3
89031,0
89032,1
89033,3
89034,3
89035,0
89036,2
89037,2
89038,1
89039,1
89040,3
89041,3
89042,2
89043,2
89044,1
89045,2
89046,0
89047,3
89048,0
89049,3
89050,0
89051,3
89052,2
89053,0
89054,2
89055,3
89056,3
89057,1
89058,3
89059,2
89060,2
89061,3
89062,2
89063,3
89064,1
89065,1
89066,3
89067,3
89068,1
89069,0
89070,3
89071,1
89072,3
89073,2
89074,3
89075,2
89076,1
89077,2
89078,3
89079,3
89080,1
89081,3
89082,3
89083,3
89084,3
89085,0
89086,3
89087,1
89088,2
89089,3
89090,0
89091,1
89092,1
89093,2
89094,1
89095,3
89096,0
89097,2
89098,2
89099,2
89100,3
89101,3
89102,3
89103,1
89104,2
89105,3
89106,3
89107,3
89108,0
89109,0
89110,0
89111,0
89112,1
89113,2
89114,3
89115,1
89116,0
89117,0
89118,3
89119,3
89120,3
89121,0
89122,2
89123,2
89124,2
89125,2
89126,2
89127,1
89128,2
89129,2
89130,1
89131,3
89132,2
89133,2
89134,0
89135,3
89136,2
89137,2
89138,3
89139,3
89140,0
89141,2
89142,1
89143,3
89144,0
89145,3
89146,0
89147,3
89148,3
89149,3
89150,3
89151,1
89152,2
89153,3
89154,3
89155,2
89156,1
89157,1
89158,1
89159,3
89160,0
89161,0
89162,3
89163,3
89164,0
89165,0
89166,2
89167,3
89168,3
89169,3
89170,1
89171,3
89172,1
89173,3
89174,3
89175,2
89176,1
89177,1
89178,1
89179,3
89180,3
89181,2
89182,3
89183,2
89184,0
89185,3
89186,2
89187,3
89188,0
89189,3
89190,3
89191,0
89192,1
89193,3
89194,3
89195,3
89196,3
89197,3
89198,0
89199,0
89200,0
89201,1
89202,1
89203,2
89204,1
89205,0
89206,2
89207,1
89208,0
89209,3
89210,3
89211,2
89212,2
89213,0
89214,1
89215,2
89216,0
89217,3
89218,2
89219,1
89220,3
89221,0
89222,2
89223,1
89224,3
89225,0
89226,1
89227,0
89228,0
89229,2
89230,1
89231,0
89232,0
89233,3
89234,2
89235,3
89236,3
89237,3
89238,0
89239,2
89240,2
89241,3
89242,3
89243,2
89244,1
89245,2
89246,0
89247,0
89248,3
89249,0
89250,2
89251,0
89252,3
89253,3
89254,1
89255,0
89256,2
89257,3
89258,3
89259,1
89260,2
89261,2
89262,3
89263,0
89264,0
89265,2
89266,1
89267,2
89268,3
89269,3
89270,3
89271,2
89272,1
89273,0
89274,1
89275,1
89276,3
89277,2
89278,0
89279,3
89280,2
89281,3
89282,1
89283,2
89284,0
89285,0
89286,3
89287,2
89288,2
89289,1
89290,1
89291,0
89292,3
89293,0
89294,0
89295,1
89296,1
89297,2
89298,3
89299,3
89300,3
89301,3
89302,2
89303,0
89304,3
89305,3
89306,1
89307,2
89308,0
89309,2
89310,0
89311,1
89312,0
89313,1
89314,2
89315,2
89316,3
89317,1
89318,1
89319,0
89320,1
89321,2
89322,3
89323,3
89324,3
89325,1
89326,3
89327,3
89328,3
89329,3
89330,0
89331,2
89332,2
89333,2
89334,3
89335,1
89336,0
89337,2
89338,3
89339,1
89340,0
89341,2
89342,2
89343,3
89344,2
89345,0
89346,2
89347,1
89348,2
89349,3
89350,2
89351,3
89352,1
89353,3
89354,3
89355,1
89356,2
89357,2
89358,3
89359,1
89360,3
89361,0
89362,0
89363,2
89364,3
89365,3
89366,2
89367,1
89368,2
89369,3
89370,2
89371,2
89372,2
89373,2
89374,3
89375,0
89376,2
89377,2
89378,1
89379,3
89380,0
89381,3
89382,1
89383,3
89384,3
89385,3
89386,2
89387,1
89388,2
89389,2
89390,1
89391,3
89392,0
89393,0
89394,0
89395,2
89396,3
89397,2
89398,1
89399,3
89400,3
89401,3
89402,0
89403,2
89404,1
89405,3
89406,2
89407,2
89408,2
89409,1
89410,0
89411,3
89412,2
89413,0
89414,0
89415,2
89416,3
89417,2
89418,0
89419,1
89420,2
89421,0
89422,3
89423,0
89424,2
89425,3
89426,0
89427,1
89428,3
89429,3
89430,2
89431,3
89432,1
89433,3
89434,0
89435,2
89436,0
89437,3
89438,3
89439,1
89440,0
89441,2
89442,1
89443,3
89444,1
89445,1
89446,3
89447,0
89448,1
89449,1
89450,2
89451,3
89452,3
89453,2
89454,3
89455,3
89456,2
89457,3
89458,1
89459,3
89460,1
89461,3
89462,2
89463,0
89464,3
89465,0
89466,3
89467,2
89468,1
89469,3
89470,2
89471,3
89472,3
89473,2
89474,1
89475,1
89476,3
89477,1
89478,1
89479,1
89480,3
89481,2
89482,1
89483,2
89484,3
89485,2
89486,0
89487,0
89488,2
89489,2
89490,3
89491,2
89492,2
89493,1
89494,3
89495,3
89496,2
89497,2
89498,3
89499,1
89500,3
89501,1
89502,0
89503,3
89504,0
89505,1
89506,1
89507,0
89508,1
89509,1
89510,0
89511,2
89512,3
89513,1
89514,3
89515,0
89516,2
89517,2
89518,1
89519,3
89520,3
89521,3
89522,3
89523,3
89524,2
89525,0
89526,1
89527,1
89528,2
89529,2
89530,2
89531,3
89532,3
89533,1
89534,2
89535,0
89536,0
89537,2
89538,0
89539,2
89540,1
89541,0
89542,1
89543,2
89544,1
89545,3
89546,3
89547,1
89548,2
89549,1
89550,1
89551,0
89552,1
89553,3
89554,2
89555,3
89556,3
89557,1
89558,3
89559,1
89560,2
89561,3
89562,3
89563,2
89564,0
89565,3
89566,3
89567,1
89568,0
89569,1
89570,1
89571,0
89572,2
89573,3
89574,0
89575,1
89576,0
89577,2
89578,0
89579,2
89580,1
89581,2
89582,2
89583,3
89584,3
89585,3
89586,3
89587,3
89588,3
89589,3
89590,3
89591,3
89592,2
89593,2
89594,3
89595,1
89596,3
89597,2
89598,0
89599,3
89600,3
89601,2
89602,3
89603,2
89604,1
89605,3
89606,0
89607,3
89608,1
89609,2
89610,2
89611,2
89612,0
89613,2
89614,0
89615,0
89616,3
89617,3
89618,1
89619,3
89620,1
89621,2
89622,3
89623,3
89624,1
89625,1
89626,0
89627,3
89628,2
89629,1
89630,0
89631,2
89632,2
89633,0
89634,3
89635,3
89636,3
89637,2
89638,3
89639,2
89640,1
89641,1
89642,1
89643,3
89644,3
89645,2
89646,1
89647,2
89648,3
89649,2
89650,2
89651,2
89652,2
89653,1
89654,1
89655,2
89656,3
89657,0
89658,1
89659,1
89660,0
89661,0
89662,3
89663,0
89664,3
89665,3
89666,1
89667,1
89668,0
89669,2
89670,2
89671,3
89672,1
89673,3
89674,1
89675,2
89676,2
89677,3
89678,3
89679,3
89680,1
89681,3
89682,3
89683,3
89684,1
89685,1
89686,3
89687,0
89688,2
89689,0
89690,1
89691,1
89692,3
89693,2
89694,1
89695,2
89696,3
89697,3
89698,2
89699,2
89700,2
89701,3
89702,0
89703,2
89704,0
89705,2
89706,0
89707,1
89708,1
89709,2
89710,0
89711,3
89712,2
89713,2
89714,3
89715,0
89716,1
89717,3
89718,0
89719,2
89720,3
89721,2
89722,1
89723,2
89724,3
89725,2
89726,2
89727,3
89728,2
89729,1
89730,0
89731,1
89732,0
89733,1
89734,3
89735,3
89736,2
89737,3
89738,0
89739,3
89740,1
89741,0
89742,1
89743,2
89744,3
89745,0
89746,0
89747,0
89748,3
89749,3
89750,0
89751,2
89752,2
89753,3
89754,2
89755,2
89756,3
89757,2
89758,3
89759,2
89760,1
89761,3
89762,0
89763,0
89764,1
89765,0
89766,3
89767,1
89768,1
89769,1
89770,1
89771,1
89772,0
89773,3
89774,3
89775,0
89776,3
89777,0
89778,3
89779,2
89780,2
89781,2
89782,0
89783,2
89784,3
89785,2
89786,3
89787,0
89788,2
89789,3
89790,3
89791,3
89792,3
89793,3
89794,3
89795,0
89796,1
89797,2
89798,1
89799,2
89800,0
89801,0
89802,0
89803,3
89804,2
89805,1
89806,3
89807,3
89808,2
89809,3
89810,0
89811,3
89812,1
89813,2
89814,2
89815,0
89816,0
89817,0
89818,3
89819,2
89820,0
89821,0
89822,0
89823,1
89824,2
89825,3
89826,2
89827,2
89828,0
89829,0
89830,1
89831,0
89832,2
89833,1
89834,1
89835,3
89836,0
89837,3
89838,2
89839,3
89840,1
89841,1
89842,2
89843,0
89844,2
89845,0
89846,1
89847,2
89848,3
89849,3
89850,2
89851,2
89852,3
89853,0
89854,2
89855,0
89856,1
89857,3
89858,3
89859,3
89860,1
89861,1
89862,3
89863,3
89864,2
89865,2
89866,3
89867,1
89868,1
89869,3
89870,2
89871,3
89872,2
89873,3
89874,3
89875,3
89876,2
89877,2
89878,2
89879,1
89880,3
89881,2
89882,2
89883,1
89884,0
89885,3
89886,3
89887,3
89888,3
89889,3
89890,0
89891,0
89892,3
89893,2
89894,1
89895,0
89896,3
89897,1
89898,1
89899,3
89900,3
89901,0
89902,3
89903,0
89904,2
89905,2
89906,0
89907,2
89908,2
89909,2
89910,3
89911,1
89912,3
89913,3
89914,3
89915,2
89916,1
89917,3
89918,3
89919,3
89920,2
89921,3
89922,0
89923,0
89924,3
89925,1
89926,0
89927,3
89928,2
89929,2
89930,3
89931,1
89932,3
89933,2
89934,1
89935,2
89936,2
89937,3
89938,2
89939,0
89940,0
89941,1
89942,2
89943,1
89944,3
89945,1
89946,2
89947,0
89948,1
89949,3
89950,3
89951,3
89952,0
89953,0
89954,2
89955,1
89956,2
89957,2
89958,3
89959,2
89960,3
89961,0
89962,0
89963,2
89964,2
89965,1
89966,2
89967,0
89968,3
89969,1
89970,3
89971,1
89972,0
89973,3
89974,0
89975,2
89976,3
89977,2
89978,2
89979,3
89980,3
89981,0
89982,3
89983,2
89984,1
89985,3
89986,3
89987,3
89988,0
89989,0
89990,1
89991,3
89992,3
89993,0
89994,3
89995,0
89996,2
89997,0
89998,1
89999,0
90000,1
90001,1
90002,1
90003,2
90004,0
90005,3
90006,2
90007,3
90008,3
90009,3
90010,3
90011,2
90012,3
90013,0
90014,1
90015,2
90016,0
90017,1
90018,0
90019,1
90020,0
90021,1
90022,3
90023,2
90024,2
90025,3
90026,1
90027,3
90028,1
90029,3
90030,1
90031,0
90032,1
90033,1
90034,3
90035,3
90036,2
90037,1
90038,1
90039,3
90040,3
90041,2
90042,2
90043,3
90044,1
90045,0
90046,0
90047,2
90048,0
90049,0
90050,3
90051,2
90052,3
90053,1
90054,3
90055,1
90056,3
90057,1
90058,2
90059,3
90060,0
90061,2
90062,0
90063,1
90064,3
90065,3
90066,1
90067,3
90068,3
90069,2
90070,1
90071,1
90072,2
90073,3
90074,1
90075,3
90076,3
90077,2
90078,1
90079,3
90080,3
90081,0
90082,2
90083,3
90084,3
90085,2
90086,2
90087,2
90088,1
90089,1
90090,3
90091,0
90092,1
90093,2
90094,2
90095,0
90096,2
90097,3
90098,0
90099,2
90100,0
90101,2
90102,3
90103,3
90104,2
90105,0
90106,3
90107,3
90108,3
90109,3
90110,0
90111,3
90112,0
90113,1
90114,1
90115,2
90116,2
90117,1
90118,2
90119,1
90120,2
90121,3
90122,1
90123,3
90124,3
90125,3
90126,3
90127,0
90128,2
90129,3
90130,3
90131,2
90132,3
90133,3
90134,2
90135,0
90136,1
90137,3
90138,1
90139,3
90140,1
90141,0
90142,1
90143,1
90144,1
90145,0
90146,3
90147,0
90148,2
90149,1
90150,1
90151,0
90152,3
90153,0
90154,3
90155,3
90156,3
90157,1
90158,2
90159,1
90160,2
90161,2
90162,3
90163,1
90164,2
90165,1
90166,1
90167,1
90168,2
90169,3
90170,1
90171,3
90172,3
90173,3
90174,0
90175,0
90176,0
90177,2
90178,3
90179,1
90180,1
90181,2
90182,2
90183,2
90184,3
90185,1
90186,2
90187,2
90188,3
90189,1
90190,0
90191,1
90192,3
90193,1
90194,0
90195,2
90196,2
90197,1
90198,2
90199,2
90200,1
90201,1
90202,3
90203,0
90204,1
90205,0
90206,2
90207,3
90208,0
90209,0
90210,1
90211,3
90212,0
90213,1
90214,3
90215,1
90216,3
90217,3
90218,1
90219,3
90220,0
90221,3
90222,2
90223,3
90224,0
90225,2
90226,3
90227,3
90228,2
90229,3
90230,3
90231,3
90232,3
90233,1
90234,3
90235,0
90236,3
90237,3
90238,1
90239,3
90240,2
90241,3
90242,1
90243,3
90244,2
90245,3
90246,2
90247,3
90248,1
90249,3
90250,3
90251,0
90252,3
90253,2
90254,1
90255,1
90256,3
90257,1
90258,2
90259,0
90260,3
90261,1
90262,2
90263,3
90264,1
90265,3
90266,3
90267,0
90268,3
90269,0
90270,1
90271,3
90272,3
90273,2
90274,0
90275,1
90276,0
90277,3
90278,3
90279,0
90280,3
90281,0
90282,1
90283,3
90284,3
90285,2
90286,1
90287,3
90288,1
90289,3
90290,3
90291,0
90292,2
90293,3
90294,1
90295,1
90296,3
90297,3
90298,2
90299,2
90300,3
90301,2
90302,2
90303,0
90304,3
90305,2
90306,1
90307,3
90308,3
90309,2
90310,3
90311,1
90312,3
90313,3
90314,3
90315,0
90316,3
90317,3
90318,0
90319,1
90320,3
90321,3
90322,3
90323,3
90324,2
90325,2
90326,0
90327,1
90328,2
90329,2
90330,0
90331,3
90332,2
90333,1
90334,2
90335,3
90336,0
90337,0
90338,3
90339,3
90340,1
90341,0
90342,1
90343,0
90344,3
90345,1
90346,2
90347,3
90348,1
90349,2
90350,3
90351,2
90352,3
90353,1
90354,1
90355,0
90356,0
90357,1
90358,2
90359,2
90360,0
90361,2
90362,0
90363,2
90364,0
90365,1
90366,3
90367,1
90368,1
90369,3
90370,0
90371,3
90372,3
90373,3
90374,2
90375,3
90376,2
90377,3
90378,3
90379,3
90380,2
90381,1
90382,3
90383,2
90384,0
90385,1
90386,3
90387,3
90388,3
90389,3
90390,3
90391,2
90392,3
90393,2
90394,2
90395,1
90396,0
90397,1
90398,1
90399,1
90400,2
90401,0
90402,3
90403,1
90404,1
90405,1
90406,3
90407,3
90408,0
90409,3
90410,0
90411,3
90412,2
90413,3
90414,0
90415,2
90416,3
90417,3
90418,2
90419,1
90420,2
90421,3
90422,1
90423,3
90424,3
90425,2
90426,0
90427,3
90428,2
90429,0
90430,3
90431,3
90432,3
90433,3
90434,1
90435,3
90436,0
90437,2
90438,0
90439,3
90440,3
90441,3
90442,3
90443,0
90444,0
90445,3
90446,3
90447,1
90448,3
90449,2
90450,2
90451,3
90452,0
90453,3
90454,2
90455,1
90456,3
90457,0
90458,2
90459,3
90460,3
90461,3
90462,3
90463,3
90464,1
90465,0
90466,2
90467,1
90468,3
90469,3
90470,0
90471,3
90472,3
90473,2
90474,3
90475,1
90476,3
90477,3
90478,1
90479,3
90480,1
90481,2
90482,3
90483,1
90484,2
90485,2
90486,3
90487,1
90488,1
90489,3
90490,1
90491,3
90492,0
90493,2
90494,1
90495,1
90496,1
90497,1
90498,1
90499,0
90500,1
90501,0
90502,0
90503,2
90504,1
90505,3
90506,2
90507,3
90508,1
90509,3
90510,0
90511,1
90512,3
90513,1
90514,3
90515,2
90516,1
90517,2
90518,2
90519,2
90520,0
90521,0
90522,0
90523,0
90524,3
90525,2
90526,1
90527,3
90528,3
90529,3
90530,0
90531,3
90532,3
90533,2
90534,3
90535,3
90536,2
90537,1
90538,3
90539,0
90540,3
90541,0
90542,3
90543,0
90544,3
90545,3
90546,0
90547,2
90548,3
90549,2
90550,2
90551,0
90552,1
90553,1
90554,1
90555,1
90556,2
90557,0
90558,1
90559,2
90560,0
90561,0
90562,1
90563,3
90564,1
90565,1
90566,0
90567,0
90568,3
90569,2
90570,3
90571,0
90572,2
90573,3
90574,3
90575,3
90576,1
90577,1
90578,3
90579,3
90580,2
90581,3
90582,3
90583,1
90584,3
90585,2
90586,0
90587,2
90588,3
90589,0
90590,3
90591,0
90592,1
90593,3
90594,3
90595,3
90596,1
90597,2
90598,2
90599,3
90600,0
90601,3
90602,3
90603,1
90604,2
90605,0
90606,3
90607,2
90608,3
90609,3
90610,2
90611,0
90612,1
90613,1
90614,2
90615,2
90616,2
90617,2
90618,3
90619,1
90620,3
90621,3
90622,3
90623,2
90624,1
90625,3
90626,0
90627,3
90628,0
90629,1
90630,3
90631,3
90632,1
90633,0
90634,1
90635,1
90636,1
90637,0
90638,3
90639,0
90640,1
90641,3
90642,3
90643,0
90644,1
90645,0
90646,2
90647,3
90648,3
90649,3
90650,1
90651,1
90652,2
90653,3
90654,2
90655,2
90656,3
90657,1
90658,0
90659,1
90660,3
90661,3
90662,0
90663,1
90664,3
90665,0
90666,3
90667,0
90668,0
90669,1
90670,3
90671,1
90672,3
90673,1
90674,3
90675,3
90676,3
90677,3
90678,3
90679,2
90680,3
90681,3
90682,3
90683,1
90684,1
90685,3
90686,2
90687,3
90688,3
90689,1
90690,3
90691,3
90692,3
90693,3
90694,2
90695,0
90696,3
90697,2
90698,1
90699,0
90700,1
90701,3
90702,3
90703,1
90704,1
90705,1
90706,2
90707,3
90708,1
90709,1
90710,0
90711,1
90712,3
90713,3
90714,0
90715,2
90716,2
90717,0
90718,3
90719,1
90720,2
90721,3
90722,3
90723,2
90724,0
90725,3
90726,2
90727,3
90728,3
90729,3
90730,0
90731,2
90732,1
90733,2
90734,0
90735,3
90736,1
90737,2
90738,2
90739,0
90740,3
90741,1
90742,1
90743,2
90744,0
90745,1
90746,0
90747,2
90748,3
90749,0
90750,3
90751,0
90752,3
90753,0
90754,0
90755,0
90756,0
90757,2
90758,1
90759,3
90760,0
90761,3
90762,3
90763,3
90764,1
90765,2
90766,2
90767,2
90768,3
90769,1
90770,3
90771,1
90772,0
90773,3
90774,3
90775,2
90776,3
90777,1
90778,2
90779,2
90780,3
90781,3
90782,1
90783,0
90784,0
90785,1
90786,1
90787,1
90788,3
90789,3
90790,0
90791,1
90792,3
90793,3
90794,2
90795,1
90796,2
90797,3
90798,0
90799,2
90800,1
90801,2
90802,3
90803,1
90804,3
90805,0
90806,0
90807,1
90808,2
90809,2
90810,0
90811,2
90812,3
90813,1
90814,3
90815,1
90816,3
90817,3
90818,0
90819,3
90820,2
90821,1
90822,3
90823,2
90824,1
90825,0
90826,2
90827,3
90828,1
90829,1
90830,0
90831,0
90832,3
90833,0
90834,3
90835,2
90836,3
90837,1
90838,3
90839,0
90840,3
90841,0
90842,1
90843,1
90844,3
90845,0
90846,3
90847,0
90848,0
90849,0
90850,3
90851,3
90852,2
90853,3
90854,3
90855,3
90856,3
90857,1
90858,3
90859,3
90860,0
90861,2
90862,1
90863,3
90864,3
90865,1
90866,3
90867,0
90868,3
90869,0
90870,3
90871,2
90872,2
90873,3
90874,3
90875,3
90876,1
90877,3
90878,0
90879,3
90880,3
90881,1
90882,0
90883,0
90884,2
90885,3
90886,1
90887,2
90888,2
90889,3
90890,1
90891,0
90892,3
90893,2
90894,3
90895,2
90896,2
90897,2
90898,3
90899,0
90900,1
90901,0
90902,1
90903,1
90904,0
90905,0
90906,2
90907,3
90908,3
90909,1
90910,1
90911,3
90912,2
90913,1
90914,3
90915,0
90916,1
90917,1
90918,3
90919,0
90920,1
90921,1
90922,0
90923,0
90924,3
90925,2
90926,3
90927,2
90928,3
90929,3
90930,3
90931,2
90932,2
90933,3
90934,0
90935,3
90936,3
90937,2
90938,2
90939,2
90940,3
90941,2
90942,3
90943,1
90944,3
90945,2
90946,2
90947,3
90948,3
90949,0
90950,3
90951,3
90952,3
90953,2
90954,1
90955,1
90956,0
90957,0
90958,1
90959,3
90960,3
90961,3
90962,2
90963,3
90964,2
90965,3
90966,1
90967,1
90968,3
90969,0
90970,2
90971,0
90972,3
90973,0
90974,1
90975,0
90976,3
90977,0
90978,3
90979,2
90980,3
90981,1
90982,2
90983,3
90984,3
90985,0
90986,2
90987,2
90988,3
90989,3
90990,3
90991,2
90992,0
90993,3
90994,0
90995,0
90996,3
90997,3
90998,3
90999,2
91000,2
91001,2
91002,2
91003,3
91004,3
91005,1
91006,0
91007,3
91008,2
91009,3
91010,3
91011,2
91012,1
91013,3
91014,3
91015,2
91016,2
91017,2
91018,2
91019,3
91020,1
91021,1
91022,1
91023,1
91024,2
91025,2
91026,2
91027,1
91028,0
91029,1
91030,2
91031,2
91032,3
91033,3
91034,3
91035,1
91036,3
91037,1
91038,1
91039,3
91040,3
91041,2
91042,0
91043,2
91044,2
91045,1
91046,2
91047,3
91048,3
91049,1
91050,3
91051,2
91052,2
91053,2
91054,3
91055,2
91056,1
91057,2
91058,1
91059,1
91060,1
91061,1
91062,3
91063,2
91064,3
91065,1
91066,1
91067,2
91068,3
91069,3
91070,3
91071,2
91072,3
91073,3
91074,3
91075,2
91076,3
91077,1
91078,0
91079,3
91080,0
91081,3
91082,3
91083,3
91084,2
91085,2
91086,2
91087,3
91088,3
91089,0
91090,0
91091,1
91092,2
91093,3
91094,0
91095,1
91096,3
91097,3
91098,3
91099,3
91100,1
91101,2
91102,0
91103,3
91104,1
91105,0
91106,3
91107,3
91108,1
91109,3
91110,3
91111,0
91112,3
91113,1
91114,0
91115,0
91116,2
91117,3
91118,3
91119,3
91120,3
91121,3
91122,3
91123,2
91124,0
91125,3
91126,1
91127,3
91128,2
91129,3
91130,0
91131,2
91132,3
91133,2
91134,1
91135,3
91136,0
91137,2
91138,3
91139,0
91140,0
91141,0
91142,3
91143,3
91144,1
91145,3
91146,1
91147,2
91148,3
91149,1
91150,1
91151,0
91152,3
91153,0
91154,3
91155,1
91156,0
91157,1
91158,3
91159,2
91160,3
91161,0
91162,3
91163,2
91164,3
91165,2
91166,1
91167,2
91168,1
91169,0
91170,3
91171,2
91172,1
91173,3
91174,3
91175,2
91176,3
91177,3
91178,3
91179,3
91180,0
91181,2
91182,0
91183,1
91184,1
91185,3
91186,2
91187,3
91188,3
91189,1
91190,1
91191,3
91192,3
91193,2
91194,2
91195,1
91196,2
91197,2
91198,3
91199,2
91200,1
91201,2
91202,0
91203,0
91204,1
91205,3
91206,0
91207,2
91208,0
91209,3
91210,3
91211,1
91212,1
91213,3
91214,2
91215,3
91216,2
91217,2
91218,3
91219,3
91220,0
91221,3
91222,0
91223,2
91224,1
91225,1
91226,3
91227,2
91228,3
91229,0
91230,2
91231,3
91232,3
91233,0
91234,3
91235,3
91236,0
91237,3
91238,3
91239,3
91240,3
91241,3
91242,3
91243,0
91244,3
91245,2
91246,1
91247,1
91248,3
91249,3
91250,2
91251,0
91252,3
91253,3
91254,2
91255,3
91256,1
91257,3
91258,0
91259,3
91260,2
91261,3
91262,3
91263,3
91264,0
91265,0
91266,3
91267,2
91268,1
91269,1
91270,3
91271,3
91272,3
91273,0
91274,3
91275,3
91276,2
91277,3
91278,0
91279,3
91280,2
91281,3
91282,3
91283,1
91284,2
91285,2
91286,0
91287,3
91288,3
91289,3
91290,2
91291,0
91292,0
91293,1
91294,3
91295,3
91296,3
91297,3
91298,0
91299,3
91300,2
91301,1
91302,1
91303,2
91304,0
91305,0
91306,3
91307,0
91308,2
91309,2
91310,2
91311,1
91312,0
91313,0
91314,3
91315,2
91316,3
91317,0
91318,1
91319,1
91320,3
91321,3
91322,2
91323,2
91324,3
91325,1
91326,0
91327,3
91328,3
91329,0
91330,3
91331,3
91332,2
91333,2
91334,3
91335,3
91336,3
91337,1
91338,0
91339,3
91340,3
91341,2
91342,3
91343,2
91344,2
91345,2
91346,2
91347,3
91348,2
91349,1
91350,2
91351,2
91352,0
91353,2
91354,3
91355,1
91356,3
91357,3
91358,3
91359,2
91360,1
91361,3
91362,0
91363,3
91364,1
91365,1
91366,2
91367,0
91368,1
91369,3
91370,0
91371,2
91372,0
91373,3
91374,3
91375,1
91376,2
91377,1
91378,2
91379,2
91380,2
91381,0
91382,0
91383,3
91384,3
91385,2
91386,1
91387,3
91388,2
91389,1
91390,3
91391,1
91392,2
91393,2
91394,2
91395,3
91396,2
91397,1
91398,3
91399,3
91400,1
91401,3
91402,1
91403,2
91404,0
91405,1
91406,2
91407,1
91408,3
91409,1
91410,2
91411,1
91412,2
91413,3
91414,2
91415,3
91416,0
91417,0
91418,3
91419,3
91420,2
91421,1
91422,3
91423,0
91424,2
91425,3
91426,3
91427,3
91428,1
91429,1
91430,3
91431,2
91432,3
91433,2
91434,1
91435,2
91436,0
91437,0
91438,0
91439,3
91440,1
91441,1
91442,1
91443,2
91444,0
91445,3
91446,2
91447,1
91448,0
91449,1
91450,0
91451,3
91452,1
91453,0
91454,0
91455,3
91456,3
91457,3
91458,1
91459,3
91460,0
91461,2
91462,3
91463,3
91464,2
91465,3
91466,3
91467,3
91468,3
91469,3
91470,1
91471,2
91472,1
91473,0
91474,0
91475,1
91476,3
91477,1
91478,2
91479,1
91480,3
91481,1
91482,3
91483,1
91484,1
91485,1
91486,1
91487,0
91488,1
91489,3
91490,3
91491,3
91492,2
91493,1
91494,3
91495,0
91496,3
91497,2
91498,2
91499,0
91500,2
91501,0
91502,3
91503,2
91504,1
91505,1
91506,3
91507,1
91508,2
91509,0
91510,2
91511,3
91512,3
91513,3
91514,3
91515,3
91516,2
91517,3
91518,2
91519,2
91520,0
91521,3
91522,3
91523,3
91524,1
91525,1
91526,0
91527,3
91528,1
91529,3
91530,1
91531,1
91532,2
91533,1
91534,3
91535,1
91536,3
91537,0
91538,0
91539,0
91540,2
91541,2
91542,2
91543,1
91544,0
91545,3
91546,2
91547,2
91548,2
91549,0
91550,2
91551,3
91552,1
91553,1
91554,2
91555,1
91556,3
91557,3
91558,2
91559,3
91560,0
91561,3
91562,3
91563,1
91564,2
91565,3
91566,2
91567,0
91568,3
91569,3
91570,1
91571,2
91572,1
91573,2
91574,3
91575,2
91576,1
91577,3
91578,1
91579,1
91580,2
91581,2
91582,1
91583,2
91584,2
91585,3
91586,2
91587,2
91588,1
91589,2
91590,3
91591,1
91592,3
91593,1
91594,1
91595,3
91596,0
91597,2
91598,3
91599,2
91600,1
91601,3
91602,1
91603,2
91604,3
91605,3
91606,1
91607,2
91608,2
91609,3
91610,1
91611,1
91612,2
91613,1
91614,2
91615,2
91616,0
91617,2
91618,0
91619,0
91620,1
91621,3
91622,1
91623,0
91624,1
91625,2
91626,0
91627,3
91628,1
91629,1
91630,3
91631,3
91632,0
91633,0
91634,3
91635,0
91636,0
91637,3
91638,3
91639,1
91640,0
91641,2
91642,2
91643,1
91644,0
91645,3
91646,0
91647,3
91648,2
91649,1
91650,2
91651,1
91652,3
91653,2
91654,1
91655,3
91656,2
91657,2
91658,3
91659,1
91660,1
91661,0
91662,1
91663,1
91664,2
91665,3
91666,0
91667,0
91668,1
91669,3
91670,2
91671,3
91672,2
91673,3
91674,1
91675,3
91676,3
91677,2
91678,1
91679,0
91680,1
91681,1
91682,3
91683,2
91684,2
91685,2
91686,1
91687,1
91688,3
91689,3
91690,1
91691,1
91692,2
91693,1
91694,1
91695,0
91696,1
91697,2
91698,3
91699,1
91700,1
91701,2
91702,3
91703,3
91704,3
91705,1
91706,3
91707,2
91708,0
91709,0
91710,1
91711,0
91712,3
91713,0
91714,3
91715,3
91716,3
91717,3
91718,0
91719,3
91720,0
91721,3
91722,1
91723,0
91724,3
91725,0
91726,1
91727,2
91728,3
91729,2
91730,3
91731,0
91732,0
91733,2
91734,2
91735,1
91736,0
91737,1
91738,3
91739,3
91740,3
91741,1
91742,3
91743,2
91744,3
91745,3
91746,1
91747,3
91748,0
91749,3
91750,0
91751,3
91752,3
91753,2
91754,2
91755,1
91756,1
91757,0
91758,3
91759,3
91760,1
91761,2
91762,2
91763,1
91764,1
91765,3
91766,2
91767,3
91768,2
91769,3
91770,1
91771,2
91772,3
91773,3
91774,1
91775,3
91776,1
91777,3
91778,1
91779,3
91780,3
91781,3
91782,1
91783,1
91784,0
91785,3
91786,1
91787,3
91788,3
91789,1
91790,1
91791,3
91792,2
91793,3
91794,0
91795,2
91796,1
91797,3
91798,3
91799,2
91800,1
91801,1
91802,3
91803,1
91804,3
91805,2
91806,3
91807,3
91808,2
91809,0
91810,3
91811,3
91812,1
91813,0
91814,1
91815,3
91816,2
91817,0
91818,2
91819,3
91820,2
91821,3
91822,1
91823,3
91824,3
91825,0
91826,3
91827,3
91828,1
91829,1
91830,3
91831,0
91832,1
91833,3
91834,3
91835,3
91836,2
91837,2
91838,1
91839,2
91840,1
91841,2
91842,2
91843,3
91844,1
91845,1
91846,3
91847,3
91848,0
91849,2
91850,3
91851,3
91852,1
91853,3
91854,3
91855,0
91856,1
91857,3
91858,1
91859,1
91860,3
91861,0
91862,1
91863,3
91864,3
91865,3
91866,3
91867,0
91868,3
91869,2
91870,3
91871,2
91872,2
91873,3
91874,2
91875,0
91876,2
91877,3
91878,1
91879,3
91880,3
91881,2
91882,3
91883,0
91884,3
91885,3
91886,2
91887,1
91888,3
91889,0
91890,3
91891,2
91892,1
91893,0
91894,3
91895,1
91896,0
91897,0
91898,0
91899,2
91900,2
91901,3
91902,1
91903,3
91904,3
91905,2
91906,0
91907,0
91908,2
91909,2
91910,2
91911,3
91912,3
91913,3
91914,3
91915,2
91916,1
91917,3
91918,3
91919,0
91920,2
91921,2
91922,1
91923,1
91924,2
91925,2
91926,2
91927,2
91928,2
91929,3
91930,2
91931,1
91932,0
91933,1
91934,3
91935,3
91936,3
91937,2
91938,0
91939,2
91940,3
91941,0
91942,3
91943,1
91944,3
91945,3
91946,3
91947,0
91948,3
91949,3
91950,0
91951,3
91952,3
91953,1
91954,3
91955,2
91956,3
91957,3
91958,3
91959,0
91960,2
91961,0
91962,2
91963,2
91964,0
91965,3
91966,1
91967,3
91968,1
91969,3
91970,0
91971,1
91972,2
91973,0
91974,3
91975,0
91976,3
91977,0
91978,3
91979,0
91980,1
91981,1
91982,3
91983,3
91984,0
91985,0
91986,0
91987,3
91988,3
91989,0
91990,3
91991,3
91992,3
91993,3
91994,0
91995,3
91996,0
91997,1
91998,3
91999,1
92000,2
92001,2
92002,3
92003,1
92004,1
92005,0
92006,3
92007,1
92008,1
92009,1
92010,1
92011,0
92012,0
92013,3
92014,2
92015,3
92016,0
92017,3
92018,2
92019,3
92020,0
92021,2
92022,2
92023,2
92024,1
92025,2
92026,1
92027,1
92028,3
92029,0
92030,2
92031,1
92032,0
92033,3
92034,0
92035,3
92036,2
92037,3
92038,1
92039,0
92040,3
92041,3
92042,1
92043,0
92044,2
92045,1
92046,1
92047,3
92048,0
92049,1
92050,2
92051,0
92052,1
92053,3
92054,2
92055,0
92056,0
92057,2
92058,2
92059,3
92060,1
92061,1
92062,1
92063,1
92064,0
92065,1
92066,3
92067,0
92068,3
92069,2
92070,3
92071,2
92072,0
92073,3
92074,2
92075,3
92076,3
92077,3
92078,3
92079,3
92080,3
92081,3
92082,3
92083,3
92084,3
92085,1
92086,0
92087,2
92088,2
92089,3
92090,0
92091,3
92092,1
92093,3
92094,3
92095,1
92096,2
92097,3
92098,2
92099,3
92100,1
92101,1
92102,3
92103,3
92104,3
92105,1
92106,1
92107,2
92108,2
92109,2
92110,1
92111,3
92112,2
92113,1
92114,3
92115,3
92116,2
92117,2
92118,2
92119,0
92120,1
92121,3
92122,2
92123,1
92124,2
92125,1
92126,2
92127,1
92128,0
92129,3
92130,0
92131,2
92132,2
92133,2
92134,3
92135,3
92136,3
92137,2
92138,3
92139,0
92140,3
92141,1
92142,3
92143,2
92144,1
92145,3
92146,1
92147,0
92148,0
92149,3
92150,2
92151,3
92152,2
92153,2
92154,0
92155,1
92156,3
92157,1
92158,1
92159,1
92160,0
92161,3
92162,1
92163,0
92164,3
92165,3
92166,2
92167,2
92168,0
92169,3
92170,2
92171,3
92172,1
92173,1
92174,1
92175,2
92176,1
92177,3
92178,3
92179,2
92180,0
92181,0
92182,1
92183,3
92184,3
92185,3
92186,3
92187,3
92188,0
92189,3
92190,1
92191,1
92192,1
92193,3
92194,3
92195,1
92196,0
92197,1
92198,1
92199,3
92200,0
92201,3
92202,0
92203,0
92204,1
92205,2
92206,3
92207,0
92208,0
92209,3
92210,2
92211,2
92212,3
92213,0
92214,3
92215,0
92216,2
92217,2
92218,1
92219,3
92220,2
92221,0
92222,0
92223,3
92224,0
92225,2
92226,1
92227,1
92228,1
92229,1
92230,3
92231,1
92232,0
92233,0
92234,3
92235,2
92236,1
92237,2
92238,0
92239,0
92240,0
92241,3
92242,1
92243,1
92244,1
92245,1
92246,3
92247,2
92248,0
92249,2
92250,1
92251,3
92252,3
92253,0
92254,0
92255,3
92256,0
92257,2
92258,1
92259,1
92260,3
92261,3
92262,1
92263,1
92264,0
92265,2
92266,3
92267,0
92268,1
92269,2
92270,2
92271,2
92272,2
92273,3
92274,3
92275,0
92276,3
92277,1
92278,0
92279,1
92280,3
92281,3
92282,3
92283,2
92284,0
92285,0
92286,1
92287,2
92288,1
92289,2
92290,0
92291,3
92292,3
92293,3
92294,1
92295,1
92296,0
92297,0
92298,3
92299,3
92300,3
92301,3
92302,1
92303,1
92304,1
92305,0
92306,1
92307,2
92308,0
92309,3
92310,0
92311,2
92312,3
92313,1
92314,2
92315,3
92316,2
92317,3
92318,0
92319,2
92320,2
92321,2
92322,3
92323,3
92324,3
92325,1
92326,1
92327,2
92328,1
92329,2
92330,2
92331,1
92332,3
92333,3
92334,3
92335,3
92336,0
92337,0
92338,2
92339,2
92340,3
92341,2
92342,3
92343,3
92344,2
92345,1
92346,3
92347,2
92348,2
92349,1
92350,0
92351,3
92352,1
92353,3
92354,3
92355,1
92356,0
92357,3
92358,0
92359,2
92360,0
92361,1
92362,3
92363,0
92364,3
92365,2
92366,0
92367,3
92368,3
92369,3
92370,2
92371,1
92372,2
92373,0
92374,2
92375,3
92376,3
92377,3
92378,3
92379,2
92380,3
92381,1
92382,3
92383,2
92384,3
92385,2
92386,3
92387,3
92388,3
92389,1
92390,3
92391,3
92392,2
92393,3
92394,2
92395,1
92396,0
92397,3
92398,2
92399,3
92400,2
92401,1
92402,3
92403,2
92404,2
92405,2
92406,3
92407,1
92408,2
92409,0
92410,0
92411,0
92412,3
92413,3
92414,3
92415,2
92416,3
92417,3
92418,3
92419,2
92420,0
92421,2
92422,0
92423,1
92424,2
92425,1
92426,1
92427,1
92428,3
92429,2
92430,3
92431,0
92432,2
92433,3
92434,2
92435,1
92436,2
92437,0
92438,2
92439,1
92440,3
92441,2
92442,1
92443,2
92444,2
92445,3
92446,2
92447,1
92448,3
92449,3
92450,0
92451,2
92452,2
92453,2
92454,1
92455,1
92456,0
92457,0
92458,3
92459,3
92460,1
92461,0
92462,0
92463,0
92464,1
92465,0
92466,1
92467,0
92468,3
92469,3
92470,2
92471,3
92472,2
92473,3
92474,3
92475,2
92476,2
92477,3
92478,3
92479,3
92480,1
92481,3
92482,3
92483,3
92484,3
92485,3
92486,0
92487,1
92488,2
92489,2
92490,3
92491,2
92492,1
92493,1
92494,0
92495,1
92496,2
92497,3
92498,2
92499,0
92500,3
92501,1
92502,3
92503,0
92504,0
92505,3
92506,0
92507,0
92508,3
92509,3
92510,3
92511,3
92512,3
92513,0
92514,0
92515,1
92516,1
92517,0
92518,0
92519,3
92520,3
92521,1
92522,2
92523,3
92524,0
92525,2
92526,3
92527,0
92528,1
92529,3
92530,2
92531,0
92532,1
92533,1
92534,3
92535,1
92536,3
92537,0
92538,3
92539,0
92540,3
92541,3
92542,1
92543,3
92544,3
92545,3
92546,1
92547,3
92548,0
92549,1
92550,2
92551,0
92552,2
92553,3
92554,3
92555,3
92556,1
92557,2
92558,2
92559,3
92560,0
92561,2
92562,0
92563,3
92564,3
92565,1
92566,0
92567,1
92568,2
92569,3
92570,0
92571,2
92572,0
92573,3
92574,3
92575,1
92576,1
92577,2
92578,2
92579,1
92580,3
92581,3
92582,1
92583,3
92584,2
92585,0
92586,2
92587,3
92588,3
92589,3
92590,3
92591,3
92592,0
92593,3
92594,0
92595,3
92596,0
92597,0
92598,0
92599,3
92600,2
92601,2
92602,0
92603,2
92604,0
92605,3
92606,3
92607,0
92608,3
92609,1
92610,1
92611,1
92612,3
92613,2
92614,0
92615,2
92616,3
92617,1
92618,2
92619,1
92620,2
92621,3
92622,0
92623,3
92624,0
92625,3
92626,1
92627,2
92628,2
92629,2
92630,3
92631,3
92632,3
92633,3
92634,1
92635,1
92636,3
92637,3
92638,1
92639,3
92640,1
92641,1
92642,1
92643,2
92644,1
92645,1
92646,1
92647,2
92648,3
92649,3
92650,1
92651,1
92652,1
92653,2
92654,2
92655,3
92656,3
92657,2
92658,0
92659,2
92660,2
92661,3
92662,3
92663,2
92664,3
92665,3
92666,2
92667,3
92668,3
92669,0
92670,2
92671,0
92672,2
92673,0
92674,3
92675,2
92676,2
92677,3
92678,1
92679,3
92680,3
92681,3
92682,3
92683,3
92684,3
92685,2
92686,1
92687,2
92688,3
92689,3
92690,2
92691,3
92692,2
92693,2
92694,3
92695,3
92696,2
92697,3
92698,3
92699,3
92700,1
92701,0
92702,0
92703,3
92704,1
92705,1
92706,2
92707,3
92708,3
92709,3
92710,2
92711,1
92712,3
92713,2
92714,1
92715,1
92716,1
92717,3
92718,1
92719,3
92720,3
92721,1
92722,3
92723,3
92724,0
92725,0
92726,3
92727,2
92728,0
92729,3
92730,1
92731,1
92732,2
92733,2
92734,3
92735,1
92736,1
92737,2
92738,0
92739,2
92740,3
92741,0
92742,2
92743,0
92744,1
92745,2
92746,1
92747,2
92748,2
92749,0
92750,3
92751,0
92752,1
92753,3
92754,2
92755,3
92756,3
92757,2
92758,1
92759,1
92760,1
92761,3
92762,3
92763,0
92764,2
92765,1
92766,2
92767,3
92768,0
92769,1
92770,1
92771,3
92772,0
92773,1
92774,0
92775,2
92776,3
92777,3
92778,0
92779,2
92780,3
92781,1
92782,1
92783,2
92784,0
92785,1
92786,0
92787,3
92788,3
92789,2
92790,2
92791,1
92792,3
92793,1
92794,3
92795,2
92796,1
92797,2
92798,0
92799,3
92800,2
92801,3
92802,1
92803,3
92804,1
92805,0
92806,0
92807,0
92808,2
92809,3
92810,2
92811,0
92812,2
92813,3
92814,1
92815,2
92816,0
92817,1
92818,2
92819,0
92820,3
92821,0
92822,3
92823,2
92824,0
92825,3
92826,2
92827,1
92828,3
92829,1
92830,1
92831,1
92832,2
92833,1
92834,0
92835,3
92836,1
92837,0
92838,3
92839,2
92840,2
92841,2
92842,3
92843,0
92844,0
92845,3
92846,0
92847,1
92848,3
92849,3
92850,0
92851,1
92852,2
92853,0
92854,0
92855,1
92856,2
92857,2
92858,1
92859,1
92860,1
92861,3
92862,1
92863,3
92864,0
92865,3
92866,3
92867,1
92868,3
92869,2
92870,3
92871,1
92872,3
92873,1
92874,0
92875,3
92876,0
92877,2
92878,0
92879,2
92880,3
92881,0
92882,1
92883,1
92884,0
92885,0
92886,3
92887,0
92888,1
92889,3
92890,3
92891,1
92892,0
92893,2
92894,2
92895,1
92896,3
92897,3
92898,0
92899,0
92900,3
92901,3
92902,3
92903,3
92904,3
92905,1
92906,2
92907,3
92908,3
92909,0
92910,2
92911,3
92912,1
92913,3
92914,1
92915,1
92916,1
92917,1
92918,3
92919,3
92920,2
92921,2
92922,1
92923,2
92924,1
92925,1
92926,3
92927,0
92928,3
92929,1
92930,1
92931,2
92932,3
92933,0
92934,1
92935,3
92936,2
92937,3
92938,3
92939,2
92940,2
92941,3
92942,1
92943,1
92944,0
92945,3
92946,2
92947,2
92948,3
92949,1
92950,0
92951,3
92952,0
92953,2
92954,3
92955,2
92956,2
92957,0
92958,3
92959,1
92960,2
92961,1
92962,1
92963,3
92964,0
92965,3
92966,1
92967,2
92968,0
92969,0
92970,0
92971,3
92972,2
92973,1
92974,3
92975,2
92976,3
92977,2
92978,1
92979,3
92980,3
92981,2
92982,2
92983,3
92984,1
92985,1
92986,3
92987,1
92988,3
92989,1
92990,1
92991,3
92992,0
92993,3
92994,1
92995,2
92996,3
92997,3
92998,3
92999,1
93000,2
93001,3
93002,3
93003,3
93004,3
93005,3
93006,2
93007,1
93008,1
93009,0
93010,3
93011,3
93012,3
93013,2
93014,3
93015,1
93016,3
93017,0
93018,0
93019,1
93020,3
93021,2
93022,3
93023,2
93024,3
93025,1
93026,3
93027,2
93028,2
93029,2
93030,1
93031,1
93032,3
93033,2
93034,0
93035,2
93036,2
93037,0
93038,3
93039,1
93040,3
93041,1
93042,3
93043,2
93044,1
93045,3
93046,3
93047,2
93048,1
93049,3
93050,3
93051,2
93052,3
93053,2
93054,2
93055,2
93056,1
93057,2
93058,3
93059,3
93060,1
93061,1
93062,3
93063,3
93064,3
93065,0
93066,2
93067,0
93068,3
93069,3
93070,0
93071,2
93072,0
93073,1
93074,2
93075,1
93076,3
93077,2
93078,1
93079,3
93080,0
93081,0
93082,3
93083,0
93084,3
93085,0
93086,3
93087,2
93088,3
93089,3
93090,3
93091,3
93092,3
93093,2
93094,3
93095,0
93096,1
93097,1
93098,3
93099,2
93100,3
93101,2
93102,1
93103,3
93104,3
93105,0
93106,2
93107,3
93108,0
93109,2
93110,2
93111,1
93112,3
93113,2
93114,0
93115,3
93116,0
93117,3
93118,0
93119,1
93120,3
93121,1
93122,0
93123,0
93124,2
93125,2
93126,1
93127,3
93128,0
93129,3
93130,1
93131,3
93132,2
93133,3
93134,1
93135,1
93136,3
93137,2
93138,1
93139,0
93140,3
93141,3
93142,3
93143,3
93144,3
93145,0
93146,3
93147,1
93148,2
93149,1
93150,3
93151,1
93152,2
93153,1
93154,0
93155,0
93156,2
93157,3
93158,2
93159,3
93160,3
93161,3
93162,1
93163,1
93164,2
93165,2
93166,3
93167,0
93168,3
93169,0
93170,3
93171,0
93172,0
93173,3
93174,2
93175,1
93176,1
93177,2
93178,1
93179,3
93180,3
93181,3
93182,2
93183,2
93184,3
93185,0
93186,0
93187,3
93188,2
93189,1
93190,2
93191,3
93192,1
93193,3
93194,3
93195,3
93196,1
93197,2
93198,3
93199,3
93200,3
93201,3
93202,1
93203,2
93204,2
93205,1
93206,3
93207,3
93208,2
93209,2
93210,0
93211,2
93212,3
93213,0
93214,0
93215,3
93216,0
93217,3
93218,3
93219,3
93220,0
93221,3
93222,1
93223,3
93224,2
93225,3
93226,0
93227,1
93228,3
93229,3
93230,1
93231,3
93232,0
93233,1
93234,2
93235,1
93236,3
93237,0
93238,0
93239,0
93240,3
93241,0
93242,2
93243,1
93244,3
93245,1
93246,3
93247,0
93248,0
93249,1
93250,0
93251,3
93252,2
93253,0
93254,3
93255,0
93256,3
93257,1
93258,0
93259,0
93260,1
93261,3
93262,1
93263,3
93264,0
93265,3
93266,0
93267,0
93268,1
93269,3
93270,3
93271,1
93272,0
93273,1
93274,3
93275,1
93276,3
93277,1
93278,0
93279,3
93280,3
93281,3
93282,0
93283,3
93284,1
93285,1
93286,2
93287,3
93288,3
93289,2
93290,1
93291,1
93292,3
93293,2
93294,1
93295,2
93296,3
93297,2
93298,3
93299,3
93300,3
93301,0
93302,3
93303,1
93304,3
93305,3
93306,2
93307,1
93308,0
93309,0
93310,1
93311,2
93312,3
93313,2
93314,1
93315,3
93316,1
93317,1
93318,1
93319,3
93320,1
93321,0
93322,2
93323,3
93324,1
93325,1
93326,1
93327,3
93328,3
93329,0
93330,1
93331,3
93332,2
93333,3
93334,3
93335,1
93336,3
93337,1
93338,1
93339,2
93340,1
93341,3
93342,2
93343,3
93344,3
93345,1
93346,2
93347,2
93348,3
93349,3
93350,3
93351,0
93352,3
93353,0
93354,0
93355,3
93356,3
93357,3
93358,0
93359,0
93360,1
93361,3
93362,0
93363,3
93364,0
93365,3
93366,3
93367,1
93368,1
93369,1
93370,2
93371,3
93372,2
93373,3
93374,1
93375,2
93376,3
93377,1
93378,3
93379,3
93380,3
93381,1
93382,2
93383,3
93384,3
93385,0
93386,2
93387,3
93388,0
93389,1
93390,3
93391,1
93392,3
93393,0
93394,0
93395,0
93396,0
93397,2
93398,3
93399,2
93400,0
93401,3
93402,1
93403,1
93404,1
93405,3
93406,1
93407,3
93408,1
93409,3
93410,2
93411,3
93412,3
93413,2
93414,3
93415,3
93416,2
93417,2
93418,1
93419,3
93420,3
93421,2
93422,0
93423,2
93424,0
93425,2
93426,3
93427,3
93428,3
93429,1
93430,0
93431,3
93432,2
93433,1
93434,1
93435,3
93436,3
93437,1
93438,1
93439,0
93440,3
93441,1
93442,1
93443,3
93444,3
93445,3
93446,3
93447,1
93448,1
93449,1
93450,3
93451,3
93452,3
93453,1
93454,1
93455,3
93456,0
93457,0
93458,2
93459,2
93460,2
93461,2
93462,2
93463,1
93464,1
93465,1
93466,3
93467,1
93468,2
93469,3
93470,2
93471,1
93472,3
93473,0
93474,2
93475,3
93476,2
93477,3
93478,3
93479,0
93480,1
93481,1
93482,3
93483,3
93484,1
93485,1
93486,2
93487,1
93488,2
93489,3
93490,1
93491,0
93492,0
93493,2
93494,3
93495,0
93496,2
93497,3
93498,3
93499,3
93500,3
93501,2
93502,1
93503,1
93504,1
93505,1
93506,0
93507,1
93508,3
93509,0
93510,1
93511,2
93512,1
93513,1
93514,1
93515,1
93516,2
93517,1
93518,2
93519,1
93520,1
93521,2
93522,1
93523,0
93524,2
93525,3
93526,1
93527,1
93528,0
93529,2
93530,2
93531,3
93532,0
93533,0
93534,1
93535,1
93536,3
93537,0
93538,2
93539,2
93540,1
93541,2
93542,0
93543,3
93544,2
93545,3
93546,1
93547,2
93548,3
93549,3
93550,3
93551,3
93552,0
93553,3
93554,0
93555,0
93556,2
93557,3
93558,1
93559,3
93560,2
93561,3
93562,3
93563,3
93564,2
93565,0
93566,3
93567,2
93568,0
93569,3
93570,0
93571,2
93572,3
93573,3
93574,3
93575,1
93576,0
93577,1
93578,0
93579,0
93580,1
93581,3
93582,3
93583,3
93584,0
93585,0
93586,1
93587,2
93588,3
93589,1
93590,1
93591,2
93592,3
93593,1
93594,0
93595,0
93596,2
93597,1
93598,3
93599,3
93600,2
93601,3
93602,1
93603,0
93604,1
93605,0
93606,2
93607,0
93608,1
93609,3
93610,2
93611,0
93612,2
93613,0
93614,3
93615,2
93616,2
93617,3
93618,1
93619,3
93620,1
93621,3
93622,3
93623,2
93624,0
93625,3
93626,2
93627,3
93628,1
93629,3
93630,1
93631,0
93632,3
93633,2
93634,2
93635,1
93636,0
93637,0
93638,3
93639,0
93640,2
93641,2
93642,3
93643,1
93644,3
93645,1
93646,1
93647,0
93648,0
93649,1
93650,3
93651,0
93652,3
93653,2
93654,3
93655,0
93656,0
93657,0
93658,3
93659,2
93660,0
93661,1
93662,3
93663,1
93664,2
93665,3
93666,2
93667,3
93668,2
93669,2
93670,1
93671,2
93672,1
93673,3
93674,3
93675,3
93676,3
93677,1
93678,2
93679,3
93680,3
93681,2
93682,0
93683,0
93684,3
93685,3
93686,0
93687,0
93688,0
93689,2
93690,1
93691,2
93692,2
93693,3
93694,3
93695,1
93696,3
93697,1
93698,3
93699,0
93700,1
93701,2
93702,3
93703,3
93704,2
93705,1
93706,3
93707,3
93708,3
93709,0
93710,3
93711,0
93712,1
93713,1
93714,3
93715,3
93716,3
93717,3
93718,0
93719,1
93720,3
93721,3
93722,3
93723,0
93724,1
93725,3
93726,3
93727,3
93728,3
93729,1
93730,1
93731,3
93732,2
93733,2
93734,3
93735,3
93736,2
93737,2
93738,3
93739,1
93740,3
93741,0
93742,0
93743,1
93744,1
93745,3
93746,3
93747,3
93748,2
93749,0
93750,3
93751,1
93752,0
93753,2
93754,0
93755,3
93756,2
93757,3
93758,2
93759,0
93760,3
93761,0
93762,2
93763,2
93764,3
93765,0
93766,1
93767,3
93768,3
93769,0
93770,2
93771,0
93772,3
93773,0
93774,2
93775,1
93776,3
93777,3
93778,2
93779,3
93780,3
93781,1
93782,2
93783,2
93784,3
93785,3
93786,3
93787,0
93788,1
93789,3
93790,0
93791,3
93792,2
93793,3
93794,2
93795,1
93796,3
93797,3
93798,0
93799,3
93800,2
93801,3
93802,1
93803,1
93804,2
93805,2
93806,1
93807,3
93808,3
93809,1
93810,3
93811,2
93812,3
93813,0
93814,3
93815,2
93816,1
93817,3
93818,1
93819,0
93820,1
93821,3
93822,3
93823,3
93824,3
93825,2
93826,2
93827,2
93828,2
93829,1
93830,1
93831,2
93832,2
93833,3
93834,0
93835,1
93836,3
93837,3
93838,3
93839,1
93840,1
93841,3
93842,2
93843,0
93844,3
93845,3
93846,0
93847,0
93848,3
93849,3
93850,1
93851,2
93852,1
93853,3
93854,1
93855,3
93856,3
93857,0
93858,0
93859,3
93860,3
93861,1
93862,1
93863,2
93864,1
93865,3
93866,1
93867,3
93868,3
93869,3
93870,3
93871,3
93872,3
93873,1
93874,1
93875,0
93876,3
93877,3
93878,2
93879,0
93880,2
93881,1
93882,0
93883,0
93884,3
93885,3
93886,2
93887,1
93888,3
93889,3
93890,1
93891,1
93892,3
93893,1
93894,0
93895,0
93896,0
93897,0
93898,3
93899,2
93900,3
93901,0
93902,3
93903,3
93904,3
93905,3
93906,3
93907,0
93908,3
93909,1
93910,2
93911,3
93912,0
93913,3
93914,0
93915,3
93916,3
93917,1
93918,3
93919,0
93920,3
93921,0
93922,3
93923,0
93924,2
93925,3
93926,0
93927,1
93928,2
93929,3
93930,0
93931,3
93932,1
93933,3
93934,0
93935,3
93936,0
93937,3
93938,0
93939,2
93940,3
93941,1
93942,2
93943,1
93944,3
93945,0
93946,0
93947,3
93948,3
93949,2
93950,2
93951,3
93952,2
93953,2
93954,1
93955,0
93956,1
93957,3
93958,0
93959,3
93960,1
93961,3
93962,1
93963,2
93964,0
93965,3
93966,0
93967,1
93968,0
93969,3
93970,2
93971,3
93972,3
93973,1
93974,0
93975,1
93976,3
93977,3
93978,3
93979,2
93980,2
93981,2
93982,3
93983,2
93984,3
93985,3
93986,3
93987,1
93988,3
93989,3
93990,3
93991,3
93992,0
93993,0
93994,3
93995,2
93996,0
93997,1
93998,3
93999,0
94000,1
94001,3
94002,0
94003,3
94004,2
94005,3
94006,3
94007,2
94008,2
94009,1
94010,2
94011,2
94012,2
94013,3
94014,2
94015,3
94016,3
94017,3
94018,1
94019,2
94020,0
94021,2
94022,3
94023,3
94024,1
94025,0
94026,0
94027,2
94028,1
94029,3
94030,2
94031,1
94032,3
94033,0
94034,1
94035,2
94036,0
94037,2
94038,3
94039,1
94040,0
94041,2
94042,3
94043,3
94044,3
94045,1
94046,3
94047,3
94048,2
94049,2
94050,1
94051,3
94052,2
94053,0
94054,2
94055,3
94056,3
94057,3
94058,0
94059,1
94060,2
94061,0
94062,2
94063,1
94064,1
94065,0
94066,1
94067,2
94068,0
94069,3
94070,2
94071,2
94072,3
94073,3
94074,2
94075,0
94076,0
94077,3
94078,3
94079,1
94080,0
94081,3
94082,3
94083,2
94084,2
94085,2
94086,3
94087,3
94088,0
94089,2
94090,1
94091,3
94092,1
94093,2
94094,1
94095,3
94096,1
94097,3
94098,3
94099,3
94100,0
94101,2
94102,1
94103,3
94104,2
94105,2
94106,2
94107,3
94108,3
94109,2
94110,0
94111,2
94112,0
94113,2
94114,0
94115,3
94116,3
94117,3
94118,0
94119,0
94120,3
94121,2
94122,1
94123,3
94124,2
94125,1
94126,3
94127,3
94128,3
94129,3
94130,3
94131,0
94132,1
94133,1
94134,2
94135,2
94136,2
94137,3
94138,0
94139,3
94140,1
94141,3
94142,1
94143,1
94144,0
94145,0
94146,0
94147,3
94148,1
94149,3
94150,0
94151,2
94152,1
94153,3
94154,2
94155,2
94156,1
94157,3
94158,0
94159,3
94160,1
94161,3
94162,0
94163,3
94164,3
94165,0
94166,3
94167,1
94168,0
94169,3
94170,3
94171,0
94172,3
94173,0
94174,3
94175,3
94176,3
94177,1
94178,1
94179,0
94180,2
94181,0
94182,2
94183,1
94184,1
94185,2
94186,3
94187,3
94188,2
94189,2
94190,2
94191,1
94192,0
94193,3
94194,3
94195,0
94196,2
94197,0
94198,2
94199,1
94200,1
94201,0
94202,2
94203,2
94204,3
94205,1
94206,3
94207,2
94208,0
94209,3
94210,3
94211,0
94212,3
94213,1
94214,3
94215,3
94216,3
94217,1
94218,2
94219,3
94220,0
94221,1
94222,1
94223,2
94224,3
94225,1
94226,3
94227,2
94228,0
94229,3
94230,3
94231,3
94232,1
94233,2
94234,3
94235,3
94236,2
94237,2
94238,1
94239,2
94240,0
94241,0
94242,0
94243,3
94244,0
94245,3
94246,2
94247,3
94248,0
94249,0
94250,1
94251,3
94252,2
94253,3
94254,2
94255,2
94256,3
94257,0
94258,2
94259,1
94260,3
94261,3
94262,3
94263,3
94264,1
94265,1
94266,3
94267,1
94268,2
94269,3
94270,3
94271,2
94272,2
94273,2
94274,1
94275,0
94276,1
94277,2
94278,3
94279,3
94280,3
94281,0
94282,1
94283,1
94284,1
94285,3
94286,0
94287,1
94288,0
94289,2
94290,2
94291,2
94292,0
94293,2
94294,1
94295,2
94296,2
94297,2
94298,1
94299,1
94300,1
94301,3
94302,3
94303,0
94304,1
94305,0
94306,1
94307,3
94308,1
94309,0
94310,0
94311,1
94312,3
94313,1
94314,1
94315,1
94316,1
94317,3
94318,0
94319,3
94320,3
94321,3
94322,0
94323,2
94324,1
94325,2
94326,0
94327,3
94328,2
94329,1
94330,3
94331,2
94332,3
94333,0
94334,3
94335,2
94336,3
94337,1
94338,1
94339,0
94340,3
94341,2
94342,0
94343,0
94344,1
94345,2
94346,0
94347,3
94348,1
94349,0
94350,3
94351,0
94352,2
94353,2
94354,1
94355,1
94356,2
94357,2
94358,0
94359,0
94360,3
94361,3
94362,0
94363,3
94364,1
94365,3
94366,3
94367,2
94368,1
94369,2
94370,0
94371,3
94372,0
94373,0
94374,0
94375,2
94376,3
94377,3
94378,3
94379,0
94380,1
94381,1
94382,3
94383,3
94384,2
94385,2
94386,0
94387,1
94388,3
94389,3
94390,1
94391,1
94392,0
94393,0
94394,1
94395,1
94396,1
94397,3
94398,3
94399,3
94400,1
94401,1
94402,1
94403,1
94404,3
94405,1
94406,3
94407,3
94408,1
94409,3
94410,3
94411,3
94412,1
94413,1
94414,3
94415,2
94416,1
94417,3
94418,1
94419,2
94420,0
94421,1
94422,2
94423,1
94424,2
94425,3
94426,1
94427,2
94428,0
94429,3
94430,2
94431,2
94432,3
94433,3
94434,2
94435,2
94436,3
94437,2
94438,2
94439,3
94440,3
94441,3
94442,1
94443,1
94444,3
94445,1
94446,0
94447,0
94448,3
94449,3
94450,3
94451,1
94452,1
94453,1
94454,1
94455,3
94456,2
94457,3
94458,0
94459,0
94460,2
94461,3
94462,3
94463,3
94464,3
94465,3
94466,3
94467,2
94468,2
94469,0
94470,1
94471,2
94472,3
94473,3
94474,2
94475,2
94476,0
94477,3
94478,0
94479,3
94480,3
94481,3
94482,2
94483,1
94484,2
94485,2
94486,1
94487,1
94488,2
94489,0
94490,3
94491,1
94492,0
94493,1
94494,2
94495,3
94496,0
94497,3
94498,1
94499,3
94500,2
94501,1
94502,3
94503,3
94504,1
94505,1
94506,3
94507,1
94508,3
94509,1
94510,3
94511,0
94512,2
94513,1
94514,3
94515,0
94516,2
94517,2
94518,1
94519,0
94520,1
94521,3
94522,1
94523,2
94524,3
94525,3
94526,3
94527,3
94528,1
94529,2
94530,3
94531,3
94532,3
94533,2
94534,3
94535,1
94536,3
94537,2
94538,0
94539,3
94540,0
94541,3
94542,0
94543,3
94544,3
94545,3
94546,0
94547,2
94548,0
94549,2
94550,2
94551,3
94552,1
94553,1
94554,0
94555,3
94556,0
94557,1
94558,3
94559,2
94560,3
94561,3
94562,3
94563,2
94564,3
94565,0
94566,3
94567,1
94568,2
94569,0
94570,2
94571,1
94572,2
94573,1
94574,1
94575,2
94576,3
94577,0
94578,3
94579,2
94580,3
94581,1
94582,3
94583,3
94584,0
94585,2
94586,1
94587,3
94588,2
94589,1
94590,1
94591,2
94592,0
94593,3
94594,0
94595,1
94596,3
94597,1
94598,2
94599,2
94600,1
94601,1
94602,0
94603,3
94604,3
94605,0
94606,0
94607,3
94608,0
94609,2
94610,0
94611,3
94612,2
94613,3
94614,3
94615,0
94616,0
94617,3
94618,1
94619,1
94620,1
94621,3
94622,3
94623,2
94624,2
94625,0
94626,2
94627,0
94628,1
94629,0
94630,3
94631,3
94632,3
94633,3
94634,1
94635,3
94636,3
94637,3
94638,2
94639,0
94640,0
94641,3
94642,3
94643,1
94644,3
94645,0
94646,0
94647,1
94648,1
94649,0
94650,0
94651,2
94652,2
94653,2
94654,1
94655,3
94656,3
94657,2
94658,2
94659,3
94660,3
94661,0
94662,1
94663,0
94664,1
94665,2
94666,1
94667,0
94668,3
94669,1
94670,1
94671,3
94672,1
94673,1
94674,0
94675,1
94676,1
94677,1
94678,2
94679,3
94680,1
94681,2
94682,1
94683,3
94684,3
94685,3
94686,1
94687,3
94688,3
94689,1
94690,3
94691,1
94692,1
94693,2
94694,3
94695,3
94696,2
94697,0
94698,3
94699,3
94700,3
94701,0
94702,3
94703,1
94704,2
94705,0
94706,3
94707,3
94708,3
94709,1
94710,0
94711,1
94712,1
94713,1
94714,0
94715,2
94716,2
94717,1
94718,1
94719,2
94720,1
94721,0
94722,0
94723,2
94724,1
94725,1
94726,3
94727,3
94728,1
94729,3
94730,0
94731,0
94732,2
94733,3
94734,3
94735,3
94736,1
94737,2
94738,0
94739,2
94740,1
94741,2
94742,0
94743,1
94744,2
94745,3
94746,1
94747,3
94748,0
94749,1
94750,2
94751,0
94752,1
94753,1
94754,3
94755,1
94756,2
94757,2
94758,2
94759,3
94760,1
94761,3
94762,3
94763,2
94764,0
94765,0
94766,1
94767,3
94768,2
94769,0
94770,1
94771,1
94772,1
94773,3
94774,0
94775,3
94776,3
94777,0
94778,1
94779,1
94780,2
94781,3
94782,0
94783,3
94784,3
94785,0
94786,3
94787,2
94788,1
94789,3
94790,3
94791,3
94792,3
94793,3
94794,0
94795,2
94796,2
94797,3
94798,2
94799,0
94800,2
94801,0
94802,1
94803,2
94804,2
94805,2
94806,1
94807,1
94808,3
94809,0
94810,2
94811,2
94812,1
94813,0
94814,3
94815,1
94816,1
94817,3
94818,1
94819,0
94820,1
94821,2
94822,2
94823,3
94824,1
94825,2
94826,0
94827,0
94828,3
94829,0
94830,3
94831,3
94832,0
94833,3
94834,3
94835,0
94836,2
94837,1
94838,2
94839,3
94840,3
94841,0
94842,3
94843,3
94844,1
94845,3
94846,3
94847,0
94848,1
94849,3
94850,2
94851,1
94852,3
94853,3
94854,1
94855,2
94856,3
94857,2
94858,1
94859,3
94860,1
94861,3
94862,3
94863,1
94864,2
94865,2
94866,1
94867,3
94868,1
94869,1
94870,3
94871,3
94872,2
94873,2
94874,2
94875,3
94876,3
94877,2
94878,3
94879,3
94880,1
94881,3
94882,1
94883,3
94884,0
94885,2
94886,2
94887,0
94888,3
94889,1
94890,0
94891,3
94892,3
94893,3
94894,2
94895,2
94896,3
94897,3
94898,2
94899,2
94900,1
94901,1
94902,1
94903,1
94904,1
94905,3
94906,1
94907,3
94908,1
94909,0
94910,1
94911,0
94912,3
94913,3
94914,3
94915,0
94916,0
94917,3
94918,3
94919,3
94920,1
94921,2
94922,3
94923,1
94924,2
94925,2
94926,3
94927,1
94928,2
94929,2
94930,3
94931,2
94932,1
94933,3
94934,1
94935,1
94936,3
94937,1
94938,3
94939,3
94940,3
94941,1
94942,3
94943,0
94944,3
94945,2
94946,2
94947,3
94948,3
94949,3
94950,3
94951,2
94952,1
94953,2
94954,1
94955,3
94956,2
94957,2
94958,1
94959,3
94960,3
94961,0
94962,2
94963,3
94964,3
94965,2
94966,2
94967,1
94968,3
94969,3
94970,2
94971,1
94972,3
94973,2
94974,0
94975,3
94976,3
94977,1
94978,3
94979,1
94980,1
94981,2
94982,3
94983,2
94984,0
94985,0
94986,2
94987,0
94988,2
94989,3
94990,2
94991,3
94992,0
94993,2
94994,1
94995,1
94996,1
94997,0
94998,3
94999,2
95000,2
95001,1
95002,1
95003,3
95004,3
95005,3
95006,0
95007,0
95008,3
95009,3
95010,1
95011,2
95012,0
95013,1
95014,1
95015,2
95016,1
95017,3
95018,2
95019,1
95020,2
95021,3
95022,3
95023,3
95024,2
95025,3
95026,0
95027,0
95028,2
95029,0
95030,2
95031,2
95032,2
95033,0
95034,3
95035,1
95036,2
95037,3
95038,3
95039,0
95040,3
95041,3
95042,1
95043,2
95044,1
95045,3
95046,2
95047,0
95048,0
95049,3
95050,1
95051,1
95052,3
95053,0
95054,3
95055,2
95056,3
95057,2
95058,2
95059,1
95060,2
95061,2
95062,0
95063,0
95064,2
95065,3
95066,3
95067,1
95068,3
95069,1
95070,1
95071,3
95072,3
95073,0
95074,2
95075,3
95076,2
95077,3
95078,3
95079,1
95080,0
95081,0
95082,1
95083,3
95084,3
95085,0
95086,0
95087,2
95088,1
95089,3
95090,2
95091,3
95092,3
95093,1
95094,3
95095,2
95096,2
95097,2
95098,2
95099,1
95100,2
95101,3
95102,0
95103,3
95104,2
95105,3
95106,0
95107,3
95108,3
95109,0
95110,1
95111,0
95112,3
95113,3
95114,3
95115,3
95116,2
95117,0
95118,2
95119,0
95120,3
95121,3
95122,0
95123,0
95124,2
95125,3
95126,3
95127,3
95128,3
95129,2
95130,1
95131,1
95132,1
95133,2
95134,1
95135,3
95136,2
95137,3
95138,3
95139,2
95140,1
95141,3
95142,3
95143,0
95144,0
95145,1
95146,3
95147,3
95148,3
95149,1
95150,2
95151,3
95152,2
95153,1
95154,1
95155,2
95156,2
95157,1
95158,2
95159,3
95160,1
95161,0
95162,0
95163,2
95164,2
95165,3
95166,3
95167,3
95168,1
95169,3
95170,2
95171,3
95172,1
95173,3
95174,2
95175,2
95176,3
95177,1
95178,3
95179,3
95180,0
95181,3
95182,3
95183,2
95184,3
95185,2
95186,3
95187,3
95188,1
95189,3
95190,1
95191,1
95192,2
95193,1
95194,2
95195,2
95196,3
95197,1
95198,2
95199,3
95200,0
95201,1
95202,0
95203,1
95204,3
95205,2
95206,2
95207,3
95208,3
95209,2
95210,0
95211,1
95212,2
95213,0
95214,0
95215,3
95216,3
95217,1
95218,2
95219,1
95220,1
95221,2
95222,0
95223,0
95224,1
95225,0
95226,3
95227,1
95228,3
95229,0
95230,3
95231,3
95232,1
95233,3
95234,0
95235,3
95236,3
95237,2
95238,2
95239,0
95240,2
95241,0
95242,3
95243,2
95244,1
95245,1
95246,2
95247,3
95248,0
95249,2
95250,1
95251,1
95252,0
95253,1
95254,3
95255,1
95256,1
95257,3
95258,2
95259,1
95260,3
95261,2
95262,1
95263,0
95264,3
95265,2
95266,1
95267,3
95268,1
95269,1
95270,3
95271,2
95272,2
95273,2
95274,1
95275,2
95276,3
95277,3
95278,3
95279,1
95280,1
95281,0
95282,1
95283,3
95284,2
95285,1
95286,2
95287,3
95288,1
95289,1
95290,1
95291,0
95292,3
95293,2
95294,3
95295,0
95296,0
95297,0
95298,1
95299,1
95300,3
95301,0
95302,0
95303,1
95304,3
95305,3
95306,2
95307,0
95308,0
95309,1
95310,1
95311,1
95312,3
95313,1
95314,3
95315,3
95316,2
95317,2
95318,3
95319,3
95320,2
95321,3
95322,2
95323,0
95324,3
95325,3
95326,1
95327,2
95328,3
95329,0
95330,0
95331,3
95332,3
95333,1
95334,3
95335,2
95336,0
95337,1
95338,0
95339,0
95340,2
95341,3
95342,3
95343,2
95344,2
95345,2
95346,3
95347,0
95348,3
95349,1
95350,0
95351,2
95352,1
95353,1
95354,3
95355,3
95356,0
95357,2
95358,3
95359,1
95360,0
95361,0
95362,3
95363,3
95364,3
95365,3
95366,1
95367,3
95368,3
95369,3
95370,2
95371,2
95372,2
95373,2
95374,3
95375,3
95376,2
95377,2
95378,1
95379,3
95380,2
95381,1
95382,2
95383,2
95384,0
95385,2
95386,1
95387,1
95388,1
95389,2
95390,3
95391,3
95392,3
95393,2
95394,0
95395,1
95396,0
95397,0
95398,3
95399,2
95400,3
95401,0
95402,0
95403,3
95404,1
95405,2
95406,3
95407,0
95408,1
95409,3
95410,0
95411,2
95412,3
95413,2
95414,1
95415,3
95416,0
95417,1
95418,3
95419,0
95420,3
95421,3
95422,2
95423,1
95424,3
95425,0
95426,0
95427,2
95428,2
95429,0
95430,3
95431,2
95432,0
95433,2
95434,3
95435,2
95436,3
95437,2
95438,3
95439,1
95440,3
95441,3
95442,0
95443,2
95444,2
95445,2
95446,1
95447,2
95448,3
95449,0
95450,1
95451,0
95452,1
95453,1
95454,0
95455,0
95456,1
95457,2
95458,2
95459,2
95460,2
95461,3
95462,3
95463,3
95464,3
95465,0
95466,3
95467,2
95468,3
95469,1
95470,3
95471,0
95472,2
95473,2
95474,0
95475,2
95476,3
95477,3
95478,0
95479,0
95480,0
95481,1
95482,0
95483,3
95484,0
95485,0
95486,0
95487,3
95488,2
95489,3
95490,3
95491,1
95492,0
95493,3
95494,3
95495,3
95496,0
95497,0
95498,2
95499,0
95500,3
95501,3
95502,3
95503,3
95504,1
95505,0
95506,0
95507,3
95508,2
95509,3
95510,0
95511,0
95512,1
95513,3
95514,3
95515,1
95516,3
95517,3
95518,3
95519,3
95520,0
95521,0
95522,1
95523,1
95524,0
95525,0
95526,1
95527,3
95528,3
95529,3
95530,1
95531,0
95532,3
95533,3
95534,2
95535,0
95536,2
95537,2
95538,2
95539,2
95540,2
95541,0
95542,3
95543,0
95544,2
95545,0
95546,3
95547,1
95548,3
95549,3
95550,3
95551,3
95552,3
95553,2
95554,0
95555,1
95556,3
95557,2
95558,2
95559,2
95560,2
95561,3
95562,2
95563,3
95564,1
95565,1
95566,3
95567,0
95568,0
95569,1
95570,1
95571,3
95572,0
95573,0
95574,3
95575,2
95576,3
95577,3
95578,0
95579,3
95580,2
95581,3
95582,3
95583,0
95584,2
95585,3
95586,3
95587,3
95588,2
95589,2
95590,0
95591,3
95592,1
95593,2
95594,1
95595,1
95596,1
95597,0
95598,1
95599,1
95600,0
95601,1
95602,3
95603,3
95604,1
95605,2
95606,1
95607,3
95608,0
95609,1
95610,0
95611,2
95612,2
95613,2
95614,1
95615,3
95616,3
95617,0
95618,3
95619,3
95620,2
95621,0
95622,3
95623,0
95624,2
95625,3
95626,3
95627,0
95628,1
95629,0
95630,3
95631,0
95632,3
95633,3
95634,1
95635,1
95636,1
95637,3
95638,2
95639,0
95640,1
95641,3
95642,3
95643,2
95644,0
95645,2
95646,1
95647,0
95648,0
95649,0
95650,3
95651,3
95652,3
95653,3
95654,3
95655,1
95656,3
95657,3
95658,2
95659,3
95660,0
95661,3
95662,3
95663,3
95664,3
95665,0
95666,3
95667,3
95668,3
95669,1
95670,3
95671,2
95672,2
95673,2
95674,0
95675,3
95676,1
95677,2
95678,3
95679,1
95680,3
95681,0
95682,1
95683,1
95684,3
95685,2
95686,3
95687,0
95688,1
95689,3
95690,3
95691,2
95692,2
95693,3
95694,3
95695,1
95696,3
95697,0
95698,0
95699,3
95700,2
95701,3
95702,1
95703,0
95704,3
95705,1
95706,1
95707,0
95708,0
95709,3
95710,1
95711,0
95712,3
95713,1
95714,3
95715,1
95716,0
95717,1
95718,3
95719,3
95720,2
95721,3
95722,1
95723,1
95724,3
95725,3
95726,3
95727,2
95728,2
95729,2
95730,1
95731,2
95732,1
95733,1
95734,1
95735,0
95736,2
95737,3
95738,2
95739,3
95740,0
95741,3
95742,1
95743,0
95744,3
95745,1
95746,0
95747,2
95748,0
95749,0
95750,0
95751,1
95752,3
95753,3
95754,0
95755,2
95756,2
95757,2
95758,2
95759,3
95760,3
95761,3
95762,2
95763,3
95764,0
95765,2
95766,3
95767,1
95768,3
95769,0
95770,1
95771,2
95772,3
95773,3
95774,0
95775,3
95776,0
95777,0
95778,3
95779,2
95780,0
95781,0
95782,2
95783,3
95784,1
95785,3
95786,3
95787,3
95788,0
95789,0
95790,0
95791,2
95792,0
95793,3
95794,3
95795,3
95796,0
95797,2
95798,0
95799,2
95800,1
95801,2
95802,2
95803,0
95804,3
95805,0
95806,1
95807,2
95808,3
95809,3
95810,3
95811,1
95812,2
95813,0
95814,3
95815,3
95816,3
95817,3
95818,3
95819,1
95820,2
95821,3
95822,1
95823,1
95824,3
95825,3
95826,0
95827,2
95828,2
95829,1
95830,2
95831,3
95832,0
95833,0
95834,2
95835,1
95836,1
95837,2
95838,0
95839,3
95840,3
95841,2
95842,3
95843,1
95844,2
95845,2
95846,3
95847,0
95848,3
95849,2
95850,0
95851,0
95852,1
95853,2
95854,1
95855,1
95856,1
95857,1
95858,3
95859,0
95860,2
95861,3
95862,0
95863,2
95864,3
95865,2
95866,2
95867,0
95868,0
95869,3
95870,0
95871,3
95872,3
95873,3
95874,3
95875,0
95876,0
95877,0
95878,0
95879,3
95880,0
95881,3
95882,0
95883,3
95884,3
95885,2
95886,1
95887,3
95888,2
95889,3
95890,2
95891,3
95892,3
95893,3
95894,3
95895,2
95896,0
95897,0
95898,2
95899,3
95900,1
95901,3
95902,3
95903,1
95904,2
95905,0
95906,1
95907,0
95908,2
95909,3
95910,3
95911,0
95912,0
95913,1
95914,3
95915,0
95916,0
95917,3
95918,3
95919,1
95920,2
95921,1
95922,2
95923,1
95924,0
95925,0
95926,1
95927,1
95928,1
95929,3
95930,1
95931,0
95932,0
95933,2
95934,3
95935,1
95936,2
95937,2
95938,0
95939,0
95940,3
95941,2
95942,3
95943,1
95944,2
95945,0
95946,3
95947,3
95948,0
95949,2
95950,3
95951,2
95952,0
95953,2
95954,3
95955,3
95956,0
95957,1
95958,2
95959,1
95960,1
95961,1
95962,1
95963,2
95964,1
95965,1
95966,0
95967,1
95968,1
95969,3
95970,3
95971,3
95972,0
95973,0
95974,0
95975,1
95976,2
95977,2
95978,3
95979,0
95980,2
95981,0
95982,3
95983,3
95984,3
95985,3
95986,3
95987,3
95988,3
95989,0
95990,3
95991,3
95992,2
95993,3
95994,2
95995,3
95996,3
95997,3
95998,1
95999,3
96000,3
96001,2
96002,3
96003,3
96004,3
96005,2
96006,0
96007,3
96008,3
96009,1
96010,0
96011,1
96012,0
96013,1
96014,3
96015,1
96016,3
96017,3
96018,2
96019,0
96020,3
96021,0
96022,1
96023,1
96024,3
96025,0
96026,3
96027,3
96028,0
96029,0
96030,3
96031,2
96032,3
96033,1
96034,1
96035,3
96036,1
96037,0
96038,3
96039,2
96040,1
96041,3
96042,1
96043,0
96044,0
96045,1
96046,3
96047,3
96048,2
96049,0
96050,2
96051,3
96052,0
96053,3
96054,3
96055,3
96056,2
96057,1
96058,3
96059,3
96060,1
96061,2
96062,2
96063,2
96064,2
96065,0
96066,3
96067,0
96068,2
96069,3
96070,2
96071,3
96072,3
96073,0
96074,2
96075,2
96076,2
96077,1
96078,0
96079,3
96080,3
96081,1
96082,1
96083,3
96084,0
96085,0
96086,3
96087,2
96088,2
96089,3
96090,0
96091,1
96092,3
96093,2
96094,2
96095,2
96096,2
96097,3
96098,2
96099,3
96100,3
96101,2
96102,0
96103,3
96104,2
96105,0
96106,2
96107,2
96108,2
96109,1
96110,3
96111,2
96112,3
96113,2
96114,0
96115,1
96116,2
96117,3
96118,0
96119,2
96120,1
96121,1
96122,2
96123,3
96124,0
96125,3
96126,2
96127,3
96128,1
96129,3
96130,0
96131,1
96132,1
96133,1
96134,0
96135,1
96136,3
96137,2
96138,3
96139,1
96140,3
96141,0
96142,2
96143,2
96144,1
96145,1
96146,3
96147,1
96148,3
96149,3
96150,2
96151,0
96152,2
96153,3
96154,1
96155,2
96156,3
96157,0
96158,2
96159,3
96160,3
96161,2
96162,2
96163,3
96164,2
96165,3
96166,1
96167,3
96168,1
96169,0
96170,3
96171,2
96172,3
96173,3
96174,1
96175,0
96176,0
96177,2
96178,3
96179,1
96180,3
96181,3
96182,1
96183,3
96184,2
96185,3
96186,2
96187,1
96188,1
96189,3
96190,2
96191,1
96192,1
96193,1
96194,3
96195,0
96196,3
96197,0
96198,0
96199,0
96200,1
96201,3
96202,2
96203,3
96204,1
96205,0
96206,3
96207,1
96208,2
96209,3
96210,3
96211,2
96212,2
96213,3
96214,3
96215,3
96216,3
96217,2
96218,2
96219,0
96220,1
96221,1
96222,3
96223,3
96224,1
96225,2
96226,2
96227,3
96228,3
96229,0
96230,1
96231,2
96232,3
96233,3
96234,3
96235,0
96236,2
96237,3
96238,2
96239,1
96240,3
96241,0
96242,0
96243,1
96244,0
96245,2
96246,3
96247,0
96248,3
96249,2
96250,3
96251,2
96252,2
96253,3
96254,0
96255,3
96256,3
96257,3
96258,2
96259,0
96260,2
96261,3
96262,2
96263,3
96264,1
96265,3
96266,3
96267,0
96268,1
96269,3
96270,3
96271,3
96272,0
96273,2
96274,1
96275,3
96276,3
96277,3
96278,1
96279,1
96280,3
96281,3
96282,0
96283,0
96284,1
96285,2
96286,3
96287,3
96288,3
96289,0
96290,3
96291,0
96292,1
96293,3
96294,1
96295,2
96296,2
96297,0
96298,3
96299,3
96300,3
96301,3
96302,3
96303,3
96304,3
96305,0
96306,3
96307,1
96308,2
96309,0
96310,2
96311,1
96312,3
96313,3
96314,2
96315,0
96316,2
96317,3
96318,0
96319,2
96320,2
96321,0
96322,3
96323,1
96324,0
96325,0
96326,1
96327,3
96328,1
96329,2
96330,3
96331,1
96332,3
96333,1
96334,3
96335,3
96336,3
96337,3
96338,2
96339,3
96340,3
96341,2
96342,1
96343,1
96344,0
96345,1
96346,3
96347,3
96348,2
96349,2
96350,1
96351,2
96352,3
96353,3
96354,2
96355,0
96356,0
96357,0
96358,3
96359,0
96360,1
96361,3
96362,2
96363,2
96364,3
96365,3
96366,2
96367,3
96368,1
96369,3
96370,3
96371,3
96372,2
96373,2
96374,3
96375,0
96376,0
96377,3
96378,2
96379,2
96380,2
96381,0
96382,0
96383,2
96384,2
96385,0
96386,2
96387,3
96388,2
96389,0
96390,2
96391,1
96392,2
96393,3
96394,3
96395,3
96396,0
96397,3
96398,1
96399,2
96400,2
96401,0
96402,3
96403,0
96404,0
96405,1
96406,3
96407,2
96408,1
96409,1
96410,1
96411,2
96412,0
96413,1
96414,2
96415,3
96416,0
96417,0
96418,2
96419,3
96420,0
96421,2
96422,3
96423,3
96424,0
96425,1
96426,3
96427,2
96428,3
96429,2
96430,1
96431,2
96432,2
96433,2
96434,1
96435,1
96436,1
96437,2
96438,1
96439,2
96440,3
96441,3
96442,3
96443,2
96444,3
96445,0
96446,3
96447,0
96448,3
96449,2
96450,3
96451,1
96452,1
96453,3
96454,2
96455,3
96456,1
96457,0
96458,1
96459,1
96460,3
96461,2
96462,1
96463,1
96464,2
96465,0
96466,3
96467,3
96468,2
96469,3
96470,2
96471,1
96472,3
96473,3
96474,3
96475,3
96476,0
96477,1
96478,2
96479,0
96480,0
96481,3
96482,3
96483,0
96484,2
96485,2
96486,3
96487,3
96488,0
96489,3
96490,2
96491,1
96492,2
96493,3
96494,2
96495,1
96496,3
96497,2
96498,1
96499,3
96500,3
96501,3
96502,1
96503,2
96504,3
96505,0
96506,1
96507,0
96508,3
96509,0
96510,0
96511,2
96512,1
96513,1
96514,3
96515,1
96516,1
96517,1
96518,1
96519,1
96520,3
96521,1
96522,1
96523,0
96524,1
96525,2
96526,1
96527,2
96528,0
96529,3
96530,2
96531,3
96532,1
96533,2
96534,1
96535,3
96536,2
96537,1
96538,3
96539,3
96540,3
96541,1
96542,1
96543,3
96544,0
96545,1
96546,3
96547,2
96548,2
96549,3
96550,3
96551,1
96552,2
96553,0
96554,0
96555,0
96556,3
96557,3
96558,1
96559,3
96560,2
96561,1
96562,2
96563,3
96564,3
96565,2
96566,1
96567,3
96568,2
96569,3
96570,1
96571,2
96572,2
96573,3
96574,3
96575,1
96576,3
96577,3
96578,3
96579,0
96580,0
96581,1
96582,3
96583,2
96584,1
96585,1
96586,1
96587,2
96588,1
96589,2
96590,0
96591,2
96592,0
96593,2
96594,3
96595,1
96596,0
96597,3
96598,3
96599,0
96600,2
96601,2
96602,2
96603,3
96604,1
96605,1
96606,3
96607,0
96608,3
96609,0
96610,2
96611,2
96612,1
96613,0
96614,0
96615,3
96616,0
96617,0
96618,3
96619,1
96620,3
96621,2
96622,2
96623,2
96624,3
96625,1
96626,3
96627,2
96628,1
96629,2
96630,2
96631,2
96632,1
96633,3
96634,0
96635,3
96636,3
96637,1
96638,3
96639,3
96640,0
96641,2
96642,2
96643,1
96644,1
96645,2
96646,2
96647,1
96648,2
96649,0
96650,0
96651,0
96652,1
96653,1
96654,2
96655,2
96656,2
96657,3
96658,1
96659,3
96660,2
96661,3
96662,3
96663,3
96664,3
96665,0
96666,2
96667,2
96668,2
96669,0
96670,3
96671,3
96672,2
96673,0
96674,3
96675,3
96676,2
96677,3
96678,3
96679,0
96680,3
96681,0
96682,1
96683,1
96684,3
96685,2
96686,2
96687,3
96688,0
96689,0
96690,2
96691,3
96692,2
96693,0
96694,0
96695,2
96696,3
96697,2
96698,0
96699,1
96700,2
96701,3
96702,2
96703,1
96704,1
96705,1
96706,3
96707,2
96708,0
96709,1
96710,2
96711,1
96712,0
96713,2
96714,3
96715,1
96716,1
96717,3
96718,3
96719,3
96720,1
96721,3
96722,3
96723,1
96724,3
96725,2
96726,3
96727,3
96728,1
96729,3
96730,1
96731,2
96732,2
96733,3
96734,3
96735,3
96736,3
96737,1
96738,2
96739,3
96740,3
96741,1
96742,3
96743,2
96744,1
96745,3
96746,0
96747,1
96748,2
96749,0
96750,1
96751,0
96752,1
96753,0
96754,3
96755,2
96756,2
96757,0
96758,3
96759,2
96760,3
96761,2
96762,3
96763,1
96764,3
96765,0
96766,3
96767,1
96768,2
96769,3
96770,1
96771,1
96772,3
96773,3
96774,3
96775,2
96776,3
96777,3
96778,1
96779,3
96780,3
96781,1
96782,1
96783,1
96784,2
96785,2
96786,3
96787,2
96788,0
96789,2
96790,2
96791,3
96792,3
96793,1
96794,0
96795,1
96796,3
96797,2
96798,3
96799,2
96800,3
96801,2
96802,0
96803,2
96804,1
96805,2
96806,0
96807,2
96808,3
96809,2
96810,2
96811,2
96812,0
96813,1
96814,2
96815,0
96816,3
96817,0
96818,3
96819,2
96820,3
96821,2
96822,0
96823,0
96824,1
96825,3
96826,1
96827,3
96828,2
96829,2
96830,2
96831,1
96832,1
96833,3
96834,1
96835,3
96836,2
96837,3
96838,1
96839,3
96840,3
96841,1
96842,3
96843,3
96844,0
96845,3
96846,2
96847,1
96848,1
96849,3
96850,3
96851,2
96852,3
96853,3
96854,0
96855,3
96856,3
96857,2
96858,0
96859,2
96860,3
96861,2
96862,0
96863,3
96864,2
96865,1
96866,0
96867,3
96868,3
96869,1
96870,2
96871,3
96872,1
96873,3
96874,2
96875,3
96876,3
96877,3
96878,3
96879,2
96880,2
96881,2
96882,1
96883,2
96884,2
96885,0
96886,3
96887,1
96888,3
96889,2
96890,3
96891,2
96892,0
96893,1
96894,3
96895,1
96896,3
96897,2
96898,2
96899,1
96900,3
96901,3
96902,3
96903,3
96904,2
96905,1
96906,2
96907,2
96908,1
96909,1
96910,1
96911,1
96912,1
96913,1
96914,3
96915,3
96916,1
96917,0
96918,1
96919,1
96920,1
96921,1
96922,3
96923,1
96924,2
96925,1
96926,3
96927,2
96928,3
96929,3
96930,3
96931,3
96932,1
96933,2
96934,2
96935,1
96936,1
96937,2
96938,0
96939,3
96940,3
96941,3
96942,3
96943,1
96944,3
96945,3
96946,2
96947,1
96948,3
96949,2
96950,1
96951,0
96952,3
96953,2
96954,3
96955,0
96956,1
96957,3
96958,3
96959,3
96960,2
96961,0
96962,0
96963,0
96964,3
96965,1
96966,3
96967,2
96968,3
96969,1
96970,3
96971,2
96972,3
96973,2
96974,3
96975,0
96976,2
96977,1
96978,2
96979,1
96980,0
96981,0
96982,2
96983,3
96984,3
96985,3
96986,1
96987,1
96988,2
96989,3
96990,2
96991,2
96992,3
96993,2
96994,3
96995,3
96996,3
96997,0
96998,1
96999,3
97000,2
97001,0
97002,3
97003,0
97004,2
97005,2
97006,2
97007,1
97008,2
97009,1
97010,3
97011,1
97012,0
97013,1
97014,1
97015,3
97016,3
97017,3
97018,2
97019,2
97020,1
97021,0
97022,3
97023,2
97024,2
97025,3
97026,1
97027,3
97028,2
97029,2
97030,2
97031,1
97032,2
97033,1
97034,1
97035,0
97036,3
97037,0
97038,2
97039,2
97040,0
97041,2
97042,2
97043,3
97044,2
97045,0
97046,3
97047,3
97048,3
97049,0
97050,1
97051,1
97052,2
97053,1
97054,2
97055,3
97056,1
97057,3
97058,3
97059,0
97060,3
97061,3
97062,3
97063,1
97064,2
97065,3
97066,2
97067,3
97068,2
97069,3
97070,3
97071,1
97072,3
97073,3
97074,2
97075,3
97076,0
97077,2
97078,1
97079,0
97080,0
97081,0
97082,2
97083,3
97084,1
97085,1
97086,2
97087,3
97088,1
97089,2
97090,2
97091,0
97092,3
97093,0
97094,2
97095,2
97096,3
97097,3
97098,2
97099,1
97100,0
97101,1
97102,3
97103,0
97104,2
97105,3
97106,3
97107,3
97108,0
97109,1
97110,3
97111,2
97112,3
97113,3
97114,3
97115,0
97116,2
97117,1
97118,0
97119,3
97120,0
97121,2
97122,0
97123,1
97124,3
97125,3
97126,1
97127,2
97128,3
97129,1
97130,2
97131,0
97132,3
97133,3
97134,2
97135,3
97136,2
97137,3
97138,0
97139,3
97140,3
97141,3
97142,0
97143,2
97144,3
97145,1
97146,1
97147,3
97148,2
97149,1
97150,2
97151,3
97152,3
97153,3
97154,1
97155,2
97156,3
97157,1
97158,0
97159,1
97160,3
97161,2
97162,1
97163,1
97164,3
97165,1
97166,1
97167,3
97168,2
97169,1
97170,1
97171,1
97172,3
97173,3
97174,0
97175,3
97176,1
97177,2
97178,0
97179,2
97180,3
97181,0
97182,2
97183,1
97184,3
97185,3
97186,3
97187,0
97188,1
97189,3
97190,3
97191,1
97192,3
97193,3
97194,3
97195,1
97196,1
97197,3
97198,3
97199,1
97200,3
97201,2
97202,2
97203,3
97204,2
97205,3
97206,0
97207,3
97208,2
97209,2
97210,2
97211,3
97212,0
97213,0
97214,1
97215,1
97216,0
97217,2
97218,2
97219,3
97220,1
97221,1
97222,2
97223,3
97224,3
97225,1
97226,2
97227,3
97228,1
97229,3
97230,2
97231,0
97232,3
97233,3
97234,0
97235,1
97236,3
97237,0
97238,2
97239,2
97240,1
97241,2
97242,2
97243,0
97244,2
97245,1
97246,0
97247,3
97248,2
97249,3
97250,0
97251,0
97252,3
97253,2
97254,3
97255,2
97256,3
97257,1
97258,1
97259,1
97260,3
97261,1
97262,3
97263,2
97264,2
97265,3
97266,2
97267,0
97268,2
97269,1
97270,3
97271,2
97272,2
97273,1
97274,1
97275,2
97276,2
97277,3
97278,0
97279,0
97280,3
97281,2
97282,3
97283,2
97284,2
97285,3
97286,3
97287,1
97288,3
97289,3
97290,2
97291,2
97292,1
97293,1
97294,3
97295,2
97296,1
97297,1
97298,3
97299,1
97300,3
97301,1
97302,1
97303,0
97304,1
97305,0
97306,3
97307,3
97308,2
97309,0
97310,3
97311,2
97312,1
97313,2
97314,3
97315,0
97316,3
97317,2
97318,3
97319,1
97320,3
97321,1
97322,0
97323,0
97324,3
97325,3
97326,2
97327,1
97328,2
97329,2
97330,3
97331,2
97332,0
97333,3
97334,1
97335,1
97336,3
97337,2
97338,3
97339,2
97340,3
97341,2
97342,3
97343,2
97344,3
97345,0
97346,2
97347,3
97348,1
97349,2
97350,3
97351,3
97352,2
97353,1
97354,2
97355,1
97356,1
97357,2
97358,2
97359,1
97360,2
97361,3
97362,1
97363,3
97364,2
97365,3
97366,1
97367,2
97368,3
97369,3
97370,2
97371,1
97372,3
97373,3
97374,1
97375,3
97376,0
97377,1
97378,0
97379,3
97380,3
97381,3
97382,3
97383,1
97384,3
97385,3
97386,2
97387,3
97388,0
97389,3
97390,2
97391,3
97392,3
97393,2
97394,3
97395,3
97396,0
97397,3
97398,3
97399,2
97400,3
97401,3
97402,2
97403,2
97404,3
97405,2
97406,0
97407,0
97408,3
97409,1
97410,0
97411,3
97412,3
97413,1
97414,3
97415,2
97416,1
97417,1
97418,0
97419,0
97420,2
97421,1
97422,1
97423,3
97424,1
97425,0
97426,2
97427,2
97428,0
97429,3
97430,2
97431,3
97432,0
97433,2
97434,3
97435,0
97436,3
97437,1
97438,3
97439,1
97440,1
97441,2
97442,2
97443,1
97444,3
97445,0
97446,2
97447,2
97448,0
97449,2
97450,1
97451,3
97452,3
97453,3
97454,1
97455,1
97456,3
97457,3
97458,0
97459,3
97460,1
97461,3
97462,2
97463,3
97464,3
97465,3
97466,0
97467,3
97468,2
97469,0
97470,1
97471,2
97472,3
97473,3
97474,3
97475,2
97476,0
97477,2
97478,2
97479,3
97480,2
97481,0
97482,3
97483,1
97484,3
97485,3
97486,3
97487,0
97488,3
97489,3
97490,1
97491,3
97492,1
97493,0
97494,2
97495,1
97496,1
97497,3
97498,3
97499,1
97500,0
97501,0
97502,3
97503,2
97504,2
97505,3
97506,1
97507,2
97508,3
97509,0
97510,2
97511,2
97512,1
97513,0
97514,0
97515,3
97516,1
97517,2
97518,0
97519,3
97520,0
97521,3
97522,0
97523,1
97524,3
97525,1
97526,3
97527,1
97528,3
97529,3
97530,0
97531,1
97532,2
97533,1
97534,1
97535,1
97536,3
97537,1
97538,1
97539,1
97540,3
97541,2
97542,3
97543,1
97544,3
97545,2
97546,3
97547,2
97548,0
97549,1
97550,3
97551,0
97552,2
97553,1
97554,1
97555,3
97556,2
97557,2
97558,2
97559,3
97560,2
97561,2
97562,0
97563,0
97564,2
97565,0
97566,1
97567,1
97568,0
97569,3
97570,2
97571,2
97572,0
97573,3
97574,1
97575,2
97576,3
97577,1
97578,2
97579,3
97580,1
97581,1
97582,3
97583,1
97584,1
97585,0
97586,3
97587,2
97588,1
97589,3
97590,3
97591,1
97592,1
97593,3
97594,1
97595,2
97596,2
97597,2
97598,0
97599,0
97600,2
97601,3
97602,3
97603,1
97604,1
97605,2
97606,3
97607,2
97608,3
97609,3
97610,0
97611,2
97612,1
97613,2
97614,3
97615,0
97616,2
97617,0
97618,3
97619,1
97620,1
97621,3
97622,2
97623,0
97624,3
97625,1
97626,3
97627,2
97628,2
97629,1
97630,0
97631,3
97632,3
97633,1
97634,1
97635,3
97636,1
97637,3
97638,0
97639,2
97640,3
97641,1
97642,3
97643,2
97644,2
97645,2
97646,0
97647,1
97648,2
97649,0
97650,3
97651,2
97652,1
97653,3
97654,1
97655,2
97656,3
97657,2
97658,0
97659,2
97660,2
97661,3
97662,3
97663,2
97664,1
97665,3
97666,1
97667,3
97668,1
97669,3
97670,3
97671,3
97672,1
97673,3
97674,3
97675,0
97676,0
97677,1
97678,2
97679,2
97680,3
97681,0
97682,1
97683,1
97684,1
97685,2
97686,1
97687,3
97688,3
97689,3
97690,0
97691,3
97692,3
97693,2
97694,3
97695,1
97696,3
97697,3
97698,0
97699,3
97700,0
97701,3
97702,2
97703,0
97704,0
97705,1
97706,3
97707,1
97708,3
97709,0
97710,0
97711,2
97712,1
97713,1
97714,3
97715,2
97716,2
97717,3
97718,3
97719,0
97720,1
97721,3
97722,3
97723,2
97724,3
97725,1
97726,2
97727,3
97728,3
97729,3
97730,3
97731,3
97732,3
97733,0
97734,3
97735,2
97736,3
97737,3
97738,1
97739,0
97740,2
97741,2
97742,0
97743,1
97744,3
97745,2
97746,3
97747,2
97748,0
97749,1
97750,1
97751,3
97752,1
97753,0
97754,2
97755,2
97756,1
97757,2
97758,3
97759,1
97760,1
97761,3
97762,0
97763,1
97764,3
97765,2
97766,2
97767,3
97768,0
97769,1
97770,3
97771,1
97772,3
97773,2
97774,3
97775,0
97776,0
97777,1
97778,3
97779,1
97780,2
97781,2
97782,2
97783,2
97784,1
97785,2
97786,0
97787,0
97788,3
97789,1
97790,3
97791,3
97792,2
97793,0
97794,3
97795,3
97796,3
97797,0
97798,0
97799,1
97800,1
97801,3
97802,0
97803,3
97804,1
97805,3
97806,2
97807,3
97808,3
97809,1
97810,2
97811,2
97812,1
97813,3
97814,2
97815,1
97816,3
97817,2
97818,3
97819,3
97820,1
97821,1
97822,2
97823,1
97824,2
97825,1
97826,2
97827,2
97828,0
97829,3
97830,2
97831,3
97832,0
97833,2
97834,1
97835,1
97836,1
97837,2
97838,1
97839,2
97840,3
97841,2
97842,2
97843,0
97844,0
97845,3
97846,3
97847,2
97848,2
97849,2
97850,0
97851,3
97852,1
97853,1
97854,3
97855,3
97856,0
97857,3
97858,3
97859,0
97860,3
97861,1
97862,0
97863,2
97864,3
97865,1
97866,0
97867,3
97868,1
97869,3
97870,3
97871,1
97872,0
97873,3
97874,1
97875,0
97876,1
97877,0
97878,1
97879,0
97880,1
97881,2
97882,0
97883,3
97884,3
97885,1
97886,1
97887,3
97888,3
97889,1
97890,2
97891,2
97892,3
97893,3
97894,2
97895,3
97896,1
97897,1
97898,2
97899,1
97900,1
97901,1
97902,3
97903,1
97904,1
97905,3
97906,3
97907,3
97908,2
97909,2
97910,3
97911,3
97912,3
97913,0
97914,0
97915,2
97916,2
97917,1
97918,2
97919,3
97920,1
97921,0
97922,2
97923,1
97924,2
97925,1
97926,2
97927,3
97928,1
97929,3
97930,3
97931,3
97932,3
97933,3
97934,2
97935,0
97936,1
97937,3
97938,1
97939,1
97940,1
97941,2
97942,2
97943,1
97944,0
97945,1
97946,1
97947,2
97948,3
97949,3
97950,1
97951,1
97952,1
97953,3
97954,3
97955,2
97956,0
97957,2
97958,3
97959,3
97960,0
97961,3
97962,3
97963,3
97964,2
97965,3
97966,1
97967,2
97968,2
97969,0
97970,0
97971,3
97972,2
97973,2
97974,2
97975,3
97976,0
97977,1
97978,0
97979,3
97980,0
97981,0
97982,2
97983,2
97984,2
97985,1
97986,2
97987,3
97988,2
97989,1
97990,0
97991,2
97992,3
97993,1
97994,0
97995,0
97996,3
97997,1
97998,1
97999,3
98000,0
98001,1
98002,1
98003,3
98004,1
98005,3
98006,3
98007,1
98008,3
98009,3
98010,1
98011,2
98012,0
98013,1
98014,2
98015,3
98016,3
98017,3
98018,3
98019,2
98020,3
98021,1
98022,0
98023,0
98024,0
98025,2
98026,0
98027,3
98028,0
98029,0
98030,0
98031,1
98032,3
98033,0
98034,3
98035,3
98036,0
98037,2
98038,1
98039,2
98040,0
98041,2
98042,0
98043,3
98044,1
98045,3
98046,3
98047,3
98048,3
98049,3
98050,1
98051,2
98052,2
98053,2
98054,2
98055,3
98056,1
98057,1
98058,0
98059,3
98060,3
98061,3
98062,3
98063,0
98064,3
98065,2
98066,3
98067,1
98068,2
98069,0
98070,1
98071,0
98072,2
98073,3
98074,1
98075,0
98076,2
98077,3
98078,2
98079,0
98080,3
98081,3
98082,1
98083,0
98084,2
98085,3
98086,2
98087,2
98088,2
98089,0
98090,1
98091,0
98092,3
98093,2
98094,2
98095,3
98096,3
98097,1
98098,0
98099,1
98100,2
98101,1
98102,1
98103,2
98104,2
98105,3
98106,3
98107,1
98108,1
98109,3
98110,0
98111,3
98112,3
98113,1
98114,1
98115,3
98116,3
98117,2
98118,2
98119,0
98120,3
98121,0
98122,0
98123,3
98124,3
98125,0
98126,3
98127,1
98128,0
98129,3
98130,0
98131,3
98132,1
98133,0
98134,3
98135,0
98136,2
98137,3
98138,2
98139,3
98140,0
98141,3
98142,1
98143,2
98144,3
98145,0
98146,3
98147,0
98148,3
98149,3
98150,0
98151,2
98152,3
98153,2
98154,1
98155,1
98156,2
98157,3
98158,3
98159,1
98160,2
98161,1
98162,3
98163,3
98164,3
98165,3
98166,1
98167,3
98168,2
98169,3
98170,3
98171,0
98172,2
98173,3
98174,3
98175,2
98176,3
98177,0
98178,0
98179,2
98180,2
98181,0
98182,3
98183,1
98184,1
98185,2
98186,3
98187,3
98188,2
98189,2
98190,1
98191,0
98192,3
98193,3
98194,3
98195,1
98196,3
98197,2
98198,1
98199,3
98200,0
98201,3
98202,2
98203,3
98204,1
98205,3
98206,2
98207,3
98208,3
98209,1
98210,3
98211,3
98212,2
98213,2
98214,3
98215,1
98216,3
98217,2
98218,3
98219,1
98220,3
98221,3
98222,1
98223,3
98224,3
98225,2
98226,3
98227,3
98228,2
98229,0
98230,3
98231,2
98232,1
98233,3
98234,2
98235,2
98236,0
98237,2
98238,2
98239,0
98240,1
98241,1
98242,3
98243,3
98244,1
98245,3
98246,1
98247,0
98248,3
98249,0
98250,3
98251,2
98252,1
98253,3
98254,2
98255,3
98256,2
98257,2
98258,1
98259,3
98260,2
98261,2
98262,2
98263,1
98264,3
98265,2
98266,0
98267,1
98268,2
98269,0
98270,3
98271,1
98272,1
98273,3
98274,2
98275,2
98276,3
98277,3
98278,2
98279,3
98280,1
98281,0
98282,1
98283,3
98284,1
98285,3
98286,0
98287,1
98288,1
98289,1
98290,3
98291,0
98292,1
98293,1
98294,1
98295,0
98296,0
98297,0
98298,0
98299,2
98300,3
98301,1
98302,3
98303,2
98304,2
98305,3
98306,0
98307,0
98308,2
98309,3
98310,2
98311,0
98312,2
98313,3
98314,3
98315,2
98316,0
98317,2
98318,3
98319,1
98320,2
98321,3
98322,0
98323,3
98324,3
98325,2
98326,3
98327,1
98328,3
98329,3
98330,3
98331,2
98332,0
98333,3
98334,3
98335,1
98336,2
98337,0
98338,2
98339,3
98340,3
98341,3
98342,0
98343,3
98344,0
98345,1
98346,1
98347,2
98348,1
98349,3
98350,3
98351,1
98352,1
98353,0
98354,0
98355,1
98356,1
98357,2
98358,3
98359,0
98360,3
98361,3
98362,3
98363,3
98364,0
98365,3
98366,3
98367,0
98368,0
98369,2
98370,3
98371,3
98372,1
98373,2
98374,3
98375,1
98376,1
98377,0
98378,3
98379,3
98380,3
98381,1
98382,1
98383,3
98384,0
98385,2
98386,3
98387,2
98388,3
98389,3
98390,1
98391,1
98392,3
98393,3
98394,1
98395,3
98396,3
98397,0
98398,2
98399,3
98400,0
98401,1
98402,0
98403,1
98404,3
98405,0
98406,1
98407,1
98408,1
98409,1
98410,2
98411,3
98412,3
98413,0
98414,0
98415,2
98416,2
98417,3
98418,3
98419,0
98420,0
98421,3
98422,3
98423,3
98424,1
98425,3
98426,2
98427,3
98428,2
98429,3
98430,2
98431,0
98432,1
98433,3
98434,3
98435,2
98436,0
98437,0
98438,0
98439,3
98440,3
98441,2
98442,2
98443,2
98444,1
98445,3
98446,3
98447,0
98448,3
98449,0
98450,2
98451,1
98452,1
98453,0
98454,3
98455,3
98456,3
98457,3
98458,1
98459,3
98460,3
98461,0
98462,3
98463,3
98464,2
98465,3
98466,0
98467,1
98468,3
98469,3
98470,0
98471,3
98472,1
98473,2
98474,1
98475,1
98476,3
98477,3
98478,1
98479,3
98480,3
98481,3
98482,2
98483,0
98484,3
98485,3
98486,3
98487,3
98488,3
98489,3
98490,2
98491,1
98492,2
98493,3
98494,0
98495,1
98496,1
98497,3
98498,2
98499,1
98500,1
98501,2
98502,3
98503,0
98504,2
98505,3
98506,0
98507,0
98508,1
98509,3
98510,0
98511,1
98512,1
98513,2
98514,3
98515,2
98516,1
98517,0
98518,3
98519,0
98520,3
98521,3
98522,3
98523,0
98524,2
98525,1
98526,2
98527,3
98528,3
98529,1
98530,0
98531,1
98532,3
98533,3
98534,3
98535,2
98536,1
98537,0
98538,3
98539,2
98540,3
98541,1
98542,3
98543,3
98544,0
98545,0
98546,0
98547,3
98548,3
98549,1
98550,3
98551,3
98552,1
98553,3
98554,3
98555,1
98556,2
98557,3
98558,3
98559,1
98560,2
98561,0
98562,2
98563,3
98564,3
98565,1
98566,1
98567,2
98568,0
98569,0
98570,2
98571,3
98572,0
98573,3
98574,1
98575,2
98576,3
98577,0
98578,2
98579,1
98580,0
98581,2
98582,3
98583,1
98584,3
98585,2
98586,3
98587,2
98588,3
98589,3
98590,0
98591,2
98592,2
98593,0
98594,2
98595,0
98596,0
98597,0
98598,0
98599,3
98600,1
98601,3
98602,1
98603,3
98604,2
98605,2
98606,2
98607,2
98608,1
98609,2
98610,3
98611,3
98612,3
98613,3
98614,3
98615,0
98616,0
98617,1
98618,3
98619,1
98620,2
98621,0
98622,1
98623,2
98624,2
98625,1
98626,2
98627,0
98628,3
98629,3
98630,2
98631,2
98632,2
98633,1
98634,0
98635,1
98636,3
98637,1
98638,0
98639,2
98640,1
98641,1
98642,3
98643,3
98644,1
98645,3
98646,3
98647,3
98648,1
98649,1
98650,2
98651,1
98652,3
98653,3
98654,0
98655,0
98656,3
98657,2
98658,3
98659,2
98660,3
98661,2
98662,2
98663,1
98664,0
98665,3
98666,3
98667,2
98668,0
98669,3
98670,3
98671,3
98672,2
98673,3
98674,2
98675,0
98676,1
98677,2
98678,2
98679,3
98680,1
98681,1
98682,0
98683,0
98684,2
98685,1
98686,3
98687,0
98688,3
98689,3
98690,3
98691,3
98692,2
98693,3
98694,2
98695,1
98696,1
98697,0
98698,3
98699,0
98700,3
98701,3
98702,1
98703,1
98704,1
98705,2
98706,0
98707,3
98708,3
98709,0
98710,2
98711,2
98712,1
98713,2
98714,0
98715,3
98716,2
98717,2
98718,0
98719,3
98720,2
98721,3
98722,1
98723,3
98724,1
98725,3
98726,1
98727,3
98728,0
98729,1
98730,3
98731,0
98732,2
98733,2
98734,2
98735,2
98736,3
98737,1
98738,1
98739,0
98740,3
98741,2
98742,0
98743,3
98744,0
98745,3
98746,2
98747,0
98748,2
98749,2
98750,3
98751,3
98752,3
98753,3
98754,3
98755,3
98756,2
98757,0
98758,2
98759,0
98760,3
98761,2
98762,3
98763,0
98764,1
98765,2
98766,1
98767,2
98768,1
98769,2
98770,2
98771,3
98772,2
98773,0
98774,3
98775,2
98776,2
98777,0
98778,0
98779,2
98780,0
98781,1
98782,2
98783,1
98784,3
98785,3
98786,2
98787,3
98788,1
98789,1
98790,2
98791,3
98792,3
98793,1
98794,1
98795,1
98796,0
98797,1
98798,1
98799,3
98800,2
98801,3
98802,3
98803,3
98804,0
98805,0
98806,3
98807,2
98808,3
98809,2
98810,3
98811,2
98812,1
98813,3
98814,2
98815,3
98816,3
98817,0
98818,3
98819,2
98820,1
98821,2
98822,1
98823,3
98824,2
98825,0
98826,2
98827,3
98828,1
98829,1
98830,0
98831,3
98832,2
98833,0
98834,2
98835,2
98836,2
98837,3
98838,0
98839,0
98840,3
98841,3
98842,0
98843,3
98844,3
98845,1
98846,3
98847,3
98848,1
98849,1
98850,0
98851,0
98852,1
98853,0
98854,2
98855,3
98856,3
98857,3
98858,3
98859,2
98860,2
98861,2
98862,1
98863,3
98864,0
98865,1
98866,3
98867,2
98868,1
98869,1
98870,2
98871,2
98872,2
98873,1
98874,0
98875,0
98876,3
98877,2
98878,1
98879,1
98880,2
98881,0
98882,0
98883,2
98884,3
98885,0
98886,0
98887,3
98888,3
98889,3
98890,2
98891,2
98892,3
98893,1
98894,1
98895,2
98896,1
98897,1
98898,3
98899,0
98900,3
98901,0
98902,3
98903,1
98904,3
98905,1
98906,0
98907,3
98908,3
98909,3
98910,1
98911,1
98912,2
98913,2
98914,3
98915,1
98916,0
98917,3
98918,2
98919,1
98920,3
98921,0
98922,1
98923,2
98924,0
98925,2
98926,2
98927,3
98928,1
98929,0
98930,1
98931,3
98932,1
98933,2
98934,0
98935,2
98936,3
98937,2
98938,2
98939,2
98940,3
98941,0
98942,1
98943,3
98944,2
98945,2
98946,3
98947,0
98948,0
98949,0
98950,3
98951,2
98952,2
98953,3
98954,3
98955,3
98956,1
98957,3
98958,1
98959,1
98960,1
98961,1
98962,3
98963,3
98964,1
98965,1
98966,3
98967,1
98968,1
98969,2
98970,3
98971,1
98972,3
98973,1
98974,3
98975,3
98976,3
98977,1
98978,0
98979,2
98980,3
98981,1
98982,3
98983,0
98984,3
98985,2
98986,3
98987,1
98988,0
98989,3
98990,2
98991,1
98992,0
98993,2
98994,1
98995,3
98996,2
98997,1
98998,3
98999,3
99000,0
99001,0
99002,3
99003,0
99004,3
99005,1
99006,1
99007,3
99008,3
99009,2
99010,1
99011,2
99012,3
99013,3
99014,1
99015,3
99016,2
99017,3
99018,1
99019,3
99020,2
99021,2
99022,0
99023,1
99024,1
99025,2
99026,3
99027,3
99028,3
99029,1
99030,3
99031,0
99032,1
99033,1
99034,3
99035,3
99036,3
99037,1
99038,1
99039,1
99040,1
99041,1
99042,3
99043,0
99044,2
99045,3
99046,2
99047,0
99048,2
99049,3
99050,3
99051,0
99052,2
99053,2
99054,3
99055,1
99056,0
99057,3
99058,2
99059,0
99060,3
99061,3
99062,2
99063,3
99064,1
99065,3
99066,1
99067,3
99068,0
99069,3
99070,1
99071,3
99072,3
99073,2
99074,1
99075,0
99076,3
99077,3
99078,3
99079,3
99080,3
99081,2
99082,1
99083,0
99084,1
99085,0
99086,1
99087,1
99088,2
99089,0
99090,2
99091,1
99092,3
99093,3
99094,1
99095,1
99096,3
99097,1
99098,3
99099,2
99100,2
99101,2
99102,0
99103,2
99104,2
99105,2
99106,2
99107,3
99108,0
99109,0
99110,1
99111,1
99112,0
99113,3
99114,0
99115,2
99116,0
99117,1
99118,1
99119,2
99120,2
99121,2
99122,2
99123,2
99124,2
99125,3
99126,1
99127,1
99128,3
99129,3
99130,1
99131,3
99132,3
99133,2
99134,3
99135,2
99136,1
99137,1
99138,3
99139,2
99140,3
99141,3
99142,3
99143,3
99144,3
99145,1
99146,0
99147,0
99148,2
99149,0
99150,1
99151,3
99152,3
99153,1
99154,3
99155,3
99156,3
99157,0
99158,0
99159,0
99160,1
99161,2
99162,3
99163,3
99164,0
99165,1
99166,1
99167,1
99168,0
99169,2
99170,2
99171,2
99172,2
99173,3
99174,1
99175,3
99176,2
99177,2
99178,1
99179,3
99180,1
99181,3
99182,1
99183,1
99184,2
99185,3
99186,0
99187,1
99188,3
99189,1
99190,2
99191,3
99192,0
99193,2
99194,2
99195,2
99196,3
99197,1
99198,1
99199,3
99200,3
99201,3
99202,3
99203,0
99204,0
99205,3
99206,1
99207,3
99208,1
99209,2
99210,1
99211,2
99212,3
99213,1
99214,1
99215,2
99216,3
99217,1
99218,3
99219,2
99220,0
99221,3
99222,3
99223,3
99224,2
99225,3
99226,2
99227,2
99228,3
99229,3
99230,2
99231,0
99232,3
99233,1
99234,3
99235,3
99236,2
99237,3
99238,0
99239,0
99240,3
99241,0
99242,2
99243,3
99244,3
99245,1
99246,1
99247,1
99248,1
99249,2
99250,3
99251,1
99252,0
99253,3
99254,3
99255,1
99256,2
99257,0
99258,3
99259,2
99260,3
99261,0
99262,1
99263,2
99264,2
99265,2
99266,1
99267,0
99268,3
99269,0
99270,0
99271,2
99272,3
99273,2
99274,0
99275,3
99276,1
99277,2
99278,3
99279,0
99280,0
99281,1
99282,1
99283,1
99284,2
99285,3
99286,2
99287,2
99288,0
99289,2
99290,3
99291,1
99292,1
99293,0
99294,3
99295,3
99296,3
99297,3
99298,3
99299,0
99300,3
99301,1
99302,3
99303,1
99304,3
99305,3
99306,3
99307,3
99308,2
99309,2
99310,2
99311,2
99312,3
99313,0
99314,3
99315,2
99316,1
99317,3
99318,0
99319,3
99320,2
99321,3
99322,3
99323,2
99324,2
99325,3
99326,3
99327,3
99328,0
99329,1
99330,0
99331,3
99332,3
99333,2
99334,0
99335,1
99336,0
99337,1
99338,1
99339,1
99340,3
99341,3
99342,2
99343,3
99344,3
99345,3
99346,0
99347,0
99348,1
99349,2
99350,3
99351,2
99352,1
99353,3
99354,1
99355,2
99356,0
99357,0
99358,1
99359,3
99360,3
99361,0
99362,3
99363,3
99364,0
99365,1
99366,3
99367,2
99368,3
99369,2
99370,1
99371,1
99372,0
99373,3
99374,3
99375,1
99376,0
99377,3
99378,3
99379,0
99380,1
99381,0
99382,3
99383,3
99384,1
99385,3
99386,2
99387,1
99388,1
99389,0
99390,3
99391,3
99392,3
99393,3
99394,0
99395,1
99396,3
99397,2
99398,1
99399,0
99400,1
99401,2
99402,2
99403,1
99404,1
99405,1
99406,3
99407,1
99408,0
99409,3
99410,0
99411,2
99412,3
99413,0
99414,1
99415,0
99416,3
99417,1
99418,2
99419,2
99420,3
99421,2
99422,2
99423,3
99424,3
99425,3
99426,2
99427,3
99428,0
99429,0
99430,2
99431,2
99432,1
99433,2
99434,1
99435,1
99436,3
99437,3
99438,0
99439,1
99440,1
99441,2
99442,3
99443,2
99444,3
99445,3
99446,2
99447,2
99448,2
99449,2
99450,1
99451,0
99452,3
99453,1
99454,3
99455,1
99456,0
99457,0
99458,0
99459,0
99460,2
99461,3
99462,2
99463,1
99464,1
99465,0
99466,2
99467,3
99468,3
99469,3
99470,3
99471,1
99472,2
99473,3
99474,2
99475,0
99476,3
99477,2
99478,3
99479,1
99480,3
99481,0
99482,2
99483,2
99484,0
99485,3
99486,3
99487,3
99488,1
99489,1
99490,3
99491,1
99492,2
99493,1
99494,3
99495,3
99496,0
99497,3
99498,2
99499,1
99500,1
99501,3
99502,3
99503,0
99504,2
99505,1
99506,0
99507,2
99508,2
99509,3
99510,2
99511,2
99512,2
99513,3
99514,2
99515,0
99516,2
99517,3
99518,2
99519,2
99520,3
99521,2
99522,3
99523,0
99524,3
99525,3
99526,1
99527,3
99528,1
99529,1
99530,1
99531,1
99532,0
99533,2
99534,1
99535,1
99536,1
99537,1
99538,3
99539,2
99540,0
99541,3
99542,2
99543,0
99544,0
99545,2
99546,3
99547,2
99548,3
99549,2
99550,0
99551,3
99552,3
99553,3
99554,0
99555,3
99556,1
99557,2
99558,3
99559,3
99560,0
99561,3
99562,1
99563,3
99564,1
99565,2
99566,3
99567,2
99568,1
99569,3
99570,3
99571,0
99572,0
99573,2
99574,3
99575,2
99576,2
99577,1
99578,1
99579,3
99580,1
99581,3
99582,2
99583,1
99584,3
99585,3
99586,3
99587,3
99588,3
99589,3
99590,0
99591,3
99592,3
99593,3
99594,3
99595,3
99596,3
99597,2
99598,3
99599,2
99600,3
99601,1
99602,2
99603,3
99604,3
99605,1
99606,1
99607,3
99608,2
99609,0
99610,3
99611,3
99612,2
99613,0
99614,0
99615,2
99616,3
99617,1
99618,1
99619,3
99620,1
99621,0
99622,0
99623,1
99624,3
99625,3
99626,1
99627,1
99628,3
99629,2
99630,0
99631,2
99632,1
99633,0
99634,1
99635,0
99636,1
99637,1
99638,2
99639,1
99640,3
99641,1
99642,2
99643,3
99644,1
99645,1
99646,2
99647,3
99648,3
99649,2
99650,3
99651,0
99652,1
99653,2
99654,3
99655,1
99656,1
99657,2
99658,0
99659,0
99660,1
99661,3
99662,0
99663,0
99664,3
99665,2
99666,1
99667,2
99668,1
99669,2
99670,1
99671,1
99672,3
99673,0
99674,2
99675,2
99676,0
99677,3
99678,0
99679,0
99680,2
99681,2
99682,0
99683,2
99684,2
99685,3
99686,3
99687,3
99688,2
99689,3
99690,2
99691,1
99692,3
99693,0
99694,3
99695,3
99696,0
99697,3
99698,0
99699,3
99700,2
99701,0
99702,3
99703,1
99704,0
99705,2
99706,3
99707,1
99708,3
99709,0
99710,2
99711,1
99712,2
99713,2
99714,3
99715,3
99716,2
99717,2
99718,2
99719,1
99720,3
99721,2
99722,1
99723,1
99724,1
99725,0
99726,3
99727,0
99728,3
99729,2
99730,3
99731,2
99732,1
99733,2
99734,3
99735,1
99736,3
99737,3
99738,3
99739,1
99740,2
99741,1
99742,1
99743,3
99744,3
99745,0
99746,0
99747,1
99748,3
99749,2
99750,0
99751,1
99752,2
99753,3
99754,3
99755,3
99756,3
99757,3
99758,3
99759,3
99760,2
99761,0
99762,2
99763,0
99764,2
99765,1
99766,2
99767,3
99768,1
99769,2
99770,3
99771,3
99772,2
99773,3
99774,3
99775,3
99776,0
99777,1
99778,2
99779,1
99780,1
99781,2
99782,1
99783,0
99784,1
99785,3
99786,1
99787,1
99788,0
99789,3
99790,3
99791,3
99792,1
99793,3
99794,3
99795,0
99796,2
99797,3
99798,0
99799,3
99800,3
99801,0
99802,0
99803,1
99804,2
99805,2
99806,1
99807,2
99808,2
99809,2
99810,0
99811,3
99812,3
99813,0
99814,2
99815,0
99816,3
99817,3
99818,3
99819,0
99820,3
99821,3
99822,2
99823,3
99824,1
99825,3
99826,3
99827,2
99828,3
99829,3
99830,0
99831,3
99832,1
99833,2
99834,3
99835,2
99836,1
99837,2
99838,1
99839,3
99840,2
99841,3
99842,3
99843,3
99844,3
99845,2
99846,0
99847,1
99848,0
99849,0
99850,1
99851,2
99852,2
99853,2
99854,2
99855,1
99856,3
99857,2
99858,2
99859,3
99860,2
99861,1
99862,3
99863,3
99864,3
99865,3
99866,3
99867,1
99868,2
99869,0
99870,2
99871,3
99872,2
99873,1
99874,3
99875,3
99876,1
99877,3
99878,2
99879,3
99880,0
99881,2
99882,3
99883,2
99884,1
99885,2
99886,1
99887,0
99888,3
99889,1
99890,2
99891,3
99892,1
99893,0
99894,0
99895,3
99896,3
99897,3
99898,0
99899,1
99900,2
99901,3
99902,1
99903,3
99904,2
99905,3
99906,3
99907,2
99908,0
99909,3
99910,2
99911,2
99912,1
99913,1
99914,3
99915,3
99916,3
99917,1
99918,2
99919,0
99920,3
99921,1
99922,2
99923,2
99924,2
99925,3
99926,0
99927,1
99928,3
99929,3
99930,2
99931,3
99932,2
99933,3
99934,1
99935,3
99936,1
99937,2
99938,1
99939,2
99940,3
99941,2
99942,3
99943,3
99944,1
99945,0
99946,2
99947,1
99948,1
99949,3
99950,3
99951,3
99952,3
99953,3
99954,2
99955,2
99956,1
99957,1
99958,1
99959,3
99960,1
99961,3
99962,3
99963,0
99964,1
99965,3
99966,2
99967,2
99968,1
99969,1
99970,1
99971,0
99972,3
99973,2
99974,3
99975,0
99976,0
99977,3
99978,3
99979,1
99980,1
99981,3
99982,3
99983,2
99984,3
99985,2
99986,3
99987,3
99988,2
99989,1
99990,3
99991,0
99992,0
99993,1
99994,3
99995,1
99996,0
99997,1
99998,0
99999,2
